Entity,TimeWindow,QueryNumber,Query,Title,Link,Snippet,DisplayLink,TextFile,climate_relevant,unep_attributed,climate_policy_score,unep_attribution_score,instrument_type,action_stage,evidence_level,climate_justification,unep_justification,evidence_phrases
Kenya,2018–2022,1,UNEP initiative Kenya net zero strategy implemented policy strategy legal framework law regulation action plan after:2018-01-01 before:2022-01-01,National Climate Change Action Plan 2018-2022,https://napglobalnetwork.org/wp-content/uploads/2022/01/napgn-en-2022-kenya-NCCAP-2018-2022-Implemantation-Status-Report.pdf,It is a five-year plan that provides an overarching blueprint to guide the mainstreaming of adaptation and mitigation actions across sectors and levels of ...,https://napglobalnetwork.org › uploads › 2022/01,napglobalnetwork_org_National_Climate_Change_Action_Plan_2018_2022.txt,False,False,0,0,none,none,unclear,,,[]
Kenya,2018–2022,1,UNEP initiative Kenya net zero strategy implemented policy strategy legal framework law regulation action plan after:2018-01-01 before:2022-01-01,Kenya,https://climateactiontracker.org/countries/kenya/2021-09-15/policies-action/,"The Act mandates the government to develop a National Climate Change Action Plan (NCCAP) and update it every five years (Republic of Kenya, 2016b). The second ...",https://climateactiontracker.org › kenya › policies-action,climateactiontracker_org_Kenya.txt,True,False,80,0,climate change mitigation strategy / adaptation strategy / legal framework,adopted / implemented,national,"The document provides evidence of Kenya's climate change policies and actions, including the Climate Change Act (2016), the National Climate Change Action Plan (NCCAP) 2018-2022, and sector-specific strategies. These policies and plans demonstrate a clear effort to address climate change mitigation and adaptation.",There is no explicit mention of UNEP's involvement or support in the development or implementation of Kenya's climate change policies and strategies.,"[""The Kenyan Government had already adopted the Climate Change Act (2016), which provides a framework for the promotion of climate-resilient low-carbon economic development"", ""The second and most recent NCCAP covers the period between 2018-2022 and its main objective is to guide climate action during that time and support the implementation of Kenya’s NDC"", ""The Ministry of Agriculture’s Climate Smart Agriculture (CSA) Strategy 2017-2026 is considered a tool to implement mitigation actions in the agriculture sector in contribution to Kenya’s NDC""]"
Kenya,2018–2022,1,UNEP initiative Kenya net zero strategy implemented policy strategy legal framework law regulation action plan after:2018-01-01 before:2022-01-01,NATIONAL CLIMATE CHANGE ACTION PLAN 2018-2022 ...,https://www.lse.ac.uk/GranthamInstitute/wp-content/uploads/2018/10/8737.pdf,This Act requires the Government to develop five-year. National Climate Change Action Plans (NCCAP) to guide the mainstreaming of adaptation and mitigation ...,https://www.lse.ac.uk › uploads › 2018/10,www_lse_ac_uk_NATIONAL_CLIMATE_CHANGE_ACTION_PLAN_2018_2022_.txt,True,False,80,0,National Climate Change Action Plan,adopted,national,"The document provides explicit evidence of Kenya's adoption of a climate change action plan, specifically the National Climate Change Action Plan 2018-2022, which outlines the country's climate change response strategy, priority actions, and enabling framework.",There is no explicit mention of UNEP's role in supporting the development or implementation of Kenya's National Climate Change Action Plan 2018-2022.,"[""The National Climate Change Action Plan (NCCAP) 2018-2022 aims to further Kenya’s development goals by providing mechanisms and measures to achieve low carbon climate resilient development in a manner that prioritises adaptation."", ""The plan builds on the first Action Plan (2013-2017) and provides a framework for Kenya to deliver on its Nationally Determined Contribution (NDC) under the Paris Agreement of the United Nations Framework Convention on Climate Change (UNFCCC)."", ""Kenya takes climate change seriously, as demonstrated by the enactment of the Climate Change Act (Number 11 of 2016).""]"
Kenya,2018–2022,1,UNEP initiative Kenya net zero strategy implemented policy strategy legal framework law regulation action plan after:2018-01-01 before:2022-01-01,The Landscape of Climate Finance in Kenya,https://www.climatepolicyinitiative.org/wp-content/uploads/2021/03/The-Landscape-of-Climate-Finance-in-Kenya.pdf,Kenya is currently implementing the second action plan. (NCCAP 2018-2022). ... been involved in the development of the legal and policy framework for ...,https://www.climatepolicyinitiative.org › 2021/03,www_climatepolicyinitiative_org_The_Landscape_of_Climate_Finance_in_Kenya.txt,True,False,81,0,National Climate Change Action Plan / Nationally Determined Contribution / climate finance tracking,adopted / implemented,national,"The document provides detailed information on Kenya's climate policies, including the National Climate Change Response Strategy, the National Climate Change Framework Policy, the National Policy on Climate Finance, the Green Economy Strategy and Implementation Plan, and the Climate Change Act, 2016. These policies demonstrate Kenya's efforts to address climate change and provide a framework for climate action.",There is no explicit mention of UNEP's involvement in supporting Kenya's climate policies or actions.,"[""Kenya's NDC targets 30% emission reduction by 2030 relative to Business as Usual (BAU) scenario."", ""The National Climate Change Action Plan 2018-2022 (NCCAP) outlines priority actions for climate change mitigation and adaptation."", ""The Green Economy Strategy and Implementation Plan 2016-2030 aims to transition Kenya to a low-carbon and climate-resilient economy."", ""The Climate Change Act, 2016 provides a legal framework for climate change actions in Kenya.""]"
Kenya,2018–2022,1,UNEP initiative Kenya net zero strategy implemented policy strategy legal framework law regulation action plan after:2018-01-01 before:2022-01-01,Kenya National Energy Efficiency and Conservation Strategy,https://unepccc.org/wp-content/uploads/2020/09/kenya-national-energy-efficiency-and-conservation-strategy-2020-1.pdf,"The initiatives focus on the realization of improved energy access, energy efficiency and conservation. Climate change-related regulations and strategies.",https://unepccc.org › uploads › 2020/09 › kenya...,unepccc_org_Kenya_National_Energy_Efficiency_and_Conservation_.txt,True,False,81,0,National Energy Efficiency and Conservation Strategy,adopted,national,"The document provides explicit evidence of Kenya's adoption of a climate change mitigation strategy, specifically the Kenya National Energy Efficiency and Conservation Strategy 2020, which aims to improve energy efficiency and reduce greenhouse gas emissions.",There is no explicit mention of UNEP's involvement in the adoption or implementation of the Kenya National Energy Efficiency and Conservation Strategy 2020.,"[""The Kenya National Energy Efficiency and Conservation Strategy (NEECS) is the roadmap towards achieving energy efficiency goals that will have an overall positive impact on Kenya’s economy."", ""The Ministry of Energy, the Kenya Association of Manufacturers and other stakeholders have championed energy efficiency in Kenya since the early 2000s in both the public and the private sectors."", ""The NEECS development process consisted of five stages. The first stage involved situational analysis of the five thematic sectors that were identified for improvement of energy efficiency and conservation: Households, Buildings, Industry and Agriculture, Transport and Power Utilities.""]"
Kenya,2018–2022,1,UNEP initiative Kenya net zero strategy implemented policy strategy legal framework law regulation action plan after:2018-01-01 before:2022-01-01,Climate risk regulation in Africa's financial sector and ...,https://www.unepfi.org/wordpress/wp-content/uploads/2021/11/Climate-risk-regulation-in-Africas-financial-sector-and-related-private-sector-initiatives-Report.pdf,"In contrast, others are engaged in or committing to global initiatives like UNEP FI and the Net Zero Banking Alliance. (NZBA), developing sustainability and ...",https://www.unepfi.org › uploads › 2021/11 › Cl...,www_unepfi_org_Climate_risk_regulation_in_Africa_s_financial_sect.txt,True,False,81,0,climate risk regulation,adopted,national,"The Central Bank of Kenya (CBK) issued the Guidance on Climate-Related Risk Management to commercial banks and mortgage finance companies on October 15, 2021. This guidance enables banks to integrate climate-related opportunities and risks in their governance structure, strategy, and risk management frameworks.",There is no explicit mention of UNEP's role in the development or implementation of Kenya's climate risk regulation.,"[""On October 15, 2021, the Central Bank of Kenya (CBK) issued the Guidance on Climate-Related Risk Management to commercial banks and mortgage finance companies, enabling banks to integrate climate-related opportunities and risks in their governance structure, strategy, and risk management frameworks.""]"
Kenya,2018–2022,1,UNEP initiative Kenya net zero strategy implemented policy strategy legal framework law regulation action plan after:2018-01-01 before:2022-01-01,Kenya urges the UN Security Council to engage actively ...,https://www.facebook.com/ForeignOfficeKE/posts/kenya-urges-the-un-security-council-to-engage-actively-on-climate-change-matters/4862445383765835/,"Kenya urges the UN Security Council to engage actively on Climate Change matters New York, USA, October 18, 2021 (MFA Press) ..... During the...",30+ reactions,www_facebook_com_Kenya_urges_the_UN_Security_Council_to_engage_acti.txt,True,False,0,0,none,none,national,"The document does not provide explicit evidence of climate change mitigation, adaptation, or disaster risk reduction strategies/policies/legal frameworks adopted in Kenya during 2018-2022.","Although UNEP is mentioned, there is no explicit link between UNEP and the adoption, approval, enactment, endorsement, launch, or implementation of climate change mitigation, adaptation, or disaster risk reduction strategies/policies/legal frameworks in Kenya during 2018-2022.","[""Kenya urges the UN Security Council to engage actively on Climate Change matters"", ""Adapting to sea level rise and climate Change will be expensive"", ""the need to benefit from the Science-Policy Interface that is anchored in the work of the United Nations Environment Programme (UNEP)""]"
Kenya,2018–2022,1,UNEP initiative Kenya net zero strategy implemented policy strategy legal framework law regulation action plan after:2018-01-01 before:2022-01-01,"Cleaning the air, protecting the climate: Policy, legal and ...",https://www.sciencedirect.com/science/article/pii/S1462901118309468,The main objective of this paper is to analyse the current policy and legal status of black carbon emissions across the domains of air pollution prevention and ...,https://www.sciencedirect.com › science › article › pii,www_sciencedirect_com_Cleaning_the_air_protecting_the_climate_Policy_leg.txt,False,False,0,0,none,none,unclear,,,[]
Kenya,2018–2022,1,UNEP initiative Kenya net zero strategy implemented policy strategy legal framework law regulation action plan after:2018-01-01 before:2022-01-01,Transforming the finance sector with technical assistance,https://newclimate.org/sites/default/files/2021/06/SNAPFI.-Transforming-Kenyas-Financial-Sector.pdf,Economy Strategy and Implementation Plan and the National Policy on Climate Finance outline Kenya's ambitions for sustainable development. The preamble of ...,https://newclimate.org › default › files › 2021/06,newclimate_org_Transforming_the_finance_sector_with_technical_ass.txt,False,False,0,0,none,none,unclear,,,[]
Kenya,2018–2022,1,UNEP initiative Kenya net zero strategy implemented policy strategy legal framework law regulation action plan after:2018-01-01 before:2022-01-01,Greening Kenya's Special Economic Zones and Industrial ...,https://researchleap.com/greening-kenyas-special-economic/,"The policy framework for green economy in Kenya is spelled out in the constitution of Kenya 2010, Kenya Vision 2030, Green Economy Strategy and Implementation ...",https://researchleap.com › greening-kenyas-special-econ...,researchleap_com_Greening_Kenya_s_Special_Economic_Zones_and_Indust.txt,False,False,0,0,none,none,none,"The document does not contain explicit evidence related to climate change mitigation, adaptation, or disaster risk reduction strategies/policies/legal frameworks for Kenya in 2018-2022.",There is no explicit link between UNEP and any climate policy or strategy in Kenya during 2018-2022.,[]
Kenya,2018–2022,1,UNEP initiative Kenya net zero strategy implemented policy strategy legal framework law regulation action plan after:2018-01-01 before:2022-01-01,"Cleaning the air, protecting the climate: Policy, legal and ...",https://www.sciencedirect.com/science/article/pii/S1462901118309468,The main objective of this paper is to analyse the current policy and legal status of black carbon emissions across the domains of air pollution prevention and ...,https://www.sciencedirect.com › science › article › pii,www_sciencedirect_com_Cleaning_the_air_protecting_the_climate_Policy_leg.txt,False,False,0,0,none,none,unclear,,,[]
Kenya,2018–2022,1,UNEP initiative Kenya net zero strategy implemented policy strategy legal framework law regulation action plan after:2018-01-01 before:2022-01-01,Leveraging NDCs and Long-Term Strategies to achieve ...,https://www.mofa.go.jp/files/000498437.pdf,LTS and NDCs contribute to the implementation of the G20 Action Plan on the 2030 Agenda through which G20 members agreed to align their policy actions and ...,https://www.mofa.go.jp › files,www_mofa_go_jp_Leveraging_NDCs_and_Long_Term_Strategies_to_achiev.txt,False,False,0,0,none,none,global,"The document does not contain explicit evidence related to Kenya's climate mitigation, adaptation, or disaster risk reduction strategy/policy/legal framework for the period 2018-2022.",There is no explicit link between UNEP and any climate policy or strategy in Kenya for the period 2018-2022.,[]
Kenya,2018–2022,1,UNEP initiative Kenya net zero strategy implemented policy strategy legal framework law regulation action plan after:2018-01-01 before:2022-01-01,ECOWAS ENVIRONMENTAL ACTION PLAN 2020-2026,https://ecowap.ecowas.int/media/ecowap/file_document/2020_ECOWAS_ECOWAS_ENVIRONMENTAL_ACTION_PLAN_Final_Version_-_ENG.pdf,"However, UNEP has deplored gaps identified in the implementation of these policy documents due mainly to inadequate institutional, financial and technological ...",https://ecowap.ecowas.int › ecowap › file_document,ecowap_ecowas_int_ECOWAS_ENVIRONMENTAL_ACTION_PLAN_2020_2026.txt,False,False,0,0,none,none,global,"The document does not contain explicit evidence related to Kenya's climate change mitigation, adaptation, or disaster risk reduction strategies/policies/legal frameworks adopted between 2018-2022.",There is no explicit link between UNEP and any climate-related policy or strategy in Kenya during 2018-2022.,"[""The document is about ECOWAS Environmental Action Plan 2020-2026 and does not mention Kenya.""]"
Kenya,2018–2022,1,UNEP initiative Kenya net zero strategy implemented policy strategy legal framework law regulation action plan after:2018-01-01 before:2022-01-01,Green Development Guidance for BRI Projects Baseline ...,http://en.brigc.net/Reports/Report_Download/2020/202012/P020210202120471013629.pdf,"Through in-depth analysis of environmental policies, safeguard measures and practices of govern- ments, financial institutions and NGOs around the world, this ...",http://en.brigc.net › Reports › Report_Download,en_brigc_net_Green_Development_Guidance_for_BRI_Projects_Baseli.txt,False,False,0,0,none,none,none,"The document does not contain explicit evidence related to Kenya's climate mitigation, adaptation, or disaster risk reduction strategy/policy/legal framework during 2018-2022.",There is no explicit link between UNEP and strengthening/enabling/adoption/implementation of any climate policy/strategy/legal framework in Kenya during 2018-2022.,[]
Kenya,2018–2022,1,UNEP initiative Kenya net zero strategy implemented policy strategy legal framework law regulation action plan after:2018-01-01 before:2022-01-01,NATIONAL REDD+ STRATEGY,https://www.un-redd.org/sites/default/files/2022-05/NATIONAL%20REDD%2B%20STRATEGY%202022.pdf,This strategy describes Kenya's proposed approach for implementing the REDD+ programme. As a developing country aiming to achieve low emissions development ...,https://www.un-redd.org › sites › default › files,www_un-redd_org_NATIONAL_REDD_STRATEGY.txt,True,False,81,0,National REDD+ Strategy,adopted,national,"The document describes Kenya's National REDD+ Strategy, which aims to reduce emissions from deforestation and forest degradation. The strategy was developed with support from the United Nations Development Programme (UNDP) and other partners. It outlines five strategic options for REDD+ implementation, including scaling up afforestation and reforestation programs, enhancing governance and policy implementation, increasing productivity of public plantation forests, enhancing efficiency and skills throughout forest-related value chains, and mobilizing finance for REDD+ implementation.","There is no explicit mention of UNEP's support in the adoption, approval, enactment, endorsement, launch, or implementation of the National REDD+ Strategy in Kenya.","[""The Ministry of Environment and Forestry embarked and delivered on the key REDD+ instruments for Kenya. The National REDD+ Strategy is one of the pillars delivered, thus putting Kenya in the league of UNFCCC countries that have developed the REDD+ architecture."", ""With the support of the United Nations Development Programme (UNDP) through financing the Forest Carbon Partnership Facility (FCPF), the Ministry of Environment and Forestry embarked and delivered on the key REDD+ instruments for Kenya."", ""Kenya’s National REDD+ Strategy was developed through the hard work and support from several stakeholders and national experts.""]"
Kenya,2018–2022,1,UNEP initiative Kenya net zero strategy implemented policy strategy legal framework law regulation action plan after:2018-01-01 before:2022-01-01,Greening Kenya's Special Economic Zones and Industrial ...,https://researchleap.com/greening-kenyas-special-economic/,"The policy framework for green economy in Kenya is spelled out in the constitution of Kenya 2010, Kenya Vision 2030, Green Economy Strategy and Implementation ...",https://researchleap.com › greening-kenyas-special-econ...,researchleap_com_Greening_Kenya_s_Special_Economic_Zones_and_Indust.txt,True,False,61,0,climate change mitigation strategy / policy / legal framework,developed,national,"The document mentions Kenya's National Climate Change Response Strategy (NCCRS), National Climate Change Action Plan (NCCAP), and the Climate Change Act, Number 11 of 2016, which are relevant to climate change mitigation and adaptation.","There is no explicit mention of UNEP's role in supporting or enabling the adoption of climate change mitigation, adaptation, or disaster risk reduction strategies/policies/legal frameworks in Kenya during 2018-2022.","[""The policy framework for green economy in Kenya is spelled out in the constitution of Kenya 2010, Kenya Vision 2030, Green Economy Strategy and Implementation Plan (GESIP), National Climate Change Response Strategy (NCCRS), National Climate Change Action Plan (NCCAP), the draft Environmental Policy, the draft Kenyan Climate Change Policy of 2014 and the Climate Change Act, Number 11 of 2016.""]"
Kenya,2018–2022,1,UNEP initiative Kenya net zero strategy implemented policy strategy legal framework law regulation action plan after:2018-01-01 before:2022-01-01,unep.pdf,https://www.un.org/sites/un2.un.org/files/2020/02/unep.pdf,The Programme provides an inter- governmental framework to assist countries in implementing obligations under international law. ... national and regional legal ...,https://www.un.org › un2.un.org › files › 2020/02,www_un_org_unep_pdf.txt,False,False,0,0,none,none,none,,,[]
Kenya,2018–2022,1,UNEP initiative Kenya net zero strategy implemented policy strategy legal framework law regulation action plan after:2018-01-01 before:2022-01-01,Sessional paper No.....of 2012 On Kenya Vision 2030,https://vision2030.go.ke/wp-content/uploads/2018/05/Sessional-paper-No.-10-of-2012-On-Kenya-Vision-2030.pdf,"Specific strategies will involve: • Aligning the national policy and legal framework with the needs of a market-based economy, human rights and gender ...",https://vision2030.go.ke › uploads › 2018/05 › S...,vision2030_go_ke_Sessional_paper_No_of_2012_On_Kenya_Vision_2030.txt,False,False,0,0,none,none,national,"The document does not contain explicit evidence related to climate change mitigation, adaptation, or disaster risk reduction strategies/policies/legal frameworks for Kenya in 2018-2022.","There is no explicit link between UNEP and any climate change mitigation, adaptation, or disaster risk reduction strategy/policy/legal framework in Kenya in 2018-2022.",[]
Kenya,2018–2022,1,UNEP initiative Kenya net zero strategy implemented policy strategy legal framework law regulation action plan after:2018-01-01 before:2022-01-01,Action for climate empowerment: guidelines ...,https://unesdoc.unesco.org/ark:/48223/pf0000246435,"The guidelines provide a flexible, phased approach to the strategic and systematic implementation of ACE activities at the national level, driven by each ...",https://unesdoc.unesco.org › ark:,unesdoc_unesco_org_Action_for_climate_empowerment_guidelines_.txt,False,False,0,0,none,none,unclear,The document is not related to climate policy evaluation for Kenya in 2018-2022.,The document does not mention UNEP or any climate policy-related activities for Kenya in 2018-2022.,[]
Kenya,2018–2022,1,UNEP initiative Kenya net zero strategy implemented policy strategy legal framework law regulation action plan after:2018-01-01 before:2022-01-01,Net Zero by 2050 - A Roadmap for the Global Energy Sector,https://iea.blob.core.windows.net/assets/deebef5d-0c34-4539-9d0c-10b13d840027/NetZeroby2050-ARoadmapfortheGlobalEnergySector_CORR.pdf,"This report sets out clear milestones – more than 400 in total, spanning all sectors and technologies – for what needs to happen, and when, to transform the ...",https://iea.blob.core.windows.net › assets › NetZer...,iea_blob_core_windows_net_Net_Zero_by_2050_A_Roadmap_for_the_Global_Energy_S.txt,False,False,0,0,none,none,global,"The document does not contain explicit evidence related to Kenya's climate mitigation, adaptation, or disaster risk reduction strategy/policy/legal framework during 2018-2022.",There is no explicit link between UNEP and any climate policy or strategy in Kenya during 2018-2022.,[]
Kenya,2018–2022,1,UNEP initiative Kenya net zero strategy implemented policy strategy legal framework law regulation action plan after:2018-01-01 before:2022-01-01,Sessional paper No.....of 2012 On Kenya Vision 2030,https://vision2030.go.ke/wp-content/uploads/2018/05/Sessional-paper-No.-10-of-2012-On-Kenya-Vision-2030.pdf,"Specific strategies will involve: • Aligning the national policy and legal framework with the needs of a market-based economy, human rights and gender ...",https://vision2030.go.ke › uploads › 2018/05 › S...,vision2030_go_ke_Sessional_paper_No_of_2012_On_Kenya_Vision_2030.txt,False,False,0,0,none,none,national,"The document does not contain explicit evidence related to climate change mitigation, adaptation, or disaster risk reduction strategies/policies/legal frameworks for Kenya in 2018-2022.",There is no explicit link between UNEP and any climate-related policy or strategy in Kenya for 2018-2022.,[]
Kenya,2018–2022,1,UNEP initiative Kenya net zero strategy implemented policy strategy legal framework law regulation action plan after:2018-01-01 before:2022-01-01,"Smart, Sustainable and Resilient cities:",https://unepdhi.org/wp-content/uploads/sites/2/2023/02/Smart_Sustainable_and_Resilient_Cities_The_Power_of_NbS_Working_Paper_for_the_G20.pdf,"By accelerating the implementation of NbS, decision-makers can help their cities adapt to the changing climate while also enhancing climate resilience and ...",https://unepdhi.org › uploads › sites › 2023/02,unepdhi_org_Smart_Sustainable_and_Resilient_cities_.txt,False,False,0,0,none,none,global,"The document does not contain explicit evidence related to climate change mitigation, adaptation, or disaster risk reduction strategies/policies/legal frameworks for Kenya during 2018-2022.",There is no explicit link between UNEP and any climate policy or legal framework outcome in Kenya during 2018-2022.,[]
Kenya,2018–2022,1,UNEP initiative Kenya net zero strategy implemented policy strategy legal framework law regulation action plan after:2018-01-01 before:2022-01-01,Education for Sustainable Development Goals: learning ...,https://unesdoc.unesco.org/ark:/48223/pf0000247444,"More recently, Kenya formulated a national ESD Policy Framework in 2012 through the Kenya Institute of Curriculum Development with the goal of enhancing ...",https://unesdoc.unesco.org › ark:,unesdoc_unesco_org_Education_for_Sustainable_Development_Goals_learni.txt,False,False,0,0,none,none,unclear,"The document is not related to climate policy or Kenya, but rather to education for sustainable development goals by UNESCO.",There is no mention of UNEP or any climate-related policy in the document.,[]
Kenya,2018–2022,1,UNEP initiative Kenya net zero strategy implemented policy strategy legal framework law regulation action plan after:2018-01-01 before:2022-01-01,Chapter 4 — Global Warming of 1.5 ºC,https://www.ipcc.ch/sr15/chapter/chapter-4/,"The goal for strengthening implementation is to ensure that these rules and regulations embrace equity, equality and poverty alleviation along 1.5°C ...",https://www.ipcc.ch › chapter › chapter-4,www_ipcc_ch_Chapter_4_Global_Warming_of_1_5_C.txt,False,False,0,0,none,none,global,"The document does not contain explicit evidence related to climate change mitigation, adaptation, or disaster risk reduction strategies/policies/legal frameworks for Kenya during 2018-2022.",There is no explicit link between UNEP and any climate policy or strategy in Kenya during 2018-2022.,[]
Kenya,2018–2022,1,UNEP initiative Kenya net zero strategy implemented policy strategy legal framework law regulation action plan after:2018-01-01 before:2022-01-01,About Montreal Protocol,https://www.unep.org/ozonaction/who-we-are/about-montreal-protocol,The Montreal Protocol on Substances that Deplete the Ozone Layer is the landmark multilateral environmental agreement that regulates the production and ...,https://www.unep.org › ozonaction › who-we-are › abo...,www_unep_org_About_Montreal_Protocol.txt,False,False,0,0,none,none,global,"The document does not contain explicit evidence related to climate change mitigation, adaptation, or disaster risk reduction strategies/policies/legal frameworks for Kenya during 2018-2022.",The document does not explicitly link UNEP to strengthening/enabling/adoption/implementation of any climate-related policy/strategy/legal framework in Kenya during 2018-2022.,[]
Kenya,2018–2022,1,UNEP initiative Kenya net zero strategy implemented policy strategy legal framework law regulation action plan after:2018-01-01 before:2022-01-01,Green Development Guidance for BRI Projects Baseline ...,http://en.brigc.net/Reports/Report_Download/2020/202012/P020210202120471013629.pdf,"Through in-depth analysis of environmental policies, safeguard measures and practices of govern- ments, financial institutions and NGOs around the world, this ...",http://en.brigc.net › Reports › Report_Download,en_brigc_net_Green_Development_Guidance_for_BRI_Projects_Baseli.txt,False,False,0,0,none,none,none,"The document does not contain explicit evidence related to Kenya's climate mitigation, adaptation, or disaster risk reduction strategy/policy/legal framework during 2018-2022.",There is no explicit link between UNEP and strengthening/enabling/adoption/implementation of any climate policy/strategy/legal framework in Kenya during 2018-2022.,[]
Kenya,2018–2022,1,UNEP initiative Kenya net zero strategy implemented policy strategy legal framework law regulation action plan after:2018-01-01 before:2022-01-01,Sustainable Development Goal 6 Synthesis Report on ...,https://www.unwater.org/sites/default/files/app/uploads/2018/12/SDG6_SynthesisReport2018_WaterandSanitation_04122018.pdf,"What this report makes clear is that we must tackle weak funding, planning, capacity and governance of water and sanitation services as a top priority. New ...",https://www.unwater.org › uploads › 2018/12,www_unwater_org_Sustainable_Development_Goal_6_Synthesis_Report_on.txt,False,False,0,0,none,none,unclear,,,[]
Kenya,2018–2022,1,UNEP initiative Kenya net zero strategy implemented policy strategy legal framework law regulation action plan after:2018-01-01 before:2022-01-01,compendium of data protection and privacy policies,https://unstats.un.org/legal-identity-agenda/documents/Paper/data_protecton_%20and_privacy.pdf,INTRODUCTION. 1.1 Purpose and Scope. The purpose of this Compendium is to 'map' UN policy in the area of data protection and privacy (as well.,https://unstats.un.org › documents › Paper,unstats_un_org_compendium_of_data_protection_and_privacy_policies.txt,False,False,0,0,none,none,none,"The document does not contain explicit evidence related to climate change mitigation, adaptation, or disaster risk reduction strategies/policies/legal frameworks for Kenya during 2018-2022.","There is no explicit link between UNEP and any climate change mitigation, adaptation, or disaster risk reduction strategy/policy/legal framework in Kenya during 2018-2022.",[]
Kenya,2018–2022,1,UNEP initiative Kenya net zero strategy implemented policy strategy legal framework law regulation action plan after:2018-01-01 before:2022-01-01,Nature-based Solutions in Nationally Determined ...,https://portals.iucn.org/library/sites/library/files/documents/2019-030-En.pdf,"5.2. Parties are encouraged to take action to implement and support, including through results-based payments, the existing framework as set out in related ...",https://portals.iucn.org › library › files › documents,portals_iucn_org_Nature_based_Solutions_in_Nationally_Determined_.txt,False,False,0,0,none,none,none,"The document does not contain explicit evidence related to Kenya's climate mitigation, adaptation, or disaster risk reduction strategy/policy/legal framework for the time window 2018-2022.",There is no explicit link between UNEP and any climate policy or strategy in Kenya for the specified time period.,[]
Kenya,2018–2022,1,UNEP initiative Kenya net zero strategy implemented policy strategy legal framework law regulation action plan after:2018-01-01 before:2022-01-01,2020global status report - for buildings and construction,https://globalabc.org/sites/default/files/inline-files/2020%20Buildings%20GSR_FULL%20REPORT.pdf,"strategies and supporting regulation to spur uptake of net-zero emissions buildings. It also means prioritizing performance-based, mandatory building energy ...",https://globalabc.org › default › files › inline-files,globalabc_org_2020global_status_report_for_buildings_and_constru.txt,False,False,0,0,none,none,global,"The document does not contain explicit evidence related to Kenya's climate change mitigation, adaptation, or disaster risk reduction strategies/policies/legal frameworks for the period 2018-2022.",There is no explicit link between UNEP and any climate policy or legal framework in Kenya for the period 2018-2022.,[]
Kenya,2018–2022,1,UNEP initiative Kenya net zero strategy implemented policy strategy legal framework law regulation action plan after:2018-01-01 before:2022-01-01,Introduction to Sustainable ERM,https://www.casact.org/sites/default/files/2021-02/01_serm_wg_paper_final-9-14-18.pdf,"The more developed a regulatory or legal framework for an ESG factor, the greater the influence the factor has on company operations. The laws require various ...",https://www.casact.org › sites › default › files › 0...,www_casact_org_Introduction_to_Sustainable_ERM.txt,False,False,0,0,none,none,none,"The document does not contain explicit evidence related to climate mitigation, adaptation, or disaster risk reduction strategies/policies/legal frameworks for Kenya during 2018-2022.","There is no explicit link between UNEP and any climate change mitigation, adaptation, or disaster risk reduction strategy/policy/legal framework in Kenya during 2018-2022.",[]
Kenya,2018–2022,1,UNEP initiative Kenya net zero strategy implemented policy strategy legal framework law regulation action plan after:2018-01-01 before:2022-01-01,Urban Planning Law for Climate Smart Cities,https://unhabitat.org/sites/default/files/2022/10/final_urban_planning_law_for_climate_smart_cities.pdf,Putting Rio Principle 10 into Action: An Implementation Guide . UNEP (2013) ... countries establish legal frameworks necessary for effective domestic ...,https://unhabitat.org › default › files › 2022/10 › f...,unhabitat_org_Urban_Planning_Law_for_Climate_Smart_Cities.txt,True,False,81,0,urban planning law,developed,national,"The document discusses urban planning law for climate smart cities, which is relevant to climate change mitigation and adaptation. It provides a comprehensive framework for urban planning and climate change, including governance, urban planning, and design for adaptation and mitigation.",There is no explicit mention of UNEP's role in supporting the development or implementation of the urban planning law in Kenya.,"[""The Law and Climate Change Toolkit is an innovative online tool designed to help countries establish legal frameworks necessary for effective domestic implementation of the Paris Agreement."", ""UN-Habitat aims to strengthen climate action and improve urban environments through efforts on reduced greenhouse gas emissions and improved air quality; improved resource efficiency and protection of ecological assets; and effective adaptation of communities and infrastructure to climate change.""]"
Kenya,2018–2022,1,UNEP initiative Kenya net zero strategy implemented policy strategy legal framework law regulation action plan after:2018-01-01 before:2022-01-01,2020global status report - for buildings and construction,https://globalabc.org/sites/default/files/inline-files/2020%20Buildings%20GSR_FULL%20REPORT.pdf,"strategies and supporting regulation to spur uptake of net-zero emissions buildings. It also means prioritizing performance-based, mandatory building energy ...",https://globalabc.org › default › files › inline-files,globalabc_org_2020global_status_report_for_buildings_and_constru.txt,False,False,0,0,none,none,global,"The document does not contain explicit evidence related to Kenya's climate change mitigation, adaptation, or disaster risk reduction strategies/policies/legal frameworks for the period 2018-2022.",There is no explicit link between UNEP and climate policy/strategy/legal framework development in Kenya for the period 2018-2022.,[]
Kenya,2018–2022,1,UNEP initiative Kenya net zero strategy implemented policy strategy legal framework law regulation action plan after:2018-01-01 before:2022-01-01,danish-organisation-strategy-for-united-nations- ...,https://um.dk/media/nakniblj/danish-organisation-strategy-for-united-nations-environment-programme-unep-20222025.pdf,"UNEP tackle air pollution by supporting cleaner fuels and vehicles, inspiring individuals and city leaders to act, strengthening laws and institutions, and ...",https://um.dk › media › nakniblj › danish-organi...,um_dk_danish_organisation_strategy_for_united_nations_.txt,False,False,0,0,none,none,global,"The document does not contain explicit evidence related to Kenya's climate mitigation, adaptation, or disaster risk reduction strategy/policy/legal framework during 2018-2022.",The document does not explicitly link UNEP to strengthening/enabling/adoption/implementation of any climate policy/strategy/legal framework in Kenya during 2018-2022.,[]
Kenya,2018–2022,1,UNEP initiative Kenya net zero strategy implemented policy strategy legal framework law regulation action plan after:2018-01-01 before:2022-01-01,An Analysis of Sustainable Finance Roadmaps,https://www.financeministersforclimate.org/sites/cape/files/inline-files/Sustainable%20Finance%20Roadmaps%20Report%20-%20Nov%202021.pdf,The 2021 work program of the Coalition of Finance Ministers for Climate Action stressed the importance of financial systems incorporating climate change ...,https://www.financeministersforclimate.org › files,www_financeministersforclimate_org_An_Analysis_of_Sustainable_Finance_Roadmaps.txt,False,False,0,0,none,none,none,"The document does not contain explicit evidence related to Kenya's climate change mitigation, adaptation, or disaster risk reduction strategies/policies/legal frameworks for the period of 2018-2022.",There is no explicit link between UNEP and any climate policy or legal framework outcome in Kenya for the period of 2018-2022.,[]
Kenya,2018–2022,1,UNEP initiative Kenya net zero strategy implemented policy strategy legal framework law regulation action plan after:2018-01-01 before:2022-01-01,NATIONAL REDD+ STRATEGY,https://www.un-redd.org/sites/default/files/2022-05/NATIONAL%20REDD%2B%20STRATEGY%202022.pdf,This strategy describes Kenya's proposed approach for implementing the REDD+ programme. As a developing country aiming to achieve low emissions development ...,https://www.un-redd.org › sites › default › files,www_un-redd_org_NATIONAL_REDD_STRATEGY.txt,True,False,81,0,National REDD+ Strategy,adopted,national,"The document provides explicit evidence of Kenya's adoption of a climate change mitigation strategy, specifically the National REDD+ Strategy, which aims to reduce emissions from deforestation and forest degradation. The strategy is aligned with Kenya's climate change policies, including the National Climate Change Policy (2016) and the National Climate Change Action Plan (2018-2022).","There is no explicit evidence linking UNEP to the adoption or implementation of the National REDD+ Strategy in Kenya. The document acknowledges support from the United Nations Development Programme (UNDP) and the Forest Carbon Partnership Facility (FCPF), but does not mention UNEP.","[""Kenya's National REDD+ Strategy demonstrates Kenya’s preparatory process towards REDD+ implementation."", ""The strategy completes REDD+ readiness elements indicated in Decision 1 of COP 16 Para 71 of the Cancun agreements."", ""Kenya’s National REDD+ Strategy was developed through the hard work and support from several stakeholders and national experts.""]"
Kenya,2018–2022,1,UNEP initiative Kenya net zero strategy implemented policy strategy legal framework law regulation action plan after:2018-01-01 before:2022-01-01,Green Development Guidance for BRI Projects Baseline ...,http://en.brigc.net/Reports/Report_Download/2020/202012/P020210202120471013629.pdf,"Through in-depth analysis of environmental policies, safeguard measures and practices of govern- ments, financial institutions and NGOs around the world, this ...",http://en.brigc.net › Reports › Report_Download,en_brigc_net_Green_Development_Guidance_for_BRI_Projects_Baseli.txt,False,False,0,0,none,none,none,"The document does not contain explicit evidence related to climate change mitigation, adaptation, or disaster risk reduction strategies/policies/legal frameworks for Kenya during 2018-2022.",There is no explicit link between UNEP and any climate policy or legal framework outcome in Kenya during 2018-2022.,[]
Kenya,2018–2022,1,UNEP initiative Kenya net zero strategy implemented policy strategy legal framework law regulation action plan after:2018-01-01 before:2022-01-01,Record of Proceedings,https://gggi.org/wp-content/uploads/2021/12/GGGWeek2021-Proceedings_20211216_.pdf,"The UK's Net Zero Strategy141, released in October 2021, sets out a comprehensive economy-wide plan for how British businesses and consumers will be ...",https://gggi.org › wp-content › uploads › 2021/12,gggi_org_Record_of_Proceedings.txt,False,False,0,0,none,none,unclear,,,[]
Kenya,2018–2022,1,UNEP initiative Kenya net zero strategy implemented policy strategy legal framework law regulation action plan after:2018-01-01 before:2022-01-01,unep.pdf,https://www.un.org/sites/un2.un.org/files/2020/02/unep.pdf,The Programme provides an inter- governmental framework to assist countries in implementing obligations under international law. ... national and regional legal ...,https://www.un.org › un2.un.org › files › 2020/02,www_un_org_unep_pdf.txt,False,False,0,0,none,none,none,"The document does not contain explicit evidence related to climate change mitigation, adaptation, or disaster risk reduction strategies/policies/legal frameworks for Kenya in 2018-2022.","There is no explicit link between UNEP and climate change mitigation, adaptation, or disaster risk reduction strategies/policies/legal frameworks for Kenya in 2018-2022.",[]
Kenya,2018–2022,2,UNEP initiative Kenya adaptation policy validated policy strategy legal framework law regulation action plan after:2018-01-01 before:2022-01-01,NATIONAL CLIMATE CHANGE ACTION PLAN 2018-2022 ...,https://www.lse.ac.uk/GranthamInstitute/wp-content/uploads/2018/10/8737.pdf,"This plan builds on the first Action Plan (2013-2017) where considerable progress was made, including establishing climate change funds in five Counties, ...",https://www.lse.ac.uk › uploads › 2018/10,www_lse_ac_uk_NATIONAL_CLIMATE_CHANGE_ACTION_PLAN_2018_2022_.txt,True,False,81,0,National Climate Change Action Plan,adopted,national,"The document provides explicit evidence of Kenya's adoption of a climate change action plan, specifically the National Climate Change Action Plan 2018-2022, which outlines the country's climate change response strategy, priority actions, and enabling framework.",There is no explicit link between UNEP and the adoption or implementation of Kenya's National Climate Change Action Plan 2018-2022.,"[""Kenya's National Climate Change Action Plan 2018-2022"", ""This plan builds on the first Action Plan (2013-2017) and provides a framework for Kenya to deliver on its Nationally Determined Contribution (NDC) under the Paris Agreement"", ""The Climate Change Act, 2016 is the main legislation guiding Kenya’s climate change response""]"
Kenya,2018–2022,1,UNEP initiative Kenya net zero strategy implemented policy strategy legal framework law regulation action plan after:2018-01-01 before:2022-01-01,NDC Score Card: Measuring the Nationally Determined ...,https://www.hks.harvard.edu/sites/default/files/centers/mrcbg/files/123_final.pdf,DEAL is a score card towards NDCs implementation and economic transformation. It is aimed at (i) providing a framework for evaluating a country's climate change ...,https://www.hks.harvard.edu › files › 123_final,www_hks_harvard_edu_NDC_Score_Card_Measuring_the_Nationally_Determined.txt,False,False,0,0,none,none,none,"The document does not contain explicit evidence related to climate change mitigation, adaptation, or disaster risk reduction strategies/policies/legal frameworks for Kenya in 2018-2022.",There is no explicit link between UNEP and any climate policy or strategy in Kenya for 2018-2022.,[]
Kenya,2018–2022,2,UNEP initiative Kenya adaptation policy validated policy strategy legal framework law regulation action plan after:2018-01-01 before:2022-01-01,National Climate Change Action Plan 2018-2022,https://napglobalnetwork.org/wp-content/uploads/2022/01/napgn-en-2022-kenya-NCCAP-2018-2022-Implemantation-Status-Report.pdf,It provides a framework for Kenya to deliver on its National Adaptation. Plan ... incentivize action on climate change. The. 4.1 Enabling policy and Regulatory ...,https://napglobalnetwork.org › uploads › 2022/01,napglobalnetwork_org_National_Climate_Change_Action_Plan_2018_2022.txt,False,False,0,0,none,none,unclear,,,[]
Kenya,2018–2022,2,UNEP initiative Kenya adaptation policy validated policy strategy legal framework law regulation action plan after:2018-01-01 before:2022-01-01,Ecosystem-based approaches to adaptation: strengthening ...,https://www.iied.org/sites/default/files/pdfs/migrate/17620IIED.pdf,Strengthening EbA is a priority in the Action Plan. The. Action Plan also recommended developing a standalone climate change policy and law. The Climate.,https://www.iied.org › sites › files › pdfs › migrate,www_iied_org_Ecosystem_based_approaches_to_adaptation_strengthe.txt,True,False,80,0,climate change adaptation policy / strategy,implemented,national,"The document provides evidence of the Isiolo County Climate Change Fund (ICCCF) which finances public good investments for improved resilience to climate change in Kenya between 2013 and 2016. The Adaptation Consortium operated in five arid and semi-arid counties in Kenya, providing practical experience and a tested model for effective and robust disbursement of funds to promote adaptation to climate change.",There is no explicit link between UNEP and the climate policy or strategy in Kenya during 2018-2022.,"[""The Isiolo County Climate Change Fund (ICCCF) finances public good investments for improved resilience to climate change."", ""The Adaptation Consortium provided support with resilience mapping and resource assessments."", ""ICCCF supported activities identified in this resilience assessment report, mainly on livelihood and ecosystem improvement.""]"
Kenya,2018–2022,2,UNEP initiative Kenya adaptation policy validated policy strategy legal framework law regulation action plan after:2018-01-01 before:2022-01-01,National Climate Change Action Plan 2018-2022 (NCCAP),https://climate-laws.org/document/national-climate-change-action-plan-2018-2022-nccap_a381,"The NCCAP consists in three documents, including an Adaptation Technical Analysis Report (volume II), and a Mitigation Technical Analysis Report (volume III).",https://climate-laws.org › document › national-climate-ch...,climate-laws_org_National_Climate_Change_Action_Plan_2018_2022_NCCA.txt,True,False,90,0,National Climate Change Action Plan,adopted,national,"The document provides clear evidence of Kenya's adoption of the National Climate Change Action Plan 2018-2022, which includes mitigation and adaptation strategies.",There is no explicit link between UNEP and the adoption or implementation of the National Climate Change Action Plan 2018-2022.,"[""National Climate Change Action Plan 2018-2022 (NCCAP)"", ""aims to strengthen the country's path towards sustainable, climate-resilient development while achieving low carbon climate resilient development"", ""reduce risks to communities and infrastructure resulting from climate-related disasters"", ""Increase food and nutrition security through enhanced productivity and resilience of the agricultural sector in as low-carbon manner as possible""]"
Kenya,2018–2022,2,UNEP initiative Kenya adaptation policy validated policy strategy legal framework law regulation action plan after:2018-01-01 before:2022-01-01,The Landscape of Climate Finance in Kenya,https://www.climatepolicyinitiative.org/wp-content/uploads/2021/03/The-Landscape-of-Climate-Finance-in-Kenya.pdf,"Other climate change policies, plans, and legislations include: the National Adaptation Plan. 2015-2030, the Nationally Determined Contribution 2015-2030, ...",https://www.climatepolicyinitiative.org › 2021/03,www_climatepolicyinitiative_org_The_Landscape_of_Climate_Finance_in_Kenya.txt,True,False,81,0,"national adaptation plan, nationally determined contribution, climate change act, green economy strategy","adopted, implemented",national,"The document provides evidence of Kenya's efforts to address climate change through various policies and strategies, including the National Climate Change Response Strategy, the National Climate Change Framework Policy, the National Policy on Climate Finance, the Green Economy Strategy and Implementation Plan, and the Climate Change Act, 2016. These documents provide a regulatory framework for an enhanced response to climate change and mechanisms and measures to achieve low-carbon, climate-resilient development.","There is no explicit mention of UNEP's involvement in the adoption, approval, enactment, endorsement, launching, implementing, developing, strengthening, or operationalizing the climate mitigation, adaptation, or disaster risk reduction strategy/policy/legal framework in Kenya during 2018-2022.","[""Kenya's NDC targets 30% emission reduction by 2030 relative to Business as Usual (BAU) scenario."", ""The National Climate Change Response Strategy of 2010 was the first national policy document on climate change."", ""The Climate Change Act, 2016 provides a regulatory framework for an enhanced response to climate change."", ""The Green Economy Strategy and Implementation Plan 2016-2030 aims to achieve low-carbon, climate-resilient development.""]"
Kenya,2018–2022,2,UNEP initiative Kenya adaptation policy validated policy strategy legal framework law regulation action plan after:2018-01-01 before:2022-01-01,Transforming the finance sector with technical assistance,https://newclimate.org/sites/default/files/2021/06/SNAPFI.-Transforming-Kenyas-Financial-Sector.pdf,"Kenya considers green bonds as one major instrument that could contribute to meet its mitigation and adaptation goals. Notably, Kenya's Green Economy Strategy.",https://newclimate.org › default › files › 2021/06,newclimate_org_Transforming_the_finance_sector_with_technical_ass.txt,False,False,0,0,none,none,unclear,,,[]
Kenya,2018–2022,2,UNEP initiative Kenya adaptation policy validated policy strategy legal framework law regulation action plan after:2018-01-01 before:2022-01-01,ECOWAS ENVIRONMENTAL ACTION PLAN 2020-2026,https://ecowap.ecowas.int/media/ecowap/file_document/2020_ECOWAS_ECOWAS_ENVIRONMENTAL_ACTION_PLAN_Final_Version_-_ENG.pdf,"However, UNEP has deplored gaps identified in the implementation of these policy documents due mainly to inadequate institutional, financial and technological ...",https://ecowap.ecowas.int › ecowap › file_document,ecowap_ecowas_int_ECOWAS_ENVIRONMENTAL_ACTION_PLAN_2020_2026.txt,False,False,0,0,none,none,global,"The document does not contain explicit evidence related to Kenya's climate change mitigation, adaptation, or disaster risk reduction strategies/policies/legal frameworks adopted between 2018-2022.",There is no explicit link between UNEP and any climate-related policy or strategy in Kenya between 2018-2022.,"[""No relevant phrases found""]"
Kenya,2018–2022,2,UNEP initiative Kenya adaptation policy validated policy strategy legal framework law regulation action plan after:2018-01-01 before:2022-01-01,Kenya,https://climateactiontracker.org/countries/kenya/2021-09-15/policies-action/,We rate Kenya's policies and action as “1.5°C Paris Agreement compatible”. The “1.5°C Paris Agreement compatible” rating indicates that Kenya's climate ...,https://climateactiontracker.org › kenya › policies-action,climateactiontracker_org_Kenya.txt,True,False,80,0,climate change mitigation strategy / adaptation strategy / legal framework,adopted / implemented,national,"The document provides evidence of Kenya's climate policies and actions, including the Climate Change Act (2016), the National Climate Change Action Plan (NCCAP) 2018-2022, and sectoral strategies. These policies aim to promote climate-resilient low-carbon economic development and support the implementation of Kenya's NDC.",There is no explicit mention of UNEP's involvement in the development or implementation of Kenya's climate policies and strategies.,"[""The Kenyan Government had already adopted the Climate Change Act (2016), which provides a framework for the promotion of climate-resilient low-carbon economic development"", ""The second and most recent NCCAP covers the period between 2018-2022 and its main objective is to guide climate action during that time and support the implementation of Kenya’s NDC"", ""The Ministry of Agriculture’s Climate Smart Agriculture (CSA) Strategy 2017-2026 is considered a tool to implement mitigation actions in the agriculture sector in contribution to Kenya’s NDC""]"
Kenya,2018–2022,2,UNEP initiative Kenya adaptation policy validated policy strategy legal framework law regulation action plan after:2018-01-01 before:2022-01-01,"Ministry of Environment, Natural Resources Conservation ...",https://www.facebook.com/www.mewt199.co.bw/posts/national-climate-change-policy-underwaythe-ministry-of-environmentnatural-resour/3896621897082119/,"The Ministry of Environment,Natural Resources Conservation and Tourism has developed a National Climate Change Policy in an effort to counter the negative ...",40+ reactions,www_facebook_com_Ministry_of_Environment_Natural_Resources_Conserva.txt,True,False,80,0,climate change policy,developed,national,"The Ministry of Environment, Natural Resources Conservation and Tourism has developed a National Climate Change Policy.",No explicit link to UNEP,"[""NATIONAL CLIMATE CHANGE POLICY UNDERWAY"", ""The Ministry of Environment,Natural Resources Conservation and Tourism has developed a National Climate Change Policy""]"
Kenya,2018–2022,2,UNEP initiative Kenya adaptation policy validated policy strategy legal framework law regulation action plan after:2018-01-01 before:2022-01-01,UNEP.pdf,https://www.un.org/Depts/los/general_assembly/contributions_2019/UNEP.pdf,"The project engages national and local governments, plastic producers and retailers, and civil society to develop inclusive and equitable market-based solutions ...",https://www.un.org › los › contributions_2019,www_un_org_UNEP_pdf.txt,False,False,0,0,none,none,none,"The document does not contain explicit evidence related to climate change mitigation, adaptation, or disaster risk reduction strategies/policies/legal frameworks for Kenya during 2018-2022.","There is no explicit link between UNEP and climate change mitigation, adaptation, or disaster risk reduction strategies/policies/legal frameworks for Kenya during 2018-2022.",[]
Kenya,2018–2022,2,UNEP initiative Kenya adaptation policy validated policy strategy legal framework law regulation action plan after:2018-01-01 before:2022-01-01,Urban Planning Law for Climate Smart Cities,https://unhabitat.org/sites/default/files/2022/10/final_urban_planning_law_for_climate_smart_cities.pdf,"Plan into sectoral strategies, action plans and other implementation ... legally approved urban plans, zoning regulations and evidence from climate.",https://unhabitat.org › default › files › 2022/10 › f...,unhabitat_org_Urban_Planning_Law_for_Climate_Smart_Cities.txt,False,False,0,0,none,none,none,"The document does not contain explicit evidence related to Kenya's climate change mitigation, adaptation, or disaster risk reduction strategies/policies/legal frameworks adopted between 2018-2022.",There is no explicit link between UNEP and any climate policy or legal framework adoption in Kenya during 2018-2022.,[]
Kenya,2018–2022,2,UNEP initiative Kenya adaptation policy validated policy strategy legal framework law regulation action plan after:2018-01-01 before:2022-01-01,INSTITUTIONAL CAPACITIES FOR NDC IMPLEMENTATION,https://transparency-partnership.net/system/files/document/UNEP%20DTUP%202018_%20Institutional%20Capacities%20For%20NDC%20Implementation.pdf,"Kenya's review of its regulatory framework. Kenya's “National Climate Change Action Plan 2013-2017” is the country's first action plan on climate change, ...",https://transparency-partnership.net › document,transparency-partnership_net_INSTITUTIONAL_CAPACITIES_FOR_NDC_IMPLEMENTATION.txt,False,False,0,0,none,none,unclear,,,[]
Kenya,2018–2022,2,UNEP initiative Kenya adaptation policy validated policy strategy legal framework law regulation action plan after:2018-01-01 before:2022-01-01,First Global Report,https://environmentalmigration.iom.int/sites/g/files/tmzbdl1411/files/documents/2023-11/environmental_rule_of_law.pdf,"This new report on the Environmental. Rule of Law will help us improve compliance with environmental law, which is essential to ensuring protection of ...",https://environmentalmigration.iom.int › files › e...,environmentalmigration_iom_int_First_Global_Report.txt,False,False,0,0,none,none,unclear,,,[]
Kenya,2018–2022,2,UNEP initiative Kenya adaptation policy validated policy strategy legal framework law regulation action plan after:2018-01-01 before:2022-01-01,Action for climate empowerment: guidelines ...,https://unesdoc.unesco.org/ark:/48223/pf0000246435,"The research should focus on relevant legal and institutional frameworks, coordinating mechanisms, strategies, plans, policies and programmes. These can be ...",https://unesdoc.unesco.org › ark:,unesdoc_unesco_org_Action_for_climate_empowerment_guidelines_.txt,False,False,0,0,none,none,unclear,"The document does not contain explicit evidence related to climate mitigation, adaptation, or disaster risk reduction strategies/policies/legal frameworks for Kenya in 2018-2022.",The document does not mention UNEP or any link to climate policy/strategy/legal framework in Kenya during 2018-2022.,[]
Kenya,2018–2022,2,UNEP initiative Kenya adaptation policy validated policy strategy legal framework law regulation action plan after:2018-01-01 before:2022-01-01,Disaster Risk Reduction and Climate Change Adaptation,https://www.undrr.org/media/47688/download,"To this end, the chapter looks at integration of CCA into DRR strategies in countries whom have validated a DRR strategy before 2020. Conversely, the chapter ...",https://www.undrr.org › media › download,www_undrr_org_Disaster_Risk_Reduction_and_Climate_Change_Adaptat.txt,False,False,0,0,none,none,unclear,,,[]
Kenya,2018–2022,2,UNEP initiative Kenya adaptation policy validated policy strategy legal framework law regulation action plan after:2018-01-01 before:2022-01-01,State of the Environment and Development in ...,https://planbleu.org/wp-content/uploads/2020/11/SoED-Full-Report.pdf,"The UNEP/MAP-Barcelona Convention system continues to offer the enabling legal and implementation framework to enact the required changes. In fact, much remains ...",https://planbleu.org › 2020/11 › SoED-Full-Report,planbleu_org_State_of_the_Environment_and_Development_in_.txt,False,False,0,0,none,none,unclear,,,[]
Kenya,2018–2022,2,UNEP initiative Kenya adaptation policy validated policy strategy legal framework law regulation action plan after:2018-01-01 before:2022-01-01,Green Development Guidance for BRI Projects Baseline ...,http://en.brigc.net/Reports/Report_Download/2020/202012/P020210202120471013629.pdf,"BRIGC aims to establish a policy dialogue and communication platform, an environmental knowledge and information platform, and a green technology exchange and ...",http://en.brigc.net › Reports › Report_Download,en_brigc_net_Green_Development_Guidance_for_BRI_Projects_Baseli.txt,False,False,0,0,none,none,none,"The document does not contain explicit evidence related to Kenya's climate mitigation, adaptation, or disaster risk reduction strategy/policy/legal framework.",There is no explicit link between UNEP and strengthening/enabling the SP1.2 policy/strategy/legal framework outcome in Kenya during 2018–2022.,[]
Kenya,2018–2022,2,UNEP initiative Kenya adaptation policy validated policy strategy legal framework law regulation action plan after:2018-01-01 before:2022-01-01,Demystifying Finance for Circular Economies,https://www.unepfi.org/wordpress/wp-content/uploads/2021/03/UNEPFI_DemystfyingFinanceCircularity-2020-2.pdf,The United Nations Environment Programme Finance Initiative (UNEP FI) is a partnership between UNEP and the global financial sector to mobilize private ...,https://www.unepfi.org › uploads › 2021/03 › U...,www_unepfi_org_Demystifying_Finance_for_Circular_Economies.txt,False,False,0,0,none,none,unclear,,,[]
Kenya,2018–2022,2,UNEP initiative Kenya adaptation policy validated policy strategy legal framework law regulation action plan after:2018-01-01 before:2022-01-01,kenya: strengthening institutional arrangements for ...,https://climateactiontransparency.org/resources/kenya-mrv-institutions/,"The MRV system will track progress toward achieving Kenya's mitigation and adaptation goals and. NDC, improve understanding of the climate and sustainable ...",https://climateactiontransparency.org › resources,climateactiontransparency_org_kenya_strengthening_institutional_arrangements_for.txt,False,False,0,0,none,none,unclear,,,[]
Kenya,2018–2022,2,UNEP initiative Kenya adaptation policy validated policy strategy legal framework law regulation action plan after:2018-01-01 before:2022-01-01,Kenya Country Environmental Analysis - World Bank Document,https://documents1.worldbank.org/curated/en/939861592515485722/pdf/Kenya-Country-Environmental-Analysis.pdf,"diture framework (MTEF) provides the framework for linking the green economy strategy, planning, and policies, and the national budget process. 120 MEMR ...",https://documents1.worldbank.org › curated › pdf,documents1_worldbank_org_Kenya_Country_Environmental_Analysis_World_Bank_Do.txt,False,False,0,0,none,none,unclear,,,[]
Kenya,2018–2022,2,UNEP initiative Kenya adaptation policy validated policy strategy legal framework law regulation action plan after:2018-01-01 before:2022-01-01,GCA State and Trends in Adaptation Report 2021: Africa,https://gca.org/wp-content/uploads/2021/10/GCA_State-and-Trends-in-Adaptation-2021-Africa_full-report_low-res.pdf,"It presents a detailed blueprint for action by offering innovative adaptation and resilience ideas, solutions, and policy recommendations. ... climate change ...",https://gca.org › wp-content › uploads › 2021/10,gca_org_GCA_State_and_Trends_in_Adaptation_Report_2021_Afr.txt,False,False,0,0,none,none,unclear,,,[]
Kenya,2018–2022,2,UNEP initiative Kenya adaptation policy validated policy strategy legal framework law regulation action plan after:2018-01-01 before:2022-01-01,National Climate Change Framework Policy,http://aiap.or.ke/wp-content/uploads/2018/10/Climate-Change-Framework-PolicyMay2017.pdf,Kenya's climate change response efforts and Action Plans. (vi) Provide a framework to mobilise resources for Kenya's climate change response and ensure ...,http://aiap.or.ke › wp-content › uploads › 2018/10,aiap_or_ke_National_Climate_Change_Framework_Policy.txt,True,False,80,0,National Climate Change Framework Policy,adopted,national,"The document provides a comprehensive framework for addressing climate change in Kenya, including mitigation, adaptation, and disaster risk reduction strategies. It outlines policy statements and guidelines for various sectors, such as low carbon growth, climate resilience, and mainstreaming climate change into planning processes.",There is no explicit mention of UNEP's role in supporting or enabling the adoption of the National Climate Change Framework Policy in Kenya.,"[""The Government of Kenya has developed this National Climate Change Framework Policy to provide a clear and concise articulation of overall response priorities to climate variability and change."", ""The Policy aims to enhance adaptive capacity and build resilience to climate variability and change, while promoting a low carbon development pathway."", ""The Policy provides a framework to guide the development and implementation of specific, detailed and costed climate change interventions through regular and periodic Climate Change Action Plans.""]"
Kenya,2018–2022,2,UNEP initiative Kenya adaptation policy validated policy strategy legal framework law regulation action plan after:2018-01-01 before:2022-01-01,Independent evaluation of the adaptation portfolio and ...,https://ieu.greenclimate.fund/sites/default/files/document/210223-adaptation-final-report-top.pdf,This evaluation is a product of the Independent Evaluation Unit at the Green Climate Fund (IEU/GCF). It is part of a larger effort to provide open access to its ...,https://ieu.greenclimate.fund › files › document,ieu_greenclimate_fund_Independent_evaluation_of_the_adaptation_portfolio.txt,False,False,0,0,none,none,unclear,,,[]
Kenya,2018–2022,2,UNEP initiative Kenya adaptation policy validated policy strategy legal framework law regulation action plan after:2018-01-01 before:2022-01-01,Enabling Policy and Regulatory Framework,https://www.kccap.info/index_option_com_phocadownload_view_category_id_39.html,Climate Change Action Plan - Kenya · Enabling Policy and Regulatory Framework · Climate Change Action Plan · National Adaptation Plan · NCCAP Reports · Quick Links.,https://www.kccap.info › index_option_com_phocadow...,www_kccap_info_Enabling_Policy_and_Regulatory_Framework.txt,True,False,80,0,climate change action plan / national adaptation plan / low carbon climate resilient pathway,developed / launched,national,"The document provides evidence of Kenya's climate change policies and plans, including the Climate Change Action Plan, National Adaptation Plan, and Long-Term National Low Carbon Climate Resilient Pathway.",There is no explicit mention of UNEP's role in supporting or enabling the adoption of these climate policies and plans.,"[""Climate Change Action Plan"", ""National Adaptation Plan"", ""Long-Term National Low Carbon Climate Resilient Pathway"", ""Enabling Policy and Regulatory Framework""]"
Kenya,2018–2022,2,UNEP initiative Kenya adaptation policy validated policy strategy legal framework law regulation action plan after:2018-01-01 before:2022-01-01,Republic of Kenya Land Degradation Neutrality Target ...,https://www.unccd.int/sites/default/files/ldn_targets/2020-09/Kenya%20LDN%20TSP%20Final%20Report%20%28English%29.pdf,"This document has been prepared with the support of the Land Degradation Neutrality Target Setting. Programme (LDN TSP), a partnership initiative ...",https://www.unccd.int › sites › files › ldn_targets,www_unccd_int_Republic_of_Kenya_Land_Degradation_Neutrality_Targ.txt,False,False,0,0,none,none,unclear,,,[]
Kenya,2018–2022,2,UNEP initiative Kenya adaptation policy validated policy strategy legal framework law regulation action plan after:2018-01-01 before:2022-01-01,Private-sector action in adaptation: Perspectives on the ...,https://unepccc.org/wp-content/uploads/2019/04/msme-adaptation-updated-web-2.pdf,"Strategy: Adaptation (Innovation to lesser extent). The Kenyan government developed specific national climate change policies, strategies and action plans.",https://unepccc.org › uploads › 2019/04 › msme...,unepccc_org_Private_sector_action_in_adaptation_Perspectives_o.txt,False,False,0,0,none,none,unclear,,,[]
Kenya,2018–2022,2,UNEP initiative Kenya adaptation policy validated policy strategy legal framework law regulation action plan after:2018-01-01 before:2022-01-01,NATIONAL CLIMATE CHANGE RESPONSE STRATEGY ...,https://www.taees.org/wp-content/uploads/2021/09/NCCRS-2021-2026_-Final_PK.pdf,"Climate Change Adaptation Strategy and Action Plan, 2018. Others are the EAC ... Banks and investors, in particular, need a clear regulatory framework on climate ...",https://www.taees.org › uploads › 2021/09 › NCC...,www_taees_org_NATIONAL_CLIMATE_CHANGE_RESPONSE_STRATEGY_.txt,False,False,0,0,none,none,unclear,,,[]
Kenya,2018–2022,2,UNEP initiative Kenya adaptation policy validated policy strategy legal framework law regulation action plan after:2018-01-01 before:2022-01-01,Global adaptation governance: An emerging but contested ...,https://weadapt.org/wp-content/uploads/2023/05/globaladaptationgovernance_0.pdf,"Abstract. Adaptation to climate change has steadily risen on global policy agendas and entered a new era with the 2015 Paris Agreement, which established a ...",https://weadapt.org › uploads › 2023/05 › global...,weadapt_org_Global_adaptation_governance_An_emerging_but_conte.txt,False,False,0,0,none,none,unclear,,,[]
Kenya,2018–2022,2,UNEP initiative Kenya adaptation policy validated policy strategy legal framework law regulation action plan after:2018-01-01 before:2022-01-01,NATIONAL ADAPTATION PLANS,https://unfccc.int/sites/default/files/resource/UNHabitat_Addressing_urban_human_settlements_issues_in_NAPs.pdf,"Explanation of the Framework's Four Elements urban- and climate-related policies, strategies and frameworks, as well as relevant legislative instruments ...",https://unfccc.int › sites › default › files › resource,unfccc_int_NATIONAL_ADAPTATION_PLANS.txt,False,False,0,0,none,none,unclear,,,[]
Kenya,2018–2022,2,UNEP initiative Kenya adaptation policy validated policy strategy legal framework law regulation action plan after:2018-01-01 before:2022-01-01,republic of south sudan - national biodiversity strategy and ...,https://www.cbd.int/doc/world/ss/ss-nbsap-01-en.pdf,Our distribution policy aims to reduce UNEP's carbon footprint. Page 3. THE REPUBLIC OF SOUTH SUDAN. NATIONAL BIODIVERSITY STRATEGY. AND ACTION PLAN.,https://www.cbd.int › doc › world › ss-nbsap-01-en,www_cbd_int_republic_of_south_sudan_national_biodiversity_stra.txt,False,False,0,0,none,none,unclear,,,[]
Kenya,2018–2022,2,UNEP initiative Kenya adaptation policy validated policy strategy legal framework law regulation action plan after:2018-01-01 before:2022-01-01,regional model policy/legal framework for - FAOLEX,https://faolex.fao.org/docs/pdf/igad215606.pdf,"Strategy and Action Plan of Kenya is already underway and has been very inclusive - involving participation of key stakeholders such as policy makers, local ...",https://faolex.fao.org › docs › pdf › igad215606,faolex_fao_org_regional_model_policy_legal_framework_for_FAOLEX.txt,False,False,0,0,none,none,unclear,,,[]
Kenya,2018–2022,2,UNEP initiative Kenya adaptation policy validated policy strategy legal framework law regulation action plan after:2018-01-01 before:2022-01-01,Nature-based solutions for climate change mitigation,https://www.oneplanetnetwork.org/sites/default/files/from-crm/NBSCCM.pdf,"With strategic planning, evidence-based action, and engagement of local communities, solutions based on nature can create jobs and stable livelihoods, and ...",https://www.oneplanetnetwork.org › NBSCCM,www_oneplanetnetwork_org_Nature_based_solutions_for_climate_change_mitigati.txt,False,False,0,0,none,none,unclear,,,[]
Kenya,2018–2022,2,UNEP initiative Kenya adaptation policy validated policy strategy legal framework law regulation action plan after:2018-01-01 before:2022-01-01,Progress on Integrated Water Resources Management,https://www.unwater.org/sites/default/files/app/uploads/2021/09/SDG6_Indicator_Report_651_Progress-on-Integrated-Water-Resources-Management_2021_EN.pdf,"Legal frameworks: Develop or update laws to reflect progressive, coordinated water resources management approaches, and ensure policy alignment between existing ...",https://www.unwater.org › uploads › 2021/09,www_unwater_org_Progress_on_Integrated_Water_Resources_Management.txt,False,False,0,0,none,none,unclear,,,[]
Kenya,2018–2022,2,UNEP initiative Kenya adaptation policy validated policy strategy legal framework law regulation action plan after:2018-01-01 before:2022-01-01,NATIONAL REDD+ STRATEGY,https://www.un-redd.org/sites/default/files/2022-05/NATIONAL%20REDD%2B%20STRATEGY%202022.pdf,This strategy describes Kenya's proposed approach for implementing the REDD+ programme. As a developing country aiming to achieve low emissions development ...,https://www.un-redd.org › sites › default › files,www_un-redd_org_NATIONAL_REDD_STRATEGY.txt,True,False,81,0,National REDD+ Strategy,adopted,national,"The document provides explicit evidence of Kenya's adoption of a climate change mitigation strategy, specifically the National REDD+ Strategy, which aims to reduce emissions from deforestation and forest degradation.",There is no explicit link between UNEP and the adoption or implementation of the National REDD+ Strategy in Kenya.,"[""The National REDD+ Strategy describes Kenya’s proposed approach for implementing the REDD+ programme."", ""Kenya submitted a Forest Reference Level to the UNFCCC in 2020 based on data and methods from the National Forest Monitoring System."", ""The final version of the NFMS document is ready, and the development of a safeguard information system finalized."", ""The strategy has built on existing documentation of the REDD+ mechanism, providing a way for the forestry sector towards a results-based payment programme.""]"
Kenya,2018–2022,2,UNEP initiative Kenya adaptation policy validated policy strategy legal framework law regulation action plan after:2018-01-01 before:2022-01-01,UNDP Climate Promise Progress Report,https://www.undp.org/sites/g/files/zskgke326/files/2021-05/undp-climate-promise-progress-report-april-2021.pdf,"These reforms include strengthening institutions and policies, developing policies and legislation for climate action and long-term sustainable development, ...",https://www.undp.org › files › zskgke326 › files,www_undp_org_UNDP_Climate_Promise_Progress_Report.txt,False,False,0,0,none,none,unclear,,,[]
Kenya,2018–2022,2,UNEP initiative Kenya adaptation policy validated policy strategy legal framework law regulation action plan after:2018-01-01 before:2022-01-01,Regional Strategy and Action Plan for Mainstreaming ...,https://www.gfdrr.org/sites/default/files/publication/Regional%20Strategy%20and%20Action%20Plan%20for%20Mainstreaming%20Gender%20in%20DRM%20and%20CCA-Final_EN.pdf,"levels in accordance with relevant frameworks, policies, laws and regulations; c) Helping to develop and support public awareness and culture of prevention ...",https://www.gfdrr.org › default › files › publication,www_gfdrr_org_Regional_Strategy_and_Action_Plan_for_Mainstreamin.txt,False,False,0,0,none,none,unclear,,,[]
Kenya,2018–2022,2,UNEP initiative Kenya adaptation policy validated policy strategy legal framework law regulation action plan after:2018-01-01 before:2022-01-01,Sand and Sustainability: Finding new solutions for ...,https://unepgrid.ch/storage/app/media/documents/Sand_and_sustainability_UNEP_2019.pdf,Improving sustainable consumption and production of sand resources does not imply waiting for new global laws or rules to enable international cooperation.,https://unepgrid.ch › app › media › documents,unepgrid_ch_Sand_and_Sustainability_Finding_new_solutions_for_.txt,False,False,0,0,none,none,unclear,,,[]
Kenya,2018–2022,2,UNEP initiative Kenya adaptation policy validated policy strategy legal framework law regulation action plan after:2018-01-01 before:2022-01-01,Adaptation and development pathways for different types of ...,https://www.sciencedirect.com/science/article/pii/S1462901119305209,"This paper identifies several illustrative adaptation and development pathways, recognising the variety of starting points of different types of farmers.",https://www.sciencedirect.com › science › article › pii,www_sciencedirect_com_Adaptation_and_development_pathways_for_different_.txt,False,False,0,0,none,none,unclear,,,[]
Kenya,2018–2022,2,UNEP initiative Kenya adaptation policy validated policy strategy legal framework law regulation action plan after:2018-01-01 before:2022-01-01,Options under International Law to Increase Resource ...,https://www.umweltbundesamt.de/system/files/medien/5750/publikationen/2021-06-29_texte_102-2021_voeress.pdf,The study provides a legal and political science perspective to anchoring RE more strongly at the international level. We assess how public international law ...,https://www.umweltbundesamt.de › publikationen,www_umweltbundesamt_de_Options_under_International_Law_to_Increase_Resour.txt,False,False,0,0,none,none,unclear,,,[]
Kenya,2018–2022,2,UNEP initiative Kenya adaptation policy validated policy strategy legal framework law regulation action plan after:2018-01-01 before:2022-01-01,LESSONS IN MULTILATERAL EFFECTIVENESS,https://www.mopan.org/content/dam/mopan/en/publications/our-work/insights/lme-climate/mopan-lme-climate-change-volume2.pdf,"This study was conducted by the Multilateral Organisation Performance. Assessment Network (MOPAN) under the overall strategic guidance of. Suzanne Steensen, ...",https://www.mopan.org › insights › lme-climate,www_mopan_org_LESSONS_IN_MULTILATERAL_EFFECTIVENESS.txt,False,False,0,0,none,none,unclear,,,[]
Kenya,2022–2026,1,UNEP project Kenya climate change act approved policy strategy legal framework law regulation action plan after:2022-01-01 before:2026-01-01,Kenya launched the National Climate Change Action Plan ...,https://www.facebook.com/EnvironmentClimateChangeForestryKenya/posts/kenya-launched-the-national-climate-change-action-plan-iii-nccap-2023-2027-as-an/847621324213063/,Kenya launched the National Climate Change Action Plan III (NCCAP) (2023-2027) as an enabler in the implementation of the Nationally Determined Contributions ( ...,10+ reactions,www_facebook_com_Kenya_launched_the_National_Climate_Change_Action_.txt,False,False,0,0,none,none,unclear,,,[]
Kenya,2022–2026,1,UNEP project Kenya climate change act approved policy strategy legal framework law regulation action plan after:2022-01-01 before:2026-01-01,Kenya Unveils Comprehensive Legal Framework to ...,https://ndcpartnership.org/news/kenya-unveils-comprehensive-legal-framework-accelerate-climate-action,"The NCCAP serves as the key planning document to mainstream and implement climate change actions. Kenya joined the NDC Partnership in 2017, and with Partnership ...",https://ndcpartnership.org › news › kenya-unveils-compr...,ndcpartnership_org_Kenya_Unveils_Comprehensive_Legal_Framework_to_.txt,False,False,0,0,none,none,unclear,,,[]
Kenya,2022–2026,1,UNEP project Kenya climate change act approved policy strategy legal framework law regulation action plan after:2022-01-01 before:2026-01-01,Kenya's Initial Biennial Update Report,https://unfccc.int/sites/default/files/resource/Initial%20Biennial%20Update%20Report.pdf,"The policy and legal framework for adaptation includes three. National Climate Change Action Plans (2013-2017, 2018-2022,. 2023-2027), NAP (2015-2030), and ...",https://unfccc.int › sites › default › files › resource,unfccc_int_Kenya_s_Initial_Biennial_Update_Report.txt,False,False,0,0,none,none,unclear,,,[]
Kenya,2022–2026,1,UNEP project Kenya climate change act approved policy strategy legal framework law regulation action plan after:2022-01-01 before:2026-01-01,Kenya-NCCAP-2023-2027-1.pdf,https://emsi.co.ke/wp-content/uploads/2024/08/Kenya-NCCAP-2023-2027-1.pdf,The National Climate Change Action Plan 2023–2027 (NCCAP 2023–2027) presents the detailed priority actions that Kenya will embark on to address climate change ...,https://emsi.co.ke › uploads › 2024/08 › Kenya-...,emsi_co_ke_Kenya_NCCAP_2023_2027_1_pdf.txt,False,False,0,0,none,none,unclear,,,[]
Kenya,2022–2026,1,UNEP project Kenya climate change act approved policy strategy legal framework law regulation action plan after:2022-01-01 before:2026-01-01,The United Nations Environmental Program Efforts in ...,https://rsisinternational.org/journals/ijriss/articles/the-united-nations-environmental-program-efforts-in-the-implementation-of-multilateral-environmental-agreements-in-nairobi-city-county-kenya-1992-2022/,"The study concluded that the UNEP has enhanced Kenya's participation in international environmental debates, position Kenya as the regional leader on ...",https://rsisinternational.org › journals › ijriss › articles,rsisinternational_org_The_United_Nations_Environmental_Program_Efforts_i.txt,False,False,0,0,none,none,unclear,,,[]
Kenya,2022–2026,1,UNEP project Kenya climate change act approved policy strategy legal framework law regulation action plan after:2022-01-01 before:2026-01-01,Assessing Kenya's Climate Adaptation and Mitigation ...,https://cgspace.cgiar.org/bitstreams/87a088cf-5364-4585-8179-cda154dc9cf2/download,"Together, these frameworks provide the legal, strategic, and financial backbone for integrating climate change into national and county planning while aligning ...",https://cgspace.cgiar.org › bitstreams › download,cgspace_cgiar_org_Assessing_Kenya_s_Climate_Adaptation_and_Mitigatio.txt,False,False,0,0,none,none,unclear,,,[]
Kenya,2022–2026,1,UNEP project Kenya climate change act approved policy strategy legal framework law regulation action plan after:2022-01-01 before:2026-01-01,Adapting to a New Climate,https://www.unepfi.org/wordpress/wp-content/uploads/2022/11/Adapting-to-a-New-Climate.pdf,"In order to deliver a target-setting framework, UNEP FI outlines a set of next steps to deliver an initial framework over the next two years. Context. Finance ...",https://www.unepfi.org › uploads › 2022/11 › A...,www_unepfi_org_Adapting_to_a_New_Climate.txt,False,False,0,0,none,none,unclear,,,[]
Kenya,2022–2026,1,UNEP project Kenya climate change act approved policy strategy legal framework law regulation action plan after:2022-01-01 before:2026-01-01,"UNEP, annual report, 2022",https://www.unep.org/annualreport/2022,"Drawing upon the strength of its partnerships, UNEP worked with Member States to make good on promises to mitigate and adapt to climate change, protect and ...",https://www.unep.org › annualreport,www_unep_org_UNEP_annual_report_2022.txt,False,False,0,0,none,none,unclear,,,[]
Kenya,2022–2026,1,UNEP project Kenya climate change act approved policy strategy legal framework law regulation action plan after:2022-01-01 before:2026-01-01,In search of a sustainable future: A comparative ...,https://onlinelibrary.wiley.com/doi/full/10.1111/reel.12545,"As a result, Kenya and Nigeria now have statutes that focus on climate change mitigation and adaptation. Both countries are also parties to the Paris Agreement.",https://onlinelibrary.wiley.com › doi › full › reel,onlinelibrary_wiley_com_In_search_of_a_sustainable_future_A_comparative_.txt,False,False,0,0,none,none,unclear,,,[]
Kenya,2022–2026,1,UNEP project Kenya climate change act approved policy strategy legal framework law regulation action plan after:2022-01-01 before:2026-01-01,CLIMATE CHANGE ACTION PLAN 2023 - 2027,https://www.nyeri.go.ke/wp-content/uploads/2025/12/Nyeri-County-CCAP-Report-2023-2027-4.pdf,"The Nyeri County Climate Change Action Plan aims to provide a strategic framework for reducing greenhouse gas emissions, enhancing climate change resilience, ...",https://www.nyeri.go.ke › uploads › 2025/12 › N...,www_nyeri_go_ke_CLIMATE_CHANGE_ACTION_PLAN_2023_2027.txt,False,False,0,0,none,none,unclear,,,[]
Kenya,2022–2026,1,UNEP project Kenya climate change act approved policy strategy legal framework law regulation action plan after:2022-01-01 before:2026-01-01,KENYA'S THIRD NATIONAL COMMUNICATION (NC3),https://unfccc.int/sites/default/files/resource/MoECCF%20Kenya%20National%20Communication.pdf,"Kenya enacted its climate change law, the Climate Change Act, in. 2016, which it revised in 2023 to integrate carbon markets. The. Act is applied for the ...",https://unfccc.int › sites › default › files › resource,unfccc_int_KENYA_S_THIRD_NATIONAL_COMMUNICATION_NC3_.txt,False,False,0,0,none,none,unclear,,,[]
Kenya,2022–2026,1,UNEP project Kenya climate change act approved policy strategy legal framework law regulation action plan after:2022-01-01 before:2026-01-01,Kenya backs UNEP's new Medium-Term Strategy to steer ...,https://www.kbc.co.ke/kenya-backs-uneps-new-medium-term-strategy-to-steer-global-environmental-action/,Kenya has thrown its full support behind the development and approval of a new global environmental blueprint as the 7th Session of the United Nations ...,https://www.kbc.co.ke › Blog,www_kbc_co_ke_Kenya_backs_UNEP_s_new_Medium_Term_Strategy_to_ste.txt,False,False,0,0,none,none,unclear,,,[]
Kenya,2022–2026,1,UNEP project Kenya climate change act approved policy strategy legal framework law regulation action plan after:2022-01-01 before:2026-01-01,UNEP Medium-Term Strategy,https://www.unep.org/resources/unep-medium-term-strategy,The Medium-Term Strategy (MTS) of the United Nations Environment Programme (UNEP) outlines the organization's vision for addressing the triple planetary crisis.,https://www.unep.org › resources › unep-medium-term...,www_unep_org_UNEP_Medium_Term_Strategy.txt,False,False,0,0,none,none,unclear,,,[]
Kenya,2022–2026,1,UNEP project Kenya climate change act approved policy strategy legal framework law regulation action plan after:2022-01-01 before:2026-01-01,UNDP Kenya - CPD 2022-2026,https://www.undp.org/sites/g/files/zskgke326/files/2022-11/UNDP%20Kenya%20-%20CPD%202022-2026%20-14th%20Nov%202022.pdf,"On disaster risk-informed development, UNDP will support the overall government strategy for reducing and managing climate and disaster risks and impacts.UNDP ...",https://www.undp.org › files › zskgke326 › files,www_undp_org_UNDP_Kenya_CPD_2022_2026.txt,False,False,0,0,none,none,unclear,,,[]
Kenya,2022–2026,1,UNEP project Kenya climate change act approved policy strategy legal framework law regulation action plan after:2022-01-01 before:2026-01-01,National Climate Change Action Plan (NCCAP) III 2023-2027,https://emsi.co.ke/other-publications/national-climate-change-action-plan-nccap-iii-2023-2027/,The National Climate Change Action Plan (NCCAP) III 2023 – 2027 is the third five-year plan that presents the detailed priority actions that Kenya will embark ...,https://emsi.co.ke › other-publications › national-climat...,emsi_co_ke_National_Climate_Change_Action_Plan_NCCAP_III_2023.txt,False,False,0,0,none,none,unclear,,,[]
Kenya,2022–2026,1,UNEP project Kenya climate change act approved policy strategy legal framework law regulation action plan after:2022-01-01 before:2026-01-01,Emissions Gap Report 2022,https://www.unep.org/resources/emissions-gap-report-2022,The report finds that only an urgent system-wide transformation can deliver the enormous cuts needed to limit greenhouse gas emissions by 2030: 45 per cent ...,https://www.unep.org › resources › emissions-gap-repo...,www_unep_org_Emissions_Gap_Report_2022.txt,False,False,0,0,none,none,unclear,,,[]
Kenya,2022–2026,1,UNEP project Kenya climate change act approved policy strategy legal framework law regulation action plan after:2022-01-01 before:2026-01-01,National Climate Change Action Plan-NCCAP 2018-2022 ...,https://kenyaclimatedirectory.org/resources/64f2dcc6e90e3,This National Climate Change Action Plan (NCCAP) 2018-2022 is a five-year plan to steer Kenya's climate change action.,https://kenyaclimatedirectory.org › resources,kenyaclimatedirectory_org_National_Climate_Change_Action_Plan_NCCAP_2018_202.txt,False,False,0,0,none,none,unclear,,,[]
Kenya,2022–2026,1,UNEP project Kenya climate change act approved policy strategy legal framework law regulation action plan after:2022-01-01 before:2026-01-01,United Nations Kenya Sustainable ...,https://unsdg.un.org/download/5407/74278,The UNSDCF (or “Cooperation Framework”) is “the most important instrument for planning and implementa- tion of the UN development activities at country level in ...,https://unsdg.un.org › download,unsdg_un_org_United_Nations_Kenya_Sustainable_.txt,False,False,0,0,none,none,unclear,,,[]
Kenya,2022–2026,1,UNEP project Kenya climate change act approved policy strategy legal framework law regulation action plan after:2022-01-01 before:2026-01-01,Kenya's Adaptation Communication to the United Nations ...,https://unfccc.int/sites/default/files/2025-12/Kenya%27s%20Adcom%20Report%20v6-Jan%202025.pdf,"The policy and legal framework for adaptation includes three National Climate Change Action Plans. (2013-2017, 2018-2022, 2023-2027), NAP (2015-2030), and.",https://unfccc.int › sites › default › files › Kenya'...,unfccc_int_Kenya_s_Adaptation_Communication_to_the_United_Nat.txt,False,False,0,0,none,none,unclear,,,[]
Kenya,2022–2026,1,UNEP project Kenya climate change act approved policy strategy legal framework law regulation action plan after:2022-01-01 before:2026-01-01,Kenya's National Climate Change Action Plan 2018-2022,https://www.kenyaclimatedirectory.org/resources/65166a6827794,Abstract: The National Climate Change Action Plan (NCCAP) 2018-2022 aims to further Kenya's development goals by providing mechanisms and measures to ...,https://www.kenyaclimatedirectory.org › resources,www_kenyaclimatedirectory_org_Kenya_s_National_Climate_Change_Action_Plan_2018_2.txt,False,False,0,0,none,none,unclear,,,[]
Kenya,2022–2026,1,UNEP project Kenya climate change act approved policy strategy legal framework law regulation action plan after:2022-01-01 before:2026-01-01,Strategies for Mainstreaming Climate Action in Ministries of ...,https://www.financeministersforclimate.org/sites/default/files/inline-files/Strategies%20for%20Mainstreaming%20Climate%20Action%20in%20Ministries%20of%20Finance.pdf,"Considering that climate change is elevating tangible costs, impacting fiscal positions, and heightening financial risks, action is needed to move towards low- ...",https://www.financeministersforclimate.org › files,www_financeministersforclimate_org_Strategies_for_Mainstreaming_Climate_Action_in_Min.txt,False,False,0,0,none,none,unclear,,,[]
Kenya,2022–2026,1,UNEP project Kenya climate change act approved policy strategy legal framework law regulation action plan after:2022-01-01 before:2026-01-01,Let the courts decide? The Potential and Limitations of ...,https://www.idea.int/publications/catalogue/html/let-courts-decide-potential-and-limitations-climate-litigation,Long-term legal frameworks are particularly important for holding successive governments accountable for a state's climate obligations. In democratic systems ...,https://www.idea.int › publications › catalogue › html › l...,www_idea_int_Let_the_courts_decide_The_Potential_and_Limitation.txt,False,False,0,0,none,none,unclear,,,[]
Kenya,2022–2026,1,UNEP project Kenya climate change act approved policy strategy legal framework law regulation action plan after:2022-01-01 before:2026-01-01,Kenya's Climate Action Initiatives: Multi-Sectoral ...,https://koreascience.kr/article/JAKO202529636050529.page,"Kenya's REDD+ strategy is anchored in national policy frameworks such as the National Climate Change Action Plan (NCCAP), the Forest Conservation and ...",https://koreascience.kr › article › JAKO202529636050529,koreascience_kr_Kenya_s_Climate_Action_Initiatives_Multi_Sectoral_.txt,False,False,0,0,none,none,unclear,,,[]
Kenya,2022–2026,1,UNEP project Kenya climate change act approved policy strategy legal framework law regulation action plan after:2022-01-01 before:2026-01-01,Successes and Pitfalls of Global Climate Regimes in Kenya,http://ir-library.mmarau.ac.ke:8080/xmlui/bitstream/handle/123456789/17133/381-393.pdf?sequence=1&isAllowed=y,"Although the Act had strong visions, it did not thrust strongly on the mitigation and climate change mitigation strategies. National Adaptation Plan (2015-2030) ...",http://ir-library.mmarau.ac.ke › bitstream › handle,ir-library_mmarau_ac_ke:8080_Successes_and_Pitfalls_of_Global_Climate_Regimes_i.txt,,,,,,,,[SKIPPED] File not found: ir-library_mmarau_ac_ke:8080_Successes_and_Pitfalls_of_Global_Climate_Regimes_i.txt,,[]
Kenya,2022–2026,1,UNEP project Kenya climate change act approved policy strategy legal framework law regulation action plan after:2022-01-01 before:2026-01-01,Trends in Climate & Legal Action,https://www.linkedin.com/pulse/trends-climate-legal-action-robin-farrell-r3fhf,"The impetus for change is increasing, with new laws, regulations and standards on the way. The ECB Climate and Nature Plan 2024-25 focuses on 3 core areas:.",9 reactions,www_linkedin_com_Trends_in_Climate_Legal_Action.txt,False,False,0,0,none,none,unclear,,,[]
Kenya,2022–2026,1,UNEP project Kenya climate change act approved policy strategy legal framework law regulation action plan after:2022-01-01 before:2026-01-01,"National Environment Policy, 2013",https://faolex.fao.org/docs/pdf/ken147906.pdf,Chapter Nine outlines strategies and actions that will ensure effective implementation of this Policy and the Environmental Management and. Coordination Act.,https://faolex.fao.org › docs › pdf › ken147906,faolex_fao_org_National_Environment_Policy_2013.txt,False,False,0,0,none,none,unclear,,,[]
Kenya,2022–2026,1,UNEP project Kenya climate change act approved policy strategy legal framework law regulation action plan after:2022-01-01 before:2026-01-01,An Inventory of Nature-based Solutions (NbS) in Kenya,https://gca.org/wp-content/uploads/2025/05/26.05.2025.GCA-Kenya-NbS-Compendium-Reco_FINAL.pdf,Figure 26 – Policy and regulatory framework for climate-resilient urban planning in Kenya ... 2021 Climate Change Act and 2023–2027 Action Plan. The ...,https://gca.org › wp-content › uploads › 2025/05,gca_org_An_Inventory_of_Nature_based_Solutions_NbS_in_Keny.txt,False,False,0,0,none,none,unclear,,,[]
Kenya,2022–2026,1,UNEP project Kenya climate change act approved policy strategy legal framework law regulation action plan after:2022-01-01 before:2026-01-01,Fact Sheet 1: Climate change adaptation strategies,https://www.mrcmekong.org/wp-content/uploads/2024/08/Fact-sheets-of-intl-experiences-on-the-formulation-implementation-of-t.pdf,"Strategy and action plans are mentioned in the ASEAN policy documentation, but not specific climate impact or adaptation research projects. However ...",https://www.mrcmekong.org › uploads › 2024/08,www_mrcmekong_org_Fact_Sheet_1_Climate_change_adaptation_strategies.txt,False,False,0,0,none,none,unclear,,,[]
Kenya,2022–2026,1,UNEP project Kenya climate change act approved policy strategy legal framework law regulation action plan after:2022-01-01 before:2026-01-01,Emissions Gap Report 2023: Broken Record,https://www.unep.org/interactives/emissions-gap-report/2023/,"... Framework on Climate Change (COP 28) . It provides an annual, independent science-based assessment of the gap between the pledged greenhouse gas (GHG) ...",https://www.unep.org › interactives › emissions-gap-rep...,www_unep_org_Emissions_Gap_Report_2023_Broken_Record.txt,False,False,0,0,none,none,unclear,,,[]
Kenya,2022–2026,1,UNEP project Kenya climate change act approved policy strategy legal framework law regulation action plan after:2022-01-01 before:2026-01-01,Legal Framework and Policy Design,https://aqmx.org/content/legal-framework-and-policy-design,Assess where you are in legal framework and policy to determine which stage you are in and identify the key activities you need to undertake as an air ...,https://aqmx.org › content › legal-framework-and-polic...,aqmx_org_Legal_Framework_and_Policy_Design.txt,False,False,0,0,none,none,unclear,,,[]
Kenya,2022–2026,2,UNEP initiative Kenya national adaptation plan passed policy strategy legal framework law regulation action plan after:2022-01-01 before:2026-01-01,Review of the Implementation of Kenya's National ...,https://napglobalnetwork.org/wp-content/uploads/2023/01/napgn-en-2023-review-implementation-kenya-agriculture-national-adaptation-plan-2015-2030.pdf,"Policies, plans strategies, and legal frameworks. Contribution to NAP 2015 implementation. General national policies, plans, and strategies. Kenya Vision 2030.",https://napglobalnetwork.org › uploads › 2023/01,napglobalnetwork_org_Review_of_the_Implementation_of_Kenya_s_National_.txt,False,False,0,0,none,none,unclear,,,[]
Kenya,2022–2026,2,UNEP initiative Kenya national adaptation plan passed policy strategy legal framework law regulation action plan after:2022-01-01 before:2026-01-01,Kenya launched the National Climate Change Action Plan ...,https://www.facebook.com/EnvironmentClimateChangeForestryKenya/posts/kenya-launched-the-national-climate-change-action-plan-iii-nccap-2023-2027-as-an/847621324213063/,"The new NDCs, set to begin post-Vision 2030, prioritize mitigation and adaptation actions in line with Kenya's draft Long-Term Low Emissions Strategy (2022-2050) ...",10+ reactions,www_facebook_com_Kenya_launched_the_National_Climate_Change_Action_.txt,False,False,0,0,none,none,unclear,,,[]
Kenya,2022–2026,2,UNEP initiative Kenya national adaptation plan passed policy strategy legal framework law regulation action plan after:2022-01-01 before:2026-01-01,Adapting to a New Climate,https://www.unepfi.org/wordpress/wp-content/uploads/2022/11/Adapting-to-a-New-Climate.pdf,National Adaptation Plans that include adequate target setting and concrete action plans ... strategy and is currently updating its National Adaptation Plan (NAP) ...,https://www.unepfi.org › uploads › 2022/11 › A...,www_unepfi_org_Adapting_to_a_New_Climate.txt,False,False,0,0,none,none,unclear,,,[]
Kenya,2022–2026,2,UNEP initiative Kenya national adaptation plan passed policy strategy legal framework law regulation action plan after:2022-01-01 before:2026-01-01,Mainstreaming Climate Action into National Development ...,https://ndcpartnership.org/sites/default/files/2023-12/ndcpresource-briefmainstreaming-climate-development-planning2022.pdf,The process resulted in the Kenyan National. Climate Change Action Plan (NCCAP) and included specific mitigation and adaptation challenges to be incorporated ...,https://ndcpartnership.org › sites › default › files,ndcpartnership_org_Mainstreaming_Climate_Action_into_National_Develop.txt,False,False,0,0,none,none,unclear,,,[]
Kenya,2022–2026,2,UNEP initiative Kenya national adaptation plan passed policy strategy legal framework law regulation action plan after:2022-01-01 before:2026-01-01,KENYA'S OPEN GOVERNMENT PARTNERSHIP (OGP),https://www.opengovpartnership.org/wp-content/uploads/2024/01/Kenya_Action-Plan_2023-2027_December.pdf,"Now, with the launch of National Action Plan V for Kenya within the OGP framework, we seize the opportunity to align our efforts with the new 5-year strategy of ...",https://www.opengovpartnership.org › 2024/01,www_opengovpartnership_org_KENYA_S_OPEN_GOVERNMENT_PARTNERSHIP_OGP_.txt,False,False,0,0,none,none,unclear,,,[]
Kenya,2022–2026,2,UNEP initiative Kenya national adaptation plan passed policy strategy legal framework law regulation action plan after:2022-01-01 before:2026-01-01,KENYA'S THIRD NATIONAL COMMUNICATION (NC3),https://unfccc.int/sites/default/files/resource/MoECCF%20Kenya%20National%20Communication.pdf,"... National Adaptation. Plan, 2015). 3.2.3. Legal and Policy Frameworks, Strategies and Plans. Kenya has a strong history of climate change governance beginning.",https://unfccc.int › sites › default › files › resource,unfccc_int_KENYA_S_THIRD_NATIONAL_COMMUNICATION_NC3_.txt,False,False,0,0,none,none,unclear,,,[]
Kenya,2022–2026,2,UNEP initiative Kenya national adaptation plan passed policy strategy legal framework law regulation action plan after:2022-01-01 before:2026-01-01,Managing the challenges of climate change mitigation and ...,https://www.sciencedirect.com/science/article/pii/S2405844023026981,"Mitigation, adaptation strategies and national policy initiatives ... National Adaptation Policy Framework, a crucial tool for enhancing the emphasis on adaption.",https://www.sciencedirect.com › science › article › pii,www_sciencedirect_com_Managing_the_challenges_of_climate_change_mitigati.txt,False,False,0,0,none,none,unclear,,,[]
Kenya,2022–2026,2,UNEP initiative Kenya national adaptation plan passed policy strategy legal framework law regulation action plan after:2022-01-01 before:2026-01-01,Kenya-NCCAP-2023-2027-1.pdf,https://emsi.co.ke/wp-content/uploads/2024/08/Kenya-NCCAP-2023-2027-1.pdf,"The NCCAP 2023–2027 is therefore Kenya's third National Climate Change Action Plan, demonstrating the nation's ongoing dedication to strategic and progressive ...",https://emsi.co.ke › uploads › 2024/08 › Kenya-...,emsi_co_ke_Kenya_NCCAP_2023_2027_1_pdf.txt,False,False,0,0,none,none,unclear,,,[]
Kenya,2022–2026,2,UNEP initiative Kenya national adaptation plan passed policy strategy legal framework law regulation action plan after:2022-01-01 before:2026-01-01,Enabling Adaptation - Environmental Change Institute,https://www.eci.ox.ac.uk/sites/default/files/2025-01/UNEP%20Enabling%20Adaptation%20Report%20%282025%29.pdf,This report was commissioned and developed with the kind support of the United Na- tions Environment Programme and the Green Fiscal Policy Network through ...,https://www.eci.ox.ac.uk › sites › default › files,www_eci_ox_ac_uk_Enabling_Adaptation_Environmental_Change_Institute.txt,False,False,0,0,none,none,unclear,,,[]
Kenya,2022–2026,2,UNEP initiative Kenya national adaptation plan passed policy strategy legal framework law regulation action plan after:2022-01-01 before:2026-01-01,Summary report 14–18 July 2025 - Earth Negotiations Bulletin,https://enb.iisd.org/african-ministerial-conference-environment-amcen-20-summary,"UNEP-supported work on integrating the environmental dimensions of antimicrobial resistance into African national strategies, policies, and planning frameworks; ...",https://enb.iisd.org › african-ministerial-conference-env...,enb_iisd_org_Summary_report_14_18_July_2025_Earth_Negotiations_.txt,False,False,0,0,none,none,unclear,,,[]
Kenya,2022–2026,2,UNEP initiative Kenya national adaptation plan passed policy strategy legal framework law regulation action plan after:2022-01-01 before:2026-01-01,Kenya-NCCAP-2023-2027-1.pdf,https://emsi.co.ke/wp-content/uploads/2024/08/Kenya-NCCAP-2023-2027-1.pdf,"The NCCAP 2023–2027 is therefore Kenya's third National Climate Change Action Plan, demonstrating the nation's ongoing dedication to strategic and progressive ...",https://emsi.co.ke › uploads › 2024/08 › Kenya-...,emsi_co_ke_Kenya_NCCAP_2023_2027_1_pdf.txt,False,False,0,0,none,none,unclear,,,[]
Kenya,2022–2026,2,UNEP initiative Kenya national adaptation plan passed policy strategy legal framework law regulation action plan after:2022-01-01 before:2026-01-01,Summary report 14–18 July 2025 - Earth Negotiations Bulletin,https://enb.iisd.org/african-ministerial-conference-environment-amcen-20-summary,"UNEP-supported work on integrating the environmental dimensions of antimicrobial resistance into African national strategies, policies, and planning frameworks; ...",https://enb.iisd.org › african-ministerial-conference-env...,enb_iisd_org_Summary_report_14_18_July_2025_Earth_Negotiations_.txt,False,False,0,0,none,none,unclear,,,[]
Kenya,2022–2026,2,UNEP initiative Kenya national adaptation plan passed policy strategy legal framework law regulation action plan after:2022-01-01 before:2026-01-01,Adapting to a New Climate in the MENA Region,https://www.uncclearn.org/wp-content/uploads/library/Adapting-to-a-new-climate-MENA.pdf,"Implementing the plan will require considerable investment, estimated at about US$ 50 billion for mitigation programs and another US$ 35 billion for adaptation ...",https://www.uncclearn.org › uploads › library,www_uncclearn_org_Adapting_to_a_New_Climate_in_the_MENA_Region.txt,False,False,0,0,none,none,unclear,,,[]
Kenya,2022–2026,2,UNEP initiative Kenya national adaptation plan passed policy strategy legal framework law regulation action plan after:2022-01-01 before:2026-01-01,Climate Litigation in the Global South: Mapping Report,https://scholarship.law.columbia.edu/context/sabin_climate_change/article/1231/viewcontent/Climate_Litigation_in_the_Global_South_Mapping_JUN24_FINAL___TIffany_Campiz_Challe.pdf,"This could involve legal challenges against climate policies, regulations, or initiatives to reduce emissions, adapt to climate impacts, or address loss and ...",https://scholarship.law.columbia.edu › viewcontent,scholarship_law_columbia_edu_Climate_Litigation_in_the_Global_South_Mapping_Rep.txt,False,False,0,0,none,none,unclear,,,[]
Kenya,2022–2026,2,UNEP initiative Kenya national adaptation plan passed policy strategy legal framework law regulation action plan after:2022-01-01 before:2026-01-01,Climate Change and Trade in the Philippines,https://www.intracen.org/file/20250703itcclimate-philipines04webpagespdf,"The general set of policies includes formulating its 2021 NDC, its 2024 National Adaptation Plan and the development of a comprehensive climate change policy ...",https://www.intracen.org › file,www_intracen_org_Climate_Change_and_Trade_in_the_Philippines.txt,False,False,0,0,none,none,unclear,,,[]
Kenya,2022–2026,2,UNEP initiative Kenya national adaptation plan passed policy strategy legal framework law regulation action plan after:2022-01-01 before:2026-01-01,Trends in Climate & Legal Action,https://www.linkedin.com/pulse/trends-climate-legal-action-robin-farrell-r3fhf,"Committed to such principles, the DRC government created a national strategy in 2013 to implement a country-wide REDD+ framework. The DRC National REDD+ ...",9 reactions,www_linkedin_com_Trends_in_Climate_Legal_Action.txt,False,False,0,0,none,none,unclear,,,[]
Kenya,2022–2026,2,UNEP initiative Kenya national adaptation plan passed policy strategy legal framework law regulation action plan after:2022-01-01 before:2026-01-01,Effectiveness and requirements for the Global Plastics Treaty,https://researchportal.port.ac.uk/files/114389955/National_Action_Plans.pdf,"National Action Plans (NAPs) are a possible implementation measure for the Global Plastics. Treaty, through a NAP-based approach. Their effectiveness in other ...",https://researchportal.port.ac.uk › files › National...,researchportal_port_ac_uk_Effectiveness_and_requirements_for_the_Global_Plas.txt,False,False,0,0,none,none,unclear,,,[]
Kenya,2022–2026,2,UNEP initiative Kenya national adaptation plan passed policy strategy legal framework law regulation action plan after:2022-01-01 before:2026-01-01,An Inventory of Nature-based Solutions (NbS) in Kenya,https://gca.org/wp-content/uploads/2025/05/26.05.2025.GCA-Kenya-NbS-Compendium-Reco_FINAL.pdf,"Figure 26 – Policy and regulatory framework for climate-resilient urban planning in Kenya ... The successive National Climate Change Action Plans, National ...",https://gca.org › wp-content › uploads › 2025/05,gca_org_An_Inventory_of_Nature_based_Solutions_NbS_in_Keny.txt,False,False,0,0,none,none,unclear,,,[]
Kenya,2022–2026,2,UNEP initiative Kenya national adaptation plan passed policy strategy legal framework law regulation action plan after:2022-01-01 before:2026-01-01,Fact Sheet 1: Climate change adaptation strategies,https://www.mrcmekong.org/wp-content/uploads/2024/08/Fact-sheets-of-intl-experiences-on-the-formulation-implementation-of-t.pdf,"climate response strategies such as the National Adaptation Programmes of Action (NAPAs) and ... Policy, legal and institutional framework. The strategy ...",https://www.mrcmekong.org › uploads › 2024/08,www_mrcmekong_org_Fact_Sheet_1_Climate_change_adaptation_strategies.txt,False,False,0,0,none,none,unclear,No relevant information found,No relevant information found,[]
Kenya,2022–2026,2,UNEP initiative Kenya national adaptation plan passed policy strategy legal framework law regulation action plan after:2022-01-01 before:2026-01-01,SHARM EL-SHEIKH ADAPTATION AGENDA,https://www.climatechampions.net/media/paoaadee/sharm-el-sheikh-adaptation-agenda-2023-implementation-report.pdf,national policy frameworks and climate strategies are enhanced to integrate water planning that enables transformative climate outcomes in agriculture. By ...,https://www.climatechampions.net › paoaadee › s...,www_climatechampions_net_SHARM_EL_SHEIKH_ADAPTATION_AGENDA.txt,False,False,0,0,none,none,unclear,,,[]
Kenya,2022–2026,2,UNEP initiative Kenya national adaptation plan passed policy strategy legal framework law regulation action plan after:2022-01-01 before:2026-01-01,TURKMENISTAN,https://www.undp.org/sites/g/files/zskgke326/files/2025-07/icpe-turkmenistan-report.pdf,"Deepen Climate and Environmental Action. UNDP should support the operationalization of the National Adaptation Plan (NAP), expand green finance and promote ...",https://www.undp.org › icpe-turkmenistan-report,www_undp_org_TURKMENISTAN.txt,False,False,0,0,none,none,unclear,,,[]
Kenya,2022–2026,2,UNEP initiative Kenya national adaptation plan passed policy strategy legal framework law regulation action plan after:2022-01-01 before:2026-01-01,"MINISTRY OF ENVIRONMENT, CLIMATE CHANGE AND ...",https://flr.kefri.org/media_root/documents/content/docs/Final_Version_FOLAREP_20052023_.pdf,"2.1 Enabling Legal frameworks policies and strategic underpinnings for FLR ... Climate Change Response Strategy, the National Climate Change Action Plan 2018-2022.",https://flr.kefri.org › documents › content › docs,flr_kefri_org_MINISTRY_OF_ENVIRONMENT_CLIMATE_CHANGE_AND_.txt,False,False,0,0,none,none,unclear,,,[]
Kenya,2022–2026,2,UNEP initiative Kenya national adaptation plan passed policy strategy legal framework law regulation action plan after:2022-01-01 before:2026-01-01,Kenya Unveils Comprehensive Legal Framework to ...,https://ndcpartnership.org/news/kenya-unveils-comprehensive-legal-framework-accelerate-climate-action,"The NCCAP serves as the key planning document to mainstream and implement climate change actions. Kenya joined the NDC Partnership in 2017, and with Partnership ...",https://ndcpartnership.org › news › kenya-unveils-compr...,ndcpartnership_org_Kenya_Unveils_Comprehensive_Legal_Framework_to_.txt,False,False,0,0,none,none,unclear,,,[]
Kenya,2022–2026,2,UNEP initiative Kenya national adaptation plan passed policy strategy legal framework law regulation action plan after:2022-01-01 before:2026-01-01,"UNEP, annual report, 2022",https://www.unep.org/annualreport/2022,"UNEP enhanced efforts to respond to these crises and started delivering on its 2022-2025 strategy. Drawing upon the strength of its partnerships, UNEP worked ...",https://www.unep.org › annualreport,www_unep_org_UNEP_annual_report_2022.txt,False,False,0,0,none,none,unclear,No evidence found,No evidence found,[]
Kenya,2022–2026,2,UNEP initiative Kenya national adaptation plan passed policy strategy legal framework law regulation action plan after:2022-01-01 before:2026-01-01,FULLY DEVELOPED PROPOSAL FOR SINGLE COUNTRY,https://www.adaptation-fund.org/wp-content/uploads/2025/05/NEMA_Kenya_FP.pdf,Compliance with the Law: All project activities will comply with Kenya's legal framework including: • The Environmental Management and Coordination Act ...,https://www.adaptation-fund.org › 2025/05 › NE...,www_adaptation-fund_org_FULLY_DEVELOPED_PROPOSAL_FOR_SINGLE_COUNTRY.txt,False,False,0,0,none,none,none,"The document is about Rwanda, not Kenya, and does not contain explicit evidence related to Kenya's climate mitigation, adaptation, or disaster risk reduction strategy/policy/legal framework.",There is no mention of UNEP's involvement in supporting or enabling climate policy outcomes in Kenya.,[]
Kenya,2022–2026,2,UNEP initiative Kenya national adaptation plan passed policy strategy legal framework law regulation action plan after:2022-01-01 before:2026-01-01,CLIMATE CHANGE ACTION PLAN 2023 - 2027,https://www.nyeri.go.ke/wp-content/uploads/2025/12/Nyeri-County-CCAP-Report-2023-2027-4.pdf,National Legal and Policy Framework ... Kenya's National Adaptation Plan 2015-2030 (NAP) was submitted to the UNFCCC in 2017. The NAP pro- vides a climate ...,https://www.nyeri.go.ke › uploads › 2025/12 › N...,www_nyeri_go_ke_CLIMATE_CHANGE_ACTION_PLAN_2023_2027.txt,False,False,0,0,none,none,unclear,,,[]
Kenya,2022–2026,2,UNEP initiative Kenya national adaptation plan passed policy strategy legal framework law regulation action plan after:2022-01-01 before:2026-01-01,Review of the Implementation of Kenya's National ...,https://www.kenyaclimatedirectory.org/resources/651ab8a0f0d33,The enabling environment has been improved with the passing of legislation and the approval of policies and plans at the national and country levels. This ...,https://www.kenyaclimatedirectory.org › resources,www_kenyaclimatedirectory_org_Review_of_the_Implementation_of_Kenya_s_National_.txt,False,False,0,0,none,none,unclear,,,[]
Kenya,2022–2026,2,UNEP initiative Kenya national adaptation plan passed policy strategy legal framework law regulation action plan after:2022-01-01 before:2026-01-01,The Power of Policy,https://www.nature.org/content/dam/tnc/nature/en/documents/0/9/092925_ThePowerofPolicy_FINAL.pdf,Change Framework Law11 formally defines and incorporates NbS into national adaptation and mitigation plans. Chile's. Nationally Determined Contribution12 ...,https://www.nature.org › tnc › nature › documents,www_nature_org_The_Power_of_Policy.txt,False,False,0,0,none,none,unclear,,,[]
Kenya,2022–2026,2,UNEP initiative Kenya national adaptation plan passed policy strategy legal framework law regulation action plan after:2022-01-01 before:2026-01-01,Integrated fire management as an adaptation and ...,https://www.nature.com/articles/s43247-025-02165-9,The widespread implementation of IFM at regional and national scales depends critically on step 2 of the Roadmap 'Develop a policy and legal framework'.,https://www.nature.com › ... › perspectives,www_nature_com_Integrated_fire_management_as_an_adaptation_and_.txt,False,False,0,0,none,none,unclear,,,[]
Kenya,2022–2026,2,UNEP initiative Kenya national adaptation plan passed policy strategy legal framework law regulation action plan after:2022-01-01 before:2026-01-01,Climate Adaptation Investment Framework,https://www.oecd.org/content/dam/oecd/en/publications/reports/2024/11/climate-adaptation-investment-framework_30362f60/8686fc27-en.pdf,"The Climate Adaptation Investment Framework aims to enable a pragmatic diagnosis of the policy gaps and opportunities for increasing investment in adaptation, ...",https://www.oecd.org › oecd › reports › 2024/11,www_oecd_org_Climate_Adaptation_Investment_Framework.txt,False,False,0,0,none,none,unclear,,,[]
Kenya,2022–2026,2,UNEP initiative Kenya national adaptation plan passed policy strategy legal framework law regulation action plan after:2022-01-01 before:2026-01-01,The Director of UNEP's Regional Office for Africa met today ...,https://www.instagram.com/p/DJoqjCeqs0G/,Kenya highlighted significant progress in aligning its National Biodiversity Strategy and Action Plan (NBSAP) with the Kunming–Montreal Global Biodiversity ...,20+ likes,www_instagram_com_The_Director_of_UNEP_s_Regional_Office_for_Africa_.txt,False,False,0,0,none,none,unclear,"The document does not contain explicit evidence related to climate mitigation, adaptation, or disaster risk reduction strategies/policies/legal frameworks for Kenya in 2022-2026.",There is no explicit link between UNEP and any climate-related policy or strategy in Kenya for 2022-2026.,[]
Kenya,2022–2026,2,UNEP initiative Kenya national adaptation plan passed policy strategy legal framework law regulation action plan after:2022-01-01 before:2026-01-01,"MINISTRY OF ENVIRONMENT, CLIMATE CHANGE AND ...",https://flr.kefri.org/media_root/documents/content/docs/Final_Version_FOLAREP_20052023_.pdf,"2.1 Enabling Legal frameworks policies and strategic underpinnings for FLR ... Climate Change Response Strategy, the National Climate Change Action Plan 2018-2022.",https://flr.kefri.org › documents › content › docs,flr_kefri_org_MINISTRY_OF_ENVIRONMENT_CLIMATE_CHANGE_AND_.txt,False,False,0,0,none,none,unclear,,,[]
Kenya,2022–2026,2,UNEP initiative Kenya national adaptation plan passed policy strategy legal framework law regulation action plan after:2022-01-01 before:2026-01-01,State of Transition in Sovereigns 2024:,https://www.transitionpathwayinitiative.org/publications/uploads/2024-state-of-transition-in-sovereigns-2024-tracking-national-climate-action-for-investors-report.pdf,Climate framework laws embed climate action into national policy by establishing a long-term strategic direction and setting legal obligations. Such laws ...,https://www.transitionpathwayinitiative.org › 202...,www_transitionpathwayinitiative_org_State_of_Transition_in_Sovereigns_2024_.txt,False,False,0,0,none,none,unclear,,,[]
Kenya,2022–2026,2,UNEP initiative Kenya national adaptation plan passed policy strategy legal framework law regulation action plan after:2022-01-01 before:2026-01-01,How to Make the Management of Public Finances Climate ...,https://www.elibrary.imf.org/view/journals/061/2022/006/article-A001-en.xml,The strategic planning and fiscal framework stage is an opportunity for governments to define and describe the climate targets and objectives for the country ...,https://www.elibrary.imf.org › journals › article-A001-en,www_elibrary_imf_org_How_to_Make_the_Management_of_Public_Finances_Clim.txt,False,False,0,0,none,none,unclear,,,[]
Kenya,2022–2026,2,UNEP initiative Kenya national adaptation plan passed policy strategy legal framework law regulation action plan after:2022-01-01 before:2026-01-01,FULLY DEVELOPED PROPOSAL FOR SINGLE COUNTRY,https://www.adaptation-fund.org/wp-content/uploads/2025/05/NEMA_Kenya_FP.pdf,Compliance with the Law: All project activities will comply with Kenya's legal framework including: • The Environmental Management and Coordination Act ...,https://www.adaptation-fund.org › 2025/05 › NE...,www_adaptation-fund_org_FULLY_DEVELOPED_PROPOSAL_FOR_SINGLE_COUNTRY.txt,False,False,0,0,none,none,none,"The document is about Rwanda, not Kenya, and does not contain explicit evidence related to Kenya's climate mitigation, adaptation, or disaster risk reduction strategy/policy/legal framework.",There is no mention of UNEP in relation to Kenya's climate policy or actions.,[]
Kenya,2022–2026,2,UNEP initiative Kenya national adaptation plan passed policy strategy legal framework law regulation action plan after:2022-01-01 before:2026-01-01,CLIMATE CHANGE ACTION PLAN 2023 - 2027,https://www.nyeri.go.ke/wp-content/uploads/2025/12/Nyeri-County-CCAP-Report-2023-2027-4.pdf,National Legal and Policy Framework ... Kenya's National Adaptation Plan 2015-2030 (NAP) was submitted to the UNFCCC in 2017. The NAP pro- vides a climate ...,https://www.nyeri.go.ke › uploads › 2025/12 › N...,www_nyeri_go_ke_CLIMATE_CHANGE_ACTION_PLAN_2023_2027.txt,False,False,0,0,none,none,unclear,,,[]
Kenya,2022–2026,2,UNEP initiative Kenya national adaptation plan passed policy strategy legal framework law regulation action plan after:2022-01-01 before:2026-01-01,"EU in Kenya on Instagram: ""2025 Highlights #3 A look back at ...",https://www.instagram.com/reel/DSxY6kRCUid/,Kenya highlighted significant progress in aligning its National Biodiversity Strategy and Action Plan ... framework is designed to align national climate action ...,9 likes · 4 months ago,www_instagram_com_EU_in_Kenya_on_Instagram_2025_Highlights_3_A_look_.txt,False,False,0,0,none,none,unclear,,,[]
Kenya,2022–2026,2,UNEP initiative Kenya national adaptation plan passed policy strategy legal framework law regulation action plan after:2022-01-01 before:2026-01-01,"UNEP, annual report, 2022",https://www.unep.org/annualreport/2022,"UNEP enhanced efforts to respond to these crises and started delivering on its 2022-2025 strategy. Drawing upon the strength of its partnerships, UNEP worked ...",https://www.unep.org › annualreport,www_unep_org_UNEP_annual_report_2022.txt,False,False,0,0,none,none,unclear,,,[]
Kenya,2022–2026,2,UNEP initiative Kenya national adaptation plan passed policy strategy legal framework law regulation action plan after:2022-01-01 before:2026-01-01,Review of the Implementation of Kenya's National ...,https://www.kenyaclimatedirectory.org/resources/651ab8a0f0d33,The enabling environment has been improved with the passing of legislation and the approval of policies and plans at the national and country levels. This ...,https://www.kenyaclimatedirectory.org › resources,www_kenyaclimatedirectory_org_Review_of_the_Implementation_of_Kenya_s_National_.txt,False,False,0,0,none,none,unclear,,,[]
Kenya,2022–2026,2,UNEP initiative Kenya national adaptation plan passed policy strategy legal framework law regulation action plan after:2022-01-01 before:2026-01-01,Mitigating the Effects of Climate Change in Kenya,https://erepository.uonbi.ac.ke/bitstreams/0b4528df-f73b-48d3-92b2-ee00073b894b/download,"Kenya's commitment to addressing climate change is demonstrated by the ""Climate. Change Act (Number 11 of 2016).""In order to include adaptation and mitigation ...",https://erepository.uonbi.ac.ke › download,erepository_uonbi_ac_ke_Mitigating_the_Effects_of_Climate_Change_in_Kenya.txt,False,False,0,0,none,none,unclear,,,[]
Lebanon,2018–2022,1,in partnership with UNEP Lebanon adaptation policy launched policy strategy legal framework law regulation action plan after:2018-01-01 before:2022-01-01,Promoting Sustainable Finance and Climate ...,https://www.unepfi.org/wordpress/wp-content/uploads/2021/01/Sustainable-Arab-Finance-Report-Jan-2021.pdf,"It provides an overview of the current practices of climate finance in each country, investigates the institutional framework and looks at whether the national ...",https://www.unepfi.org › uploads › 2021/01 › S...,www_unepfi_org_Promoting_Sustainable_Finance_and_Climate_.txt,False,False,0,0,none,none,unclear,,,[]
Lebanon,2018–2022,1,in partnership with UNEP Lebanon adaptation policy launched policy strategy legal framework law regulation action plan after:2018-01-01 before:2022-01-01,State of the Environment and Development in ...,https://planbleu.org/wp-content/uploads/2020/11/SoED-Full-Report.pdf,"The UNEP/MAP-Barcelona Convention system continues to offer the enabling legal and implementation framework to enact the required changes. In fact, much remains ...",https://planbleu.org › 2020/11 › SoED-Full-Report,planbleu_org_State_of_the_Environment_and_Development_in_.txt,False,False,0,0,none,none,unclear,,,[]
Lebanon,2018–2022,1,in partnership with UNEP Lebanon adaptation policy launched policy strategy legal framework law regulation action plan after:2018-01-01 before:2022-01-01,Understanding-and-Increasing-Finance-for- ...,https://climatepolicyinitiative.org/wp-content/uploads/2018/12/Understanding-and-Increasing-Finance-for-Climate-Adaptation-in-Developing-Countries-1.pdf,"About CPI. With deep expertise in policy and finance, CPI works to improve the most important energy and land use practices around the world.",https://climatepolicyinitiative.org › 2018/12 › Un...,climatepolicyinitiative_org_Understanding_and_Increasing_Finance_for_.txt,False,False,0,0,none,none,global,"The document does not contain explicit evidence related to Lebanon's climate change mitigation, adaptation, or disaster risk reduction strategy/policy/legal framework for the time window 2018-2022.",There is no explicit link between UNEP and any climate policy or legal framework in Lebanon for the specified time period.,"[""The document is a general report on climate adaptation finance in developing countries and does not specifically mention Lebanon or any specific climate policy or legal framework.""]"
Lebanon,2018–2022,1,in partnership with UNEP Lebanon adaptation policy launched policy strategy legal framework law regulation action plan after:2018-01-01 before:2022-01-01,Climate Change Adaptation in the Arab States,https://www.undp.org/sites/g/files/zskgke326/files/publications/Arab-States-CCA.pdf,"The Arab Framework Action Plan on Climate Change (AFAP-. CC; 2010-2020) is a strategic regional climate policy frame- work developed by the LAS CAMRE, in ...",https://www.undp.org › files › files › publications,www_undp_org_Climate_Change_Adaptation_in_the_Arab_States.txt,False,False,0,0,none,none,unclear,,,[]
Lebanon,2018–2022,1,in partnership with UNEP Lebanon adaptation policy launched policy strategy legal framework law regulation action plan after:2018-01-01 before:2022-01-01,Adapt-or-Trapped-The-Urgent-Need-of-Climate-Change ...,https://www.thinktriangle.net/wp-content/uploads/2021/08/Adapt-or-Trapped-The-Urgent-Need-of-Climate-Change-Adaptation-in-Lebanon.pdf,This approach encourages policymakers to equip society with the tools needed to ameliorate the negative impacts of climate change. Climate adaptation differs ...,https://www.thinktriangle.net › uploads › 2021/08,www_thinktriangle_net_Adapt_or_Trapped_The_Urgent_Need_of_Climate_Change.txt,False,False,0,0,none,none,unclear,,,[]
Lebanon,2018–2022,1,in partnership with UNEP Lebanon adaptation policy launched policy strategy legal framework law regulation action plan after:2018-01-01 before:2022-01-01,Council for Development Republic of Lebanon National ...,https://www.urbanagendaplatform.org/sites/default/files/2022-04/NUA%20Draft%20Report.pdf,UN agencies have established response plans and supported the Lebanese. Government in developing the Lebanon Crisis Response Plan 2015-16 (LCRP) that aims to ...,https://www.urbanagendaplatform.org › sites › files,www_urbanagendaplatform_org_Council_for_Development_Republic_of_Lebanon_Nation.txt,False,False,0,0,none,none,unclear,,,[]
Lebanon,2018–2022,1,in partnership with UNEP Lebanon adaptation policy launched policy strategy legal framework law regulation action plan after:2018-01-01 before:2022-01-01,Sustainable Development Goal 6 Synthesis Report on ...,https://www.unwater.org/sites/default/files/app/uploads/2018/12/SDG6_SynthesisReport2018_WaterandSanitation_04122018.pdf,"What this report makes clear is that we must tackle weak funding, planning, capacity and governance of water and sanitation services as a top priority. New ...",https://www.unwater.org › uploads › 2018/12,www_unwater_org_Sustainable_Development_Goal_6_Synthesis_Report_on.txt,False,False,0,0,none,none,unclear,,,[]
Lebanon,2018–2022,1,in partnership with UNEP Lebanon adaptation policy launched policy strategy legal framework law regulation action plan after:2018-01-01 before:2022-01-01,implications for NDC accounting and transparency,https://www.ebrd.com/content/dam/ebrd_dxp/assets/pdfs/green/knowledge-hub/Implications%20for%20NDC%20accounting%20and%20transparency.pdf,"Rules on ensuring transparency and accounting are fundamental in tracking climate action, setting future targets, and mobilising international climate finance ...",https://www.ebrd.com › green › knowledge-hub,www_ebrd_com_implications_for_NDC_accounting_and_transparency.txt,False,False,0,0,none,none,unclear,,,[]
Lebanon,2018–2022,1,in partnership with UNEP Lebanon adaptation policy launched policy strategy legal framework law regulation action plan after:2018-01-01 before:2022-01-01,IUCN Regional Office for West Asia,https://www.facebook.com/IUCNROWA/posts/iucns-regional-office-for-west-asia-in-collaboration-with-the-ministry-of-enviro/1637947296389198/,IUCN's Regional Office for West Asia in collaboration with the Ministry of Environment in Lebanon are organizing a training workshop on “Bioland Clearing...,10+ reactions,www_facebook_com_IUCN_Regional_Office_for_West_Asia.txt,False,False,0,0,none,none,unclear,,,[]
Lebanon,2018–2022,1,in partnership with UNEP Lebanon adaptation policy launched policy strategy legal framework law regulation action plan after:2018-01-01 before:2022-01-01,Sustainable Blue Tourism,https://www.iddri.org/sites/default/files/PDF/Publications/Hors%20catalogue%20Iddri/20190620_BLUE%20TOURISM%20STUDY_EN.pdf,"Authors. Jérémie Fosse (coordinator), Debora Tonazzini. (lead researcher), Eloïse Morales , Alejandro. González, Salvador Klarwein, Karine Moukaddem,.",https://www.iddri.org › files › PDF › Publications,www_iddri_org_Sustainable_Blue_Tourism.txt,False,False,0,0,none,none,unclear,,,[]
Lebanon,2018–2022,1,in partnership with UNEP Lebanon adaptation policy launched policy strategy legal framework law regulation action plan after:2018-01-01 before:2022-01-01,Climate Change in South Asia: Further Need for Mitigation ...,https://www.elibrary.imf.org/view/journals/001/2021/217/article-A001-en.xml,"This paper provides an overview of the region's vulnerabilities, national committments to mitigate emissions, and national policies to adapt to a changing ...",https://www.elibrary.imf.org › journals › article-A001-en,www_elibrary_imf_org_Climate_Change_in_South_Asia_Further_Need_for_Miti.txt,False,False,0,0,none,none,unclear,,,[]
Lebanon,2018–2022,1,in partnership with UNEP Lebanon adaptation policy launched policy strategy legal framework law regulation action plan after:2018-01-01 before:2022-01-01,Adaptation Gap Report 2020,https://unepccc.org/wp-content/uploads/2021/01/adaptation-gap-report-2020.pdf,"initial adaptation plan, policy, strategy or law. In addition to national plans, 58 per cent of countries (57 per cent of LDCs, 55 per cent of SIDS) have ...",https://unepccc.org › uploads › 2021/01 › adapta...,unepccc_org_Adaptation_Gap_Report_2020.txt,False,False,0,0,none,none,unclear,,,[]
Lebanon,2018–2022,1,in partnership with UNEP Lebanon adaptation policy launched policy strategy legal framework law regulation action plan after:2018-01-01 before:2022-01-01,17969VClist20180314.csv - SDGs - the United Nations,https://sdgs.un.org/sites/default/files/documents/17969VClist20180314.csv,"... the marine ecosystem and possible socio-economic consequences ,Jun-17,Climate mitigation strategy by the end of 2017 (whole of government approach) ,",https://sdgs.un.org › sites › default › files › documents,sdgs_un_org_17969VClist20180314_csv_SDGs_the_United_Nations.txt,False,False,0,0,none,none,unclear,,,[]
Lebanon,2018–2022,1,in partnership with UNEP Lebanon adaptation policy launched policy strategy legal framework law regulation action plan after:2018-01-01 before:2022-01-01,German Sustainable Development Strategy,https://www.bundesregierung.de/resource/blob/974430/1940716/1c63c8739d10011eb116fda1aecb61ca/german-sustainable-development-strategy-en-data.pdf,"If we are to achieve the targets of the German Sustainable. Development Strategy and the goals of the 2030 Agenda for. Sustainable Development, we must embark ...",https://www.bundesregierung.de › resource › blob,www_bundesregierung_de_German_Sustainable_Development_Strategy.txt,False,False,0,0,none,none,unclear,,,[]
Lebanon,2018–2022,1,in partnership with UNEP Lebanon adaptation policy launched policy strategy legal framework law regulation action plan after:2018-01-01 before:2022-01-01,An Overview of Green Reforms in Country Procurement Systems,https://documents1.worldbank.org/curated/en/157141636056129273/pdf/Green-Public-Procurement-An-Overview-of-Green-Reforms-in-Country-Procurement-Systems.pdf,"The goal of the guidelines is “to create a policy framework that legitimizes the SPP actions and, in turn, informs the market of the objectives and priority ...",https://documents1.worldbank.org › curated › pdf,documents1_worldbank_org_An_Overview_of_Green_Reforms_in_Country_Procuremen.txt,False,False,0,0,none,none,unclear,,,[]
Lebanon,2018–2022,1,in partnership with UNEP Lebanon adaptation policy launched policy strategy legal framework law regulation action plan after:2018-01-01 before:2022-01-01,Advancing towards gender mainstreaming in ...,https://gwpo-gwp.org/wp-content/uploads/2026/04/advancing-towards-gender-maintreaming-in-wrm-report.pdf,"This Action Plan also covers water supply and sewerage, and will in turn be adjusted in the future based on the legislation for gender issues. In South Africa, ...",https://gwpo-gwp.org › uploads › 2026/04 › adv...,gwpo-gwp_org_Advancing_towards_gender_mainstreaming_in_.txt,False,False,0,0,none,none,unclear,,,[]
Lebanon,2018–2022,1,in partnership with UNEP Lebanon adaptation policy launched policy strategy legal framework law regulation action plan after:2018-01-01 before:2022-01-01,Education for Sustainable Development Goals: learning ...,https://unesdoc.unesco.org/ark:/48223/pf0000247444,” The Education 2030 Framework for Action provides guidance for the implementation of this ambitious goal and commitments. CLD 815.18Education for ...,https://unesdoc.unesco.org › ark:,unesdoc_unesco_org_Education_for_Sustainable_Development_Goals_learni.txt,False,False,0,0,none,none,unclear,"The document is not related to climate policy or Lebanon, and does not contain any relevant information.",There is no mention of UNEP or any climate-related activities in the document.,[]
Lebanon,2018–2022,1,in partnership with UNEP Lebanon adaptation policy launched policy strategy legal framework law regulation action plan after:2018-01-01 before:2022-01-01,Climate Change and Environment,https://www.aub.edu.lb/ifi/Pages/climate-change-and-environment.aspx,"The program's strategic objective is to generate, and influence policy related to climate change and environmental issues in Lebanon and the Middle East and ...",https://www.aub.edu.lb › ifi › Pages › climate-change-a...,www_aub_edu_lb_Climate_Change_and_Environment.txt,False,False,0,0,none,none,unclear,,,[]
Lebanon,2018–2022,1,in partnership with UNEP Lebanon adaptation policy launched policy strategy legal framework law regulation action plan after:2018-01-01 before:2022-01-01,First Global Report,https://environmentalmigration.iom.int/sites/g/files/tmzbdl1411/files/documents/2023-11/environmental_rule_of_law.pdf,"This new report on the Environmental. Rule of Law will help us improve compliance with environmental law, which is essential to ensuring protection of ...",https://environmentalmigration.iom.int › files › e...,environmentalmigration_iom_int_First_Global_Report.txt,False,False,0,0,none,none,unclear,,,[]
Lebanon,2018–2022,1,in partnership with UNEP Lebanon adaptation policy launched policy strategy legal framework law regulation action plan after:2018-01-01 before:2022-01-01,"(PDF) UNEP 2021, Sustainable Public Procurement",https://www.researchgate.net/publication/355889107_UNEP_2021_Sustainable_Public_Procurement_How_to_Wake_the_Sleeping_Giant_Introducing_the_United_Nations_Environment_Programme's_Approach,"The Sustainable Public Procurement Implementation Guidelines give direction to SPP policy makers, experts and consultants on designing Sustainable Public ...",https://www.researchgate.net › ... › Public Procurement,www_researchgate_net__PDF_UNEP_2021_Sustainable_Public_Procurement.txt,False,False,0,0,none,none,unclear,,,[]
Lebanon,2018–2022,1,in partnership with UNEP Lebanon adaptation policy launched policy strategy legal framework law regulation action plan after:2018-01-01 before:2022-01-01,"Environmental, Social and Governance",https://greenfinancelac.org/wp-content/uploads/2020/06/Environmental_Social_Governance.2.pdf,"Our goal is to improve decision-making and external disclosure, eventually transforming the financial system to reward the most sustainable companies. A crucial ...",https://greenfinancelac.org › uploads › 2020/06,greenfinancelac_org_Environmental_Social_and_Governance.txt,False,False,0,0,none,none,unclear,,,[]
Lebanon,2018–2022,1,in partnership with UNEP Lebanon adaptation policy launched policy strategy legal framework law regulation action plan after:2018-01-01 before:2022-01-01,THE ROLE OF GREEN PUBLIC PROCUREMENT,https://www.climateworks.org/wp-content/uploads/2019/09/Green-Public-Procurement-Final-28Aug2019.pdf,"The Ministry of Environment (MOE) is in charge of overall management, which entails establishing laws, regulations, and master plans for promoting green ...",https://www.climateworks.org › uploads › 2019/09,www_climateworks_org_THE_ROLE_OF_GREEN_PUBLIC_PROCUREMENT.txt,False,False,0,0,none,none,unclear,,,[]
Lebanon,2018–2022,1,in partnership with UNEP Lebanon adaptation policy launched policy strategy legal framework law regulation action plan after:2018-01-01 before:2022-01-01,Legal Aspects of Climate Change Adaptation,https://www.ibanet.org/document?id=Climate-Change-Adaptation-Report-2021,"The IBA covers all practice areas and professional interests, providing members with access to leading experts and up-to-date information, enabling them to ...",https://www.ibanet.org › document › id=Climate-...,www_ibanet_org_Legal_Aspects_of_Climate_Change_Adaptation.txt,False,False,0,0,none,none,unclear,,,[]
Lebanon,2018–2022,1,in partnership with UNEP Lebanon adaptation policy launched policy strategy legal framework law regulation action plan after:2018-01-01 before:2022-01-01,Scaling up UNDP engagement with Ministries of Finance ...,https://www.learningfornature.org/wp-content/uploads/2019/08/COVID-19-and-Green-Recovery-Efforts_Scaling-up-UNDP-engagement-with-Ministries-of-Finance-on-the-SDGs-and-Climate-Action-in-the-context-of-COVID-19_2020_UNDP_Tool.pdf,This note takes stock of UNDP's past and current engagement with Ministries of. Finance on climate action to better understand the entry points for scaling up ...,https://www.learningfornature.org › 2019/08 › C...,www_learningfornature_org_Scaling_up_UNDP_engagement_with_Ministries_of_Fina.txt,False,False,0,0,none,none,unclear,,,[]
Lebanon,2018–2022,1,in partnership with UNEP Lebanon adaptation policy launched policy strategy legal framework law regulation action plan after:2018-01-01 before:2022-01-01,International efforts using Space for Climate Action,https://www.unoosa.org/documents/pdf/Space4SDGs/Space_for_Climate_Action_-ebook.pdf,This report offers an additional piece to grasp the fast changing and evolving landscape of space for climate action . Any entity that engages in climate action ...,https://www.unoosa.org › documents › pdf › Spac...,www_unoosa_org_International_efforts_using_Space_for_Climate_Acti.txt,False,False,0,0,none,none,global,"The document does not contain explicit evidence related to Lebanon's climate mitigation, adaptation, or disaster risk reduction strategy/policy/legal framework for the time window 2018-2022.",There is no explicit link between UNEP and climate policy/strategy/legal framework in Lebanon for the time window 2018-2022.,[]
Lebanon,2018–2022,1,in partnership with UNEP Lebanon adaptation policy launched policy strategy legal framework law regulation action plan after:2018-01-01 before:2022-01-01,Climate Change in South Asia: Further Need for Mitigation ...,https://www.elibrary.imf.org/view/journals/001/2021/217/article-A001-en.xml,"This paper provides an overview of the region's vulnerabilities, national committments to mitigate emissions, and national policies to adapt to a changing ...",https://www.elibrary.imf.org › journals › article-A001-en,www_elibrary_imf_org_Climate_Change_in_South_Asia_Further_Need_for_Miti.txt,False,False,0,0,none,none,unclear,,,[]
Lebanon,2018–2022,1,in partnership with UNEP Lebanon adaptation policy launched policy strategy legal framework law regulation action plan after:2018-01-01 before:2022-01-01,Global State of National Urban Policy 2021,https://www.oecd.org/content/dam/oecd/en/publications/reports/2021/06/global-state-of-national-urban-policy-2021_b535f2b4/96eee083-en.pdf,"The OECD, UN-Habitat and Cities Alliance are delighted to introduce the Global State of National Urban. Policy 2021: Achieving the Sustainable Development Goals ...",https://www.oecd.org › oecd › reports › 2021/06,www_oecd_org_Global_State_of_National_Urban_Policy_2021.txt,False,False,0,0,none,none,global,"The document does not contain explicit evidence related to Lebanon's climate change mitigation, adaptation, or disaster risk reduction strategies/policies/legal frameworks for the time window 2018-2022.","There is no explicit link between UNEP and climate change mitigation, adaptation, or disaster risk reduction strategies/policies/legal frameworks in Lebanon for the time window 2018-2022.",[]
Lebanon,2018–2022,1,in partnership with UNEP Lebanon adaptation policy launched policy strategy legal framework law regulation action plan after:2018-01-01 before:2022-01-01,German Sustainable Development Strategy,https://www.bundesregierung.de/resource/blob/974430/1940716/1c63c8739d10011eb116fda1aecb61ca/german-sustainable-development-strategy-en-data.pdf,"If we are to achieve the targets of the German Sustainable. Development Strategy and the goals of the 2030 Agenda for. Sustainable Development, we must embark ...",https://www.bundesregierung.de › resource › blob,www_bundesregierung_de_German_Sustainable_Development_Strategy.txt,False,False,0,0,none,none,unclear,,,[]
Lebanon,2018–2022,1,in partnership with UNEP Lebanon adaptation policy launched policy strategy legal framework law regulation action plan after:2018-01-01 before:2022-01-01,SOER REPORT,https://www.unicef.org/lebanon/media/7161/file/SOER_Report_EN.pdf,"The report ultimately seeks to make data and analysis available to the public, policy makers and humanitarian and development partners to support evidence-.",https://www.unicef.org › lebanon › media › file,www_unicef_org_SOER_REPORT.txt,False,False,0,0,none,none,unclear,,,[]
Lebanon,2018–2022,1,in partnership with UNEP Lebanon adaptation policy launched policy strategy legal framework law regulation action plan after:2018-01-01 before:2022-01-01,"TOWARDS INCLUSIVE FINANCIAL SERVICES, ...",https://www.afi-global.org/wp-content/uploads/2024/10/Towards-Inclusive-Financial-Services-Financial-Capability-and-Financial-Health-for-All-A-Policy-Framework-for-the-Financial-Inclusion-of-Forcibly-Displaced-Persons.pdf,This policy framework was developed by AFI members through a fully member-driven process in accordance with AFI's mandate as.,https://www.afi-global.org › uploads › 2024/10,www_afi-global_org_TOWARDS_INCLUSIVE_FINANCIAL_SERVICES_.txt,False,False,0,0,none,none,none,"The document does not contain explicit evidence related to climate change mitigation, adaptation, or disaster risk reduction strategies/policies/legal frameworks for Lebanon during 2018-2022.","There is no explicit link between UNEP and any climate change mitigation, adaptation, or disaster risk reduction strategy/policy/legal framework in Lebanon during 2018-2022.",[]
Lebanon,2018–2022,1,in partnership with UNEP Lebanon adaptation policy launched policy strategy legal framework law regulation action plan after:2018-01-01 before:2022-01-01,Report on the Impact of Climate Change on Migration,https://bidenwhitehouse.archives.gov/wp-content/uploads/2021/10/Report-on-the-Impact-of-Climate-Change-on-Migration.pdf,"Activities include building local community and government capacity to develop risk assessments and manage disaster response, as well as supporting national and ...",https://bidenwhitehouse.archives.gov › 2021/10,bidenwhitehouse_archives_gov_Report_on_the_Impact_of_Climate_Change_on_Migratio.txt,False,False,0,0,none,none,global,"The document does not contain explicit evidence related to Lebanon's climate change mitigation, adaptation, or disaster risk reduction strategies/policies/legal frameworks for the period 2018-2022.","There is no explicit link between UNEP and climate change mitigation, adaptation, or disaster risk reduction strategies/policies/legal frameworks in Lebanon for the period 2018-2022.",[]
Lebanon,2018–2022,1,in partnership with UNEP Lebanon adaptation policy launched policy strategy legal framework law regulation action plan after:2018-01-01 before:2022-01-01,Contributions of Regional Seas Conventions and Action ...,https://gefcrew.org/carrcu/IGM/Regional_Seas_Conventions.pdf,"This report was compiled by contributors from regional seas conventions and action plans, the United. Nations Environment Programme (UNEP) and the United ...",https://gefcrew.org › carrcu › IGM › Regional_Se...,gefcrew_org_Contributions_of_Regional_Seas_Conventions_and_Act.txt,False,False,0,0,none,none,none,"The document does not contain explicit evidence related to climate change mitigation, adaptation, or disaster risk reduction strategies/policies/legal frameworks for Lebanon during 2018-2022.",There is no explicit link between UNEP and any climate-related outcomes in Lebanon during 2018-2022.,[]
Lebanon,2018–2022,1,in partnership with UNEP Lebanon adaptation policy launched policy strategy legal framework law regulation action plan after:2018-01-01 before:2022-01-01,"(PDF) UNEP 2021, Sustainable Public Procurement",https://www.researchgate.net/publication/355889107_UNEP_2021_Sustainable_Public_Procurement_How_to_Wake_the_Sleeping_Giant_Introducing_the_United_Nations_Environment_Programme's_Approach,"The Sustainable Public Procurement Implementation Guidelines give direction to SPP policy makers, experts and consultants on designing Sustainable Public ...",https://www.researchgate.net › ... › Public Procurement,www_researchgate_net__PDF_UNEP_2021_Sustainable_Public_Procurement.txt,False,False,0,0,none,none,unclear,,,[]
Lebanon,2018–2022,1,in partnership with UNEP Lebanon adaptation policy launched policy strategy legal framework law regulation action plan after:2018-01-01 before:2022-01-01,Shaping the future we want: UN Decade of Education for ...,https://unesdoc.unesco.org/ark:/48223/pf0000230171,"In 2008, HEFCE produced a strategy and action plan for the higher education sector which provided a framework for sustainable development relevant to the ...",https://unesdoc.unesco.org › ark:,unesdoc_unesco_org_Shaping_the_future_we_want_UN_Decade_of_Education_.txt,False,False,0,0,none,none,unclear,"The document is not about Lebanon and does not discuss climate change mitigation, adaptation, or disaster risk reduction strategies/policies/legal frameworks.",There is no explicit link to UNEP in the provided document.,[]
Lebanon,2018–2022,1,in partnership with UNEP Lebanon adaptation policy launched policy strategy legal framework law regulation action plan after:2018-01-01 before:2022-01-01,GREEN ECONOMY TRANSITION APPROACH 2021-2025,https://www.ebrd.com/content/dam/ebrd_dxp/assets/pdfs/green-economy-transition/ebrds-green-economy-transition-approach/Green-Economy-Transition-Approach-2021-2025.pdf,"Attention will be provided to support COOs in developing policy and regulatory frameworks that ensure fair and undistorted trade and investment in the sector, ...",https://www.ebrd.com › ebrd_dxp › assets › pdfs,www_ebrd_com_GREEN_ECONOMY_TRANSITION_APPROACH_2021_2025.txt,False,False,0,0,none,none,global,"The document does not contain explicit evidence related to Lebanon's climate change mitigation, adaptation, or disaster risk reduction strategies/policies/legal frameworks adopted during 2018-2022.",There is no explicit link between UNEP and any climate policy or strategy in Lebanon during 2018-2022.,[]
Lebanon,2018–2022,1,in partnership with UNEP Lebanon adaptation policy launched policy strategy legal framework law regulation action plan after:2018-01-01 before:2022-01-01,Energy Policies Beyond IEA Countries: Morocco 2019 Review,https://iea.blob.core.windows.net/assets/138e3195-d0e6-4345-a66c-92ebe4abbeaf/Energy_Policies_beyond_IEA_Countries_Morocco.pdf,"The IEA examines the full spectrum of energy issues including oil, gas and coal supply and demand, renewable energy technologies, electricity markets,.",https://iea.blob.core.windows.net › assets › Energy...,iea_blob_core_windows_net_Energy_Policies_Beyond_IEA_Countries_Morocco_2019_.txt,False,False,0,0,none,none,none,"The document does not contain explicit evidence related to Lebanon's climate change mitigation, adaptation, or disaster risk reduction strategies/policies/legal frameworks for the period 2018-2022.",There is no explicit link between UNEP and any climate policy or strategy in Lebanon for the period 2018-2022.,[]
Lebanon,2018–2022,1,in partnership with UNEP Lebanon adaptation policy launched policy strategy legal framework law regulation action plan after:2018-01-01 before:2022-01-01,NDCs – A FORCE FOR NATURE?,https://wwfint.awsassets.panda.org/downloads/wwf_uk_ndcs_a_force_for_nature_3rd_edition.pdf,"Enhanced NDCs should be aligned with other environmental policy instruments, such as commitments for the Global Biodiversity Framework under the Convention on ...",https://wwfint.awsassets.panda.org › downloads,wwfint_awsassets_panda_org_NDCs_A_FORCE_FOR_NATURE_.txt,True,False,81,0,Nationally Determined Contribution (NDC),adopted,national,"The document mentions Lebanon's National Strategy for Forest Fire Management, which indicates a commitment to managing forest fires, a crucial aspect of climate change mitigation and adaptation. However, there is no explicit mention of UNEP's involvement in this strategy.",There is no explicit mention of UNEP supporting or being involved in Lebanon's climate policies or strategies within the provided document.,"[""The document does not explicitly mention Lebanon's climate policies or UNEP's involvement.""]"
Lebanon,2018–2022,1,in partnership with UNEP Lebanon adaptation policy launched policy strategy legal framework law regulation action plan after:2018-01-01 before:2022-01-01,GUIDE FOR MAINSTREAMING TRANSPORT & MOBILITY ...,https://unhabitat.org/sites/default/files/2022/03/nup-transport_guide-web.pdf,"recommendations for setting an urban policy framework for Lebanon, providing a basis for upcoming national multisectoral policy interventions. As part of ...",https://unhabitat.org › default › files › 2022/03,unhabitat_org_GUIDE_FOR_MAINSTREAMING_TRANSPORT_MOBILITY_.txt,False,False,0,0,none,none,none,"The document does not contain explicit evidence related to climate change mitigation, adaptation, or disaster risk reduction strategies/policies/legal frameworks for Lebanon in 2018-2022.","There is no explicit link between UNEP and any climate change mitigation, adaptation, or disaster risk reduction strategy/policy/legal framework in Lebanon in 2018-2022.",[]
Lebanon,2018–2022,1,in partnership with UNEP Lebanon adaptation policy launched policy strategy legal framework law regulation action plan after:2018-01-01 before:2022-01-01,For Input,https://www.gwp.org/globalassets/global/about-gwp/publications/gender_sdg_study_forinput.pdf,"This Action Plan also includes the field of water supply and sewerage, which will be adjusted in the future normative acts in terms of gender issues. - In South ...",https://www.gwp.org › gender_sdg_study_forinput,www_gwp_org_For_Input.txt,False,False,0,0,none,none,unclear,The document does not contain any information related to Lebanon or climate policies from 2018-2022.,The document does not mention UNEP or any connection to climate policies in Lebanon.,[]
Lebanon,2018–2022,1,in partnership with UNEP Lebanon adaptation policy launched policy strategy legal framework law regulation action plan after:2018-01-01 before:2022-01-01,Lebanon Assessment of the Public Procurement System,https://www.mapsinitiative.org/content/dam/maps-initiative/en/assessments/lebanon/maps-assessment-lebanon-main-report.pdf/_jcr_content/renditions/original./maps-assessment-lebanon-main-report.pdf,"• develop a national strategy and action plan for public procurement reform in Lebanon, building on the consultative process already in place during MAPS ...",https://www.mapsinitiative.org › dam › original.,www_mapsinitiative_org_Lebanon_Assessment_of_the_Public_Procurement_Syste.txt,False,False,0,0,none,none,unclear,,,[]
Lebanon,2018–2022,2,UNEP assisted Lebanon climate change regulation revised policy strategy legal framework law regulation action plan after:2018-01-01 before:2022-01-01,Promoting Sustainable Finance and Climate ...,https://www.unepfi.org/wordpress/wp-content/uploads/2021/01/Sustainable-Arab-Finance-Report-Jan-2021.pdf,"It provides an overview of the current practices of climate finance in each country, investigates the institutional framework and looks at whether the national ...",https://www.unepfi.org › uploads › 2021/01 › S...,www_unepfi_org_Promoting_Sustainable_Finance_and_Climate_.txt,False,False,0,0,none,none,unclear,,,[]
Lebanon,2018–2022,2,UNEP assisted Lebanon climate change regulation revised policy strategy legal framework law regulation action plan after:2018-01-01 before:2022-01-01,INSTITUTIONAL CAPACITIES FOR NDC IMPLEMENTATION,https://transparency-partnership.net/system/files/document/UNEP%20DTUP%202018_%20Institutional%20Capacities%20For%20NDC%20Implementation.pdf,"These laws introduce broad policy directions and principles, and thus represent the framework within which that government's executive power operates.",https://transparency-partnership.net › document,transparency-partnership_net_INSTITUTIONAL_CAPACITIES_FOR_NDC_IMPLEMENTATION.txt,False,False,0,0,none,none,unclear,No evidence found due to fetch error.,No evidence found due to fetch error.,[]
Lebanon,2018–2022,2,UNEP assisted Lebanon climate change regulation revised policy strategy legal framework law regulation action plan after:2018-01-01 before:2022-01-01,Lebanon BUR4 2021.pdf,https://unfccc.int/sites/default/files/resource/Lebanon%20BUR4%202021.pdf,"Agreement to the UNFCCC (Law 115/2019 and Decree 5599/2019). No major legislation directly addresses climate change action in Lebanon, other than the Nationally.",https://unfccc.int › sites › default › files › resource,unfccc_int_Lebanon_BUR4_2021_pdf.txt,True,False,81,0,Nationally Determined Contribution (NDC),adopted,national,"The document mentions Lebanon's Nationally Determined Contribution (NDC) and its update in 2021, which indicates the country's efforts to address climate change. The NDC committee, chaired by the Ministry of Environment, is responsible for following up on the implementation of all NDC elements.",There is no explicit mention of UNEP's involvement in supporting or enabling the adoption or implementation of Lebanon's climate policies or strategies.,"[""Lebanon submitted its first NDC in 2015 and the updated version in 2021."", ""The NDC committee, chaired by the MoE, includes nominated representatives from various ministries and institutions."", ""The main role of the NDC committee is to follow-up the implementation of all NDC elements.""]"
Lebanon,2018–2022,2,UNEP assisted Lebanon climate change regulation revised policy strategy legal framework law regulation action plan after:2018-01-01 before:2022-01-01,Climate Change Adaptation in the Arab States,https://www.undp.org/sites/g/files/zskgke326/files/publications/Arab-States-CCA.pdf,"To build the climate resilience in Arab States, including highly vulnerable Least Developed Countries such as Dji- bouti, Somalia, Sudan and the Republic of ...",https://www.undp.org › files › files › publications,www_undp_org_Climate_Change_Adaptation_in_the_Arab_States.txt,False,False,0,0,none,none,unclear,,,[]
Lebanon,2018–2022,2,UNEP assisted Lebanon climate change regulation revised policy strategy legal framework law regulation action plan after:2018-01-01 before:2022-01-01,Adapt-or-Trapped-The-Urgent-Need-of-Climate-Change ...,https://www.thinktriangle.net/wp-content/uploads/2021/08/Adapt-or-Trapped-The-Urgent-Need-of-Climate-Change-Adaptation-in-Lebanon.pdf,This approach encourages policymakers to equip society with the tools needed to ameliorate the negative impacts of climate change. Climate adaptation differs ...,https://www.thinktriangle.net › uploads › 2021/08,www_thinktriangle_net_Adapt_or_Trapped_The_Urgent_Need_of_Climate_Change.txt,False,False,0,0,none,none,unclear,,,[]
Lebanon,2018–2022,2,UNEP assisted Lebanon climate change regulation revised policy strategy legal framework law regulation action plan after:2018-01-01 before:2022-01-01,State of the Environment and Development in ...,https://planbleu.org/wp-content/uploads/2020/11/SoED-Full-Report.pdf,"The UNEP/MAP-Barcelona Convention system continues to offer the enabling legal and implementation framework to enact the required changes. In fact, much ...",https://planbleu.org › 2020/11 › SoED-Full-Report,planbleu_org_State_of_the_Environment_and_Development_in_.txt,False,False,0,0,none,none,unclear,No evidence found due to document fetch error.,No evidence found due to document fetch error.,[]
Lebanon,2018–2022,2,UNEP assisted Lebanon climate change regulation revised policy strategy legal framework law regulation action plan after:2018-01-01 before:2022-01-01,Council for Development Republic of Lebanon National ...,https://www.urbanagendaplatform.org/sites/default/files/2022-04/NUA%20Draft%20Report.pdf,UN agencies have established response plans and supported the Lebanese. Government in developing the Lebanon Crisis Response Plan 2015-16 (LCRP) that aims to ...,https://www.urbanagendaplatform.org › sites › files,www_urbanagendaplatform_org_Council_for_Development_Republic_of_Lebanon_Nation.txt,False,False,0,0,none,none,unclear,,,[]
Lebanon,2018–2022,2,UNEP assisted Lebanon climate change regulation revised policy strategy legal framework law regulation action plan after:2018-01-01 before:2022-01-01,Tying Their Hands? How Petroleum Contract Terms May ...,https://resourcegovernance.org/sites/default/files/documents/tying_their_hands_how_petroleum_contract_terms_may_limit_governments_climate_flexibility.pdf,Governments will need to thoroughly audit their petroleum sector legal framework—including existing contracts—to identify and address climate and energy ...,https://resourcegovernance.org › files › documents,resourcegovernance_org_Tying_Their_Hands_How_Petroleum_Contract_Terms_May.txt,False,False,0,0,none,none,global,"The document does not contain explicit evidence related to Lebanon's climate mitigation, adaptation, or disaster risk reduction strategy/policy/legal framework for the time window 2018-2022.",There is no explicit link between UNEP and any climate policy or strategy in Lebanon for the specified time period.,"[""The document discusses petroleum contracts and their potential impact on climate policy flexibility in various countries, including Lebanon, but does not provide evidence of climate policy or UNEP attribution.""]"
Lebanon,2018–2022,2,UNEP assisted Lebanon climate change regulation revised policy strategy legal framework law regulation action plan after:2018-01-01 before:2022-01-01,Combating marine plastic litter and microplast,https://apps1.unep.org/resolutions/uploads/unep_aheg_2018_inf3_full_assessment_en.pdf,"UN Environment, 2017. Combating marine plastic litter and microplastics: An assessment of the effectiveness of relevant international, regional and subregional ...",https://apps1.unep.org › resolutions › uploads › u...,apps1_unep_org_Combating_marine_plastic_litter_and_microplast.txt,False,False,0,0,none,none,none,"The document does not contain explicit evidence related to climate change mitigation, adaptation, or disaster risk reduction strategies/policies/legal frameworks for Lebanon in 2018-2022.",The document does not explicitly link UNEP to strengthening/enabling/adoption/implementation of any climate policy/strategy/legal framework in Lebanon during 2018-2022.,[]
Lebanon,2018–2022,2,UNEP assisted Lebanon climate change regulation revised policy strategy legal framework law regulation action plan after:2018-01-01 before:2022-01-01,Disaster Risk Reduction and Climate Change Adaptation ...,https://unsdg.un.org/sites/default/files/2020-08/Integrating-DRR-CCA-in-CFs-web.pdf,"Support the development of policies, legislative frameworks and strategies that assign duties at all stages of risk management, allocates dedicated ...",https://unsdg.un.org › sites › default › files › Integ...,unsdg_un_org_Disaster_Risk_Reduction_and_Climate_Change_Adaptat.txt,False,False,0,0,none,none,global,"The document does not contain explicit evidence related to Lebanon's climate change mitigation, adaptation, or disaster risk reduction strategies/policies/legal frameworks for the period 2018-2022.",There is no explicit link between UNEP and any climate policy or legal framework outcome in Lebanon during 2018-2022.,"[""This document does not discuss Lebanon's climate policies or UNEP's involvement in Lebanon.""]"
Lebanon,2018–2022,2,UNEP assisted Lebanon climate change regulation revised policy strategy legal framework law regulation action plan after:2018-01-01 before:2022-01-01,"Nadim Farjalla, Director of Climate Change ...",https://www.facebook.com/aub.ifi/posts/nadim-farjalla-director-of-climate-change-and-the-environment-program-at-ifi-wil/4141885585843778/,"Nadim Farjalla, Director of Climate Change and the Environment Program at IFI, will be participating on Thursday at 10 am in ESCWA's webinar.",10+ reactions,www_facebook_com_Nadim_Farjalla_Director_of_Climate_Change_.txt,False,False,0,0,none,none,unclear,"The document does not contain explicit evidence related to climate mitigation, adaptation, or disaster risk reduction strategies/policies/legal frameworks for Lebanon in 2018-2022.",There is no explicit link between UNEP and any climate policy or strategy in Lebanon during 2018-2022.,[]
Lebanon,2018–2022,2,UNEP assisted Lebanon climate change regulation revised policy strategy legal framework law regulation action plan after:2018-01-01 before:2022-01-01,Understanding-and-Increasing-Finance-for- ...,https://climatepolicyinitiative.org/wp-content/uploads/2018/12/Understanding-and-Increasing-Finance-for-Climate-Adaptation-in-Developing-Countries-1.pdf,"About CPI. With deep expertise in policy and finance, CPI works to improve the most important energy and land use practices around the world.",https://climatepolicyinitiative.org › 2018/12 › Un...,climatepolicyinitiative_org_Understanding_and_Increasing_Finance_for_.txt,False,False,0,0,none,none,global,"The document does not contain explicit evidence related to Lebanon or the time window 2018-2022 about climate mitigation strategy/policy/legal framework, climate adaptation strategy/policy/legal framework, or disaster risk reduction strategy/policy/legal framework.",There is no explicit link between UNEP and any climate policy or strategy in Lebanon during 2018-2022.,"[""No relevant evidence found""]"
Lebanon,2018–2022,2,UNEP assisted Lebanon climate change regulation revised policy strategy legal framework law regulation action plan after:2018-01-01 before:2022-01-01,Climate change and displacement,https://www.unhcr.org/what-we-do/build-better-futures/climate-change-and-displacement,"UNHCR is working to protect displaced people and strengthen their resilience to the effects of climate change, while reducing our environmental footprint.",https://www.unhcr.org › ... › Build better futures,www_unhcr_org_Climate_change_and_displacement.txt,False,False,0,0,none,none,unclear,The document does not contain any information related to climate policy or legal frameworks for Lebanon in 2018-2022.,The document does not mention UNEP or any climate-related activities.,[]
Lebanon,2018–2022,2,UNEP assisted Lebanon climate change regulation revised policy strategy legal framework law regulation action plan after:2018-01-01 before:2022-01-01,"Environmental, Social and Governance",https://greenfinancelac.org/wp-content/uploads/2020/06/Environmental_Social_Governance.2.pdf,"Suriname National Climate Change Policy, Strategy, and Action Plan. (2015): a plan that outlines how Suriname will adapt to and mitigate the effects of ...",https://greenfinancelac.org › uploads › 2020/06,greenfinancelac_org_Environmental_Social_and_Governance.txt,False,False,0,0,none,none,unclear,,,[]
Lebanon,2018–2022,2,UNEP assisted Lebanon climate change regulation revised policy strategy legal framework law regulation action plan after:2018-01-01 before:2022-01-01,An Overview of Green Reforms in Country Procurement Systems,https://documents1.worldbank.org/curated/en/157141636056129273/pdf/Green-Public-Procurement-An-Overview-of-Green-Reforms-in-Country-Procurement-Systems.pdf,"The goal of the guidelines is “to create a policy framework that legitimizes the SPP actions and, in turn, informs the market of the objectives and priority ...",https://documents1.worldbank.org › curated › pdf,documents1_worldbank_org_An_Overview_of_Green_Reforms_in_Country_Procuremen.txt,False,False,0,0,none,none,unclear,,,[]
Lebanon,2018–2022,2,UNEP assisted Lebanon climate change regulation revised policy strategy legal framework law regulation action plan after:2018-01-01 before:2022-01-01,Environmental Institutions,https://www.wfd.org/sites/default/files/2022-02/WFD_June2020_Wilson_EnvironmentalDemocracy_EnvironmentalInstitutions.pdf,The UNEP report goes on to make clear that “shortcomings in implementing environmental laws” are by no means limited to developing nations. It cites a 2017 ...,https://www.wfd.org › sites › default › files › W...,www_wfd_org_Environmental_Institutions.txt,False,False,0,0,none,none,none,"The document does not contain explicit evidence related to climate change mitigation, adaptation, or disaster risk reduction strategies/policies/legal frameworks for Lebanon during 2018-2022.",There is no explicit link between UNEP and any climate policy or legal framework outcome in Lebanon during 2018-2022.,"[""The document does not contain relevant phrases related to climate policy or UNEP attribution.""]"
Lebanon,2018–2022,2,UNEP assisted Lebanon climate change regulation revised policy strategy legal framework law regulation action plan after:2018-01-01 before:2022-01-01,Legal Aspects of Climate Change Adaptation,https://www.ibanet.org/document?id=Climate-Change-Adaptation-Report-2021,The IBA influences the development of international law reform and shapes the future of the legal profession throughout the world. It has a membership of more ...,https://www.ibanet.org › document › id=Climate-...,www_ibanet_org_Legal_Aspects_of_Climate_Change_Adaptation.txt,False,False,0,0,none,none,unclear,,,[]
Lebanon,2018–2022,2,UNEP assisted Lebanon climate change regulation revised policy strategy legal framework law regulation action plan after:2018-01-01 before:2022-01-01,Macroeconomic and Financial Policies for Climate Change ...,https://www.elibrary.imf.org/view/journals/001/2019/185/article-A001-en.xml,"Section IV offers some tentative observations on the policy mix, policy framework and policy coordination for effective and efficient climate change mitigation.",https://www.elibrary.imf.org › journals › article-A001-en,www_elibrary_imf_org_Macroeconomic_and_Financial_Policies_for_Climate_C.txt,False,False,0,0,none,none,global,"The document does not provide explicit evidence related to Lebanon's climate change mitigation, adaptation, or disaster risk reduction strategy for the period 2018-2022.","There is no explicit link between UNEP and climate change mitigation, adaptation, or disaster risk reduction strategy in Lebanon for the period 2018-2022.",[]
Lebanon,2018–2022,2,UNEP assisted Lebanon climate change regulation revised policy strategy legal framework law regulation action plan after:2018-01-01 before:2022-01-01,First Global Report,https://environmentalmigration.iom.int/sites/g/files/tmzbdl1411/files/documents/2023-11/environmental_rule_of_law.pdf,“The rule of law means that no one is above the law. This new report on the Environmental. Rule of Law will help us improve compliance with environmental law ...,https://environmentalmigration.iom.int › files › e...,environmentalmigration_iom_int_First_Global_Report.txt,False,False,0,0,none,none,unclear,No evidence found due to fetch error.,No evidence found due to fetch error.,[]
Lebanon,2018–2022,2,UNEP assisted Lebanon climate change regulation revised policy strategy legal framework law regulation action plan after:2018-01-01 before:2022-01-01,Progress on Integrated Water Resources Management,https://www.unwater.org/sites/default/files/app/uploads/2021/09/SDG6_Indicator_Report_651_Progress-on-Integrated-Water-Resources-Management_2021_EN.pdf,"Legal frameworks: Develop or update laws to reflect progressive, coordinated water resources management approaches, and ensure policy alignment between existing ...",https://www.unwater.org › uploads › 2021/09,www_unwater_org_Progress_on_Integrated_Water_Resources_Management.txt,False,False,0,0,none,none,unclear,,,[]
Lebanon,2018–2022,2,UNEP assisted Lebanon climate change regulation revised policy strategy legal framework law regulation action plan after:2018-01-01 before:2022-01-01,United Nations Environment Assembly of the ...,https://apps1.unep.org/resolutions/uploads/unep_aheg_2018_1_inf_4_unea2_edited.pdf,Our distribution policy aims to reduce UNEP's carbon footprint. Recommended citation: UNEP (2016). Marine plastic debris and microplastics – Global ...,https://apps1.unep.org › resolutions › uploads › u...,apps1_unep_org_United_Nations_Environment_Assembly_of_the_.txt,False,False,0,0,none,none,none,"The document does not contain explicit evidence related to climate change mitigation, adaptation, or disaster risk reduction strategies/policies/legal frameworks for Lebanon in 2018-2022.","The document does not explicitly link UNEP to any climate change mitigation, adaptation, or disaster risk reduction strategy/policy/legal framework in Lebanon in 2018-2022.",[]
Lebanon,2018–2022,2,UNEP assisted Lebanon climate change regulation revised policy strategy legal framework law regulation action plan after:2018-01-01 before:2022-01-01,German Sustainable Development Strategy,https://www.bundesregierung.de/resource/blob/974430/1940716/1c63c8739d10011eb116fda1aecb61ca/german-sustainable-development-strategy-en-data.pdf,"Where cli- mate action is concerned, the EU has undertaken to make. Europe the first climate-neutral continent by 2050. If we are to achieve the targets of the ...",https://www.bundesregierung.de › resource › blob,www_bundesregierung_de_German_Sustainable_Development_Strategy.txt,False,False,0,0,none,none,unclear,,,[]
Lebanon,2018–2022,2,UNEP assisted Lebanon climate change regulation revised policy strategy legal framework law regulation action plan after:2018-01-01 before:2022-01-01,"(PDF) UNEP 2021, Sustainable Public Procurement",https://www.researchgate.net/publication/355889107_UNEP_2021_Sustainable_Public_Procurement_How_to_Wake_the_Sleeping_Giant_Introducing_the_United_Nations_Environment_Programme's_Approach,"The Sustainable Public Procurement Implementation Guidelines give direction to SPP policy makers, experts and consultants on designing Sustainable Public ...",https://www.researchgate.net › ... › Public Procurement,www_researchgate_net__PDF_UNEP_2021_Sustainable_Public_Procurement.txt,False,False,0,0,none,none,unclear,,,[]
Lebanon,2018–2022,2,UNEP assisted Lebanon climate change regulation revised policy strategy legal framework law regulation action plan after:2018-01-01 before:2022-01-01,Sustainable Blue Tourism,https://www.iddri.org/sites/default/files/PDF/Publications/Hors%20catalogue%20Iddri/20190620_BLUE%20TOURISM%20STUDY_EN.pdf,tourism and climate impacts to facilitate com- bined tourism development and climate impact assessment;. • implement policies and action on climate change.,https://www.iddri.org › files › PDF › Publications,www_iddri_org_Sustainable_Blue_Tourism.txt,False,False,0,0,none,none,unclear,,,[]
Lebanon,2018–2022,2,UNEP assisted Lebanon climate change regulation revised policy strategy legal framework law regulation action plan after:2018-01-01 before:2022-01-01,ipcc_90_92_assessments_far_fu...,https://www.ipcc.ch/site/assets/uploads/2018/05/ipcc_90_92_assessments_far_full_report.pdf,"The IPCC First Assessment Report was completed in August 1990 and consists of: the Overview, the IPCC Scientific. Assessment, the IPCC Impacts Assessment, the ...",https://www.ipcc.ch › assets › uploads › 2018/05,www_ipcc_ch_ipcc_90_92_assessments_far_fu_.txt,False,False,0,0,none,none,global,"The document does not contain explicit evidence related to Lebanon's climate change mitigation, adaptation, or disaster risk reduction strategy/policy/legal framework for the period 2018-2022.",There is no explicit link between UNEP and any climate policy or strategy in Lebanon for the period 2018-2022.,[]
Lebanon,2018–2022,2,UNEP assisted Lebanon climate change regulation revised policy strategy legal framework law regulation action plan after:2018-01-01 before:2022-01-01,implications for NDC accounting and transparency,https://www.ebrd.com/content/dam/ebrd_dxp/assets/pdfs/green/knowledge-hub/Implications%20for%20NDC%20accounting%20and%20transparency.pdf,"adopting climate change mitigation and adaptation action plans, as well as a national climate finance strategy and new technologies as needed by relevant ...",https://www.ebrd.com › green › knowledge-hub,www_ebrd_com_implications_for_NDC_accounting_and_transparency.txt,False,False,0,0,none,none,unclear,,,[]
Lebanon,2018–2022,2,UNEP assisted Lebanon climate change regulation revised policy strategy legal framework law regulation action plan after:2018-01-01 before:2022-01-01,Transition towards green banking: role of financial regulators ...,https://link.springer.com/article/10.1186/s41180-020-00034-3,This paper provides an overview of green banking as an emerging area of creating competitive advantages and new business opportunities for private sector ...,https://link.springer.com › article,link_springer_com_Transition_towards_green_banking_role_of_financial.txt,False,False,0,0,none,none,none,"The document does not contain explicit evidence related to Lebanon's climate mitigation, adaptation, or disaster risk reduction strategy/policy/legal framework for the period 2018-2022.",There is no explicit link between UNEP and any climate policy or legal framework outcome in Lebanon for the period 2018-2022.,[]
Lebanon,2018–2022,2,UNEP assisted Lebanon climate change regulation revised policy strategy legal framework law regulation action plan after:2018-01-01 before:2022-01-01,Water: a shared responsibility; the United Nations world ...,https://unesdoc.unesco.org/ark:/48223/pf0000145405,"Legislative framework – defining the rules needed to achieve policies ... policy, strategy, plans, programmes and legislation was made using different indicators.",https://unesdoc.unesco.org › ark:,unesdoc_unesco_org_Water_a_shared_responsibility_the_United_Nations_w.txt,False,False,0,0,none,none,unclear,The document is not related to climate change policies or strategies in Lebanon for the period 2018-2022.,There is no mention of UNEP or any climate-related activities in the provided document.,[]
Lebanon,2018–2022,2,UNEP assisted Lebanon climate change regulation revised policy strategy legal framework law regulation action plan after:2018-01-01 before:2022-01-01,Annual Report - 2021,https://unhabitat.org/sites/default/files/2022/05/2021_annual_report.pdf,"UN-Habitat provides support to Member States on urban and local climate action with an emphasis on Climate Resilient Informal Settlements, multi-level ...",https://unhabitat.org › default › files › 2022/05,unhabitat_org_Annual_Report_2021.txt,False,False,0,0,none,none,none,"The document does not contain explicit evidence related to Lebanon's climate mitigation, adaptation, or disaster risk reduction strategy/policy/legal framework for the period 2018-2022.",There is no explicit link between UNEP and any climate policy or strategy in Lebanon for the period 2018-2022.,[]
Lebanon,2018–2022,2,UNEP assisted Lebanon climate change regulation revised policy strategy legal framework law regulation action plan after:2018-01-01 before:2022-01-01,Suggested policy and legislation reforms to reduce ...,https://www.sciencedirect.com/science/article/pii/S2405844020323677,"Recommendations to reduce pesticide risk through a combination of reforms at the policy level and its tools, particularly legislation, are proposed.",https://www.sciencedirect.com › science › article › pii,www_sciencedirect_com_Suggested_policy_and_legislation_reforms_to_reduce.txt,False,False,0,0,none,none,unclear,The document does not contain any information related to Lebanon or climate policy.,The document does not contain any information related to UNEP or climate policy.,[]
Lebanon,2018–2022,2,UNEP assisted Lebanon climate change regulation revised policy strategy legal framework law regulation action plan after:2018-01-01 before:2022-01-01,Global State of National Urban Policy 2021,https://www.oecd.org/content/dam/oecd/en/publications/reports/2021/06/global-state-of-national-urban-policy-2021_b535f2b4/96eee083-en.pdf,Design city or town plans based on information regarding climate risk assessment and analysis: formulate strategies or action plans for climate change ...,https://www.oecd.org › oecd › reports › 2021/06,www_oecd_org_Global_State_of_National_Urban_Policy_2021.txt,False,False,0,0,none,none,global,"The document does not contain explicit evidence related to Lebanon's climate mitigation, adaptation, or disaster risk reduction strategy/policy/legal framework for the time window 2018-2022.",There is no explicit link between UNEP and strengthening/enabling/adoption/implementation of any climate policy outcome in Lebanon during 2018-2022.,[]
Lebanon,2018–2022,2,UNEP assisted Lebanon climate change regulation revised policy strategy legal framework law regulation action plan after:2018-01-01 before:2022-01-01,International efforts using Space for Climate Action,https://www.unoosa.org/documents/pdf/Space4SDGs/Space_for_Climate_Action_-ebook.pdf,"Climate change is a complex crisis with effects felt globally at all levels . Therefore, it is widely agreed that we must mobilize every effort to mitigate ...",https://www.unoosa.org › documents › pdf › Spac...,www_unoosa_org_International_efforts_using_Space_for_Climate_Acti.txt,False,False,0,0,none,none,global,"The document does not contain explicit evidence related to Lebanon's climate change mitigation, adaptation, or disaster risk reduction strategy/policy/legal framework for the period 2018-2022.",There is no explicit link between UNEP and climate policy/strategy/legal framework in Lebanon for the period 2018-2022.,[]
Lebanon,2018–2022,2,UNEP assisted Lebanon climate change regulation revised policy strategy legal framework law regulation action plan after:2018-01-01 before:2022-01-01,2020 VOLUME III WATER RESOURCES MANAGEMENT,https://faolex.fao.org/docs/pdf/leb211917EVolIII.pdf,"The updated strategy maintains the main strategic principles of the water policies adopted by the. Government of Lebanon in 2012, but reassesses the then set ...",https://faolex.fao.org › docs › pdf,faolex_fao_org_2020_VOLUME_III_WATER_RESOURCES_MANAGEMENT.txt,False,False,0,0,none,none,unclear,,,[]
Lebanon,2018–2022,2,UNEP assisted Lebanon climate change regulation revised policy strategy legal framework law regulation action plan after:2018-01-01 before:2022-01-01,Contributions of Regional Seas Conventions and Action ...,https://gefcrew.org/carrcu/IGM/Regional_Seas_Conventions.pdf,"This report was compiled by contributors from regional seas conventions and action plans, the United. Nations Environment Programme (UNEP) and the United ...",https://gefcrew.org › carrcu › IGM › Regional_Se...,gefcrew_org_Contributions_of_Regional_Seas_Conventions_and_Act.txt,False,False,0,0,none,none,none,"The document does not contain explicit evidence related to climate change mitigation, adaptation, or disaster risk reduction strategies/policies/legal frameworks for Lebanon in 2018-2022.",There is no explicit link between UNEP and any climate policy or legal framework in Lebanon for 2018-2022.,[]
Lebanon,2018–2022,2,UNEP assisted Lebanon climate change regulation revised policy strategy legal framework law regulation action plan after:2018-01-01 before:2022-01-01,German Sustainable Development Strategy,https://www.bundesregierung.de/resource/blob/974430/1940716/1c63c8739d10011eb116fda1aecb61ca/german-sustainable-development-strategy-en-data.pdf,"Where cli- mate action is concerned, the EU has undertaken to make. Europe the first climate-neutral continent by 2050. If we are to achieve the targets of the ...",https://www.bundesregierung.de › resource › blob,www_bundesregierung_de_German_Sustainable_Development_Strategy.txt,False,False,0,0,none,none,unclear,,,[]
Lebanon,2018–2022,2,UNEP assisted Lebanon climate change regulation revised policy strategy legal framework law regulation action plan after:2018-01-01 before:2022-01-01,United Nations Environment Assembly of the ...,https://apps1.unep.org/resolutions/uploads/unep_aheg_2018_1_inf_4_unea2_edited.pdf,Our distribution policy aims to reduce UNEP's carbon footprint. Recommended citation: UNEP (2016). Marine plastic debris and microplastics – Global ...,https://apps1.unep.org › resolutions › uploads › u...,apps1_unep_org_United_Nations_Environment_Assembly_of_the_.txt,False,False,0,0,none,none,none,"The document does not contain explicit evidence related to climate change mitigation, adaptation, or disaster risk reduction strategies/policies/legal frameworks for Lebanon in the time window 2018–2022.","The document does not explicitly link UNEP to any climate change mitigation, adaptation, or disaster risk reduction strategy/policy/legal framework in Lebanon during 2018–2022.",[]
Lebanon,2018–2022,2,UNEP assisted Lebanon climate change regulation revised policy strategy legal framework law regulation action plan after:2018-01-01 before:2022-01-01,"(PDF) UNEP 2021, Sustainable Public Procurement",https://www.researchgate.net/publication/355889107_UNEP_2021_Sustainable_Public_Procurement_How_to_Wake_the_Sleeping_Giant_Introducing_the_United_Nations_Environment_Programme's_Approach,"The Sustainable Public Procurement Implementation Guidelines give direction to SPP policy makers, experts and consultants on designing Sustainable Public ...",https://www.researchgate.net › ... › Public Procurement,www_researchgate_net__PDF_UNEP_2021_Sustainable_Public_Procurement.txt,False,False,0,0,none,none,unclear,,,[]
Lebanon,2018–2022,2,UNEP assisted Lebanon climate change regulation revised policy strategy legal framework law regulation action plan after:2018-01-01 before:2022-01-01,ipcc_90_92_assessments_far_fu...,https://www.ipcc.ch/site/assets/uploads/2018/05/ipcc_90_92_assessments_far_full_report.pdf,"The IPCC First Assessment Report was completed in August 1990 and consists of: the Overview, the IPCC Scientific. Assessment, the IPCC Impacts Assessment, the ...",https://www.ipcc.ch › assets › uploads › 2018/05,www_ipcc_ch_ipcc_90_92_assessments_far_fu_.txt,False,False,0,0,none,none,global,"The document does not contain explicit evidence related to Lebanon's climate change mitigation, adaptation, or disaster risk reduction strategies/policies/legal frameworks for the period 2018-2022.",There is no explicit link between UNEP and climate policy/strategy/legal framework development in Lebanon for the period 2018-2022.,[]
Lebanon,2018–2022,2,UNEP assisted Lebanon climate change regulation revised policy strategy legal framework law regulation action plan after:2018-01-01 before:2022-01-01,GREEN ECONOMY TRANSITION APPROACH 2021-2025,https://www.ebrd.com/content/dam/ebrd_dxp/assets/pdfs/green-economy-transition/ebrds-green-economy-transition-approach/Green-Economy-Transition-Approach-2021-2025.pdf,"Enhancers of the “green” transition quality in individual transactions or frameworks include: (i) policy engagement such as strategies, legislation, regulations ...",https://www.ebrd.com › ebrd_dxp › assets › pdfs,www_ebrd_com_GREEN_ECONOMY_TRANSITION_APPROACH_2021_2025.txt,False,False,0,0,none,none,none,"The document does not contain explicit evidence related to Lebanon's climate mitigation, adaptation, or disaster risk reduction strategy/policy/legal framework for the period 2018-2022.","There is no explicit link between UNEP and climate change mitigation, adaptation, or disaster risk reduction strategy/policy/legal framework in Lebanon for the period 2018-2022.",[]
Lebanon,2022–2026,1,UNEP provided technical assistance Lebanon climate law endorsed policy strategy legal framework law regulation action plan after:2022-01-01 before:2026-01-01,NDC 3.0,https://unfccc.int/sites/default/files/2025-09/LBN%20NDC%203.0%2030.09.2025%20Final.pdf,"In addition, Lebanon is currently advancing climate governance and financial reforms, including the development of a national. Climate Change Framework Law and ...",https://unfccc.int › sites › default › files,unfccc_int_NDC_3_0.txt,False,False,0,0,none,none,unclear,,,[]
Lebanon,2018–2022,2,UNEP assisted Lebanon climate change regulation revised policy strategy legal framework law regulation action plan after:2018-01-01 before:2022-01-01,Climate Disruption and Planning: Resistance or Retreat?,https://www.tandfonline.com/doi/full/10.1080/14649357.2020.1704130,"Anticipated climate change not only means changes in global average temperatures, but also changes to the frequency and intensity of extreme weather and climate ...","https://www.tandfonline.com › ... › Volume 21, Issue 1",www_tandfonline_com_Climate_Disruption_and_Planning_Resistance_or_Retr.txt,False,False,0,0,none,none,global,"The document does not contain explicit evidence related to Lebanon's climate mitigation, adaptation, or disaster risk reduction strategy/policy/legal framework for the time window 2018-2022.",There is no explicit link between UNEP and any climate policy or strategy in Lebanon for the specified time period.,[]
Lebanon,2022–2026,1,UNEP provided technical assistance Lebanon climate law endorsed policy strategy legal framework law regulation action plan after:2022-01-01 before:2026-01-01,SwitchMed in Lebanon,https://www.unep.org/resources/policy-and-strategy/switchmed-lebanon,The Lebanese Sustainable Consumption and Production National Action Plan (SCP-NAP) was developed under the coordination of the Ministry of Environment (MoE) ...,https://www.unep.org › resources › policy-and-strategy,www_unep_org_SwitchMed_in_Lebanon.txt,True,True,80,80,National Action Plan,developed,national,The Lebanese Sustainable Consumption and Production National Action Plan (SCP-NAP) was developed under the coordination of the Ministry of Environment (MoE) with advisory services and technical support from the United Nations Environment Programme (UNEP).,UNEP provided advisory services and technical support for the development of the Lebanese Sustainable Consumption and Production National Action Plan (SCP-NAP).,"[""The Lebanese Sustainable Consumption and Production National Action Plan (SCP-NAP) was developed under the coordination of the Ministry of Environment (MoE) in close collaboration with the Ministry of Industry (MoI) and other key partners under the EU funded SwitchMed programme. with advisory services and technical support from the United Nations Environment Programme (UNEP).""]"
Lebanon,2022–2026,1,UNEP provided technical assistance Lebanon climate law endorsed policy strategy legal framework law regulation action plan after:2022-01-01 before:2026-01-01,Lebanon launches climate policy package to advance ...,https://www.adaptation-undp.org/lebanon-launches-climate-policy-package-advance-paris-agreement-goals-and-accelerate-low-carbon,"The package brings together three national strategies, the National Adaptation Plan (NAP 2025–2035), the updated Nationally Determined Contribution (NDC 3.0) ...",https://www.adaptation-undp.org › lebanon-launches-cli...,www_adaptation-undp_org_Lebanon_launches_climate_policy_package_to_advance.txt,True,False,90,0,"climate policy package, National Adaptation Plan (NAP), Nationally Determined Contribution (NDC), Long-Term Low Emission Development Strategy (LT-LEDS)",launched,national,"The document provides clear evidence of Lebanon launching a comprehensive climate policy package, including a National Adaptation Plan (NAP 2025–2035), an updated Nationally Determined Contribution (NDC 3.0), and a Long-Term Low Emission Development Strategy (LT-LEDS).","There is no explicit link between UNEP and the climate policy package adopted by Lebanon. The document mentions UNDP as the supporting organization, not UNEP.","[""Lebanon launches climate policy package to advance Paris Agreement goals and accelerate low-carbon transition"", ""The package brings together three national strategies, the National Adaptation Plan (NAP 2025–2035), the updated Nationally Determined Contribution (NDC 3.0), and the Long-Term Low Emission Development Strategy (LT-LEDS)"", ""with support from the United Nations Development Programme (UNDP)""]"
Lebanon,2022–2026,1,UNEP provided technical assistance Lebanon climate law endorsed policy strategy legal framework law regulation action plan after:2022-01-01 before:2026-01-01,Lebanon Launches “Climate Policy Package ...,https://www.facebook.com/MinistryOfEnvironment/posts/lebanon-launches-climate-policy-package-to-strengthen-paris-agreement-commitment/1111813894416201/,"Prime Minister Dr. Nawaf Salam and with the support of UNDP, the Ministry of Environment launched Lebanon's landmark Climate Policy Package—its most ...",10+ reactions,www_facebook_com_Lebanon_Launches_Climate_Policy_Package_.txt,True,False,81,0,climate policy package,launched,national,"The document provides clear evidence of Lebanon launching its Climate Policy Package, which includes the National Adaptation Plan (NAP 2025–2035), the updated Nationally Determined Contribution (NDC 3.0), and the Long-Term Low Emission Development Strategy (LT-LEDS).","There is no explicit link between UNEP and the adoption, approval, enactment, endorsement, launch, implementation, or development of the climate policy package or its components.","[""Lebanon Launches “Climate Policy Package” to Strengthen Paris Agreement Commitments and Cut Emissions"", ""The package brings together three national strategies: The National Adaptation Plan (NAP 2025–2035), The updated Nationally Determined Contribution (NDC 3.0), The Long-Term Low Emission Development Strategy (LT-LEDS)""]"
Lebanon,2022–2026,1,UNEP provided technical assistance Lebanon climate law endorsed policy strategy legal framework law regulation action plan after:2022-01-01 before:2026-01-01,2023-2025 - Lebanon,https://unsdg.un.org/sites/default/files/2022-11/UNSDCF_Lebanon_2023-2025.pdf,"Technical assistance is being provided to implement the national action plan for human rights, strengthen judicial independence, and enhance the management ...",https://unsdg.un.org › sites › default › files › UNS...,unsdg_un_org_2023_2025_Lebanon.txt,False,False,0,0,none,none,national,"The document does not contain explicit evidence related to climate mitigation, adaptation, or disaster risk reduction strategies/policies/legal frameworks adopted by Lebanon in 2022-2026.",There is no explicit link between UNEP and the adoption/implementation of climate-related strategies/policies/legal frameworks in Lebanon during 2022-2026.,[]
Lebanon,2022–2026,1,UNEP provided technical assistance Lebanon climate law endorsed policy strategy legal framework law regulation action plan after:2022-01-01 before:2026-01-01,The Ministry of Environment launched Lebanon's Climate ...,https://www.facebook.com/MinistryOfEnvironment/posts/the-ministry-of-environment-launched-lebanons-climate-policy-package-from-the-gr/1113406667590257/,"“The launch of this strategic plan provides a platform to effectively address environmental concerns over the next five years.” The plan focuses on key areas, ...",10+ reactions,www_facebook_com_The_Ministry_of_Environment_launched_Lebanon_s_Cli.txt,True,False,80,0,climate policy package,launched,national,"The Ministry of Environment launched Lebanon's Climate Policy Package, which indicates the adoption of a climate policy framework.",There is no explicit mention of UNEP supporting the climate policy package adoption or implementation.,"[""The Ministry of Environment launched Lebanon’s Climate Policy Package""]"
Lebanon,2022–2026,1,UNEP provided technical assistance Lebanon climate law endorsed policy strategy legal framework law regulation action plan after:2022-01-01 before:2026-01-01,A green future is possible for Lebanon | UNDP Climate Promise,https://climatepromise.undp.org/news-and-stories/green-future-lebanon-climate-finance-for-mitigation-and-adaptation,"Lebanon is also dealing with a series of intensifying climate change impacts. The country is vulnerable to heat waves, droughts, wildfires, and storms.",https://climatepromise.undp.org › news-and-stories › gre...,climatepromise_undp_org_A_green_future_is_possible_for_Lebanon_UNDP_Climat.txt,True,False,80,0,NDC,revised,national,The document provides clear evidence that Lebanon revised its Nationally Determined Contributions (NDC) in 2021 with ambitious targets to reduce greenhouse gas emissions and increase the share of renewable energy in the energy mix. The NDC also sets up a comprehensive list of adaptation priorities for the country.,There is no explicit link between UNEP and the adoption or implementation of Lebanon's climate policies or strategies in the document.,"[""Lebanon revised its Nationally Determined Contributions (NDC) to be more ambitious, with support from UNDP’s Climate Promise."", ""The NDC also sets up a comprehensive list of adaptation priorities for the country."", ""Lebanon’s journey to a green, inclusive, and resilient society relies on adequate and predictable climate finance and investments and the enhanced capacity and strengthened governance of Lebanese institutions.""]"
Lebanon,2022–2026,1,UNEP provided technical assistance Lebanon climate law endorsed policy strategy legal framework law regulation action plan after:2022-01-01 before:2026-01-01,Country Cooperation Strategy - Dashboards,https://applications.emro.who.int/docs/9789292746667-eng.pdf,"The Country Cooperation Strategy for WHO and Lebanon, 2026–2029, outlines the World Health Organization's. (WHO) medium-term strategic framework for ...",https://applications.emro.who.int › docs › 978929...,applications_emro_who_int_Country_Cooperation_Strategy_Dashboards.txt,False,False,0,0,none,none,national,"The document does not contain explicit evidence related to climate change mitigation, adaptation, or disaster risk reduction strategies, policies, or legal frameworks for Lebanon in 2022-2026.",There is no explicit link between UNEP and any climate-related outcomes in Lebanon during 2022-2026.,[]
Lebanon,2022–2026,1,UNEP provided technical assistance Lebanon climate law endorsed policy strategy legal framework law regulation action plan after:2022-01-01 before:2026-01-01,REGULATORY ANALYSIS LEBANON:,https://lcec.org.lb/sites/default/files/2023-07/OP3-Cool%20Up_Regulatory%20Analysis%20Lebanon.pdf,"In the policy and regulation workstream, the Cool Up programme supports its partner countries in leveraging policy stimuli and developing policy interventions.",https://lcec.org.lb › sites › default › files › OP3-C...,lcec_org_lb_REGULATORY_ANALYSIS_LEBANON_.txt,True,False,60,0,"national plans and strategies, laws and bylaws, standards and codes","developed, implemented, proposed",national,"The document provides evidence of Lebanon's efforts to address climate change through various national plans and strategies, laws and bylaws, and standards and codes. The National Cooling Plan (NCP) and the National Energy Efficiency Action Plan (NEEAP) are examples of such efforts. However, the implementation and enforcement of these policies are limited.",There is no explicit evidence of UNEP's attribution to the climate policy or legal framework in Lebanon.,"[""The Government of Lebanon ratified the Kigali Amendment on February 5th, 2020."", ""Lebanon has issued several national action plans and strategies to phase down HFC and improve the energy efficiency of energy use sectors."", ""The National Cooling Plan (NCP) tackles the greenhouse gases (GHG) and ozone-depleting substances (ODS) emissions from cooling demand."", ""The Lebanese government, under law 359/1994, has joined the United Nations Framework Convention on Climate Change."", ""The Kigali Amendment was ratified on the 5th of February 2020.""]"
Lebanon,2022–2026,1,UNEP provided technical assistance Lebanon climate law endorsed policy strategy legal framework law regulation action plan after:2022-01-01 before:2026-01-01,Laying the Ground for Scaling up Climate Finance in Sub ...,https://www.elibrary.imf.org/view/journals/001/2025/099/article-A001-en.xml,"Section 4 outlines adaptation and mitigation priorities, emphasizing the need for climate-resilient infrastructure, sustainable agriculture, and renewable ...",https://www.elibrary.imf.org › journals › article-A001-en,www_elibrary_imf_org_Laying_the_Ground_for_Scaling_up_Climate_Finance_i.txt,False,False,0,0,none,none,none,"The document does not contain explicit evidence related to Lebanon's climate mitigation, adaptation, or disaster risk reduction strategy/policy/legal framework for the time window 2022–2026.",There is no explicit link between UNEP and climate policy/strategy/legal framework in Lebanon for the specified time window.,[]
Lebanon,2022–2026,1,UNEP provided technical assistance Lebanon climate law endorsed policy strategy legal framework law regulation action plan after:2022-01-01 before:2026-01-01,(PDF) United Nations Environment Program (UNEP),https://www.researchgate.net/publication/363258265_United_Nations_Environment_Program_UNEP,"UNEP's work has been categorized into thematic areas such as: climate change, disasters and conflicts, ecosystem management, environmental management, chemical ...",https://www.researchgate.net › publication › 36325826...,www_researchgate_net__PDF_United_Nations_Environment_Program_UNEP_.txt,False,False,0,0,none,none,unclear,,,[]
Lebanon,2022–2026,1,UNEP provided technical assistance Lebanon climate law endorsed policy strategy legal framework law regulation action plan after:2022-01-01 before:2026-01-01,PROPOSAL FOR LEBANON,https://www.adaptation-fund.org/wp-content/uploads/2025/03/3_AFB.PPRC_.35.15-Proposal-for-Lebanon.pdf,The following fully-developed project/programme document titled “Climate Change. Resilience and Ecosystem Connectivity (CC-REC)” was submitted for Lebanon by ...,https://www.adaptation-fund.org › 2025/03 › 3_...,www_adaptation-fund_org_PROPOSAL_FOR_LEBANON.txt,False,False,0,0,none,none,national,"The document does not contain explicit evidence related to climate mitigation strategy/policy/legal framework, climate adaptation strategy/policy/legal framework, or disaster risk reduction strategy/policy/legal framework for Lebanon in 2022-2026.",There is no explicit link between UNEP and any climate policy or strategy in Lebanon for the given time period.,[]
Lebanon,2022–2026,1,UNEP provided technical assistance Lebanon climate law endorsed policy strategy legal framework law regulation action plan after:2022-01-01 before:2026-01-01,National report on Compliance - Lebanon,https://openknowledge.fao.org/server/api/core/bitstreams/169090d8-ebbd-4215-b844-c493a2c080bd/content,These legislations are originally meant to regulate and protect the environment and include the following laws: Law 256-1994: Framework Convention on Climate ...,https://openknowledge.fao.org › core › content,openknowledge_fao_org_National_report_on_Compliance_Lebanon.txt,False,False,0,0,none,none,national,"The document does not contain explicit evidence related to climate mitigation, adaptation, or disaster risk reduction strategies/policies/legal frameworks for Lebanon in 2022-2026.",There is no explicit link between UNEP and any climate policy or legal framework adoption in Lebanon during 2022-2026.,"[""The document primarily focuses on the implementation of the International Treaty on Plant Genetic Resources for Food and Agriculture (ITPGRFA) in Lebanon, discussing plant genetic resources, conservation, and sustainable use.""]"
Lebanon,2022–2026,1,UNEP provided technical assistance Lebanon climate law endorsed policy strategy legal framework law regulation action plan after:2022-01-01 before:2026-01-01,2nd Multi Stakeholder Meeting Lebanon - GWP,https://www.gwp.org/en/GWP-Mediterranean/WE-ACT/News-List-Page/2025/2nd-multi-stakeholder-meeting-lebanon/,"Its development supports the effective implementation of laws and planning documents of the Lebanese ... Action Plan (UNEP/MAP), which is the MedProgramme ...",https://www.gwp.org › WE-ACT › News-List-Page › 2n...,www_gwp_org_2nd_Multi_Stakeholder_Meeting_Lebanon_GWP.txt,False,False,0,0,none,none,regional,"The document does not contain explicit evidence related to climate mitigation, adaptation, or disaster risk reduction strategies/policies/legal frameworks for Lebanon in 2022-2026.",There is no explicit link between UNEP and any climate-related policy or strategy in Lebanon for 2022-2026.,[]
Lebanon,2022–2026,1,UNEP provided technical assistance Lebanon climate law endorsed policy strategy legal framework law regulation action plan after:2022-01-01 before:2026-01-01,Global Cooling Pledge For COP28,https://www.cop28.com/en/global-cooling-pledge-for-cop28,"Join us in the Global Cooling Pledge at COP28: Achieve sustainable cooling by 2050, mitigating climate change, protecting health, & advancing global ...",https://www.cop28.com › global-cooling-pledge-for-co...,www_cop28_com_Global_Cooling_Pledge_For_COP28.txt,True,False,81,0,mitigation strategy / adaptation strategy,endorsed,global,"The document mentions Lebanon as one of the countries endorsing the Global Cooling Pledge, which aims to reduce cooling-related emissions and promote sustainable cooling practices. This pledge includes commitments to adopt and implement climate mitigation and adaptation strategies.","Although UNEP is mentioned several times in the document, there is no explicit link between UNEP and Lebanon's adoption or implementation of climate mitigation or adaptation strategies.","[""Lebanon"", ""Global Cooling Pledge"", ""reduce cooling-related emissions"", ""sustainable cooling practices"", ""climate mitigation and adaptation strategies""]"
Lebanon,2022–2026,1,UNEP provided technical assistance Lebanon climate law endorsed policy strategy legal framework law regulation action plan after:2022-01-01 before:2026-01-01,New paper explores practical steps toward integrated ...,https://www.unep.org/technical-highlight/new-paper-explores-practical-steps-toward-integrated-environmental-action,New paper explores practical steps toward integrated environmental action · Integrated planning and policy coherence · Synergistic finance · Harmonized monitoring ...,https://www.unep.org › technical-highlight › new-paper...,www_unep_org_New_paper_explores_practical_steps_toward_integrat.txt,False,False,0,0,none,none,global,"The document does not contain explicit evidence related to climate mitigation, adaptation, or disaster risk reduction strategies/policies/legal frameworks for Lebanon in 2022-2026.",The document does not explicitly link UNEP to strengthening/enabling/adoption/implementation of any climate policy/strategy/legal framework in Lebanon during 2022-2026.,[]
Lebanon,2022–2026,1,UNEP provided technical assistance Lebanon climate law endorsed policy strategy legal framework law regulation action plan after:2022-01-01 before:2026-01-01,Summary report 2–5 December 2025,https://enb.iisd.org/barcelona-convention-cop24-summary,"It also endorsed the preparation of a framework convention for protecting the marine environment against pollution, as well as two related protocols that would ...",https://enb.iisd.org › barcelona-convention-cop24-sum...,enb_iisd_org_Summary_report_2_5_December_2025.txt,False,False,0,0,none,none,none,"The document does not contain explicit evidence related to Lebanon's climate mitigation, adaptation, or disaster risk reduction strategy/policy/legal framework for the time window 2022-2026.",There is no explicit link between UNEP and strengthening/enabling/adoption/implementation of any climate policy/strategy/legal framework in Lebanon during 2022-2026.,[]
Lebanon,2022–2026,1,UNEP provided technical assistance Lebanon climate law endorsed policy strategy legal framework law regulation action plan after:2022-01-01 before:2026-01-01,Global Methane Pledge: Homepage,https://www.globalmethanepledge.org/,The Pledge aims to catalyze global action and strengthen support for existing international methane emission reduction initiatives.,https://www.globalmethanepledge.org,www_globalmethanepledge_org_Global_Methane_Pledge_Homepage.txt,False,False,0,0,none,none,global,"The document does not contain explicit evidence related to climate mitigation, adaptation, or disaster risk reduction strategies/policies/legal frameworks for Lebanon in 2022-2026.",There is no explicit link between UNEP and any climate policy/strategy/legal framework adoption in Lebanon during 2022-2026.,[]
Lebanon,2022–2026,1,UNEP provided technical assistance Lebanon climate law endorsed policy strategy legal framework law regulation action plan after:2022-01-01 before:2026-01-01,Governing for the green transition: Government at a Glance ...,https://www.oecd.org/en/publications/2025/06/government-at-a-glance-2025_70e14c6c/full-report/governing-for-the-green-transition_075e9a83.html,"This section examines how governments can set an effective long-term framework for climate change mitigation policy, incorporating appropriate legal and ...",https://www.oecd.org › ... › Full Report,www_oecd_org_Governing_for_the_green_transition_Government_at_a.txt,False,False,0,0,none,none,global,"The document does not contain explicit evidence related to Lebanon's climate mitigation, adaptation, or disaster risk reduction strategy/policy/legal framework for the time window 2022–2026.",There is no explicit link between UNEP and any climate policy or strategy in Lebanon for the specified time period.,[]
Lebanon,2022–2026,1,UNEP provided technical assistance Lebanon climate law endorsed policy strategy legal framework law regulation action plan after:2022-01-01 before:2026-01-01,REVISED ACTION PLAN,https://www.rcc.int/download/docs/GAWB%20Pillars%20ENG-22102025.pdf/b05147f620d2e8fe82af3a7fc428d211.pdf,Objectives set in the corresponding laws of the WB6 should include the minimum: framework for strategic planning for implementation of climate actions related ...,https://www.rcc.int › download › docs,www_rcc_int_REVISED_ACTION_PLAN.txt,False,False,0,0,none,none,none,"The document does not contain explicit evidence related to Lebanon's climate mitigation, adaptation, or disaster risk reduction strategy/policy/legal framework for the time window 2022–2026.",There is no explicit link between UNEP and climate policy actions in Lebanon for the specified time window.,[]
Lebanon,2022–2026,1,UNEP provided technical assistance Lebanon climate law endorsed policy strategy legal framework law regulation action plan after:2022-01-01 before:2026-01-01,this action is funded by the european union,https://fpi.ec.europa.eu/document/download/a2f4e571-384b-454d-b683-7576c27e42b1_en,"UNEP will build on its expertise on environmental governance, climate adaptation planning, integrated programming solutions in crisis-affected contexts to ...",https://fpi.ec.europa.eu › document › download,fpi_ec_europa_eu_this_action_is_funded_by_the_european_union.txt,False,False,0,0,none,none,global,"The document does not contain explicit evidence related to Lebanon's climate mitigation, adaptation, or disaster risk reduction strategy/policy/legal framework for the period 2022-2026.","There is no explicit link between UNEP and climate change mitigation, adaptation, or disaster risk reduction strategy/policy/legal framework outcomes in Lebanon for the period 2022-2026.","[""This action builds on an established EU-UNEP partnership"", ""The proposed second phase of this partnership will build on the conceptual frameworks and practical experience developed during phase 1"", ""The partnership will work to address emerging environment-related risks, with a focus on transboundary dimensions""]"
Lebanon,2022–2026,1,UNEP provided technical assistance Lebanon climate law endorsed policy strategy legal framework law regulation action plan after:2022-01-01 before:2026-01-01,The Conflict and Environment Observatory,https://ceobs.org/,"The Conflict and Environment Observatory (CEOBS) monitors and raises awareness of the environmental dimensions of armed conflicts and military activities, ...",https://ceobs.org,ceobs_org_The_Conflict_and_Environment_Observatory.txt,False,False,0,0,none,none,unclear,,,[]
Lebanon,2022–2026,1,UNEP provided technical assistance Lebanon climate law endorsed policy strategy legal framework law regulation action plan after:2022-01-01 before:2026-01-01,Nuclear Energy and Climate Change,https://www-pub.iaea.org/MTCD/Publications/PDF/PAT-002_web.pdf,The IAEA plays a leading role in assisting its. Member States as they respond to climate change with nuclear energy by supporting existing and new nuclear.,https://www-pub.iaea.org › PDF › PAT-002_web,www-pub_iaea_org_Nuclear_Energy_and_Climate_Change.txt,False,False,0,0,none,none,global,"The document does not contain explicit evidence related to Lebanon's climate mitigation, adaptation, or disaster risk reduction strategy/policy/legal framework for 2022-2026.",There is no explicit link between UNEP and climate policy or legal framework outcomes in Lebanon for 2022-2026.,[]
Lebanon,2022–2026,1,UNEP provided technical assistance Lebanon climate law endorsed policy strategy legal framework law regulation action plan after:2022-01-01 before:2026-01-01,BRIEFING PACKAGE 2024,https://www.unodc.org/documents/Maritime_crime/briefing_package_2024_en_web_version.pdf,"In 2024, GMCP provided technical assistance to Member States to enhance the detection, investigation, prosecution, and adjudication of maritime crime.",https://www.unodc.org › Maritime_crime › briefi...,www_unodc_org_BRIEFING_PACKAGE_2024.txt,False,False,0,0,none,none,none,"The document does not contain explicit evidence related to climate change mitigation, adaptation, or disaster risk reduction strategies/policies/legal frameworks for Lebanon in 2022-2026.",There is no explicit link between UNEP and any climate-related outcomes in Lebanon during 2022-2026.,[]
Lebanon,2022–2026,1,UNEP provided technical assistance Lebanon climate law endorsed policy strategy legal framework law regulation action plan after:2022-01-01 before:2026-01-01,Unraveling the Impact of Environmentally Harmful ...,https://planbleu.org/wp-content/uploads/2024/10/EHS-Report.pdf,Mediterranean countries within the UNEP/. Mediterranean Action Plan framework can help with the exchange and sharing of best practices and fisheries data to ...,https://planbleu.org › 2024/10 › EHS-Report,planbleu_org_Unraveling_the_Impact_of_Environmentally_Harmful_.txt,False,False,0,0,none,none,none,"The document does not contain explicit evidence related to climate change mitigation, adaptation, or disaster risk reduction strategies/policies/legal frameworks for Lebanon in 2022-2026.",There is no explicit link between UNEP and any climate policy or legal framework adoption in Lebanon during 2022-2026.,[]
Lebanon,2022–2026,1,UNEP provided technical assistance Lebanon climate law endorsed policy strategy legal framework law regulation action plan after:2022-01-01 before:2026-01-01,National approaches to the protection of dark and quiet skies,https://cps.iau.org/documents/233/IAU_CPS._National_Analysis_Report.pdf,This structure provides an overview of national regulations related to satellite interference with astronomical observations and identifies regulatory gaps.,https://cps.iau.org › documents › IAU_CPS._Natio...,cps_iau_org_National_approaches_to_the_protection_of_dark_and_.txt,False,False,0,0,none,none,none,"The document does not contain explicit evidence related to Lebanon's climate mitigation, adaptation, or disaster risk reduction strategy/policy/legal framework for 2022-2026.",There is no explicit link between UNEP and climate-related outcomes in Lebanon for 2022-2026.,[]
Lebanon,2022–2026,1,UNEP provided technical assistance Lebanon climate law endorsed policy strategy legal framework law regulation action plan after:2022-01-01 before:2026-01-01,Governing for the green transition: Government at a Glance ...,https://www.oecd.org/en/publications/2025/06/government-at-a-glance-2025_70e14c6c/full-report/governing-for-the-green-transition_075e9a83.html,"This section examines how governments can set an effective long-term framework for climate change mitigation policy, incorporating appropriate legal and ...",https://www.oecd.org › ... › Full Report,www_oecd_org_Governing_for_the_green_transition_Government_at_a.txt,False,False,0,0,none,none,global,"The document does not contain explicit evidence related to Lebanon's climate mitigation, adaptation, or disaster risk reduction strategy/policy/legal framework for the time window 2022–2026.",There is no explicit link between UNEP and any climate policy or strategy in Lebanon for the time window 2022–2026.,[]
Lebanon,2022–2026,1,UNEP provided technical assistance Lebanon climate law endorsed policy strategy legal framework law regulation action plan after:2022-01-01 before:2026-01-01,(PDF) United Nations Environment Program (UNEP),https://www.researchgate.net/publication/363258265_United_Nations_Environment_Program_UNEP,"UNEP's work has been categorized into thematic areas such as: climate change, disasters and conflicts, ecosystem management, environmental management, chemical ...",https://www.researchgate.net › publication › 36325826...,www_researchgate_net__PDF_United_Nations_Environment_Program_UNEP_.txt,False,False,0,0,none,none,unclear,,,[]
Lebanon,2022–2026,1,UNEP provided technical assistance Lebanon climate law endorsed policy strategy legal framework law regulation action plan after:2022-01-01 before:2026-01-01,Lebanon's Motion Adopted at the IUCN World ...,https://www.facebook.com/CNRSLebanon/posts/lebanons-motion-adopted-at-the-iucn-world-conservation-congress-abu-dhabi-2025mo/1120292940283830/,"The motion opens a joint fundraising avenue of USD 12 million to support restoration of forests, soils, coasts, and biodiversity across affected regions.",10+ reactions,www_facebook_com_Lebanon_s_Motion_Adopted_at_the_IUCN_World_.txt,False,False,0,0,none,none,unclear,"The document does not contain explicit evidence related to climate mitigation, adaptation, or disaster risk reduction strategies/policies/legal frameworks adopted in Lebanon during 2022-2026.",There is no explicit link between UNEP and any climate policy or strategy in Lebanon during 2022-2026.,[]
Lebanon,2022–2026,1,UNEP provided technical assistance Lebanon climate law endorsed policy strategy legal framework law regulation action plan after:2022-01-01 before:2026-01-01,Paving the way for Sustainable Public Procurement in ...,https://institutdesfinances.gov.lb/sites/default/files/2024-06/Paving%20the%20way%20for%20SPP-Policy-Guidance-Note-sept23.pdf,"To mainstream sustainability in the public procurement process in Lebanon based on the provisions of Law 244, national policies and action plans are needed.",https://institutdesfinances.gov.lb › default › files,institutdesfinances_gov_lb_Paving_the_way_for_Sustainable_Public_Procurement_.txt,False,False,0,0,none,none,national,"The document does not contain explicit evidence related to climate mitigation, adaptation, or disaster risk reduction strategies/policies/legal frameworks for Lebanon in 2022-2026.",There is no explicit link between UNEP and any climate policy or legal framework adoption in Lebanon during 2022-2026.,"[""No relevant evidence found.""]"
Lebanon,2022–2026,1,UNEP provided technical assistance Lebanon climate law endorsed policy strategy legal framework law regulation action plan after:2022-01-01 before:2026-01-01,further updates will be published,https://mof.gov.jo/EBV4.0/Root_Storage/AR/itar2024_compressed.pdf,"Jordan is committed to sustainable growth and development, and it has set medium- and long-term goals linked to climate change, disaster risk management and.",https://mof.gov.jo › EBV4.0 › itar2024_compressed,mof_gov_jo_further_updates_will_be_published.txt,False,False,0,0,none,none,unclear,,,[]
Lebanon,2022–2026,1,UNEP provided technical assistance Lebanon climate law endorsed policy strategy legal framework law regulation action plan after:2022-01-01 before:2026-01-01,COP29 Declaration on Green Digital Action,https://cop29.az/en/pages/cop29-declaration-on-green-digital-action,Recognising the imperative to mitigate and adapt to climate change and underscoring the important role of digital technologies in achieving these objectives.,https://cop29.az › pages › cop29-declaration-on-green-di...,cop29_az_COP29_Declaration_on_Green_Digital_Action.txt,True,False,0,0,none,none,global,"The document does not provide explicit evidence of climate change mitigation, adaptation, or disaster risk reduction strategies/policies/legal frameworks adopted by Lebanon in 2022-2026.",There is no explicit link between UNEP and any climate policy or strategy in Lebanon during 2022-2026.,[]
Lebanon,2022–2026,1,UNEP provided technical assistance Lebanon climate law endorsed policy strategy legal framework law regulation action plan after:2022-01-01 before:2026-01-01,Lebanon Launches Climate Policy Package to Advance ...,https://www.undp.org/lebanon/press-releases/lebanon-launches-climate-policy-package-advance-paris-agreement-goals-and-accelerate-low-carbon-transition,"The package brings together three national strategies, the National Adaptation Plan (NAP 2025–2035), the updated Nationally Determined Contribution (NDC 3.0) ...",https://www.undp.org › lebanon › press-releases › leban...,www_undp_org_Lebanon_Launches_Climate_Policy_Package_to_Advance.txt,True,False,90,0,"climate policy package, National Adaptation Plan (NAP), Nationally Determined Contribution (NDC), Long-Term Low Emission Development Strategy (LT-LEDS)",launched,national,"The document provides clear evidence of Lebanon launching a comprehensive climate policy package, including the National Adaptation Plan (NAP 2025–2035), the updated Nationally Determined Contribution (NDC 3.0), and the Long-Term Low Emission Development Strategy (LT-LEDS).","There is no explicit link between UNEP and the climate policy package adopted or implemented by Lebanon. The document mentions UNDP as the supporting organization, not UNEP.","[""Lebanon Launches Climate Policy Package to Advance Paris Agreement Goals and Accelerate Low-Carbon Transition"", ""The package brings together three national strategies, the National Adaptation Plan (NAP 2025–2035), the updated Nationally Determined Contribution (NDC 3.0), and the Long-Term Low Emission Development Strategy (LT-LEDS)."", ""The launch brought together government officials, international partners, and civil society representatives.""]"
Lebanon,2022–2026,1,UNEP provided technical assistance Lebanon climate law endorsed policy strategy legal framework law regulation action plan after:2022-01-01 before:2026-01-01,Pakistan Carbon Market Policy Guidelines,https://unepccc.org/spar6c-supports-pakistan-in-launching-carbon-market-policy-guidelines-at-cop29-baku/,The new guidelines aim to establish a clear regulatory framework for governing both voluntary and compliance carbon market activities in Pakistan.,https://unepccc.org › spar6c-supports-pakistan-in-launc...,unepccc_org_Pakistan_Carbon_Market_Policy_Guidelines.txt,False,False,0,0,none,none,global,The document does not contain explicit evidence related to Lebanon or the time window 2022–2026. It discusses Pakistan's carbon market policy guidelines and their launch at COP29.,There is no explicit link between UNEP and climate policy/strategy/legal framework outcomes in Lebanon for 2022–2026.,[]
Lebanon,2022–2026,1,UNEP provided technical assistance Lebanon climate law endorsed policy strategy legal framework law regulation action plan after:2022-01-01 before:2026-01-01,Call for Projects 2026,https://mitigation-action.org/call-for-projects-2026/,"Our funding is used to develop financial mechanisms and deliver technical assistance to tackle wider policy, regulatory or other barriers that inhibit ...",https://mitigation-action.org › call-for-projects-2026,mitigation-action_org_Call_for_Projects_2026.txt,False,False,0,0,none,none,unclear,,,[]
Lebanon,2022–2026,1,UNEP provided technical assistance Lebanon climate law endorsed policy strategy legal framework law regulation action plan after:2022-01-01 before:2026-01-01,The Lebanese Parliament launches the National Human ...,https://nhrclb.org/en/archives/3816,A clear legislative endorsement by Parliament that renders the plan binding. Alignment with Lebanon's international commitments to ensure access to remedies.,https://nhrclb.org › archives,nhrclb_org_The_Lebanese_Parliament_launches_the_National_Huma.txt,False,False,0,0,none,none,national,"The document does not contain explicit evidence related to climate mitigation, adaptation, or disaster risk reduction strategies/policies/legal frameworks for Lebanon in 2022-2026.",There is no explicit link between UNEP and any climate-related policy or strategy in Lebanon for 2022-2026.,[]
Lebanon,2022–2026,1,UNEP provided technical assistance Lebanon climate law endorsed policy strategy legal framework law regulation action plan after:2022-01-01 before:2026-01-01,Putting America First In International Environmental ...,https://www.whitehouse.gov/presidential-actions/2025/01/putting-america-first-in-international-environmental-agreements/,It is the policy of my Administration to put the interests of the United States and the American people first in the development and negotiation of any ...,https://www.whitehouse.gov › ... › Presidential Actions,www_whitehouse_gov_Putting_America_First_In_International_Environment.txt,False,False,0,0,none,none,unclear,The document does not contain any information about Lebanon or climate policies related to Lebanon for the time window 2022-2026.,The document does not mention UNEP or any climate-related activities by UNEP in Lebanon for the time window 2022-2026.,[]
Lebanon,2022–2026,1,UNEP provided technical assistance Lebanon climate law endorsed policy strategy legal framework law regulation action plan after:2022-01-01 before:2026-01-01,Mediterranean Action Plan (MAP) - Barcelona Convention,https://www.unep.org/mediterranean-action-plan-map-barcelona-convention,MAP cooperates with various partners to provide support for capacity building and technical assistance for the development of measures and the implementation of ...,https://www.unep.org › mediterranean-action-plan-map...,www_unep_org_Mediterranean_Action_Plan_MAP_Barcelona_Convention.txt,False,False,0,0,none,none,global,"The document does not contain explicit evidence related to climate mitigation strategy/policy/legal framework, climate adaptation strategy/policy/legal framework, or disaster risk reduction strategy/policy/legal framework for Lebanon during 2022-2026.",There is no explicit link between UNEP and strengthening/enabling/adoption/implementation of any climate-related policy/strategy/legal framework in Lebanon during 2022-2026.,[]
Lebanon,2022–2026,1,UNEP provided technical assistance Lebanon climate law endorsed policy strategy legal framework law regulation action plan after:2022-01-01 before:2026-01-01,Investing in Climate for Growth and Development,https://www.oecd.org/en/publications/investing-in-climate-for-growth-and-development_16b7cbc7-en/full-report/enablers-for-effective-ndc-implementation_8565072c.html,"The Climate Change Framework Law mandated the update of the Financial Strategy for Climate Change, led by the Ministry of Finance, to integrate current NDC ...",https://www.oecd.org › ... › Full Report,www_oecd_org_Investing_in_Climate_for_Growth_and_Development.txt,False,False,0,0,none,none,none,"The document does not contain explicit evidence related to Lebanon's climate mitigation, adaptation, or disaster risk reduction strategy/policy/legal framework for 2022-2026.",There is no explicit link between UNEP and Lebanon's climate policy/strategy/legal framework in the provided document.,[]
Lebanon,2022–2026,1,UNEP provided technical assistance Lebanon climate law endorsed policy strategy legal framework law regulation action plan after:2022-01-01 before:2026-01-01,Global EV Policy Explorer – Data Tools,https://www.iea.org/data-and-statistics/data-tools/global-ev-policy-explorer,"Through the national Action Plan for Energy and Climate, the Albanian government aims to install 200 to 300 charging stations by 2025 throughout the country.",https://www.iea.org › data-and-statistics › global-ev-pol...,www_iea_org_Global_EV_Policy_Explorer_Data_Tools.txt,False,False,0,0,none,none,none,,,[]
Lebanon,2022–2026,2,UNEP implemented Lebanon climate action plan implemented policy strategy legal framework law regulation action plan after:2022-01-01 before:2026-01-01,Lebanon launches climate policy package to advance ...,https://www.adaptation-undp.org/lebanon-launches-climate-policy-package-advance-paris-agreement-goals-and-accelerate-low-carbon,"The package brings together three national strategies, the National Adaptation Plan (NAP 2025–2035), the updated Nationally Determined Contribution (NDC 3.0) ...",https://www.adaptation-undp.org › lebanon-launches-cli...,www_adaptation-undp_org_Lebanon_launches_climate_policy_package_to_advance.txt,True,False,90,0,"climate policy package, National Adaptation Plan (NAP), Nationally Determined Contribution (NDC), Long-Term Low Emission Development Strategy (LT-LEDS)",launched,national,"The document provides clear evidence of Lebanon launching a comprehensive climate policy package, including the National Adaptation Plan (NAP 2025–2035), the updated Nationally Determined Contribution (NDC 3.0), and the Long-Term Low Emission Development Strategy (LT-LEDS).","There is no explicit link between UNEP and the adoption or implementation of the climate policy package in Lebanon. The document mentions UNDP as the supporting organization, not UNEP.","[""Lebanon launches climate policy package to advance Paris Agreement goals and accelerate low-carbon transition"", ""The package brings together three national strategies, the National Adaptation Plan (NAP 2025–2035), the updated Nationally Determined Contribution (NDC 3.0), and the Long-Term Low Emission Development Strategy (LT-LEDS)"", ""The launch brought together government officials, international partners, and civil society representatives.""]"
Lebanon,2022–2026,2,UNEP implemented Lebanon climate action plan implemented policy strategy legal framework law regulation action plan after:2022-01-01 before:2026-01-01,Lebanon Launches “Climate Policy Package ...,https://www.facebook.com/MinistryOfEnvironment/posts/lebanon-launches-climate-policy-package-to-strengthen-paris-agreement-commitment/1111813894416201/,"✨ This plan is a tool to protect the Mediterranean Sea from land-based pollution sources. It updates Lebanon's commitments to the Barcelona Convention, its ...",10+ reactions,www_facebook_com_Lebanon_Launches_Climate_Policy_Package_.txt,True,False,81,0,"climate policy package, national adaptation plan, nationally determined contribution, long-term low emission development strategy",launched,national,"The document provides clear evidence of Lebanon launching its Climate Policy Package, which includes the National Adaptation Plan (NAP 2025–2035), the updated Nationally Determined Contribution (NDC 3.0), and the Long-Term Low Emission Development Strategy (LT-LEDS).","There is no explicit link between UNEP and the adoption, approval, enactment, endorsement, launch, implementation, or development of the climate policy package or its components.","[""Lebanon Launches “Climate Policy Package”"", ""The package brings together three national strategies: • The National Adaptation Plan (NAP 2025–2035) • The updated Nationally Determined Contribution (NDC 3.0) • The Long-Term Low Emission Development Strategy (LT-LEDS)"", ""with the support of UNDP""]"
Lebanon,2022–2026,2,UNEP implemented Lebanon climate action plan implemented policy strategy legal framework law regulation action plan after:2022-01-01 before:2026-01-01,Recommendations for Climate Action Coordination Strategy,https://www.climamed.eu/wp-content/uploads/files/Lebanon-CAS-31-OCT-2024-V2.pdf,"The National Climate Policy Framework includes political commitments, mandates, and laws that support the in- tegration of mitigation and adaptation objectives ...",https://www.climamed.eu › uploads › files › Leb...,www_climamed_eu_Recommendations_for_Climate_Action_Coordination_St.txt,True,False,80,0,Climate Action Coordination Strategy,developed,national,"The document provides detailed information on Lebanon's climate policy framework, including its Nationally Determined Contribution (NDC), National Adaptation Plan (NAP), and Low Emission Development Strategy (LEDS). The document also highlights the country's efforts to mainstream climate change into national policies and strategies.",There is no explicit mention of UNEP's support or involvement in the development of Lebanon's climate policy framework.,"[""The document aims to provide recommendations for national authorities to improve mainstreaming of Climate Change (both mitigation and adaptation) into public policies, and to apply more effective ways to conduct Climate Change actions towards improved Climate Finance."", ""Lebanon has been a Party to the United Nations Framework Convention on Climate Change (UNFCCC) since 1994 and ratified the Kyoto Protocol in 2006, and the Paris Agreement to the UNFCCC."", ""The CAS assessment includes key indicators that analyze the context of NDCs’ implementation-related activities."", ""The Ministry of Environment became Coordinator of the NDC Committee in 2017, following the recommendation of the Council of Ministers.""]"
Lebanon,2022–2026,2,UNEP implemented Lebanon climate action plan implemented policy strategy legal framework law regulation action plan after:2022-01-01 before:2026-01-01,Lebanon Advances Climate Action: UNDP and Ministry of ...,https://www.undp.org/lebanon/press-releases/lebanon-advances-climate-action-undp-and-ministry-environment-host-panel-discussion-progress-and-challenges,Lebanon continues to take significant steps to address climate change and foster sustainable development as part of its commitments under the Paris Agreement.,https://www.undp.org › lebanon › press-releases › leban...,www_undp_org_Lebanon_Advances_Climate_Action_UNDP_and_Ministry_.txt,True,False,80,0,long-term low-emission development strategy,developed,national,"The document mentions Lebanon's Long-term Low-Emission Development Strategy (LT-LEDS) and its efforts to advance climate action, including meeting its Nationally Determined Contributions (NDC) targets under the Paris Agreement.",There is no explicit mention of UNEP's role in supporting Lebanon's climate policies or strategies.,"[""Lebanon’s Long-term Low-Emission Development Strategy (LT-LEDS) prepared by the Ministry of Environment with the support of UNDP"", ""Lebanon continues to take significant steps to address climate change and foster sustainable development as part of its commitments under the Paris Agreement"", ""The support provided by UNDP falls within the Climate Promise initiative""]"
Lebanon,2022–2026,2,UNEP implemented Lebanon climate action plan implemented policy strategy legal framework law regulation action plan after:2022-01-01 before:2026-01-01,The Ministry of Environment launched Lebanon's Climate ...,https://www.facebook.com/MinistryOfEnvironment/posts/the-ministry-of-environment-launched-lebanons-climate-policy-package-from-the-gr/1113406667590257/,"The Ministry of Environment launched Lebanon's Climate Policy Package from the Grand Serail, under the patronage of Prime Minister Nawaf Salam, with the ...",10+ reactions,www_facebook_com_The_Ministry_of_Environment_launched_Lebanon_s_Cli.txt,True,False,80,0,climate policy package,launched,national,"The Ministry of Environment launched Lebanon’s Climate Policy Package, which indicates the adoption of a climate policy framework.",There is no explicit mention of UNEP supporting the climate policy package launch.,"[""The Ministry of Environment launched Lebanon’s Climate Policy Package from the Grand Serail, under the patronage of Prime Minister Nawaf Salam, with the participation of ministers, ambassadors, and official figures, and with the support of the United Nations Development Programme (UNDP).""]"
Lebanon,2022–2026,2,UNEP implemented Lebanon climate action plan implemented policy strategy legal framework law regulation action plan after:2022-01-01 before:2026-01-01,REGULATORY ANALYSIS LEBANON:,https://lcec.org.lb/sites/default/files/2023-07/OP3-Cool%20Up_Regulatory%20Analysis%20Lebanon.pdf,The reports culminate in an action plan and roadmap to support each partner country in making policy and institutional changes to accelerate Kigali Agreement ...,https://lcec.org.lb › sites › default › files › OP3-C...,lcec_org_lb_REGULATORY_ANALYSIS_LEBANON_.txt,True,False,60,0,national plans and strategies / laws and regulations,in place / being implemented,national,"The document provides evidence of Lebanon's efforts to address climate change through various national plans and strategies, laws, and regulations. The country has ratified the Kigali Amendment and implemented several relevant programs, laws, and policy instruments such as codes and standards. However, the implementation and enforcement of these instruments are still limited.","There is no explicit link between UNEP and the climate policy or legal framework in Lebanon. While UNEP is mentioned as a source of information, there is no evidence that UNEP directly supported or enabled the adoption of climate policies or legal frameworks in Lebanon.","[""Lebanon has ratified the Kigali Amendment on February 5th, 2020."", ""The country has implemented several relevant programs, laws, and policy instruments such as codes and standards."", ""The National Cooling Plan (NCP) was published in May 2021 under the title of 'Guidance for integrating efficient cooling in national policies in Lebanon'."", ""The NCP includes a proposal for a MEPS and Labels regulation."", ""The Lebanese government approved joining the Kigali Amendment under law 119/2019.""]"
Lebanon,2022–2026,2,UNEP implemented Lebanon climate action plan implemented policy strategy legal framework law regulation action plan after:2022-01-01 before:2026-01-01,2023-2025 - Lebanon,https://unsdg.un.org/sites/default/files/2022-11/UNSDCF_Lebanon_2023-2025.pdf,CHAPTER 3: COOPERATION FRAMEWORK IMPLEMENTATION PLAN. The UN will implement the CF in a coherent and coordinated manner through joint/joined up analysis and.,https://unsdg.un.org › sites › default › files › UNS...,unsdg_un_org_2023_2025_Lebanon.txt,False,False,0,0,none,none,none,"The document does not contain explicit evidence related to climate change mitigation, adaptation, or disaster risk reduction strategies/policies/legal frameworks adopted by Lebanon in 2022-2026.","There is no explicit link between UNEP and the adoption/implementation of climate change mitigation, adaptation, or disaster risk reduction strategies/policies/legal frameworks in Lebanon in 2022-2026.",[]
Lebanon,2022–2026,2,UNEP implemented Lebanon climate action plan implemented policy strategy legal framework law regulation action plan after:2022-01-01 before:2026-01-01,SwitchMed in Lebanon,https://www.unep.org/resources/policy-and-strategy/switchmed-lebanon,The Lebanese Sustainable Consumption and Production National Action Plan (SCP-NAP) was developed under the coordination of the Ministry of Environment (MoE) ...,https://www.unep.org › resources › policy-and-strategy,www_unep_org_SwitchMed_in_Lebanon.txt,True,True,80,80,National Action Plan,developed,national,The Lebanese Sustainable Consumption and Production National Action Plan (SCP-NAP) was developed under the coordination of the Ministry of Environment (MoE) with advisory services and technical support from the United Nations Environment Programme (UNEP).,UNEP provided advisory services and technical support for the development of the Lebanese Sustainable Consumption and Production National Action Plan (SCP-NAP).,"[""The Lebanese Sustainable Consumption and Production National Action Plan (SCP-NAP) was developed under the coordination of the Ministry of Environment (MoE) in close collaboration with the Ministry of Industry (MoI) and other key partners under the EU funded SwitchMed programme. with advisory services and technical support from the United Nations Environment Programme (UNEP).""]"
Lebanon,2022–2026,2,UNEP implemented Lebanon climate action plan implemented policy strategy legal framework law regulation action plan after:2022-01-01 before:2026-01-01,Laying the Ground for Scaling up Climate Finance in Sub ...,https://www.elibrary.imf.org/view/journals/001/2025/099/article-A001-en.xml,"Section 4 outlines adaptation and mitigation priorities, emphasizing the need for climate-resilient infrastructure, sustainable agriculture, and renewable ...",https://www.elibrary.imf.org › journals › article-A001-en,www_elibrary_imf_org_Laying_the_Ground_for_Scaling_up_Climate_Finance_i.txt,False,False,0,0,none,none,global,"The document does not contain explicit evidence related to Lebanon's climate mitigation, adaptation, or disaster risk reduction strategy/policy/legal framework for the time window 2022–2026.",There is no explicit link between UNEP and strengthening/enabling/adoption/implementation of any SP1.2 policy/strategy/legal framework outcome in Lebanon during 2022–2026.,[]
Lebanon,2022–2026,2,UNEP implemented Lebanon climate action plan implemented policy strategy legal framework law regulation action plan after:2022-01-01 before:2026-01-01,THE BLUE CARBON HANDBOOK,https://oceanpanel.org/wp-content/uploads/2023/06/Ocean_Panel_Blue_Carbon_Handbook-1.pdf,"Protecting, restoring and sustainably managing blue carbon ecosystems, including through the production of sustainable ocean plans, is an actionable solution ...",https://oceanpanel.org › uploads › 2023/06 › Oc...,oceanpanel_org_THE_BLUE_CARBON_HANDBOOK.txt,False,False,0,0,none,none,none,"The document does not contain explicit evidence related to Lebanon's climate mitigation, adaptation, or disaster risk reduction strategy/policy/legal framework for 2022-2026.",There is no explicit link between UNEP and Lebanon's climate policy or legal framework adoption for 2022-2026.,[]
Lebanon,2022–2026,2,UNEP implemented Lebanon climate action plan implemented policy strategy legal framework law regulation action plan after:2022-01-01 before:2026-01-01,Jordan | WESR - CCA Portal,https://wesr-cca.unepgrid.ch/cca/jordan,"It has taken the lead in promoting legislative frameworks, designing strategies, formulating policies, and establishing regulatory standards for ...",https://wesr-cca.unepgrid.ch › cca › jordan,wesr-cca_unepgrid_ch_Jordan_WESR_CCA_Portal.txt,False,False,0,0,none,none,none,The document does not contain explicit evidence related to Lebanon or the time window 2022-2026. It appears to be a general overview of Jordan's environmental policies and strategies.,There is no explicit link to UNEP in the provided document.,[]
Lebanon,2022–2026,2,UNEP implemented Lebanon climate action plan implemented policy strategy legal framework law regulation action plan after:2022-01-01 before:2026-01-01,LEBANON'S Long Term - Low Emission Development ...,https://unfccc.int/sites/default/files/resource/LEBANON_LT-LEDS_Report_June_2025.pdf,"The strategy incorporates a forward-looking approach, balancing climate resilience with economic growth while adhering to Lebanon's commitments under the Paris ...",https://unfccc.int › sites › default › files › resource,unfccc_int_LEBANON_S_Long_Term_Low_Emission_Development_.txt,True,False,81,0,Long-Term Low-Emission Development Strategy (LT-LEDS),adopted,national,"The document explicitly outlines Lebanon's Long-Term Low-Emission Development Strategy (LT-LEDS) for 2022-2050, which includes climate change mitigation and adaptation measures.",There is no explicit mention of UNEP's direct involvement in the development or implementation of Lebanon's LT-LEDS in the provided document.,"[""A Pathway towards a Climate Resilient Economy: Lebanon’s Long Term - Low Emission Development Strategy (LT-LEDS)"", ""This strategy can be used for research, teaching and private study purposes."", ""The development of the LT-LEDS actively engaged youths, gender advocates, and NGOs, ensuring that the strategy addresses diverse perspectives and promotes inclusive climate action.""]"
Lebanon,2022–2026,2,UNEP implemented Lebanon climate action plan implemented policy strategy legal framework law regulation action plan after:2022-01-01 before:2026-01-01,Summary report 2–5 December 2025,https://enb.iisd.org/barcelona-convention-cop24-summary,Report on Activities Carried Out in the Framework of UNEP/MAP Since COP 23: The Secretariat presented the report (UNEP/MED IG.27/3 and IG.27/18) ...,https://enb.iisd.org › barcelona-convention-cop24-sum...,enb_iisd_org_Summary_report_2_5_December_2025.txt,False,False,0,0,none,none,global,"The document does not contain explicit evidence related to Lebanon's climate mitigation, adaptation, or disaster risk reduction strategy/policy/legal framework for the period 2022-2026.",There is no explicit link between UNEP and strengthening/enabling/adoption/implementation of SP1.2 policy/strategy/legal framework outcomes in Lebanon during 2022-2026.,[]
Lebanon,2022–2026,2,UNEP implemented Lebanon climate action plan implemented policy strategy legal framework law regulation action plan after:2022-01-01 before:2026-01-01,50 years of the Mediterranean Action Plan,https://www.iddri.org/en/publications-and-events/blog-post/50-years-mediterranean-action-plan-honoring-achievements-driving,This blog post is based on a report commissioned by UNEP to IDDRI and the Varda Group on the occasion of the 50th anniversary of the Mediterranean Action Plan.1 ...,https://www.iddri.org › blog-post › 50-years-mediterra...,www_iddri_org_50_years_of_the_Mediterranean_Action_Plan.txt,False,False,0,0,none,none,global,"The document does not contain explicit evidence related to climate change mitigation, adaptation, or disaster risk reduction strategies/policies/legal frameworks for Lebanon in 2022-2026.","The document mentions UNEP as part of the United Nations Environment Programme and its involvement in the Mediterranean Action Plan, but does not explicitly link UNEP to climate change mitigation, adaptation, or disaster risk reduction strategies/policies/legal frameworks for Lebanon in 2022-2026.",[]
Lebanon,2022–2026,2,UNEP implemented Lebanon climate action plan implemented policy strategy legal framework law regulation action plan after:2022-01-01 before:2026-01-01,Country Cooperation Strategy - Dashboards,https://applications.emro.who.int/docs/9789292746667-eng.pdf,Lebanon has committed to building a climate-resilient health system by joining the COP26 Health Programme and the Alliance on Transformative. Action on Climate ...,https://applications.emro.who.int › docs › 978929...,applications_emro_who_int_Country_Cooperation_Strategy_Dashboards.txt,False,False,0,0,none,none,national,"The document does not contain explicit evidence related to climate mitigation, adaptation, or disaster risk reduction strategies/policies/legal frameworks for Lebanon in 2022-2026.",There is no explicit link between UNEP and any climate-related outcomes in Lebanon during 2022-2026.,"[""No relevant phrases found""]"
Lebanon,2022–2026,2,UNEP implemented Lebanon climate action plan implemented policy strategy legal framework law regulation action plan after:2022-01-01 before:2026-01-01,"Exploring Policies, Strategies, and Legislations Related to the ...",https://pmc.ncbi.nlm.nih.gov/articles/PMC12111497/,"Regionally, countries like Egypt and Lebanon have also initiated national action plans focusing on strict regulations and public awareness campaigns to combat ...",https://pmc.ncbi.nlm.nih.gov › articles › PMC12111497,pmc_ncbi_nlm_nih_gov_Exploring_Policies_Strategies_and_Legislations_Rel.txt,False,False,0,0,none,none,unclear,,,[]
Lebanon,2022–2026,2,UNEP implemented Lebanon climate action plan implemented policy strategy legal framework law regulation action plan after:2022-01-01 before:2026-01-01,ACCELERATING THE GLOBAL SHIFT TO A CLEANER ON ...,https://www.ccacoalition.org/sites/default/files/resources/files/ACCELERATING%20THE%20GLOBAL%20SHIFT%20TO%20A%20CLEANER%20ON-ROAD%20DIESEL%20FLEET%20-%20V1.3.pdf,"This regulation was initially set to be enforced nationwide by 2018; however, implementation delays occurred, and the country remains at 500 ppm maximum ...",https://www.ccacoalition.org › resources › files,www_ccacoalition_org_ACCELERATING_THE_GLOBAL_SHIFT_TO_A_CLEANER_ON_.txt,False,False,0,0,none,none,unclear,,,[]
Lebanon,2022–2026,2,UNEP implemented Lebanon climate action plan implemented policy strategy legal framework law regulation action plan after:2022-01-01 before:2026-01-01,"Accelerating Inclusive, Resilient and Sustainable ...",https://www.unfoodsystemshub.org/media/docs/unfoodsystemslibraries/unfss-4/unfss4_en_sg_report.pdf,Countries are accelerating the implementation of national food systems pathways by integrating food systems into national development plans and policy.,https://www.unfoodsystemshub.org › unfss-4 › u...,www_unfoodsystemshub_org_Accelerating_Inclusive_Resilient_and_Sustainable_.txt,False,False,0,0,none,none,global,"The document does not contain explicit evidence related to climate mitigation, adaptation, or disaster risk reduction strategies/policies/legal frameworks for Lebanon in 2022-2026.",There is no explicit link between UNEP and any climate policy or strategy in Lebanon for 2022-2026.,[]
Lebanon,2022–2026,2,UNEP implemented Lebanon climate action plan implemented policy strategy legal framework law regulation action plan after:2022-01-01 before:2026-01-01,Global Cooling Pledge For COP28,https://www.cop28.com/en/global-cooling-pledge-for-cop28,"Join us in the Global Cooling Pledge at COP28: Achieve sustainable cooling by 2050, mitigating climate change, protecting health, & advancing global ...",https://www.cop28.com › global-cooling-pledge-for-co...,www_cop28_com_Global_Cooling_Pledge_For_COP28.txt,True,False,61,0,mitigation strategy / adaptation strategy,endorsed,global,"The document mentions Lebanon's endorsement of the Global Cooling Pledge, which aims to reduce cooling-related emissions and promote sustainable cooling practices. This pledge includes commitments to support robust action through the Montreal Protocol Multilateral Fund, publish national cooling action plans, and establish national model building energy codes.","Although UNEP is mentioned several times in the document, there is no explicit link between UNEP and Lebanon's adoption or implementation of the Global Cooling Pledge.","[""Recognizing that coordinated international action on sustainable cooling can save 78 billion tonnes CO2e between now-2050, improve the lives of hundreds of millions, and realize huge financial savings (UNEP 2023)"", ""Lebanon has endorsed the Global Cooling Pledge"", ""Commit to publish a national cooling action plan, considering cooling when publishing a national action plan, or publishing a regulation or equivalent by 2026""]"
Lebanon,2022–2026,2,UNEP implemented Lebanon climate action plan implemented policy strategy legal framework law regulation action plan after:2022-01-01 before:2026-01-01,this action is funded by the european union,https://fpi.ec.europa.eu/document/download/a2f4e571-384b-454d-b683-7576c27e42b1_en,"UNEP will build on its expertise on environmental governance, climate adaptation planning, integrated programming solutions in crisis-affected contexts to ...",https://fpi.ec.europa.eu › document › download,fpi_ec_europa_eu_this_action_is_funded_by_the_european_union.txt,False,False,0,0,none,none,global,"The document does not contain explicit evidence related to climate mitigation, adaptation, or disaster risk reduction strategies/policies/legal frameworks adopted in Lebanon during 2022-2026.",There is no explicit link between UNEP and strengthening/enabling/adoption/implementation of any climate-related policy/strategy/legal framework in Lebanon during 2022-2026.,[]
Lebanon,2022–2026,2,UNEP implemented Lebanon climate action plan implemented policy strategy legal framework law regulation action plan after:2022-01-01 before:2026-01-01,Greening curriculum guidance: teaching and learning for ...,https://unesdoc.unesco.org/ark:/48223/pf0000390022,Does the school have a climate action plan to guide policy and practice to meet climate targets? ... Does the community have a climate action plan or climate ...,https://unesdoc.unesco.org › ark:,unesdoc_unesco_org_Greening_curriculum_guidance_teaching_and_learning.txt,False,False,0,0,none,none,unclear,The document is not related to climate policy or legal frameworks in Lebanon for the period 2022-2026.,The document does not mention UNEP or any climate-related activities in Lebanon.,[]
Lebanon,2022–2026,2,UNEP implemented Lebanon climate action plan implemented policy strategy legal framework law regulation action plan after:2022-01-01 before:2026-01-01,Economic Recovery in Conflict-Affected Areas of Lebanon,https://um.dk/media/yp2gdij1/economic-recovery-in-conflict-affected-areas-of-lebanon-2026-2030.pdf,"Contribute to inclusive, sustainable, and climate-resilient recovery in conflict-affected areas of Lebanon through improved livelihoods, revitalized local ...",https://um.dk › media › economic-recovery-in-c...,um_dk_Economic_Recovery_in_Conflict_Affected_Areas_of_Le.txt,True,False,40,0,climate-resilient recovery project,developed,national,"The document mentions 'climate-resilient recovery' and 'climate-smart agricultural and eco-system restoration practices'. It also aims to support the Lebanese State's capacity to plan, coordinate and implement recovery at central and local levels, which includes climate-related aspects.",There is no explicit mention of UNEP's involvement or support in the provided document.,"[""climate-resilient recovery"", ""climate-smart agricultural and eco-system restoration practices"", ""sustainable resources or land tenure management program"", ""restoring productive agricultural systems, enabling inclusive economic revival, and rebuilding the capacity and legitimacy of local institutions""]"
Lebanon,2022–2026,2,UNEP implemented Lebanon climate action plan implemented policy strategy legal framework law regulation action plan after:2022-01-01 before:2026-01-01,Overview of European Climate Litigation,https://cjp.eli.org/curriculum/overview-european-climate-litigation,"This module focuses on climate litigation in these countries and European regional courts, detailing emerging trends and examining how courts interact with ...",https://cjp.eli.org › curriculum › overview-european-cli...,cjp_eli_org_Overview_of_European_Climate_Litigation.txt,False,False,0,0,none,none,unclear,The document does not contain any information related to climate policies or legal frameworks for Lebanon in 2022-2026.,There is no mention of UNEP in relation to climate policies or legal frameworks for Lebanon in 2022-2026.,[]
Lebanon,2022–2026,2,UNEP implemented Lebanon climate action plan implemented policy strategy legal framework law regulation action plan after:2022-01-01 before:2026-01-01,National report on Compliance - Lebanon,https://openknowledge.fao.org/server/api/core/bitstreams/169090d8-ebbd-4215-b844-c493a2c080bd/content,"In this context, the main goals of the strategy are the following: a) to ensure the conservation of PGRFA as a basis for food security, sustainable agriculture ...",https://openknowledge.fao.org › core › content,openknowledge_fao_org_National_report_on_Compliance_Lebanon.txt,False,False,0,0,none,none,national,"The document does not contain explicit evidence related to climate change mitigation, adaptation, or disaster risk reduction strategies/policies/legal frameworks for Lebanon in 2022-2026.",There is no explicit link between UNEP and any climate-related policy or strategy in Lebanon for 2022-2026.,"[""The document does not mention any climate-related policies or strategies for Lebanon in 2022-2026.""]"
Lebanon,2022–2026,2,UNEP implemented Lebanon climate action plan implemented policy strategy legal framework law regulation action plan after:2022-01-01 before:2026-01-01,COASTAL AND MARINE ECOSYSTEMS AS NATURE- ...,https://ocean-climate.org/wp-content/uploads/2023/10/NDC_Analysis_2023.pdf,"It includes areas of focus such as protecting and/or restoring coastal blue carbon ecosystems, deploying marine renewable energy, enhancing sustainable and ...",https://ocean-climate.org › NDC_Analysis_2023,ocean-climate_org_COASTAL_AND_MARINE_ECOSYSTEMS_AS_NATURE_.txt,True,False,81,0,NDC,adopted,national,"The document mentions Lebanon's inclusion of coastal and marine NbS in their new or updated NDC, specifically for adaptation purposes.","There is no explicit link between UNEP and Lebanon's adoption, approval, enactment, endorsement, launch, implementation, or official putting in place of climate mitigation, adaptation, or disaster risk reduction strategies/policies/legal frameworks.","[""Lebanon, included only coastal and marine NbS in adaptation efforts"", ""Out of 148 countries that have submitted their NDCs as of 01 October 2023, 97 have included coastal and marine NbS""]"
Lebanon,2022–2026,2,UNEP implemented Lebanon climate action plan implemented policy strategy legal framework law regulation action plan after:2022-01-01 before:2026-01-01,Unraveling the Impact of Environmentally Harmful ...,https://planbleu.org/wp-content/uploads/2024/10/EHS-Report.pdf,This ongoing effort to reform subsidies and promote sustainable economic tools is crucial for building a resilient and sustainable Mediterranean region. We hope ...,https://planbleu.org › 2024/10 › EHS-Report,planbleu_org_Unraveling_the_Impact_of_Environmentally_Harmful_.txt,False,False,0,0,none,none,none,"The document does not contain explicit evidence related to climate change mitigation, adaptation, or disaster risk reduction strategies/policies/legal frameworks for Lebanon in 2022-2026.",There is no explicit link between UNEP and any climate-related policy or strategy in Lebanon for 2022-2026.,[]
Lebanon,2022–2026,2,UNEP implemented Lebanon climate action plan implemented policy strategy legal framework law regulation action plan after:2022-01-01 before:2026-01-01,NDC 3.0 Guidebook for Indusrtial Decarbonization,https://decarbonization.unido.org/wp-content/uploads/2025/04/ndc-guidebook-vol1_final.pdf,"This alignment of national resources, policies and legal frameworks provides a resilient foundation for climate action that is both sustainable and ...",https://decarbonization.unido.org › 2025/04 › nd...,decarbonization_unido_org_NDC_3_0_Guidebook_for_Indusrtial_Decarbonization.txt,False,False,0,0,none,none,unclear,,,[]
Lebanon,2022–2026,2,UNEP implemented Lebanon climate action plan implemented policy strategy legal framework law regulation action plan after:2022-01-01 before:2026-01-01,Findings from the Consultation Meetings for Lebanon's ...,https://www.aub.edu.lb/natureconservation/Pages/LHMM%20Final%20Report_AUB-NCC.pdf,Push for official decrees and legislation that fully support the implementation of the master plan. • Limit construction permits on the high mountains as they ...,https://www.aub.edu.lb › Pages,www_aub_edu_lb_Findings_from_the_Consultation_Meetings_for_Lebano.txt,False,False,0,0,none,none,national,"The document does not contain explicit evidence related to climate change mitigation, adaptation, or disaster risk reduction strategies/policies/legal frameworks adopted in Lebanon during 2022-2026.",There is no explicit link between UNEP and any climate-related policy or strategy in Lebanon during 2022-2026.,"[""No relevant phrases found.""]"
Lebanon,2022–2026,2,UNEP implemented Lebanon climate action plan implemented policy strategy legal framework law regulation action plan after:2022-01-01 before:2026-01-01,REVISED ACTION PLAN,https://www.rcc.int/download/docs/GAWB%20Pillars%20ENG-22102025.pdf/b05147f620d2e8fe82af3a7fc428d211.pdf,Objectives set in the corresponding laws of the WB6 should include the minimum: framework for strategic planning for implementation of climate actions related ...,https://www.rcc.int › download › docs,www_rcc_int_REVISED_ACTION_PLAN.txt,False,False,0,0,none,none,none,"The document does not contain explicit evidence related to Lebanon's climate change mitigation, adaptation, or disaster risk reduction strategies/policies/legal frameworks for the period 2022-2026.",There is no explicit link between UNEP and any climate policy or strategy in Lebanon for the period 2022-2026.,[]
Lebanon,2022–2026,2,UNEP implemented Lebanon climate action plan implemented policy strategy legal framework law regulation action plan after:2022-01-01 before:2026-01-01,The Conflict and Environment Observatory,https://ceobs.org/,"The Conflict and Environment Observatory (CEOBS) monitors and raises awareness of the environmental dimensions of armed conflicts and military activities, ...",https://ceobs.org,ceobs_org_The_Conflict_and_Environment_Observatory.txt,False,False,0,0,none,none,unclear,,,[]
Lebanon,2022–2026,2,UNEP implemented Lebanon climate action plan implemented policy strategy legal framework law regulation action plan after:2022-01-01 before:2026-01-01,Keys to Climate Action,https://www.brookings.edu/wp-content/uploads/2023/02/Chapter-1.-Keys-to-Climate-Action-Overview.pdf,"A strategy to build an energy system largely based on renewables, and trans- form energy demand away from fossil fuels, entails larger upfront capital.",https://www.brookings.edu › uploads › 2023/02,www_brookings_edu_Keys_to_Climate_Action.txt,False,False,0,0,none,none,global,"The document does not contain explicit evidence related to Lebanon's climate mitigation, adaptation, or disaster risk reduction strategy/policy/legal framework for the time window 2022-2026.",There is no explicit link between UNEP and climate policy or legal framework adoption/implementation in Lebanon during 2022-2026.,[]
Lebanon,2022–2026,2,UNEP implemented Lebanon climate action plan implemented policy strategy legal framework law regulation action plan after:2022-01-01 before:2026-01-01,"Stakeholder Dialogue on the ""Conservation of Migratory ...",https://www.unep.org/events/workshop/stakeholder-dialogue-conservation-migratory-birds-and-their-habitats-lebanon,"The country is party to the Convention on Migratory Species since 2019, and has instituted policies and action plans to implement the legislation to prevent the ...",https://www.unep.org › events › workshop › stakeholde...,www_unep_org_Stakeholder_Dialogue_on_the_Conservation_of_Migrat.txt,False,False,0,0,none,none,unclear,"The document does not contain explicit evidence related to climate mitigation, adaptation, or disaster risk reduction strategies/policies/legal frameworks for Lebanon in 2022-2026.",There is no explicit link between UNEP and any climate-related policy or strategy in Lebanon during 2022-2026.,[]
Lebanon,2022–2026,2,UNEP implemented Lebanon climate action plan implemented policy strategy legal framework law regulation action plan after:2022-01-01 before:2026-01-01,WPB 2025-2026 Compendium of Business Plans,https://gggi.org/wp-content/uploads/2024/09/Compendium-of-Business-Plans.pdf,"GGGI also contributed to support climate adaptation (SO1.2), in countries ... implementation and delivery of priority areas. 1. Improved quality and quantity of ...",https://gggi.org › wp-content › uploads › 2024/09,gggi_org_WPB_2025_2026_Compendium_of_Business_Plans.txt,False,False,0,0,none,none,unclear,No evidence found,No evidence found,[]
Lebanon,2022–2026,2,UNEP implemented Lebanon climate action plan implemented policy strategy legal framework law regulation action plan after:2022-01-01 before:2026-01-01,Governing for the green transition: Government at a Glance ...,https://www.oecd.org/en/publications/2025/06/government-at-a-glance-2025_70e14c6c/full-report/governing-for-the-green-transition_075e9a83.html,This framework structures the public governance practices and processes necessary to design and implement climate change policy effectively over the long-term.,https://www.oecd.org › ... › Full Report,www_oecd_org_Governing_for_the_green_transition_Government_at_a.txt,False,False,0,0,none,none,global,"The document does not contain explicit evidence related to Lebanon's climate mitigation, adaptation, or disaster risk reduction strategy/policy/legal framework for the time window 2022–2026.",There is no explicit link between UNEP and any climate policy or strategy in Lebanon for the specified time window.,[]
Lebanon,2022–2026,2,UNEP implemented Lebanon climate action plan implemented policy strategy legal framework law regulation action plan after:2022-01-01 before:2026-01-01,Lebanon's Motion Adopted at the IUCN World ...,https://www.facebook.com/CNRSLebanon/posts/lebanons-motion-adopted-at-the-iucn-world-conservation-congress-abu-dhabi-2025mo/1120292940283830/,**Climate Change Mitigation and Adaptation**: - Implement climate-smart conservation strategies that help ecosystems adapt to changing climate conditions.,10+ reactions,www_facebook_com_Lebanon_s_Motion_Adopted_at_the_IUCN_World_.txt,False,False,0,0,none,none,unclear,"The document does not contain explicit evidence related to climate mitigation, adaptation, or disaster risk reduction strategies/policies/legal frameworks adopted in Lebanon during 2022-2026.",There is no explicit link between UNEP and any climate policy or strategy in Lebanon during 2022-2026.,[]
Lebanon,2022–2026,2,UNEP implemented Lebanon climate action plan implemented policy strategy legal framework law regulation action plan after:2022-01-01 before:2026-01-01,The Parliamentarian's guide to protecting the ...,https://pam.int/wp-content/uploads/2024/10/guide_protecting_Mediterranean_Sea_coast.pdf,"The UNEP/MAP–Barcelona Convention system is the comprehensive institutional, legal and implementation framework that the Contracting Parties have adopted for ...",https://pam.int › wp-content › uploads › 2024/10,pam_int_The_Parliamentarian_s_guide_to_protecting_the_.txt,False,False,0,0,none,none,unclear,,,[]
Lebanon,2022–2026,2,UNEP implemented Lebanon climate action plan implemented policy strategy legal framework law regulation action plan after:2022-01-01 before:2026-01-01,(PDF) United Nations Environment Program (UNEP),https://www.researchgate.net/publication/363258265_United_Nations_Environment_Program_UNEP,"UNEP's work has been categorized into thematic areas such as: climate change, disasters and conflicts, ecosystem management, environmental management, chemical ...",https://www.researchgate.net › publication › 36325826...,www_researchgate_net__PDF_United_Nations_Environment_Program_UNEP_.txt,False,False,0,0,none,none,unclear,,,[]
Lebanon,2022–2026,2,UNEP implemented Lebanon climate action plan implemented policy strategy legal framework law regulation action plan after:2022-01-01 before:2026-01-01,"a comparative analysis of climate policies of india, south",https://open.metu.edu.tr/bitstream/handle/11511/113007/10594150-PhD-Eray%20Erbil.pdf,"The dissertation also investigates the climate-related issues that these nations brought up during UNFCCC negotiations, which took place from. COP 1 to COP 28, ...",https://open.metu.edu.tr › bitstream › handle,open_metu_edu_tr_a_comparative_analysis_of_climate_policies_of_indi.txt,False,False,0,0,none,none,none,The document does not contain explicit evidence related to Lebanon's climate policies or actions during 2022-2026.,There is no mention of UNEP's involvement in Lebanon's climate policies or actions during 2022-2026.,[]
Ghana,2018–2022,1,UNEP implemented Ghana disaster risk reduction policy validated policy strategy legal framework law regulation action plan after:2018-01-01 before:2022-01-01,Disaster Risk Reduction and Climate Change Adaptation,https://www.undrr.org/media/47688/download,"To this end, the chapter looks at integration of CCA into DRR strategies in countries whom have validated a DRR strategy before 2020. Conversely, the chapter ...",https://www.undrr.org › media › download,www_undrr_org_Disaster_Risk_Reduction_and_Climate_Change_Adaptat.txt,False,False,0,0,none,none,unclear,The document does not contain any information related to Ghana or climate policies.,The document does not contain any information related to UNEP or climate policies.,[]
Ghana,2018–2022,1,UNEP implemented Ghana disaster risk reduction policy validated policy strategy legal framework law regulation action plan after:2018-01-01 before:2022-01-01,Master database- PDD DRR strate,https://disasterdisplacement.org/wp-content/uploads/2018/11/PDD-Database_-DRR-strategies-and-human-mobility_Version-Oct2018_Yonetani.._.xlsx,"Work Programme 2016-2018, Common Implementation Strategy for the Water Framework Directive ... Action Plan for Climate Change and Disaster Risk Management ...",https://disasterdisplacement.org › 2018/11 › PD...,disasterdisplacement_org_Master_database_PDD_DRR_strate.txt,False,False,0,0,none,none,unclear,,,[]
Lebanon,2022–2026,2,UNEP implemented Lebanon climate action plan implemented policy strategy legal framework law regulation action plan after:2022-01-01 before:2026-01-01,Global trends in climate change litigation: 2025 snapshot,https://www.lse.ac.uk/granthaminstitute/wp-content/uploads/2025/06/Global-Trends-in-Climate-Change-Litigation-2025-Snapshot.pdf,"Legal strategies include challenges to new rules on climate-related financial disclosures, as well as lawsuits targeting voluntary climate pledges and ...",https://www.lse.ac.uk › uploads › 2025/06 › Glo...,www_lse_ac_uk_Global_trends_in_climate_change_litigation_2025_sn.txt,False,False,0,0,none,none,global,"The document does not contain explicit evidence related to Lebanon's climate mitigation, adaptation, or disaster risk reduction strategy/policy/legal framework for the time window 2022-2026.",There is no explicit link between UNEP and any climate policy or strategy in Lebanon for the specified time period.,"[""No relevant evidence found.""]"
Lebanon,2022–2026,2,UNEP implemented Lebanon climate action plan implemented policy strategy legal framework law regulation action plan after:2022-01-01 before:2026-01-01,Nuclear Energy and Climate Change,https://www-pub.iaea.org/MTCD/Publications/PDF/PAT-002_web.pdf,The IAEA plays a leading role in assisting its. Member States as they respond to climate change with nuclear energy by supporting existing and new nuclear.,https://www-pub.iaea.org › PDF › PAT-002_web,www-pub_iaea_org_Nuclear_Energy_and_Climate_Change.txt,False,False,0,0,none,none,global,"The document does not contain explicit evidence related to Lebanon's climate change mitigation, adaptation, or disaster risk reduction strategies/policies/legal frameworks for the period 2022-2026.",There is no explicit link between UNEP and any climate policy or strategy in Lebanon for the period 2022-2026.,"[""This document is about nuclear energy and climate change, not about Lebanon's climate policies or UNEP's activities in Lebanon.""]"
Ghana,2018–2022,1,UNEP implemented Ghana disaster risk reduction policy validated policy strategy legal framework law regulation action plan after:2018-01-01 before:2022-01-01,Disaster Risk Reduction and Climate Change Adaptation ...,https://unsdg.un.org/sites/default/files/2020-08/Integrating-DRR-CCA-in-CFs-web.pdf,"To enrich the examination of the legal framework and institutions: Review legal and policy frameworks for disaster risk reduction, climate change adaptation,.",https://unsdg.un.org › sites › default › files › Integ...,unsdg_un_org_Disaster_Risk_Reduction_and_Climate_Change_Adaptat.txt,False,False,0,0,none,none,global,"The document does not provide explicit evidence related to climate change mitigation, adaptation, or disaster risk reduction strategies/policies/legal frameworks for Ghana during 2018-2022.","There is no explicit link between UNEP and any climate change mitigation, adaptation, or disaster risk reduction strategy/policy/legal framework in Ghana during 2018-2022.",[]
Ghana,2018–2022,1,UNEP implemented Ghana disaster risk reduction policy validated policy strategy legal framework law regulation action plan after:2018-01-01 before:2022-01-01,United Nations Office for Disaster Risk Reduction 2018 ...,https://www.eird.org/americas/docs/unisdr-annual-report-2018-e-version.pdf,"This 2018 Annual Report provides an overview of the results achieved by the United Nations Office for Disaster Risk Reduction (UNISDR) towards its vision, the ...",https://www.eird.org › americas › docs › unisdr-a...,www_eird_org_United_Nations_Office_for_Disaster_Risk_Reduction_.txt,False,False,0,0,none,none,global,"The document does not contain explicit evidence related to climate change mitigation, adaptation, or disaster risk reduction strategies/policies/legal frameworks for Ghana during 2018-2022.","There is no explicit link between UNEP and any climate change mitigation, adaptation, or disaster risk reduction strategy/policy/legal framework in Ghana during 2018-2022.",[]
Ghana,2018–2022,1,UNEP implemented Ghana disaster risk reduction policy validated policy strategy legal framework law regulation action plan after:2018-01-01 before:2022-01-01,Government of the Islamic Republic of Afghanistan ...,https://unfccc.int/ttclear/TNA/AFG-TNA-AFG_TNA_Adaptation_2020.pdf,"In term of national development policies, plans, and legal frameworks, considerable effort has been placed on addressing environmental challenges, disaster risk.",https://unfccc.int › ttclear › TNA › AFG-TNA-A...,unfccc_int_Government_of_the_Islamic_Republic_of_Afghanistan_.txt,False,False,0,0,none,none,none,"The document is about Afghanistan, not Ghana, and does not contain explicit evidence related to climate change mitigation, adaptation, or disaster risk reduction strategies/policies/legal frameworks for Ghana in 2018-2022.",There is no explicit link between UNEP and any climate policy or strategy in Ghana for 2018-2022.,"[""This publication is an output of the Technology Needs Assessment project, funded by the Global Environment Facility (GEF) and implemented by the United Nations Environment Programme (UN Environment) and the UNEP DTU Partnership (UDP) in collaboration with Asian Institute of Technology.""]"
Ghana,2018–2022,1,UNEP implemented Ghana disaster risk reduction policy validated policy strategy legal framework law regulation action plan after:2018-01-01 before:2022-01-01,Read @UNDPGhana's mechanisms to ensure resilience in ...,https://www.facebook.com/GhaCIC/posts/read-undpghanas-mechanisms-to-ensure-resilience-in-development-and-reduce-vulner/2708865236055932/,"Read @UNDPGhana's mechanisms to ensure resilience in development and reduce vulnerability and challenges #Climatechange may pose to national development,...",1 reaction,www_facebook_com_Read_UNDPGhana_s_mechanisms_to_ensure_resilience_i.txt,False,False,0,0,none,none,unclear,"The document does not contain explicit evidence related to climate mitigation, adaptation, or disaster risk reduction strategies/policies/legal frameworks adopted in Ghana during 2018-2022.",There is no explicit link between UNEP and any climate policy/strategy/legal framework outcome in Ghana during 2018-2022.,[]
Ghana,2018–2022,1,UNEP implemented Ghana disaster risk reduction policy validated policy strategy legal framework law regulation action plan after:2018-01-01 before:2022-01-01,National Strategy on Disaster Risk Reduction (NSDRR) 2021,https://faolex.fao.org/docs/pdf/lao215507eng.pdf,"The NSDRR will be implemented in compliance with policies, the constitution, laws, strategies,. NSEDPs, national defense and security, and international ...",https://faolex.fao.org › docs › pdf,faolex_fao_org_National_Strategy_on_Disaster_Risk_Reduction_NSDRR.txt,False,False,0,0,none,none,none,"The document is about Lao PDR's National Strategy on Disaster Risk Reduction (NSDRR) 2021-2030, not Ghana.",There is no mention of UNEP in the provided document.,"[""The document does not contain any relevant phrases for Ghana or UNEP.""]"
Ghana,2018–2022,1,UNEP implemented Ghana disaster risk reduction policy validated policy strategy legal framework law regulation action plan after:2018-01-01 before:2022-01-01,ECOWAS ENVIRONMENTAL ACTION PLAN 2020-2026,https://ecowap.ecowas.int/media/ecowap/file_document/2020_ECOWAS_ECOWAS_ENVIRONMENTAL_ACTION_PLAN_Final_Version_-_ENG.pdf,The successful implementation of the action plan would essentially have the following effects: an improvement in sub-regional environmental governance and ...,https://ecowap.ecowas.int › ecowap › file_document,ecowap_ecowas_int_ECOWAS_ENVIRONMENTAL_ACTION_PLAN_2020_2026.txt,False,False,0,0,none,none,none,"The document does not contain explicit evidence related to climate change mitigation, adaptation, or disaster risk reduction strategies/policies/legal frameworks for Ghana during 2018-2022.",There is no explicit link between UNEP and any climate-related policy or strategy in Ghana during 2018-2022.,[]
Ghana,2018–2022,1,UNEP implemented Ghana disaster risk reduction policy validated policy strategy legal framework law regulation action plan after:2018-01-01 before:2022-01-01,UN Environment Global Chemicals Outlook II,https://orbit.dtu.dk/files/170843838/GCOII_synth.pdf,"To facilitate commitment, ownership, mutual accountability and collective tracking of progress towards achieving the sound management of chemicals and waste, ...",https://orbit.dtu.dk › files › GCOII_synth,orbit_dtu_dk_UN_Environment_Global_Chemicals_Outlook_II.txt,False,False,0,0,none,none,unclear,,,[]
Ghana,2018–2022,1,UNEP implemented Ghana disaster risk reduction policy validated policy strategy legal framework law regulation action plan after:2018-01-01 before:2022-01-01,A Practical Guide to Climate-resilient Buildings & ...,https://globalabc.org/sites/default/files/2021-07/A%20Practical%20Guide%20to%20Climate-resilient%20Buildings%20%26%20Communities.pdf,"This practical guide presents a range of adaptation interventions to respond to droughts, flooding, sea level rise, heatwaves and warming, cyclones and strong ...",https://globalabc.org › sites › default › files,globalabc_org_A_Practical_Guide_to_Climate_resilient_Buildings_.txt,False,False,0,0,none,none,none,"The document does not contain explicit evidence related to climate change mitigation, adaptation, or disaster risk reduction strategies/policies/legal frameworks for Ghana during 2018-2022.","There is no explicit link between UNEP and any climate change mitigation, adaptation, or disaster risk reduction strategy/policy/legal framework in Ghana during 2018-2022.",[]
Ghana,2018–2022,1,UNEP implemented Ghana disaster risk reduction policy validated policy strategy legal framework law regulation action plan after:2018-01-01 before:2022-01-01,Private-sector action in adaptation: Perspectives on the ...,https://unepccc.org/wp-content/uploads/2019/04/msme-adaptation-updated-web-2.pdf,"(Eds.) (2018). Private-sector action in adaptation: Perspectives on the role of micro, small and medium size enterprises. UNEP DTU Partnership.",https://unepccc.org › uploads › 2019/04 › msme...,unepccc_org_Private_sector_action_in_adaptation_Perspectives_o.txt,False,False,0,0,none,none,unclear,,,[]
Ghana,2018–2022,1,UNEP implemented Ghana disaster risk reduction policy validated policy strategy legal framework law regulation action plan after:2018-01-01 before:2022-01-01,ECOWAS Disaster Risk Reduction Gender Strategy and ...,https://www.gfdrr.org/sites/default/files/publication/ECOWAS%20GSAP_EN_Final.pdf,"The ECOWAS Commission continues to demonstrate its commitment to gender by complimenting its institutional framework with strategies, policies, laws and actions ...",https://www.gfdrr.org › default › files › publication,www_gfdrr_org_ECOWAS_Disaster_Risk_Reduction_Gender_Strategy_and.txt,True,False,40,0,disaster risk reduction strategy,developed,national,"The document discusses the ECOWAS Disaster Risk Reduction Gender Strategy and Action Plan 2020-2030, which aims to mainstream gender into disaster risk reduction efforts in West Africa. While it does not specifically mention Ghana, it provides a framework for gender-responsive disaster risk reduction in the region.",There is no explicit mention of UNEP's role in supporting the development or implementation of the ECOWAS Disaster Risk Reduction Gender Strategy and Action Plan 2020-2030.,"[""ECOWAS Disaster Risk Reduction Gender Strategy and Action Plan 2020-2030"", ""gender-responsive disaster risk reduction"", ""mainstreaming gender into disaster risk reduction efforts""]"
Ghana,2018–2022,1,UNEP implemented Ghana disaster risk reduction policy validated policy strategy legal framework law regulation action plan after:2018-01-01 before:2022-01-01,Ghana's Adaptation Strategy and Action Plan for the ...,https://napglobalnetwork.org/wp-content/uploads/2020/06/napgn-en-2020-Ghana%E2%80%99s-Adaptation-Strategy-and-Action-Plan-for-the-Infrastructure-Sector.pdf,"There is a broad legal and policy framework already in place to support the successful implementation of adaptation actions for Ghana's water, energy, and ...",https://napglobalnetwork.org › uploads › 2020/06,napglobalnetwork_org_Ghana_s_Adaptation_Strategy_and_Action_Plan_for_th.txt,True,False,81,0,adaptation strategy,adopted,national,"The document provides explicit evidence of Ghana's adoption of an adaptation strategy and action plan for the infrastructure sector, which is a climate change mitigation and adaptation measure.",There is no explicit link between UNEP and the adoption or implementation of the adaptation strategy and action plan in Ghana.,"[""Ghana’s Adaptation Strategy and Action Plan for the Infrastructure Sector (Water, Energy, and Transport Sectors) Developed by the Environmental Protection Agency May 2020"", ""The Environmental Protection Agency (EPA), on behalf of the Ministry of Environment, Science, Technology and Innovation (MESTI), Ghana, would like to acknowledge the financial and technical support received to develop the infrastructure sector adaptation plan from the United States (U.S.) In-country Support Program"", ""The NAP Global Network was created in 2014 to support developing countries in advancing their NAP processes, and help accelerate adaptation efforts around the world.""]"
Ghana,2018–2022,1,UNEP implemented Ghana disaster risk reduction policy validated policy strategy legal framework law regulation action plan after:2018-01-01 before:2022-01-01,UNDP Ghana Newsletter- December 2018,https://www.undp.org/ghana/publications/undp-ghana-newsletter-december-2018,The Government of Ghana has developed a Disaster Management and Risk Finance (DMRF) Strategy Framework and Implementation Plan supported by UNDP's Insurance and ...,https://www.undp.org › ghana › publications › undp-gha...,www_undp_org_UNDP_Ghana_Newsletter_December_2018.txt,False,False,0,0,none,none,national,"The document does not contain explicit evidence related to climate mitigation strategy/policy/legal framework, climate adaptation strategy/policy/legal framework, or disaster risk reduction strategy/policy/legal framework for Ghana during 2018-2022.",There is no explicit link between UNEP and any climate policy or strategy in Ghana during 2018-2022.,[]
Ghana,2018–2022,1,UNEP implemented Ghana disaster risk reduction policy validated policy strategy legal framework law regulation action plan after:2018-01-01 before:2022-01-01,The environmenTal emergencies guidelines,https://preparecenter.org/wp-content/uploads/2021/04/JEU_EE_Guidelines_finaldraft.pdf,"The partnership between the UN Office for the Coordination of Humanitarian Affairs (OCHA) and. UNEP is working over more than twenty years, during which the ...",https://preparecenter.org › uploads › 2021/04 › J...,preparecenter_org_The_environmenTal_emergencies_guidelines.txt,False,False,0,0,none,none,none,"The document does not contain explicit evidence related to climate change mitigation, adaptation, or disaster risk reduction strategies/policies/legal frameworks for Ghana during 2018-2022.",There is no explicit link between UNEP and any climate-related policy or strategy in Ghana during 2018-2022.,"[""The document is about environmental emergencies guidelines and does not mention Ghana or climate change policies.""]"
Ghana,2018–2022,1,UNEP implemented Ghana disaster risk reduction policy validated policy strategy legal framework law regulation action plan after:2018-01-01 before:2022-01-01,INSTITUTIONAL CAPACITIES FOR NDC IMPLEMENTATION,https://transparency-partnership.net/system/files/document/UNEP%20DTUP%202018_%20Institutional%20Capacities%20For%20NDC%20Implementation.pdf,"These laws introduce broad policy directions and principles, and thus represent the framework within which that government's executive power operates.",https://transparency-partnership.net › document,transparency-partnership_net_INSTITUTIONAL_CAPACITIES_FOR_NDC_IMPLEMENTATION.txt,False,False,0,0,none,none,unclear,,,[]
Ghana,2018–2022,1,UNEP implemented Ghana disaster risk reduction policy validated policy strategy legal framework law regulation action plan after:2018-01-01 before:2022-01-01,Chapter 4 — Global Warming of 1.5 ºC,https://www.ipcc.ch/sr15/chapter/chapter-4/,Policy packages that bring together multiple enabling conditions can provide building blocks for a strategy to scale up implementation and intervention impacts.,https://www.ipcc.ch › chapter › chapter-4,www_ipcc_ch_Chapter_4_Global_Warming_of_1_5_C.txt,False,False,0,0,none,none,global,"The document does not contain explicit evidence related to climate change mitigation, adaptation, or disaster risk reduction strategies/policies/legal frameworks for Ghana during 2018-2022.",There is no explicit link between UNEP and any climate policy or strategy in Ghana during 2018-2022.,[]
Ghana,2018–2022,1,UNEP implemented Ghana disaster risk reduction policy validated policy strategy legal framework law regulation action plan after:2018-01-01 before:2022-01-01,Kenya Country Environmental Analysis - World Bank Document,https://documents1.worldbank.org/curated/en/939861592515485722/pdf/Kenya-Country-Environmental-Analysis.pdf,"Although policies, laws, and regulations that guide waste management exist, weak implementation and poor practices have led to towns and cities overwhelmed ...",https://documents1.worldbank.org › curated › pdf,documents1_worldbank_org_Kenya_Country_Environmental_Analysis_World_Bank_Do.txt,False,False,0,0,none,none,unclear,,,[]
Ghana,2018–2022,1,UNEP implemented Ghana disaster risk reduction policy validated policy strategy legal framework law regulation action plan after:2018-01-01 before:2022-01-01,Mineral Resource Governance in the 21st Century,https://www.greenpolicyplatform.org/sites/default/files/downloads/resource/irp-mineral_resource_governance-full_report-feb2020_compressed_compressed%20(1).pdf,This report was written under the auspices of the International Resource Panel (IRP) of the United Nations Environment Programme. Special thanks are extended to ...,https://www.greenpolicyplatform.org › downloads,www_greenpolicyplatform_org_Mineral_Resource_Governance_in_the_21st_Century.txt,False,False,0,0,none,none,none,"The document does not contain explicit evidence related to climate mitigation, adaptation, or disaster risk reduction strategies/policies/legal frameworks for Ghana during 2018-2022.","There is no explicit link between UNEP and any climate change mitigation, adaptation, or disaster risk reduction strategy/policy/legal framework in Ghana during 2018-2022.",[]
Ghana,2018–2022,1,UNEP implemented Ghana disaster risk reduction policy validated policy strategy legal framework law regulation action plan after:2018-01-01 before:2022-01-01,Private-sector action in adaptation: Perspectives on the ...,https://unepccc.org/wp-content/uploads/2019/04/msme-adaptation-updated-web-2.pdf,"(Eds.) (2018). Private-sector action in adaptation: Perspectives on the role of micro, small and medium size enterprises. UNEP DTU Partnership.",https://unepccc.org › uploads › 2019/04 › msme...,unepccc_org_Private_sector_action_in_adaptation_Perspectives_o.txt,False,False,0,0,none,none,unclear,,,[]
Ghana,2018–2022,1,UNEP implemented Ghana disaster risk reduction policy validated policy strategy legal framework law regulation action plan after:2018-01-01 before:2022-01-01,Nature-based Solutions in Nationally Determined ...,https://portals.iucn.org/library/sites/library/files/documents/2019-030-En.pdf,"For example, NDCs could be aligned with National Adaptation Plans and National. Adaptation Programmes of Action, as well as with other relevant international.",https://portals.iucn.org › library › files › documents,portals_iucn_org_Nature_based_Solutions_in_Nationally_Determined_.txt,False,False,0,0,none,none,none,"The document does not contain explicit evidence related to Ghana's climate change mitigation, adaptation, or disaster risk reduction strategies/policies/legal frameworks for the time window 2018-2022.",There is no explicit link between UNEP and any climate policy or legal framework in Ghana for the specified time period.,[]
Ghana,2018–2022,1,UNEP implemented Ghana disaster risk reduction policy validated policy strategy legal framework law regulation action plan after:2018-01-01 before:2022-01-01,Climate Change in South Asia: Further Need for Mitigation ...,https://www.elibrary.imf.org/view/journals/001/2021/217/article-A001-en.xml,"This paper provides an overview of the region's vulnerabilities, national committments to mitigate emissions, and national policies to adapt to a changing ...",https://www.elibrary.imf.org › journals › article-A001-en,www_elibrary_imf_org_Climate_Change_in_South_Asia_Further_Need_for_Miti.txt,False,False,0,0,none,none,unclear,,,[]
Ghana,2018–2022,1,UNEP implemented Ghana disaster risk reduction policy validated policy strategy legal framework law regulation action plan after:2018-01-01 before:2022-01-01,"Climate change, conflict and fragility",https://odi.org/documents/6173/odi_climate_change_conflict_and_fragility.pdf,One step towards developing risk reduction programmes that contribute to peacebuilding and conflict prevention would be to establish an integrated cadre of ...,https://odi.org › documents › odi_climate_chang...,odi_org_Climate_change_conflict_and_fragility.txt,False,False,0,0,none,none,global,"The document does not contain explicit evidence related to climate change mitigation, adaptation, or disaster risk reduction strategies/policies/legal frameworks adopted in Ghana during 2018-2022.","There is no explicit link between UNEP and any climate change mitigation, adaptation, or disaster risk reduction strategy/policy/legal framework in Ghana during 2018-2022.",[]
Ghana,2018–2022,1,UNEP implemented Ghana disaster risk reduction policy validated policy strategy legal framework law regulation action plan after:2018-01-01 before:2022-01-01,Mineral Resource Governance in the 21st Century,https://www.greenpolicyplatform.org/sites/default/files/downloads/resource/irp-mineral_resource_governance-full_report-feb2020_compressed_compressed%20(1).pdf,This report was written under the auspices of the International Resource Panel (IRP) of the United Nations Environment Programme. Special thanks are extended to ...,https://www.greenpolicyplatform.org › downloads,www_greenpolicyplatform_org_Mineral_Resource_Governance_in_the_21st_Century.txt,False,False,0,0,none,none,none,"The document does not contain explicit evidence related to climate mitigation, adaptation, or disaster risk reduction strategies/policies/legal frameworks for Ghana during 2018-2022.","There is no explicit link between UNEP and any climate change mitigation, adaptation, or disaster risk reduction strategy/policy/legal framework in Ghana during 2018-2022.",[]
Ghana,2018–2022,1,UNEP implemented Ghana disaster risk reduction policy validated policy strategy legal framework law regulation action plan after:2018-01-01 before:2022-01-01,Global Chemicals OutlooK II,https://www.efdinitiative.org/sites/default/files/publications/gcoii_synth.pdf,"Frontrunner companies – from chemical producers to retailers – are introducing sustainable supply chain management, full material disclosure, risk reduction ...",https://www.efdinitiative.org › files › gcoii_synth,www_efdinitiative_org_Global_Chemicals_OutlooK_II.txt,False,False,0,0,none,none,global,"The document does not contain explicit evidence related to climate change mitigation, adaptation, or disaster risk reduction strategies/policies/legal frameworks for Ghana during 2018-2022.","There is no explicit link between UNEP and any climate change mitigation, adaptation, or disaster risk reduction strategy/policy/legal framework in Ghana during 2018-2022.","[""The document is about the Global Chemicals Outlook II, which focuses on the sound management of chemicals and waste, but does not discuss climate change policies or strategies for Ghana.""]"
Ghana,2018–2022,1,UNEP implemented Ghana disaster risk reduction policy validated policy strategy legal framework law regulation action plan after:2018-01-01 before:2022-01-01,Annual Report 2017 by Caribbean Community (CARICOM),https://issuu.com/caricomorg/docs/sg_ar_2017_web_version_final,... Policy Framework and Action Plan are being revised/refined. The Action Plan will be completed once the Policy Framework has been finalised. The Policy ...,https://issuu.com › docs › sg_ar_2017_web_version_final,issuu_com_Annual_Report_2017_by_Caribbean_Community_CARICOM_.txt,False,False,0,0,none,none,unclear,The document does not contain any information related to Ghana or climate policies from 2018-2022.,There is no mention of UNEP or any climate-related policies in the document.,[]
Ghana,2018–2022,1,UNEP implemented Ghana disaster risk reduction policy validated policy strategy legal framework law regulation action plan after:2018-01-01 before:2022-01-01,The Launch of a Draft REDD+ Strategy Plan But ...,https://www.facebook.com/News5Live/posts/the-launch-of-a-draft-redd-strategy-plan-but-the-closure-of-the-first-phase-mean/4397804770340360/,Ghana maps out strategy on climate change • A national policy implementation strategy document has been developed to guide the implementation of the ...,50+ reactions,www_facebook_com_The_Launch_of_a_Draft_REDD_Strategy_Plan_But_.txt,False,False,0,0,none,none,unclear,"The document does not contain explicit evidence related to climate change mitigation, adaptation, or disaster risk reduction strategies/policies/legal frameworks for Ghana in 2018-2022.","There is no mention of UNEP's involvement in climate change mitigation, adaptation, or disaster risk reduction strategies/policies/legal frameworks for Ghana in 2018-2022.",[]
Ghana,2018–2022,1,UNEP implemented Ghana disaster risk reduction policy validated policy strategy legal framework law regulation action plan after:2018-01-01 before:2022-01-01,INSTITUTIONAL CAPACITIES FOR NDC IMPLEMENTATION,https://transparency-partnership.net/system/files/document/UNEP%20DTUP%202018_%20Institutional%20Capacities%20For%20NDC%20Implementation.pdf,"These laws introduce broad policy directions and principles, and thus represent the framework within which that government's executive power operates.",https://transparency-partnership.net › document,transparency-partnership_net_INSTITUTIONAL_CAPACITIES_FOR_NDC_IMPLEMENTATION.txt,False,False,0,0,none,none,unclear,No evidence found due to fetch error.,No evidence found due to fetch error.,[]
Ghana,2018–2022,1,UNEP implemented Ghana disaster risk reduction policy validated policy strategy legal framework law regulation action plan after:2018-01-01 before:2022-01-01,Nature-based Solutions in Nationally Determined ...,https://portals.iucn.org/library/sites/library/files/documents/2019-030-En.pdf,"For example, NDCs could be aligned with National Adaptation Plans and National. Adaptation Programmes of Action, as well as with other relevant international.",https://portals.iucn.org › library › files › documents,portals_iucn_org_Nature_based_Solutions_in_Nationally_Determined_.txt,False,False,0,0,none,none,none,"The document does not contain explicit evidence related to climate change mitigation, adaptation, or disaster risk reduction strategies/policies/legal frameworks for Ghana during 2018-2022.",There is no explicit link between UNEP and any climate policy or strategy in Ghana during 2018-2022.,[]
Ghana,2018–2022,1,UNEP implemented Ghana disaster risk reduction policy validated policy strategy legal framework law regulation action plan after:2018-01-01 before:2022-01-01,Situational analysis study for the agriculture sector in Ghana,https://cgspace.cgiar.org/server/api/core/bitstreams/6a34ddb8-146f-4a0a-b6ef-b79d0017e032/content,... Climate Change and the Sendai Framework for Disaster. Risk Reduction (DRR). Ghana through the NDPC has adapted and adopted the SDGs within the framework of.,https://cgspace.cgiar.org › bitstreams › content,cgspace_cgiar_org_Situational_analysis_study_for_the_agriculture_sec.txt,False,False,0,0,none,none,unclear,,,[]
Ghana,2018–2022,1,UNEP implemented Ghana disaster risk reduction policy validated policy strategy legal framework law regulation action plan after:2018-01-01 before:2022-01-01,Documents & Reports - Advanced Search | The World Bank,https://documents.worldbank.org/en/publication/documents-reports/docadvancesearch,"In Advanced Search, there are four keywords search options: all words, any words, exact phrase, and boolean query.",https://documents.worldbank.org › docadvancesearch,documents_worldbank_org_Documents_Reports_Advanced_Search_The_World_Bank.txt,False,False,0,0,none,none,unclear,"The document does not contain explicit evidence related to climate change mitigation, adaptation, or disaster risk reduction strategies/policies/legal frameworks for Ghana in 2018-2022.","There is no explicit link between UNEP and any climate change mitigation, adaptation, or disaster risk reduction strategy/policy/legal framework in Ghana during 2018-2022.",[]
Ghana,2018–2022,1,UNEP implemented Ghana disaster risk reduction policy validated policy strategy legal framework law regulation action plan after:2018-01-01 before:2022-01-01,nuclear-science-and-technology-for-climate-adaptation- ...,https://www.iaea.org/sites/default/files/21/09/nuclear-science-and-technology-for-climate-adaptation-and-resilience.pdf,"Throughout history, people have adapted to the impacts of weather and climate However, the unprecedented rate of climatic changes is projected to bring about ...",https://www.iaea.org › sites › default › files › nu...,www_iaea_org_nuclear_science_and_technology_for_climate_adaptat.txt,False,False,0,0,none,none,global,"The document does not contain explicit evidence related to climate change mitigation, adaptation, or disaster risk reduction strategies/policies/legal frameworks for Ghana during 2018-2022.",There is no explicit link between UNEP and any climate policy or strategy in Ghana during 2018-2022.,[]
Ghana,2018–2022,1,UNEP implemented Ghana disaster risk reduction policy validated policy strategy legal framework law regulation action plan after:2018-01-01 before:2022-01-01,FROM POLLUTION TO SOLUTION,https://www.gdr-po.cnrs.fr/docs/UNEP_2021.pdf,United Nations Environment Programme (2021). From Pollution to. Solution. A global assessment of marine litter and plastic pollution Nairobi. Production. United ...,https://www.gdr-po.cnrs.fr › docs › UNEP_2021,www_gdr-po_cnrs_fr_FROM_POLLUTION_TO_SOLUTION.txt,False,False,0,0,none,none,unclear,,,[]
Ghana,2018–2022,1,UNEP implemented Ghana disaster risk reduction policy validated policy strategy legal framework law regulation action plan after:2018-01-01 before:2022-01-01,Review of the integration of disaster risk reduction in the ...,https://www.unjiu.org/sites/www.unjiu.org/files/jiu_rep_2019_3_en.pdf,Conclusions. The findings of the review indicate that the organizations of the United Nations system have integrated disaster risk reduction in their corporate ...,https://www.unjiu.org › files › jiu_rep_2019_3_en,www_unjiu_org_Review_of_the_integration_of_disaster_risk_reducti.txt,False,False,0,0,none,none,global,"The document does not contain explicit evidence related to climate change mitigation, adaptation, or disaster risk reduction strategies/policies/legal frameworks for Ghana during 2018-2022.","There is no explicit link between UNEP and any climate change mitigation, adaptation, or disaster risk reduction strategy/policy/legal framework in Ghana during 2018-2022.","[""The document does not contain relevant phrases related to climate change policies or UNEP attribution.""]"
Ghana,2018–2022,1,UNEP implemented Ghana disaster risk reduction policy validated policy strategy legal framework law regulation action plan after:2018-01-01 before:2022-01-01,2022 CATALOGUE OF SERVICES,https://unhabitat.org/sites/default/files/2022/06/un-habitat_2022_catalogue_of_services_digital-compressed.pdf,"Climate Change Vulnerability and Risk: A Guide for Community Assessments, Action Planning and Implementation. 130. | UN-Habitat 2022 Catalogue of Services ...",https://unhabitat.org › default › files › 2022/06,unhabitat_org_2022_CATALOGUE_OF_SERVICES.txt,False,False,0,0,none,none,global,"The document does not contain explicit evidence related to climate change mitigation, adaptation, or disaster risk reduction strategies/policies/legal frameworks for Ghana during 2018-2022.",There is no explicit link between UNEP and any climate-related policy or strategy in Ghana during 2018-2022.,[]
Ghana,2018–2022,1,UNEP implemented Ghana disaster risk reduction policy validated policy strategy legal framework law regulation action plan after:2018-01-01 before:2022-01-01,National Renewable Energy Action Plan (NREAP) of São ...,https://www.gn-sec.net/sites/default/files/documents/files/120222_nreap_stp_english.pdf,- RE legal framework and regulation;. - Incentives and financing mechanisms for RE projects. - Perspectives on the RE landscape and benefits of implementing RE.,https://www.gn-sec.net › 120222_nreap_stp_english,www_gn-sec_net_National_Renewable_Energy_Action_Plan_NREAP_of_S_o.txt,False,False,0,0,none,none,none,"The document is about São Tomé and Príncipe, not Ghana, and does not contain explicit evidence related to climate change mitigation, adaptation, or disaster risk reduction strategies/policies/legal frameworks for Ghana.","There is no explicit link between UNEP and any climate change mitigation, adaptation, or disaster risk reduction strategy/policy/legal framework in Ghana.",[]
Ghana,2018–2022,1,UNEP implemented Ghana disaster risk reduction policy validated policy strategy legal framework law regulation action plan after:2018-01-01 before:2022-01-01,Gap Analysis Report,https://www.globalshield.org/wp-content/uploads/2024/01/2024-01-16_GS-ICP-Ghana_Gap-Analysis_Final.pdf,Management (DRM) Strategy. This also entails generating the Ghana National Disaster Management and Risk Finance Strategy roadmap and implementation plan.,https://www.globalshield.org › uploads › 2024/01,www_globalshield_org_Gap_Analysis_Report.txt,True,False,0,0,none,none,national,"The document does not provide explicit evidence of climate change mitigation, adaptation, or disaster risk reduction strategies/policies/legal frameworks adopted, approved, enacted, endorsed, launched, implemented, or otherwise officially put in place in Ghana during 2018-2022.","There is no explicit link between UNEP and the adoption, approval, enactment, endorsement, launch, implementation, development, strengthening, or operationalization of climate change mitigation, adaptation, or disaster risk reduction strategies/policies/legal frameworks in Ghana during 2018-2022.","[""No specific climate policy or UNEP attribution evidence found.""]"
Ghana,2018–2022,1,UNEP implemented Ghana disaster risk reduction policy validated policy strategy legal framework law regulation action plan after:2018-01-01 before:2022-01-01,Mainstreaming nature-based solutions for climate resilient ...,https://www.sciencedirect.com/science/article/pii/S0169204621001985,"In some developing country contexts, inefficient urban planning can be linked to outdated regulations and policies which do not promote UGI (Roy et al., 2018).",https://www.sciencedirect.com › science › article › pii,www_sciencedirect_com_Mainstreaming_nature_based_solutions_for_climate_r.txt,False,False,0,0,none,none,unclear,The document does not contain any information about Ghana or climate policies.,The document does not mention UNEP or any climate-related activities.,[]
Ghana,2018–2022,1,UNEP implemented Ghana disaster risk reduction policy validated policy strategy legal framework law regulation action plan after:2018-01-01 before:2022-01-01,Best Practices for Solid Waste Management,https://www.iges.or.jp/en/publication_documents/pub/policyreport/en/11066/Best+Practices+for+SWM_Guide+for+Decision+Makers+in+Developing+Countries_Oct+20_0.pdf,prepared Nepal's “Disaster Waste Management Policy/Strategy Nepal” (UNEP 2018a). The plan's objectives include promoting the latest technology through ...,https://www.iges.or.jp › pub › policyreport › Best...,www_iges_or_jp_Best_Practices_for_Solid_Waste_Management.txt,False,False,0,0,none,none,global,"The document does not contain explicit evidence related to climate change mitigation, adaptation, or disaster risk reduction strategies/policies/legal frameworks for Ghana in 2018-2022.",There is no explicit link between UNEP and any climate-related policy or strategy in Ghana during 2018-2022.,"[""No relevant evidence found.""]"
Ghana,2018–2022,1,UNEP implemented Ghana disaster risk reduction policy validated policy strategy legal framework law regulation action plan after:2018-01-01 before:2022-01-01,Addressing the Risk of Climate-induced Disasters through ...,https://weadapt.org/solutions-portal/addressing-the-risk-of-climate-induced-disasters-through-enhanced-national-and-local-capacity-for-effective-actions/,"This project, also known as NAPA II, was to enhance national, local and community capacities to prepare for and respond to multiple climate-induced hazards.",https://weadapt.org › solutions-portal › addressing-the-r...,weadapt_org_Addressing_the_Risk_of_Climate_induced_Disasters_t.txt,False,False,0,0,none,none,unclear,"The document is not about Ghana, but about Bhutan. It discusses a project implemented in Bhutan from 2014-2019, which does not match the required time window of 2018-2022 for Ghana.",There is no mention of UNEP in the document as being involved in the project or activities described.,[]
Ghana,2018–2022,2,UNEP capacity building Ghana low emission development strategy revised policy strategy legal framework law regulation action plan after:2018-01-01 before:2022-01-01,REPUBLIC OF GHANA,https://glrssmp.epa.gov.gh/wp-content/uploads/2022/11/GH-LRSSM-Project-P171933-ESMF-May-2021_Updated_0.pdf,"• Develop project tailored capacity building plan based on the assessment of existing ... National Legal, Regulation and Policy Framework. Page 95. 84. The ...",https://glrssmp.epa.gov.gh › uploads › 2022/11,glrssmp_epa_gov_gh_REPUBLIC_OF_GHANA.txt,True,False,61,0,Environmental and Social Management Framework (ESMF),developed,national,"The document mentions the National Climate Change Policy (2013) and the National Environmental Policy (2010), which are relevant to climate change mitigation and adaptation. It also discusses the integration of sustainable land and water management practices, which is related to climate change mitigation and adaptation.",There is no explicit mention of UNEP's involvement in the development or implementation of the climate change policies or strategies in Ghana.,"[""The National Climate Change Policy (2013)"", ""The National Environmental Policy (2010)"", ""Environmental and Social Management Framework (ESMF)"", ""Sustainable Land and Water Management Project (SLWMP)""]"
Ghana,2018–2022,2,UNEP capacity building Ghana low emission development strategy revised policy strategy legal framework law regulation action plan after:2018-01-01 before:2022-01-01,GOVERNMENT OF GHANA,https://ndpc.gov.gh/media/MTNDPF_2022-2025_Dec-2021.pdf,"Page 1. REPUBLIC OF GHANA. MEDIUM-TERM NATIONAL DEVELOPMENT POLICY FRAMEWORK ... Development. Planning Commission Act, 1994 (Act 479). Public consultations ...",https://ndpc.gov.gh › media › MTNDPF_2022-2...,ndpc_gov_gh_GOVERNMENT_OF_GHANA.txt,False,False,0,0,none,none,national,"The document does not contain explicit evidence related to climate change mitigation, adaptation, or disaster risk reduction strategies/policies/legal frameworks adopted in Ghana during 2018-2022.","There is no explicit link between UNEP and any climate change mitigation, adaptation, or disaster risk reduction strategy/policy/legal framework in Ghana during 2018-2022.",[]
Ghana,2018–2022,2,UNEP capacity building Ghana low emission development strategy revised policy strategy legal framework law regulation action plan after:2018-01-01 before:2022-01-01,GOVERNMENT OF GHANA,https://cdn.climatepolicyradar.org/navigator/GHA/2021/medium-term-development-policy-framework-2022-2025_3d89979e1c16727fdc3b701413db4d98.pdf,"Page 1. REPUBLIC OF GHANA. MEDIUM-TERM NATIONAL DEVELOPMENT POLICY FRAMEWORK ... Development. Planning Commission Act, 1994 (Act 479). Public consultations ...",https://cdn.climatepolicyradar.org › GHA › mediu...,cdn_climatepolicyradar_org_GOVERNMENT_OF_GHANA.txt,False,False,0,0,none,none,national,"The document does not contain explicit evidence related to climate change mitigation, adaptation, or disaster risk reduction strategies/policies/legal frameworks for Ghana during 2018-2022.","There is no explicit link between UNEP and any climate change mitigation, adaptation, or disaster risk reduction strategy/policy/legal framework in Ghana during 2018-2022.",[]
Ghana,2018–2022,2,UNEP capacity building Ghana low emission development strategy revised policy strategy legal framework law regulation action plan after:2018-01-01 before:2022-01-01,Climate Governance Series_Ghana_August 2021,https://climateactiontracker.org/documents/864/2021_08_CAT_Governance_Report_Ghana.pdf,Its low-carbon development strategy focuses on the period up to 2030. Ghana's Renewable Energy Act provides the legislative framework for renewable energy ...,https://climateactiontracker.org › documents › 20...,climateactiontracker_org_Climate_Governance_Series_Ghana_August_2021.txt,True,False,61,0,"national adaptation plan, low-carbon development strategy, NDC implementation plan, Renewable Energy Act, policy","adopted, developed",national,"The document provides evidence of Ghana's efforts to develop and implement climate policies, including the National Climate Change Policy (NCCP), the Low Carbon Development Strategy (LCDS), the NDC Implementation Plan, and the Renewable Energy Master Plan. However, the policies are not comprehensive, and there is no long-term decarbonization target or strategy. The government has shown moderate levels of commitment to enhance climate ambition, but there is limited evidence to show that climate change mitigation is one of the government's priorities.",There is no explicit link between UNEP and the development or implementation of Ghana's climate policies.,"[""Ghana’s first NDC from 2016 set the unconditional target of reducing greenhouse gas emissions by 15% below business-as-usual (BAU) levels by 2030."", ""The Low Carbon Development Strategy (LCDs) MESTI released the Low Carbon Development Strategy in 2016."", ""The government identified a need for technical support to improve its transparency and review mechanisms."", ""The Ministry of Environment, Science, Technology and Innovation (MESTI) is Ghana’s lead agency for climate change coordination and implementation.""]"
Ghana,2022–2026,1,UNEP project Ghana adaptation policy launched policy strategy legal framework law regulation action plan after:2022-01-01 before:2026-01-01,Managing the challenges of climate change mitigation and ...,https://www.sciencedirect.com/science/article/pii/S2405844023026981,"Against this backdrop, Ghana's National Climate Change Adaptation Strategy [22] was developed to stress the country's urgency to adapt to climate change. The ...",https://www.sciencedirect.com › science › article › pii,www_sciencedirect_com_Managing_the_challenges_of_climate_change_mitigati.txt,False,False,0,0,none,none,unclear,,,[]
Ghana,2022–2026,1,UNEP project Ghana adaptation policy launched policy strategy legal framework law regulation action plan after:2022-01-01 before:2026-01-01,Ghana unveils $20bn plan to strengthen climate adaptation ...,https://www.facebook.com/Diamond93.7/posts/ghana-unveils-20bn-plan-to-strengthen-climate-adaptationghana-has-officially-lau/1475635417896294/,"Ghana unveils $20bn plan to strengthen climate adaptation Ghana has officially launched its National Adaptation Plan (NAP), a key step in the country's efforts ...",5 reactions,www_facebook_com_Ghana_unveils_20bn_plan_to_strengthen_climate_adap.txt,True,True,90,80,National Adaptation Plan (NAP),launched,national,"The document provides clear evidence of Ghana's officially launched National Adaptation Plan (NAP), which is a climate adaptation strategy/policy/legal framework.","The document explicitly mentions that the NAP was developed with support from UNEP as the delivery partner, indicating a clear link between UNEP and the development of the NAP.","[""Ghana has officially launched its National Adaptation Plan (NAP)"", ""developed with support from the Green Climate Fund (GCF) and the United Nations Environment Programme (UNEP) as the delivery partner""]"
Ghana,2022–2026,1,UNEP project Ghana adaptation policy launched policy strategy legal framework law regulation action plan after:2022-01-01 before:2026-01-01,Adaptation Gap Report 2025,https://www.unep.org/resources/adaptation-gap-report-2025,"Most countries have at least one national adaptation policy, strategy or plan in place; countries are getting better at mainstreaming adaptation into wider ...",https://www.unep.org › resources › adaptation-gap-rep...,www_unep_org_Adaptation_Gap_Report_2025.txt,False,False,0,0,none,none,global,"The document does not contain explicit evidence related to climate mitigation, adaptation, or disaster risk reduction strategies/policies/legal frameworks adopted by Ghana in 2022-2026.",The document does not explicitly link UNEP to strengthening/enabling/adoption/implementation of any climate policy/strategy/legal framework in Ghana during 2022-2026.,[]
Ghana,2022–2026,1,UNEP project Ghana adaptation policy launched policy strategy legal framework law regulation action plan after:2022-01-01 before:2026-01-01,Ghana Climate Change Law and Development,https://documents1.worldbank.org/curated/en/099325011162237062/pdf/P17598901bf31e0d0ad0a08f44fdf5dedf.pdf,"Current strategy and climate commitments. In the Updated NDC 2021, Ghana put forward an adaptation contribution policy action of 'integrated water resources ...",https://documents1.worldbank.org › curated › pdf,documents1_worldbank_org_Ghana_Climate_Change_Law_and_Development.txt,True,False,81,0,climate change law,adopted,national,"The document provides evidence of Ghana's efforts to adopt and implement climate change policies and laws, including the Ghana Climate Change Law and Development report, which aims to support the country's climate commitments and policy goals.",There is no explicit mention of UNEP's involvement in supporting Ghana's climate change policies or laws in the provided document.,"[""Ghana Climate Change Law and Development November 2022"", ""National Climate Change Policy of 2013 (NCCP)"", ""Low Carbon Development Strategy (2016)"", ""National Climate Change Master Plan (2015–2020)"", ""Updated NDC 2021""]"
Ghana,2022–2026,1,UNEP project Ghana adaptation policy launched policy strategy legal framework law regulation action plan after:2022-01-01 before:2026-01-01,2026 Highlights,https://www.unepfi.org/wordpress/wp-content/uploads/2025/11/Work-Programme-2026-2.pdf,"UNEP FI provides resources to help its members navigate the complex and ever-chang- ing regional and global policy and regulatory environments, and also promote ...",https://www.unepfi.org › uploads › 2025/11 › W...,www_unepfi_org_2026_Highlights.txt,False,False,0,0,none,none,global,"The document does not contain explicit evidence related to Ghana's climate mitigation, adaptation, or disaster risk reduction strategy/policy/legal framework for the period 2022-2026.",There is no explicit link between UNEP and strengthening/enabling/adoption/implementation of any climate policy/strategy/legal framework in Ghana during 2022-2026.,"[""The document does not mention Ghana or any specific climate policy/strategy/legal framework for Ghana.""]"
Ghana,2022–2026,1,UNEP project Ghana adaptation policy launched policy strategy legal framework law regulation action plan after:2022-01-01 before:2026-01-01,THE IGAD CLIMATE ADAPTATION STRATEGY (2023-2030),https://igad.int/wp-content/uploads/2023/12/IGAD-Climate-Adaptation-Strategy-2023-2030-.pdf,The IGAD Climate Adaptation Strategy (2023-2030) was prepared with substantial inputs and feedback from the IGAD Centre of Excellence for Climate Adaptation ...,https://igad.int › wp-content › uploads › 2023/12,igad_int_THE_IGAD_CLIMATE_ADAPTATION_STRATEGY_2023_2030_.txt,False,False,0,0,none,none,none,"The document does not contain explicit evidence related to climate change mitigation, adaptation, or disaster risk reduction strategies/policies/legal frameworks for Ghana in 2022-2026.",There is no explicit link between UNEP and any climate policy or strategy in Ghana for 2022-2026.,[]
Ghana,2022–2026,1,UNEP project Ghana adaptation policy launched policy strategy legal framework law regulation action plan after:2022-01-01 before:2026-01-01,Laying the Ground for Scaling up Climate Finance in Sub ...,https://www.elibrary.imf.org/view/journals/001/2025/099/article-A001-en.xml,"Legislative and Policy Frameworks, including the adoption of national strategies and plans such as National Adaptation Plans (NAPs), Nationally Determined ...",https://www.elibrary.imf.org › journals › article-A001-en,www_elibrary_imf_org_Laying_the_Ground_for_Scaling_up_Climate_Finance_i.txt,False,False,0,0,none,none,global,"The document does not contain explicit evidence related to Ghana's climate mitigation, adaptation, or disaster risk reduction strategy/policy/legal framework for the time window 2022-2026.",There is no explicit link between UNEP and any climate policy or strategy in Ghana for the specified time period.,[]
Ghana,2022–2026,1,UNEP project Ghana adaptation policy launched policy strategy legal framework law regulation action plan after:2022-01-01 before:2026-01-01,Ghana National Climate Change Adaptation Strategy ( ...,https://www.adaptation-undp.org/sites/default/files/resources/ghana_national_climate_change_adaptation_strategy_nccas.pdf,Improve environmental sanitation by strengthening institutions and enforcement of laws and bye laws. 3. Improve existing waste management infrastructure and ...,https://www.adaptation-undp.org › files › resources,www_adaptation-undp_org_Ghana_National_Climate_Change_Adaptation_Strategy_.txt,True,False,81,0,National Climate Change Adaptation Strategy,adopted,national,"The document provides explicit evidence of Ghana's adoption of a National Climate Change Adaptation Strategy in 2010, aimed at enhancing the country's resilience to climate change impacts. The strategy includes various adaptation programs, institutional arrangements, and a monitoring and evaluation plan.",There is no explicit link between UNEP and the adoption or implementation of Ghana's National Climate Change Adaptation Strategy.,"[""National Climate Change Adaptation Strategy"", ""To enhance Ghana’s current and future development to climate change impacts by strengthening its adaptive capacity and building resilience of the society and ecosystems."", ""The preparation of this National Climate Change Adaptation Strategy (NCCAS) is to ensure a consistent, comprehensive and a targeted approach to increasing climate resilience and decrease vulnerability of the populace.""]"
Ghana,2022–2026,1,UNEP project Ghana adaptation policy launched policy strategy legal framework law regulation action plan after:2022-01-01 before:2026-01-01,Roadmap for Resilient Infrastructure in a Changing Climate,https://gca.org/wp-content/uploads/2022/03/Ghana_Roadmap-for-Resilient-Infrastructure-in-a-Changing-Climate.pdf,"and legal framework that aims to facilitate the successful implementation of the infrastructure adaptation strategy and action plan. However, across the ...",https://gca.org › wp-content › uploads › 2022/03,gca_org_Roadmap_for_Resilient_Infrastructure_in_a_Changing.txt,True,False,60,0,climate resilience roadmap / adaptation strategy,developed,national,"The document provides a comprehensive roadmap for resilient infrastructure in Ghana, including prioritized adaptation options and a detailed assessment of climate risks to infrastructure systems in the energy, water, and transport sectors.","Although UNEP is mentioned as a partner in the development of the roadmap, there is no explicit evidence that UNEP directly supported the adoption, approval, enactment, or implementation of the climate policy or legal framework in Ghana.","[""This report is the culmination of a 21-month partnership between the Government of Ghana (MESTI), the Global Center for Adaptation (GCA), the University of Oxford, the United Nations Office for Project Services (UNOPS) and the United Nations Environment Programme (UNEP) to identify and propose solutions to address priority adaptation needs in Ghana."", ""The proposed 35 prioritised adaptation options provide opportunities for funders and investors to invest in Ghana’s future, offering impactful, evidence-based adaptation projects and enabling environment interventions backed by robust research and analysis.""]"
Ghana,2022–2026,1,UNEP project Ghana adaptation policy launched policy strategy legal framework law regulation action plan after:2022-01-01 before:2026-01-01,Promoting synergies between land degradation neutrality ...,https://www.unccd.int/sites/default/files/2024-12/LDN%20climate%20synergies.pdf,"foundation for future adaptation efforts. After developing the National Adaptation Plan Framework in 2018,. Ghana launched the NAP Readiness Project in 2020.",https://www.unccd.int › sites › default › files,www_unccd_int_Promoting_synergies_between_land_degradation_neutr.txt,True,False,40,0,supplement to National Adaptation Plan technical guidelines,developed,international,"The document provides an overview of important concepts and initiatives under the UNFCCC and UNCCD. It highlights entry points for collaboration between stakeholders working on initiatives related to these objectives. The document describes activities, guiding questions, supportive material and possible outputs for integrating LDN initiatives into the NAP process.",There is no explicit mention of UNEP's involvement in the development or implementation of the supplement to National Adaptation Plan technical guidelines.,"[""This guide is a supplement to the UNFCCC’s NAP technical guidelines."", ""It describes how synergies between CCA and LDN initiatives can be identified and used by integrating efforts to achieve LDN"", ""The guide aims to improve an understanding of important concepts and processes and to outline ways for collaboration among efforts to achieve LDN and CCA through the NAP process.""]"
Ghana,2022–2026,1,UNEP project Ghana adaptation policy launched policy strategy legal framework law regulation action plan after:2022-01-01 before:2026-01-01,Ghana National Adaptation Plan on ...,https://www.instagram.com/p/DR2lRegjFC-/,"Ministry of Environment, Science and Technology today, Thursday 4th December 2025, launched Ghana's National Adaptation Plan (NAP) to guide climate ...",30+ likes,www_instagram_com_Ghana_National_Adaptation_Plan_on_.txt,True,False,81,0,National Adaptation Plan (NAP),launched,national,"The document provides clear evidence of the official launch of Ghana's National Adaptation Plan (NAP) in 2025, which guides climate adaptation actions across all sectors and strengthens national resilience to climate change.","There is no explicit link between UNEP and the development, adoption, or implementation of the NAP document.","[""The Government of Ghana through the Environmental Protection Authority under the auspices of  the Ministry of Environment, Science and Technology today, Thursday 4th December 2025, launched Ghana’s National Adaptation Plan (NAP)""]"
Ghana,2022–2026,1,UNEP project Ghana adaptation policy launched policy strategy legal framework law regulation action plan after:2022-01-01 before:2026-01-01,Conceptual Note on Adaptation,https://www.ngfs.net/sites/default/files/medias/documents/ngfs_conceptual_note_on_adaptation.pdf,This publication is an exploratory work that aims to make the case that central banks and supervisors should consider climate adaptation to climate change ...,https://www.ngfs.net › files › medias › documents,www_ngfs_net_Conceptual_Note_on_Adaptation.txt,False,False,0,0,none,none,global,"The document does not contain explicit evidence related to climate mitigation, adaptation, or disaster risk reduction strategies/policies/legal frameworks for Ghana in 2022-2026.",There is no explicit link between UNEP and any climate policy or legal framework in Ghana for 2022-2026.,[]
Ghana,2022–2026,1,UNEP project Ghana adaptation policy launched policy strategy legal framework law regulation action plan after:2022-01-01 before:2026-01-01,Using the Implementation Centric Evolving Climate ...,https://www.frontiersin.org/journals/climate/articles/10.3389/fclim.2023.1197027/full,"By creating an enabling environment through which to implement adaptation policies, the gaps between current action and necessary levels to reduce risk in the ...",https://www.frontiersin.org › fclim.2023.1197027 › full,www_frontiersin_org_Using_the_Implementation_Centric_Evolving_Climate_.txt,False,False,0,0,none,none,none,"The document does not contain explicit evidence related to Ghana's climate mitigation, adaptation, or disaster risk reduction strategy/policy/legal framework for the period 2022-2026.",There is no explicit link between UNEP and any climate policy or strategy in Ghana for the period 2022-2026.,[]
Ghana,2022–2026,1,UNEP project Ghana adaptation policy launched policy strategy legal framework law regulation action plan after:2022-01-01 before:2026-01-01,Green Climate Fund and UNEP boost climate adaptation ...,https://www.unep.org/news-and-stories/press-release/green-climate-fund-and-unep-boost-climate-adaptation-usd-120-million,"Port Moresby, 2 July 2025 – The Green Climate Fund (GCF) has approved over USD 120 million in new funding to strengthen climate resilience in Ghana, ...","https://www.unep.org › News, Stories & Speeches",www_unep_org_Green_Climate_Fund_and_UNEP_boost_climate_adaptati.txt,True,True,81,81,climate resilience / adaptation project,approved / implemented,national,"The document provides clear evidence of a climate change adaptation project approved and implemented in Ghana during 2022-2026, which aims to build the resilience of agroecosystems and rural livelihoods.",The document explicitly credits UNEP for developing the project to help vulnerable communities in Ghana anticipate and adapt to increasingly severe impacts of climate change.,"[""The Green Climate Fund (GCF) has approved over USD 120 million in new funding to strengthen climate resilience in Ghana, the Maldives, and Mauritania. At the request of the three countries, the UN Environment Programme (UNEP) developed these projects to help vulnerable communities anticipate and adapt to increasingly severe impacts of climate change."", ""“These new projects reflect UNEP’s deep commitment to supporting countries on the frontlines of climate change,” said Martin Krause, Director of UNEP’s Climate Change Division."", ""Implemented by the Government of Ghana through the Environmental Protection Agency and Ghana Meteorological Agency, the project will benefit 619,000 people directly, while early warning alerts will reach up to 2.9 million people.""]"
Ghana,2022–2026,1,UNEP project Ghana adaptation policy launched policy strategy legal framework law regulation action plan after:2022-01-01 before:2026-01-01,AFRICAN UNION CLIMATE CHANGE AND RESILIENT ...,https://au.int/sites/default/files/documents/41959-doc-CC_Strategy_and_Action_Plan_2022-2032_08_02_23_Single_Print_Ready.pdf,"Appendix 2: Continental and regional level policies, frameworks and action plans responsive to climate change (non-exhaustive). Policies/Frameworks/Action Plans.",https://au.int › sites › default › files › documents,au_int_AFRICAN_UNION_CLIMATE_CHANGE_AND_RESILIENT_.txt,False,False,0,0,none,none,unclear,,,[]
Ghana,2022–2026,1,UNEP project Ghana adaptation policy launched policy strategy legal framework law regulation action plan after:2022-01-01 before:2026-01-01,NATIONAL ADAPTATION PLANS 2023,https://unfccc.int/sites/default/files/resource/NAP-progress-publication-2023.pdf,One of its important mandates is to provide technical guidance and support to countries on the formulation and implement of national adaptation plans (NAPs) ...,https://unfccc.int › NAP-progress-publication-2023,unfccc_int_NATIONAL_ADAPTATION_PLANS_2023.txt,True,False,80,0,national adaptation plan,formulated,national,"The document provides information on the process to formulate and implement National Adaptation Plans (NAPs) for several countries, including progress, challenges, and support provided. It mentions Ghana as one of the countries that have submitted NAPs and highlights various adaptation actions and sectors prioritized in the NAPs.",There is no explicit mention of UNEP's direct involvement or support in the formulation or implementation of Ghana's NAP or similar climate policies within the provided document.,"[""As at 11 November 2023, 49 countries (of which 22 are LDCs and 11 are SIDS) had developed their NAPs and submitted them on NAP Central."", ""Ghana is one of the countries that have submitted proposals for accessing funding from the GCF under its Readiness and Preparatory Support Programme."", ""The document does not explicitly mention UNEP's support for Ghana's NAP.""]"
Ghana,2022–2026,1,UNEP project Ghana adaptation policy launched policy strategy legal framework law regulation action plan after:2022-01-01 before:2026-01-01,The Enabling Environment for Green Finance in Ghana,https://www.un-page.org/knowledge-hub/the-enabling-environment-for-green-finance-in-ghana/,"For off-grid RE, Ghana's 2020 Adaptation Strategy and Action Plan for the Infrastructure Sector promotes off-grid RE systems, particularly for disconnected ...",https://www.un-page.org › knowledge-hub › the...,www_un-page_org_The_Enabling_Environment_for_Green_Finance_in_Ghan.txt,True,False,80,0,regulatory framework / policy,developed / implemented,national,"The document discusses Ghana's efforts to strengthen its enabling environment for a green economy, including reforms in the finance, energy, transport, agriculture, and petroleum sectors. It highlights several policy measures and regulatory frameworks aimed at promoting green investments and reducing greenhouse gas emissions.",There is no explicit mention of UNEP's direct involvement in supporting Ghana's climate policy or legal framework adoption during 2022-2026.,"[""The report reviews the literature, and together with evidence gathered from key stakeholder interviews, highlights on-going reform efforts that aim to strengthen the enabling environment for a green economy in Ghana."", ""Ghana’s key climate change-related priorities in the lead-up to COP27 are primarily focused on adaptation and securing domestic and international financing to support these aims."", ""The Securities and Exchange Commission (which regulates the Ghanaian securities markets), with support from the IFC, has begun to develop guidelines for issuers and investors for green bonds in Ghana."", ""The Bank of Ghana has introduced the Ghana Sustainable Banking Principles (SBPs), which outline the following seven principles: Environmental and Social Risk Management (ESRM); Internal Environment, Social, and Governance (ESG) standards in banks operations; Corporate Governance and Ethical Standards; Gender Equality; Financial Inclusion; Resource efficiency, Sustainable Production and Consumption; and reporting on five environmentally sensitive sectors (Agriculture and Forestry, Construction and Real Estate; Manufacturing; Oil, Gas and Mining; and Power and Energy).""]"
Ghana,2022–2026,1,UNEP project Ghana adaptation policy launched policy strategy legal framework law regulation action plan after:2022-01-01 before:2026-01-01,Adapting to a New Climate,https://www.unepfi.org/wordpress/wp-content/uploads/2022/11/Adapting-to-a-New-Climate.pdf,This is why member banks of UNEP FI are requesting a framework for action on climate adaptation to complement the net-zero alignment framework under the ...,https://www.unepfi.org › uploads › 2022/11 › A...,www_unepfi_org_Adapting_to_a_New_Climate.txt,False,False,0,0,none,none,unclear,,,[]
Ghana,2022–2026,1,UNEP project Ghana adaptation policy launched policy strategy legal framework law regulation action plan after:2022-01-01 before:2026-01-01,Coordinating Climate Actions: Ghana's National Adaptation ...,https://www.instagram.com/reel/DLqFmjeR5k7/,Coordinating Climate Actions: Ghana's National Adaptation Plan is the roadmap for preparing the country to reduce the negative impacts of climate change on ...,10+ likes · 10 months ago,www_instagram_com_Coordinating_Climate_Actions_Ghana_s_National_Adap.txt,True,False,81,0,national adaptation plan,adopted,national,"The document mentions Ghana's National Adaptation Plan, which is a roadmap for preparing the country to reduce the negative impacts of climate change on communities.",There is no explicit link between UNEP and the adoption or implementation of Ghana's National Adaptation Plan.,"[""Ghana's National Adaptation Plan"", ""roadmap for preparing the country to reduce the negative impacts of climate change on communities""]"
Ghana,2022–2026,1,UNEP project Ghana adaptation policy launched policy strategy legal framework law regulation action plan after:2022-01-01 before:2026-01-01,Mainstreaming national adaptation programmes of action into ...,https://www.emerald.com/ijccsm/article/9/03/299/123769/Mainstreaming-national-adaptation-programmes-of,"To this end, the policy was translated into a legal framework through the Environment Act of 2008. The Environment Act 2008 provides for the management of ...",https://www.emerald.com › ijccsm › article › Mainstrea...,www_emerald_com_Mainstreaming_national_adaptation_programmes_of_ac.txt,False,False,0,0,none,none,none,"The document is not about Ghana and the time window 2022–2026, but rather about Lesotho and its National Adaptation Programme of Action (NAPA) in a broader context.","There is no explicit link between UNEP and climate change mitigation, adaptation, or disaster risk reduction strategies in Ghana for the specified time window.",[]
Ghana,2022–2026,1,UNEP project Ghana adaptation policy launched policy strategy legal framework law regulation action plan after:2022-01-01 before:2026-01-01,Green-Taxonomy-Framework-for-Ghana_V3.pdf,https://www.mofep.gov.gh/sites/default/files/reports/economic/Green-Taxonomy-Framework-for-Ghana_V3.pdf,The Ghana Green Finance Taxonomy is a strategic framework designed to guide investments toward a sustainable and climate-resilient economy. As West Africa's ...,https://www.mofep.gov.gh › reports › economic,www_mofep_gov_gh_Green_Taxonomy_Framework_for_Ghana_V3_pdf.txt,True,False,80,0,"climate change mitigation strategy, policy, legal framework, law, regulation, action plan, NDC implementation plan, national adaptation plan","adopted, approved, launched, implemented",national,"The document outlines Ghana's Green Finance Taxonomy, a strategic framework designed to guide investments toward a sustainable and climate-resilient economy. It aligns with Ghana's Nationally Determined Contributions (NDCs) and Sustainable Development Goals (SDGs), and provides a clear classification system for identifying environmentally sustainable economic activities.",There is no explicit mention of UNEP supporting the development or implementation of the Ghana Green Finance Taxonomy.,"[""The Ghana Green Finance Taxonomy is a strategic framework designed to guide investments toward a sustainable and climate-resilient economy."", ""It aligns with commitments under the Paris Agreement and the Sustainable Development Goals (SDGs),"", ""The taxonomy prioritises sustainable economic activities aligned with Ghana’s Nationally Determined Contributions, and consistent with the country’s vision for low-carbon development and responsible industrialisation.""]"
Ghana,2022–2026,1,UNEP project Ghana adaptation policy launched policy strategy legal framework law regulation action plan after:2022-01-01 before:2026-01-01,implementing-the-global-action-plan-on-antimicrobial- ...,https://www.woah.org/app/uploads/2024/01/implementing-the-global-action-plan-on-antimicrobial-resistance.pdf,veterinary drug regulation in the national legal framework of SADC member states. ... UNEP project aims to boost understanding of the environmental dimensions.,https://www.woah.org › app › uploads › 2024/01,www_woah_org_implementing_the_global_action_plan_on_antimicrobi.txt,False,False,0,0,none,none,unclear,,,[]
Ghana,2022–2026,1,UNEP project Ghana adaptation policy launched policy strategy legal framework law regulation action plan after:2022-01-01 before:2026-01-01,icmpd-strengthening-mobility-in-west-africa-smiwa-2023- ...,https://um.dk/media/milfsm3b/icmpd-strengthening-mobility-in-west-africa-smiwa-2023-2028.pdf,The objective of the project is to maximize the development potential of free movement of persons and migration in West Africa by effectively implementing the ...,https://um.dk › media › icmpd-strengthening-mo...,um_dk_icmpd_strengthening_mobility_in_west_africa_smiwa_.txt,False,False,0,0,none,none,none,"The document does not contain explicit evidence related to climate change mitigation, adaptation, or disaster risk reduction strategies/policies/legal frameworks for Ghana in 2022-2026.","There is no explicit link between UNEP and any climate change mitigation, adaptation, or disaster risk reduction strategy/policy/legal framework in Ghana for 2022-2026.",[]
Ghana,2022–2026,1,UNEP project Ghana adaptation policy launched policy strategy legal framework law regulation action plan after:2022-01-01 before:2026-01-01,"Government of The Gambia Ministry of Environment, ...",https://meccnar.gov.gm/sites/default/files/2022-11/Long%20Term%20Climate%20Change%20Strategy%20of%20The%20Gambia%20Final.pdf,"It outlines the approach to be followed to develop the implementation framework for the Policy, through the subsequent National Climate. Change Response ...",https://meccnar.gov.gm › sites › default › files › L...,meccnar_gov_gm_Government_of_The_Gambia_Ministry_of_Environment_.txt,False,False,0,0,none,none,unclear,The document is not about Ghana and not about 2022–2026.,The document is not about Ghana and not about 2022–2026.,[]
Ghana,2022–2026,1,UNEP project Ghana adaptation policy launched policy strategy legal framework law regulation action plan after:2022-01-01 before:2026-01-01,Adapting to a New Climate,https://www.unepfi.org/wordpress/wp-content/uploads/2022/11/Adapting-to-a-New-Climate.pdf,This is why member banks of UNEP FI are requesting a framework for action on climate adaptation to complement the net-zero alignment framework under the ...,https://www.unepfi.org › uploads › 2022/11 › A...,www_unepfi_org_Adapting_to_a_New_Climate.txt,False,False,0,0,none,none,unclear,,,[]
Ghana,2022–2026,1,UNEP project Ghana adaptation policy launched policy strategy legal framework law regulation action plan after:2022-01-01 before:2026-01-01,ECOWAS Regional Climate Strategy (RCS) And Action ...,https://disasterdisplacement.org/wp-content/uploads/2022/10/ECOWAS-Regional-Climate-Strategy_FINAL_compressed.pdf,"has adopted a regional policy on science, technology and innovation (ECOPOST), Act. A/SA.2/06/12 and an action plan for its implementation, a Directive (A/DIR.1 ...",https://disasterdisplacement.org › 2022/10 › ECO...,disasterdisplacement_org_ECOWAS_Regional_Climate_Strategy_RCS_And_Action_.txt,False,False,0,0,none,none,none,"The document does not contain explicit evidence related to Ghana's climate mitigation, adaptation, or disaster risk reduction strategy/policy/legal framework for 2022-2026.",There is no explicit link between UNEP and any climate policy or strategy in Ghana for 2022-2026.,[]
Ghana,2022–2026,1,UNEP project Ghana adaptation policy launched policy strategy legal framework law regulation action plan after:2022-01-01 before:2026-01-01,THE BLUE CARBON HANDBOOK,https://oceanpanel.org/wp-content/uploads/2023/06/Ocean_Panel_Blue_Carbon_Handbook-1.pdf,"It offers key information and direction to decision-makers considering topics ranging from the sequestration potential of blue carbon ecosystems, to adaptation ...",https://oceanpanel.org › uploads › 2023/06 › Oc...,oceanpanel_org_THE_BLUE_CARBON_HANDBOOK.txt,False,False,0,0,none,none,none,"The document does not contain explicit evidence related to Ghana's climate mitigation, adaptation, or disaster risk reduction strategy/policy/legal framework for 2022-2026.",There is no explicit link between UNEP and any climate policy or strategy in Ghana for 2022-2026.,[]
Ghana,2022–2026,1,UNEP project Ghana adaptation policy launched policy strategy legal framework law regulation action plan after:2022-01-01 before:2026-01-01,Mainstreaming national adaptation programmes of action into ...,https://www.emerald.com/ijccsm/article/9/03/299/123769/Mainstreaming-national-adaptation-programmes-of,"To this end, the policy was translated into a legal framework through the Environment Act of 2008. The Environment Act 2008 provides for the management of ...",https://www.emerald.com › ijccsm › article › Mainstrea...,www_emerald_com_Mainstreaming_national_adaptation_programmes_of_ac.txt,False,False,0,0,none,none,none,"The document does not contain explicit evidence related to Ghana's climate mitigation, adaptation, or disaster risk reduction strategy/policy/legal framework for the time window 2022–2026.","There is no mention of UNEP's role in supporting climate change mitigation, adaptation, or disaster risk reduction efforts in Ghana during 2022–2026.",[]
Ghana,2022–2026,1,UNEP project Ghana adaptation policy launched policy strategy legal framework law regulation action plan after:2022-01-01 before:2026-01-01,ECOWAS Regional Climate Strategy (RCS) And Action ...,https://disasterdisplacement.org/wp-content/uploads/2022/10/ECOWAS-Regional-Climate-Strategy_FINAL_compressed.pdf,"has adopted a regional policy on science, technology and innovation (ECOPOST), Act. A/SA.2/06/12 and an action plan for its implementation, a Directive (A/DIR.1 ...",https://disasterdisplacement.org › 2022/10 › ECO...,disasterdisplacement_org_ECOWAS_Regional_Climate_Strategy_RCS_And_Action_.txt,False,False,0,0,none,none,global,"The document does not contain explicit evidence related to Ghana's climate mitigation, adaptation, or disaster risk reduction strategy/policy/legal framework for 2022-2026.",There is no explicit link between UNEP and climate policy/strategy/legal framework in Ghana for 2022-2026.,[]
Ghana,2022–2026,1,UNEP project Ghana adaptation policy launched policy strategy legal framework law regulation action plan after:2022-01-01 before:2026-01-01,Climate Action Roadmaps For Buildings and Construction ...,https://globalabc.org/sites/default/files/2024-11/Climate%20Action%20Roadmap_GHANA.pdf,"Plan, policy, law, regulation. Strategy/ provision related to buildings and ... Ghana's National Adaptation Plan Framework (2018). Avail- able at https ...",https://globalabc.org › sites › default › files › Clim...,globalabc_org_Climate_Action_Roadmaps_For_Buildings_and_Construc.txt,True,False,81,0,climate action roadmap,developed,national,"The document provides a comprehensive climate action roadmap for Ghana's building and construction sector, aligning with the country's NDC and Paris Agreement commitments. It outlines specific actions, timelines, and responsible actors for reducing emissions and promoting climate resilience in the sector.","Although UNEP is mentioned as a contributor to the report and the project, there is no explicit link between UNEP and the adoption, approval, enactment, or implementation of the climate policy or legal framework in Ghana.","[""The Climate Action Roadmap for Buildings and Construction aims to support the Government of Ghana and its stakeholders to transform the industry towards lower emissions, efficient, and resilient built environment to support the country’s commitment, through the Nationally Determined Contributions (NDC), under the Paris Agreement"", ""Ghana’s updated Nationally Determined Contribution (NDC) under the Paris Agreement (2020 to 2030) covers 19 policy areas, translating into 47 adaptation and mitigation programmes of action"", ""The roadmap provides a holistic approach to transform the sector by covering four main cross-cutting objectives: zero operational and embodied emissions, inclusion and well-being, and resiliency across five action areas of the built environment""]"
Ghana,2022–2026,1,UNEP project Ghana adaptation policy launched policy strategy legal framework law regulation action plan after:2022-01-01 before:2026-01-01,Ghana's Request for Support to the Global Shield against ...,https://www.globalshield.org/wp-content/uploads/2024/04/Ghana-Request-for-Support-to-the-Global-Shield_Annex.pdf,"In 2013 and 2014 for instance, Ghana launched the National Climate. Change Policy and National Climate Change Policy Action Plan respectively to provide.",https://www.globalshield.org › uploads › 2024/04,www_globalshield_org_Ghana_s_Request_for_Support_to_the_Global_Shield_a.txt,True,False,80,0,disaster risk reduction strategy,developed,national,"The document outlines a disaster risk reduction strategy for Ghana, specifically through the National Disaster Management Organization (NADMO) and other initiatives. It provides evidence of climate change mitigation, adaptation, and disaster risk reduction strategies/policies/legal frameworks adopted in Ghana during 2022-2026.","There is no explicit link between UNEP and the adoption, approval, enactment, endorsement, launch, implementation, developing, strengthening, or operationalizing of the climate mitigation, adaptation, or disaster risk reduction strategy/policy/legal framework in Ghana during 2022-2026.","[""The National Disaster Management Organization (NADMO) was established by Act 517 of 1996 but now amended to Act 927 (2016) to play the coordinating role in the implementation of Disaster Risk Reduction (DRR) in the context of global DRR frameworks and also advise government on policies toward prevention and management of national disasters and similar emergencies."", ""Ghana has limited resources to invest in disaster risk reduction and minimal fiscal space to fund response and recovery efforts after major disasters."", ""The challenges faced by the country in relation to most disasters are greatly influenced by anthropogenic activities and low appreciation of climate change impact."", ""However, the institutional capacity of some Metropolitan, Municipal, and Districts Assemblies as well as community-based organizations such as Disaster Volunteer Groups (DVGs) and similar organizations at the district and community scales are limited.""]"
Ghana,2022–2026,1,UNEP project Ghana adaptation policy launched policy strategy legal framework law regulation action plan after:2022-01-01 before:2026-01-01,Ghana's Request for Support to the Global Shield against ...,https://www.globalshield.org/wp-content/uploads/2024/04/Ghana-Request-for-Support-to-the-Global-Shield_Annex.pdf,"In 2013 and 2014 for instance, Ghana launched the National Climate. Change Policy and National Climate Change Policy Action Plan respectively to provide.",https://www.globalshield.org › uploads › 2024/04,www_globalshield_org_Ghana_s_Request_for_Support_to_the_Global_Shield_a.txt,True,False,61,0,disaster risk reduction strategy,developed,national,"The document outlines a proposal for enhancing early warning mechanisms through sovereign risk insurance, institutional strengthening, capacity building, and sensitization on risk insurance and awareness creation interventions to promote disaster risk reduction for increased community resilience against extreme weather events in Ghana. It mentions the National Disaster Management Organization (NADMO) and its efforts to reduce disaster risk in Ghana.",There is no explicit mention of UNEP's role in supporting or enabling the disaster risk reduction strategy in Ghana.,"[""The National Disaster Management Organization (NADMO) was established by Act 517 of 1996 but now amended to Act 927 (2016) to play the coordinating role in the implementation of Disaster Risk Reduction (DRR) in the context of global DRR frameworks and also advise government on policies toward prevention and management of national disasters and similar emergencies."", ""NADMO has planned for a number of initiatives to reduce disaster risk in Ghana, including Sovereign Risk Insurance, Institutional Strengthening and Capacity Building at the sub-national levels across the country.""]"
Ghana,2022–2026,1,UNEP project Ghana adaptation policy launched policy strategy legal framework law regulation action plan after:2022-01-01 before:2026-01-01,Ghana strengthens water sector resilience to climate change,https://www.linkedin.com/posts/aipwater_auaipmulticountrygcfreadinessproject-ghana-activity-7327975503426945025-fbcS,Ghana is taking significant steps to strengthen its water sector's resilience to climate change through the African Union AIP Multi-Country GCF Readiness ...,9 reactions,www_linkedin_com_Ghana_strengthens_water_sector_resilience_to_clima.txt,True,False,81,0,NDC / National Climate Change Policy / National Water Policy,updated / integrated,national,"Ghana has updated its Nationally Determined Contributions (NDCs), National Climate Change Policy, and National Water Policy to integrate climate resilience.",There is no explicit link between UNEP and the climate policy outcomes in Ghana.,"[""Ghana aims to work towards having an accredited Direct Access Entity for accessing climate finance, develop a Water Investment Programme and build the capacity of water stakeholders in climate finance."", ""Ghana has already made strides in integrating climate resilience into national policies, as evidenced by its updated Nationally Determined Contributions (NDCs), National Climate Change Policy, and National Water Policy.""]"
Ghana,2022–2026,1,UNEP project Ghana adaptation policy launched policy strategy legal framework law regulation action plan after:2022-01-01 before:2026-01-01,PROPOSAL FOR ADAPTATION FUND CLIMATE ...,https://www.adaptation-fund.org/wp-content/uploads/2023/09/AFB.PPRC_.32.Inf_.19.-Proposal-for-Adaptation-Fund-Climate-Innovation-Accelerator-UNEP.pdf,"These instruments strengthen the country´s abilities to support the deployment of climate technologies by leveraging regulatory, and policy barriers. Under this ...",https://www.adaptation-fund.org › 2023/09 › AF...,www_adaptation-fund_org_PROPOSAL_FOR_ADAPTATION_FUND_CLIMATE_.txt,False,False,0,0,none,none,none,"The document does not contain explicit evidence related to Ghana's climate mitigation, adaptation, or disaster risk reduction strategy/policy/legal framework for 2022-2026.",There is no explicit link between UNEP and strengthening/enabling/adoption/implementation of SP1.2 policy/strategy/legal framework outcome in Ghana during 2022-2026.,[]
Ghana,2022–2026,1,UNEP project Ghana adaptation policy launched policy strategy legal framework law regulation action plan after:2022-01-01 before:2026-01-01,Toolkit for Integrating Climate Change into Mid-Term ... - SIGRA,https://sigraghana.org/wp-content/uploads/2025/07/MMDA-Climate-Change-ToolKit.pdf,"Ghana's National Adaptation Plan (NAP) provides a strategic framework for enhancing climate resilience, particularly at the district level, where climate.",https://sigraghana.org › uploads › 2025/07 › M...,sigraghana_org_Toolkit_for_Integrating_Climate_Change_into_Mid_Te.txt,True,False,80,0,climate change adaptation strategy / policy / legal framework,developed / implemented,national,"The document provides detailed information on Ghana's climate change policies and strategies, including the National Climate Change Policy (NCCP), National Climate Change Adaptation Strategy (NCCAS), National Adaptation Plan (NAP), and Updated Nationally Determined Contributions (NDC). These frameworks guide climate adaptation planning at the district level, ensuring alignment with national objectives.",There is no explicit mention of UNEP's role in supporting the development or implementation of Ghana's climate change policies and strategies.,"[""Ghana’s National Adaptation Plan (NAP) provides a strategic framework for enhancing climate resilience, particularly at the district level, where climate adaptation actions have the most direct impact."", ""The National Climate Change Policy (NCCP) provides strategic direction and coordinates Ghana’s response to climate change by mainstreaming adaptation and mitigation efforts across all sectors and governance levels."", ""The toolkit for integrating climate change adaptation into Medium-Term Development Planning in Ghana has been designed to provide practical guidance, structured frameworks, and actionable strategies for MMDAs to mainstream climate adaptation into their 2026–2029 Medium-Term Development Plans (MTDPs).""]"
Ghana,2022–2026,1,UNEP project Ghana adaptation policy launched policy strategy legal framework law regulation action plan after:2022-01-01 before:2026-01-01,Managing the challenges of climate change mitigation and ...,https://www.researchgate.net/publication/370107330_Managing_the_challenges_of_climate_change_mitigation_and_adaptation_strategies_in_Ghana,"Policy interventions have resulted in the introduction of several mitigative and adaptation programmes, such as building resilience in various economic sectors.",https://www.researchgate.net › publication › 37010733...,www_researchgate_net_Managing_the_challenges_of_climate_change_mitigati.txt,False,False,0,0,none,none,unclear,,,[]
Ghana,2022–2026,1,UNEP project Ghana adaptation policy launched policy strategy legal framework law regulation action plan after:2022-01-01 before:2026-01-01,The Enabling Environment for Green Finance in Ghana,https://www.un-page.org/knowledge-hub/the-enabling-environment-for-green-finance-in-ghana/,"For off-grid RE, Ghana's 2020 Adaptation Strategy and Action Plan for the Infrastructure Sector promotes off-grid RE systems, particularly for disconnected ...",https://www.un-page.org › knowledge-hub › the...,www_un-page_org_The_Enabling_Environment_for_Green_Finance_in_Ghan.txt,True,False,80,0,regulatory framework / policy,developed / implemented,national,"The document provides explicit evidence of Ghana's efforts to strengthen its regulatory framework for a green economy, including the development of guidelines for green bonds, the introduction of the Ghana Sustainable Banking Principles, and the promotion of renewable energy. However, the document does not provide explicit evidence of UNEP's attribution to these efforts.",There is no explicit mention of UNEP's support or involvement in Ghana's climate policy efforts in the provided document.,"[""The Securities and Exchange Commission (which regulates the Ghanaian securities markets), with support from the IFC, has begun to develop guidelines for issuers and investors for green bonds in Ghana."", ""The Bank of Ghana has introduced the Ghana Sustainable Banking Principles (SBPs), which outline the following seven principles: Environmental and Social Risk Management (ESRM); Internal Environment, Social, and Governance (ESG) standards in banks operations; Corporate Governance and Ethical Standards; Gender Equality; Financial Inclusion; Resource efficiency, Sustainable Production and Consumption; and reporting on five environmentally sensitive sectors (Agriculture and Forestry, Construction and Real Estate; Manufacturing; Oil, Gas and Mining; and Power and Energy)."", ""By 2020, 24 commercial banks in Ghana had agreed to the Sustainable Banking Principles."", ""The Renewable Energy Act 2011 (Act 832) regulates the supply of renewable energy."", ""The Energy Commission and the Public Utilities Regulatory Commission (PURC) are responsible for approving the charges for the purchase of RE electricity and grid connection charges.""]"
Ghana,2022–2026,1,UNEP project Ghana adaptation policy launched policy strategy legal framework law regulation action plan after:2022-01-01 before:2026-01-01,Green-Taxonomy-Framework-for-Ghana_V3.pdf,https://www.mofep.gov.gh/sites/default/files/reports/economic/Green-Taxonomy-Framework-for-Ghana_V3.pdf,The Ghana Green Finance Taxonomy is a strategic framework designed to guide investments toward a sustainable and climate-resilient economy. As West Africa's ...,https://www.mofep.gov.gh › reports › economic,www_mofep_gov_gh_Green_Taxonomy_Framework_for_Ghana_V3_pdf.txt,True,False,80,0,"climate change mitigation strategy, policy, legal framework, law, regulation, action plan","adopted, approved",national,"The document provides detailed information on Ghana's Green Finance Taxonomy, which is a strategic framework designed to guide investments toward a sustainable and climate-resilient economy. The taxonomy establishes clear criteria for identifying environmentally sustainable economic activities and provides financial institutions, investors, businesses, and policymakers with a structured approach to direct capital toward projects aligned with Ghana’s environmental, social, and economic objectives.",There is no explicit mention of UNEP's role in the development or implementation of the Ghana Green Finance Taxonomy.,"[""The Ghana Green Finance Taxonomy is a strategic framework designed to guide investments toward a sustainable and climate-resilient economy."", ""This taxonomy establishes clear criteria for identifying environmentally sustainable economic activities and provides financial institutions, investors, businesses, and policymakers with a structured approach to direct capital toward projects aligned with Ghana’s environmental, social, and economic objectives."", ""The taxonomy prioritises sustainable economic activities aligned with Ghana’s Nationally Determined Contributions, and consistent with the country’s vision for low-carbon development and responsible industrialisation.""]"
Ghana,2022–2026,2,UNEP supported Ghana climate resilience strategy adopted policy strategy legal framework law regulation action plan after:2022-01-01 before:2026-01-01,Managing the challenges of climate change mitigation and ...,https://www.sciencedirect.com/science/article/pii/S2405844023026981,This research reviews the impact of climate change and some interventions made toward its management.,https://www.sciencedirect.com › science › article › pii,www_sciencedirect_com_Managing_the_challenges_of_climate_change_mitigati.txt,False,False,0,0,none,none,unclear,,,[]
Ghana,2022–2026,2,UNEP supported Ghana climate resilience strategy adopted policy strategy legal framework law regulation action plan after:2022-01-01 before:2026-01-01,AFRICAN UNION CLIMATE CHANGE AND RESILIENT ...,https://au.int/sites/default/files/documents/41959-doc-CC_Strategy_and_Action_Plan_2022-2032_08_02_23_Single_Print_Ready.pdf,1 | AFRICAN UNION CLIMATE CHANGE AND RESILIENT DEVELOPMENT STRATEGY AND ACTION PLAN (2022-2032) ... review of climate change legislative and policy frameworks and.,https://au.int › sites › default › files › documents,au_int_AFRICAN_UNION_CLIMATE_CHANGE_AND_RESILIENT_.txt,False,False,0,0,none,none,unclear,,,[]
Ghana,2022–2026,1,UNEP project Ghana adaptation policy launched policy strategy legal framework law regulation action plan after:2022-01-01 before:2026-01-01,Physical Climate Risks and Adaptation,https://www.financeministersforclimate.org/sites/default/files/2025-06/CFCMA%20HP4%20Thematic%20Paper%20-%20Physical%20Climate%20Risks%20and%20Adaptation.pdf,"This report categorizes the potential role of Ministries of Finance in building resilience and adaptation, as well as the relevant policy questions that need to ...",https://www.financeministersforclimate.org › files,www_financeministersforclimate_org_Physical_Climate_Risks_and_Adaptation.txt,False,False,0,0,none,none,none,"The document does not contain explicit evidence related to Ghana's climate mitigation, adaptation, or disaster risk reduction strategy/policy/legal framework for the time window 2022-2026.",There is no explicit link between UNEP and any climate policy or strategy in Ghana for the specified time window.,[]
Ghana,2022–2026,1,UNEP project Ghana adaptation policy launched policy strategy legal framework law regulation action plan after:2022-01-01 before:2026-01-01,Caribbean Development Dynamics 2025,https://www.oecd.org/en/publications/caribbean-development-dynamics-2024_a8e79405-en/full-report/environmental-challenges-and-opportunities-for-sustainable-development_5edc5903.html,The Caribbean Development Dynamics is a new joint flagship report by the Development Centre of the Organisation for Economic Co-operation and Development ...,https://www.oecd.org › ... › Full Report,www_oecd_org_Caribbean_Development_Dynamics_2025.txt,False,False,0,0,none,none,none,"The document does not contain explicit evidence related to climate change mitigation, adaptation, or disaster risk reduction strategies/policies/legal frameworks for Ghana in 2022-2026.",There is no explicit link between UNEP and any climate policy or strategy in Ghana for 2022-2026.,[]
Ghana,2022–2026,2,UNEP supported Ghana climate resilience strategy adopted policy strategy legal framework law regulation action plan after:2022-01-01 before:2026-01-01,UNDP Ghana,https://www.facebook.com/UNDPGhana/posts/enhancing-stakeholder-awareness-supports-informed-decisions-and-compliance-with-/1130591549098860/,Ghana maps out strategy on climate change • A national policy implementation strategy document has been developed to guide the implementation of the ...,20+ reactions,www_facebook_com_UNDP_Ghana.txt,False,False,0,0,none,none,unclear,"The document does not contain explicit evidence related to climate mitigation, adaptation, or disaster risk reduction strategies/policies/legal frameworks adopted in Ghana during 2022-2026.",There is no explicit link between UNEP and any climate policy/strategy/legal framework in Ghana during 2022-2026.,[]
Ghana,2022–2026,2,UNEP supported Ghana climate resilience strategy adopted policy strategy legal framework law regulation action plan after:2022-01-01 before:2026-01-01,Ghana Climate Change Law and Development,https://documents1.worldbank.org/curated/en/099325011162237062/pdf/P17598901bf31e0d0ad0a08f44fdf5dedf.pdf,"The legal and regulatory framework for mobilizing finance that could support climate action includes the Local Government Act, 1993 (Act 462) and the Public ...",https://documents1.worldbank.org › curated › pdf,documents1_worldbank_org_Ghana_Climate_Change_Law_and_Development.txt,True,False,81,0,climate change law,adopted,national,"The document provides explicit evidence of Ghana's adoption of a climate change law in November 2022, which aligns with the country's climate agenda and NDC commitments.",There is no explicit link between UNEP and the adoption or implementation of Ghana's climate change law in the provided document.,"[""Ghana Climate Change Law and Development November 2022"", ""This legal analysis provides an assessment of Ghana’s key legal and regulatory frameworks for the priorities highlighted in Ghana’s Nationally Determined Contributions (NDCs) and Ghana’s climate agenda more generally."", ""The overarching policy that governs climate change in Ghana is the National Climate Change Policy of 2013 (NCCP).""]"
Ghana,2022–2026,2,UNEP supported Ghana climate resilience strategy adopted policy strategy legal framework law regulation action plan after:2022-01-01 before:2026-01-01,Ghana National Climate Change Adaptation Strategy ( ...,https://www.adaptation-undp.org/sites/default/files/resources/ghana_national_climate_change_adaptation_strategy_nccas.pdf,The need to properly plan and carefully adopt a development path that ensures climate resilience and integrate adaptation measures into all facets of national.,https://www.adaptation-undp.org › files › resources,www_adaptation-undp_org_Ghana_National_Climate_Change_Adaptation_Strategy_.txt,True,False,81,0,National Climate Change Adaptation Strategy,adopted,national,"The document provides explicit evidence of Ghana's adoption of a National Climate Change Adaptation Strategy in 2022, which aims to enhance the country's resilience to climate change impacts by strengthening its adaptive capacity and building resilience of society and ecosystems.",There is no explicit link between UNEP and the adoption of the National Climate Change Adaptation Strategy in Ghana.,"[""The National Climate Change Adaptation Strategy (NCCAS) is intended to ensure a consistent, comprehensive and a targeted approach to increasing climate resilience and decrease vulnerability of the populace."", ""The goal of the NCCAS is to enhance Ghana’s current and future development to climate change impacts by strengthening its adaptive capacity and building resilience of the society and ecosystems."", ""The preparation of the NCCAS has been driven fundamentally by a participatory approach.""]"
Ghana,2022–2026,2,UNEP supported Ghana climate resilience strategy adopted policy strategy legal framework law regulation action plan after:2022-01-01 before:2026-01-01,2026 Highlights,https://www.unepfi.org/wordpress/wp-content/uploads/2025/11/Work-Programme-2026-2.pdf,"This work programme outlines the priorities to support members in 2026, in line with the UNEP FI Strategy. 2026–29. All UNEP FI members have the option to join.",https://www.unepfi.org › uploads › 2025/11 › W...,www_unepfi_org_2026_Highlights.txt,False,False,0,0,none,none,global,"The document does not contain explicit evidence related to Ghana's climate mitigation, adaptation, or disaster risk reduction strategy/policy/legal framework for the period 2022-2026.",There is no explicit link between UNEP and strengthening/enabling/adoption/implementation of any climate policy/strategy/legal framework in Ghana during 2022-2026.,[]
Ghana,2022–2026,2,UNEP supported Ghana climate resilience strategy adopted policy strategy legal framework law regulation action plan after:2022-01-01 before:2026-01-01,Laying the Ground for Scaling up Climate Finance in Sub ...,https://www.elibrary.imf.org/view/journals/001/2025/099/article-A001-en.xml,"Section 4 outlines adaptation and mitigation priorities, emphasizing the need for climate-resilient infrastructure, sustainable agriculture, and renewable ...",https://www.elibrary.imf.org › journals › article-A001-en,www_elibrary_imf_org_Laying_the_Ground_for_Scaling_up_Climate_Finance_i.txt,False,False,0,0,none,none,global,"The document does not contain explicit evidence related to Ghana's climate mitigation, adaptation, or disaster risk reduction strategy/policy/legal framework for the time window 2022–2026.",There is no explicit link between UNEP and strengthening/enabling/adoption/implementation of the SP1.2 policy/strategy/legal framework in Ghana during 2022–2026.,[]
Ghana,2022–2026,2,UNEP supported Ghana climate resilience strategy adopted policy strategy legal framework law regulation action plan after:2022-01-01 before:2026-01-01,Roadmap for Resilient Infrastructure in a Changing Climate,https://gca.org/wp-content/uploads/2022/03/Ghana_Roadmap-for-Resilient-Infrastructure-in-a-Changing-Climate.pdf,The preparation of this resilient infrastructure roadmap has benefited greatly from the expertise provided by the Government of Ghana through its Technical ...,https://gca.org › wp-content › uploads › 2022/03,gca_org_Roadmap_for_Resilient_Infrastructure_in_a_Changing.txt,True,False,61,0,climate resilience roadmap / adaptation plan,developed,national,"The document outlines a comprehensive climate resilience roadmap for Ghana, including climate risk assessments, adaptation needs, and prioritized adaptation options for the energy, water, and transport sectors. The roadmap was developed through a collaborative process involving various government ministries, agencies, and organizations, as well as international partners.","Although UNEP is mentioned as one of the partners in the development of the roadmap, there is no explicit evidence of UNEP's direct involvement in adopting, approving, enacting, endorsing, launching, implementing, developing, strengthening, or operationalizing the climate policy or legal framework in Ghana.","[""Ghana: Roadmap for Resilient Infrastructure in a Changing Climate"", ""This report is the culmination of a 21-month partnership between the Government of Ghana (MESTI), the Global Center for Adaptation (GCA), the University of Oxford, the United Nations Office for Project Services (UNOPS) and the United Nations Environment Programme (UNEP)"", ""The proposed 35 prioritised adaptation options provide opportunities for funders and investors to invest in Ghana’s future, offering impactful, evidence-based adaptation projects and enabling environment interventions backed by robust research and analysis.""]"
Ghana,2022–2026,2,UNEP supported Ghana climate resilience strategy adopted policy strategy legal framework law regulation action plan after:2022-01-01 before:2026-01-01,THE IGAD CLIMATE ADAPTATION STRATEGY (2023-2030),https://igad.int/wp-content/uploads/2023/12/IGAD-Climate-Adaptation-Strategy-2023-2030-.pdf,The IGAD Climate Adaptation Strategy (2023-2030) was prepared with substantial inputs and feedback from the IGAD Centre of Excellence for Climate Adaptation ...,https://igad.int › wp-content › uploads › 2023/12,igad_int_THE_IGAD_CLIMATE_ADAPTATION_STRATEGY_2023_2030_.txt,False,False,0,0,none,none,none,"The document does not contain explicit evidence related to climate change mitigation, adaptation, or disaster risk reduction strategies/policies/legal frameworks for Ghana in 2022-2026.",There is no explicit link between UNEP and any climate policy or strategy in Ghana for 2022-2026.,[]
Ghana,2022–2026,2,UNEP supported Ghana climate resilience strategy adopted policy strategy legal framework law regulation action plan after:2022-01-01 before:2026-01-01,Resilience in the face of ecological challenges: Strategies ...,https://onlinelibrary.wiley.com/doi/full/10.1002/sd.3113,This resilience entails the capacity to effectively cope with the strains and disruptions arising from environmental shifts while maintaining the fundamental ...,https://onlinelibrary.wiley.com › doi › full,onlinelibrary_wiley_com_Resilience_in_the_face_of_ecological_challenges_St.txt,False,False,0,0,none,none,unclear,,,[]
Ghana,2022–2026,2,UNEP supported Ghana climate resilience strategy adopted policy strategy legal framework law regulation action plan after:2022-01-01 before:2026-01-01,Policy coherence between climate change adaptation and ...,https://www.tandfonline.com/doi/full/10.1080/19463138.2022.2066106,"From 1995 until date, the government of Ghana, through its Ministries, Departments and Agencies, has implemented over 40 climate adaptation-related policies, ...","https://www.tandfonline.com › ... › Volume 14, Issue 1",www_tandfonline_com_Policy_coherence_between_climate_change_adaptation.txt,True,False,80,0,climate change adaptation strategy / policy,adopted,national,"The document discusses climate change adaptation policies in Ghana, specifically the National Climate Change Adaptation Strategy (NCCAS) and the National Climate Change Policy (NCCP), which were adopted in 2012 and 2013 respectively. These policies aim to enhance Ghana's resilience to climate change impacts and promote sustainable development.",There is no explicit mention of UNEP's involvement in the development or implementation of Ghana's climate change adaptation policies.,"[""The Environmental Policy of the country"", ""The National Climate Change Adaptation Strategy (NCCAS)"", ""The National Climate Change Policy (NCCP)"", ""the National Urban Policy (NUP)""]"
Ghana,2022–2026,2,UNEP supported Ghana climate resilience strategy adopted policy strategy legal framework law regulation action plan after:2022-01-01 before:2026-01-01,Ghana's New Environmental Framework: Stronger ...,https://www.linkedin.com/posts/vanessa-ohene-addo_change-in-regulation-means-change-in-how-activity-7401283643127775233-rdIH,"Ghana's new environmental legal framework is not just an update it's a shift toward stronger accountability, transparency, and alignment with global climate ...",5 reactions,www_linkedin_com_Ghana_s_New_Environmental_Framework_Stronger_.txt,True,False,80,0,legal framework,enacted,national,"The document mentions Ghana's new environmental legal framework, including the Environmental Protection Act 2025 (Act 1124) and Environmental Protection (Environmental Assessment) Regulations 2025 (LI 2504), which align with global climate objectives.",There is no explicit link between UNEP and the development or implementation of Ghana's environmental legal framework.,"[""Ghana’s new environmental legal framework"", ""Environmental Protection Act 2025 (Act 1124)"", ""Environmental Protection (Environmental Assessment) Regulations 2025 (LI 2504)""]"
Ghana,2022–2026,2,UNEP supported Ghana climate resilience strategy adopted policy strategy legal framework law regulation action plan after:2022-01-01 before:2026-01-01,Policy and Regulatory Framework for Renewable Energy and ...,https://www.jbs.cam.ac.uk/wp-content/uploads/2024/01/eprg-policy-and-regulatory-framework.pdf,Climate Strategies aims to assist governments in solving the collective action problem of climate change. It connects leading applied research on international ...,https://www.jbs.cam.ac.uk › uploads › 2024/01,www_jbs_cam_ac_uk_Policy_and_Regulatory_Framework_for_Renewable_Ener.txt,False,False,0,0,none,none,none,"The document is not about Ghana's climate policies in 2022-2026. It is a case study on Ghana's Renewable Energy and Energy Efficiency policies, but it was published in 2008 and focuses on the period up to 2020.",There is no mention of UNEP in the document.,[]
Ghana,2022–2026,2,UNEP supported Ghana climate resilience strategy adopted policy strategy legal framework law regulation action plan after:2022-01-01 before:2026-01-01,An examination of national climate policy integration at the ...,https://ugspace.ug.edu.gh/server/api/core/bitstreams/801e4071-fcd6-46e2-b8a0-f0a5e53911ea/content,This study seeks to understand the level of synchronisation between local-level policy developments and inter/national-level frameworks and agreements in ...,https://ugspace.ug.edu.gh › bitstreams › content,ugspace_ug_edu_gh_An_examination_of_national_climate_policy_integrat.txt,True,False,61,0,climate change adaptation strategy / policy,implemented,national,"The document discusses climate change adaptation strategies in Ghana, specifically the National Climate Change Policy Framework (NCCPF) and the integration of climate change adaptation into local development policies.",There is no explicit mention of UNEP's role in supporting or enabling the climate change adaptation strategies in Ghana.,"[""The aim of the NCCPF is to ensure coherence and synergies across all sectors and the eventual integration of adaptation to climate change into the main planning processes at national, regional and district levels"", ""Ghana has also made significance progress in its attempt to tackle climate change"", ""The study findings revealed that climate policy integration at the study districts was done as a compliance measure rather than a response to real needs of the districts""]"
Ghana,2022–2026,2,UNEP supported Ghana climate resilience strategy adopted policy strategy legal framework law regulation action plan after:2022-01-01 before:2026-01-01,Ghana Begins Review of Climate Plans for Greater ...,https://www.undp.org/ghana/press-releases/ghana-begins-review-climate-plans-greater-resilience,"The revised climate plan will provide a solid foundation for Ghana's ambitious efforts to achieve low-carbon growth, enhance climate resilience, and drive ...",https://www.undp.org › ghana › press-releases › ghana-b...,www_undp_org_Ghana_Begins_Review_of_Climate_Plans_for_Greater_.txt,True,False,60,0,NDC implementation plan,developed,national,"The document mentions Ghana's review of its climate plans, specifically the Nationally Determined Contributions (NDCs), which aligns with the Paris Agreement. The review aims to build on the current document (NDCs 2.0) and revise the existing targets to 2035.","There is no explicit link between UNEP and the climate policy/strategy/legal framework in Ghana during 2022-2026. The document mentions UNDP's support for Ghana's climate initiatives, but not UNEP.","[""Ghana through the Ministry of Environment, Science, Technology and Innovation (MESTI) in collaboration with the Environmental Protection Agency (EPA) with support from the United Nations Development Programme (UNDP) has commenced processes to revise the 2021 Climate Action Plan to build resilience and reduce the impact of climate change in diverse sectors."", ""The review of the climate action plans, known as Nationally Determined Contributions (NDCs), aligns with the Paris Agreement, aims to build on the current document (NDCs 2.0) and revise the existing targets to 2035.""]"
Ghana,2022–2026,2,UNEP supported Ghana climate resilience strategy adopted policy strategy legal framework law regulation action plan after:2022-01-01 before:2026-01-01,Green-Taxonomy-Framework-for-Ghana_V3.pdf,https://www.mofep.gov.gh/sites/default/files/reports/economic/Green-Taxonomy-Framework-for-Ghana_V3.pdf,The Ghana Green Finance Taxonomy is a strategic framework designed to guide investments toward a sustainable and climate-resilient economy. As West Africa's ...,https://www.mofep.gov.gh › reports › economic,www_mofep_gov_gh_Green_Taxonomy_Framework_for_Ghana_V3_pdf.txt,True,False,80,0,"climate change mitigation strategy, policy, legal framework, law, regulation, action plan","adopted, approved, enacted",national,"The document provides explicit evidence of Ghana's adoption of a green finance taxonomy, which is a strategic framework designed to guide investments toward a sustainable and climate-resilient economy. The taxonomy aligns with Ghana's environmental, social, and economic objectives and supports the country's climate goals.","There is no explicit link between UNEP and the adoption, approval, enactment, endorsement, launch, implementation, development, strengthening, or operationalization of the climate mitigation, adaptation, or disaster risk reduction strategy/policy/legal framework in Ghana.","[""The Ghana Green Finance Taxonomy is a strategic framework designed to guide investments toward a sustainable and climate-resilient economy."", ""The taxonomy aligns Ghana's economic growth with sustainable environmental practices, outlining priority investment areas for consideration by investors and programme/project designers."", ""The Green Finance Taxonomy Framework represents a key milestone in Ghana's journey to promote and strengthen climate and environmental practices towards achievement of the Sustainable Development Goals (SDGs) by 2030 and beyond.""]"
Ghana,2022–2026,2,UNEP supported Ghana climate resilience strategy adopted policy strategy legal framework law regulation action plan after:2022-01-01 before:2026-01-01,African Union climate change and resilient development ...,https://digitallibrary.un.org/record/4047085,This African Union Climate Change and Resilient Development Strategy and Action Plan (2022-2032) supports the realization of this vision by setting out ...,https://digitallibrary.un.org › record,digitallibrary_un_org_African_Union_climate_change_and_resilient_develop.txt,False,False,0,0,none,none,global,"The document is about the African Union climate change and resilient development strategy and action plan (2022-2032), not specifically about Ghana.",There is no explicit link to UNEP in the document.,[]
Ghana,2022–2026,2,UNEP supported Ghana climate resilience strategy adopted policy strategy legal framework law regulation action plan after:2022-01-01 before:2026-01-01,Ghana's Request for Support to the Global Shield against ...,https://www.globalshield.org/wp-content/uploads/2024/04/Ghana-Request-for-Support-to-the-Global-Shield_Annex.pdf,"In 2013 and 2014 for instance, Ghana launched the National Climate. Change Policy and National Climate Change Policy Action Plan respectively to provide.",https://www.globalshield.org › uploads › 2024/04,www_globalshield_org_Ghana_s_Request_for_Support_to_the_Global_Shield_a.txt,True,False,80,0,DRR strategy,implemented,national,"The document outlines a project proposal for enhancing early warning mechanisms through sovereign risk insurance, institutional strengthening, capacity building, and sensitization on risk insurance to promote disaster risk reduction in Ghana. It highlights the country's vulnerability to climate-related disasters and the need for disaster risk reduction measures. The National Disaster Management Organization (NADMO) is identified as the key institution responsible for implementing disaster risk reduction efforts in Ghana.","There is no explicit mention of UNEP's involvement in the development, adoption, implementation, or operationalization of the climate mitigation, adaptation, or disaster risk reduction strategy/policy/legal framework in Ghana.","[""Ghana’s Request for Support to the Global Shield against Climate Risks"", ""National Disaster Management Organization (NADMO) established by Act 517 of 1996"", ""NADMO has planned for number of initiatives to reduce disaster risk in Ghana"", ""Sovereign Risk Insurance, Institutional Strengthening and Capacity Building at the sub-national levels"", ""The Sendai Framework for Disaster Risk Reduction was adopted to succeed the Hyogo Framework for Action"", ""Ghana launched the National Climate Change Policy and National Climate Change Policy Action Plan respectively to provide framework for dealing with climate change and natural stresses""]"
Ghana,2022–2026,2,UNEP supported Ghana climate resilience strategy adopted policy strategy legal framework law regulation action plan after:2022-01-01 before:2026-01-01,Community Resilience: Integrating Local Approaches into ...,https://afripoli.org/community-resilience-integrating-local-approaches-into-ghanas-climate-change-adaptation-agenda,"The brief starts by highlighting the key findings of the mapping of policies, strategies, and actions related to climate change in Ghana. It finds that the ...",https://afripoli.org › community-resilience-integrating-l...,afripoli_org_Community_Resilience_Integrating_Local_Approaches_.txt,True,False,81,0,"national adaptation plan, climate change policy, NDC implementation plan","adopted, approved, implemented",national,"The document provides explicit evidence of Ghana's efforts to adopt and implement climate change mitigation, adaptation, and disaster risk reduction strategies/policies/legal frameworks. The country's updated NDC, National Climate Change Policy, National Climate Change Adaptation Strategy, and National Adaptation Policy Framework are all relevant instruments. However, there is no explicit mention of UNEP's role in supporting these efforts.","There is no explicit link between UNEP and the adoption, approval, enactment, endorsement, launch, or implementation of climate change policies/strategies/legal frameworks in Ghana. The document does not provide evidence of UNEP's involvement in supporting Ghana's climate change efforts.","[""The updated NDC identifies several priority areas for adaptation, reflecting the nation's intent to tackle climate challenges comprehensively."", ""Ghana's National Climate Change Policy (NCCP), the 2012 National Climate Change Adaptation Strategy (NCCAS), the 2015 NDCs, the National Climate Change Master Plan Action Programmes for Implementation (2015–2020), and the National Adaptation Policy Framework (2018) guide climate actions and initiatives."", ""The research project 'Climate Change Adaptation: Strategies, Initiatives, and Practices' emphasizes the critical role of locally-led adaptation in Ghana's climate response.""]"
Ghana,2022–2026,2,UNEP supported Ghana climate resilience strategy adopted policy strategy legal framework law regulation action plan after:2022-01-01 before:2026-01-01,2025_VNR_Report.pdf,https://ndpc.gov.gh/media/2025_VNR_Report.pdf,"Ghana's Medium-Term. National Development Policy Framework (2022–2025) continues to align with the 2030 Agenda, ensuring that policies and programs drive ...",https://ndpc.gov.gh › media › 2025_VNR_Report,ndpc_gov_gh_2025_VNR_Report_pdf.txt,False,False,0,0,none,none,national,"The document does not contain explicit evidence related to climate mitigation, adaptation, or disaster risk reduction strategies/policies/legal frameworks for Ghana in 2022-2026.",There is no explicit link between UNEP and any climate-related policy or strategy in Ghana for 2022-2026.,[]
Ghana,2022–2026,2,UNEP supported Ghana climate resilience strategy adopted policy strategy legal framework law regulation action plan after:2022-01-01 before:2026-01-01,ECOWAS Regional Climate Strategy (RCS) And Action ...,https://disasterdisplacement.org/wp-content/uploads/2022/10/ECOWAS-Regional-Climate-Strategy_FINAL_compressed.pdf,"A strategic framework and regional action policy on health, resilient to climate change, have been developed, using the One Health approach. • R2.S ...",https://disasterdisplacement.org › 2022/10 › ECO...,disasterdisplacement_org_ECOWAS_Regional_Climate_Strategy_RCS_And_Action_.txt,False,False,0,0,none,none,none,"The document does not contain explicit evidence related to Ghana's climate mitigation, adaptation, or disaster risk reduction strategy/policy/legal framework for the time window 2022-2026.",There is no explicit link between UNEP and strengthening/enabling/adoption/implementation of any climate policy/strategy/legal framework in Ghana during 2022-2026.,[]
Ghana,2022–2026,2,UNEP supported Ghana climate resilience strategy adopted policy strategy legal framework law regulation action plan after:2022-01-01 before:2026-01-01,Building Regulations Adaptation to Climate Change,https://www.sciencepublishinggroup.com/article/10.11648/j.jher.20251102.11,"To meet international best practices, African countries must establish a more integrated and accessible regulatory framework, ensuring a climate-adaptive built ...",https://www.sciencepublishinggroup.com › article › j.jh...,www_sciencepublishinggroup_com_Building_Regulations_Adaptation_to_Climate_Change.txt,True,False,60,0,building regulations,revised,national,"The document discusses building regulations in Ghana, including energy efficiency requirements, primarily outlined in the Ghana Building Code (2018). This code sets standards for sustainable construction, including mechanical systems, lighting efficiency, heating, ventilation, and air conditioning (HVAC) systems. However, there is no explicit mention of UNEP's involvement in adopting, approving, enacting, endorsing, launching, implementing, or otherwise officially putting in place these regulations.",There is no explicit link between UNEP and the climate policy or legal framework in Ghana during 2022-2026.,"[""Ghana's construction rules are principally governed by the National construction rules of 1996 (LI 1630) and the Ghana Building Code, 2018. These regulations provide criteria for construction, safety, and urban planning to guarantee that buildings are structurally sound and environmentally friendly.""]"
Ghana,2022–2026,2,UNEP supported Ghana climate resilience strategy adopted policy strategy legal framework law regulation action plan after:2022-01-01 before:2026-01-01,Danish Organisation Strategy for United Nations ...,https://um.dk/media/lzzo5ww5/unep-2022-2025.pdf,"For example in Ghana, where UNEP is working with the government to develop national plans for climate adaptation, and the next phase (2023-2025) of the Danish- ...",https://um.dk › media › unep-2022-2025,um_dk_Danish_Organisation_Strategy_for_United_Nations_.txt,False,False,0,0,none,none,global,"The document does not contain explicit evidence related to climate change mitigation, adaptation, or disaster risk reduction strategies/policies/legal frameworks adopted in Ghana during 2022-2026.","There is no explicit link between UNEP and any climate change mitigation, adaptation, or disaster risk reduction strategy/policy/legal framework in Ghana during 2022-2026.",[]
Ghana,2022–2026,2,UNEP supported Ghana climate resilience strategy adopted policy strategy legal framework law regulation action plan after:2022-01-01 before:2026-01-01,Lagos State Climate Adaptation and Resilience Plan ( ...,https://fsdafrica.org/wp-content/uploads/2025/05/Appendix-IV-LCARP-Phase-II-Report_compressed.pdf,Policy & Regulation: Sector policy and regulatory frameworks allowing for cost recovery of investments at risk-adjusted returns and policy reforms ...,https://fsdafrica.org › uploads › 2025/05 › Appe...,fsdafrica_org_Lagos_State_Climate_Adaptation_and_Resilience_Plan.txt,False,False,0,0,none,none,none,"The document does not contain explicit evidence related to Ghana's climate mitigation, adaptation, or disaster risk reduction strategy/policy/legal framework for the time window 2022-2026.",There is no explicit link between UNEP and any climate policy or strategy in Ghana for the specified time period.,[]
Ghana,2022–2026,2,UNEP supported Ghana climate resilience strategy adopted policy strategy legal framework law regulation action plan after:2022-01-01 before:2026-01-01,Toolkit for Integrating Climate Change into Mid-Term ... - SIGRA,https://sigraghana.org/wp-content/uploads/2025/07/MMDA-Climate-Change-ToolKit.pdf,"Ghana's National Adaptation Plan (NAP) provides a strategic framework for enhancing climate resilience, particularly at the district level, where climate.",https://sigraghana.org › uploads › 2025/07 › M...,sigraghana_org_Toolkit_for_Integrating_Climate_Change_into_Mid_Te.txt,True,False,80,0,climate change adaptation strategy / policy / legal framework,developed,national,"The document outlines Ghana's National Adaptation Plan (NAP) Framework (2018), National Climate Change Policy (NCCP) (2013), National Climate Change Adaptation Strategy (NCCAS) (2012), and Updated Nationally Determined Contributions (NDC) (2021). These frameworks guide climate adaptation planning in Ghana, emphasizing alignment with national and international climate policies.",There is no explicit mention of UNEP's direct involvement in supporting or enabling the adoption of these climate policies and strategies in Ghana.,"[""Ghana’s National Adaptation Plan (NAP) provides a strategic framework for enhancing climate resilience, particularly at the district level, where climate adaptation actions have the most direct impact."", ""The toolkit aims to align climate adaptation with Ghana’s national and international climate policies, including Ghana’s National Adaptation Plan (NAP, 2018), National Climate Change Policy (NCCP, 2013), Nationally Determined Contributions (NDC, 2021), and National Climate Change Adaptation Strategy (NCCAS, 2012).""]"
Ghana,2022–2026,2,UNEP supported Ghana climate resilience strategy adopted policy strategy legal framework law regulation action plan after:2022-01-01 before:2026-01-01,Climate Action Roadmaps For Buildings and Construction ...,https://globalabc.org/sites/default/files/2024-11/Climate%20Action%20Roadmap_GHANA.pdf,"The strategic actions outlined in this document can be a guideline towards reducing greenhouse gas emissions, promoting energy efficiency, enhancing resilience.",https://globalabc.org › sites › default › files › Clim...,globalabc_org_Climate_Action_Roadmaps_For_Buildings_and_Construc.txt,True,False,81,0,climate action roadmap,developed,national,"The document provides a comprehensive climate action roadmap for Ghana's building and construction sector, aligning with the country's NDC under the Paris Agreement. It outlines specific actions, timelines, and leading actors to achieve a decarbonized, resilient, and inclusive built environment.","While UNEP is mentioned as a contributor to the report and provided funding for the project, there is no explicit link between UNEP and the adoption, approval, enactment, or implementation of the climate action roadmap in Ghana.","[""The Climate Action Roadmap for Buildings and Construction aims to support the Government of Ghana and its stakeholders to transform the industry towards lower emissions, efficient, and resilient built environment to support the country’s commitment, through the Nationally Determined Contributions (NDC), under the Paris Agreement"", ""Ghana’s updated Nationally Determined Contribution (NDC) under the Paris Agreement (2020 to 2030) covers 19 policy areas, translating into 47 adaptation and mitigation programmes of action"", ""The roadmap provides a holistic approach to transform the sector by covering four main cross-cutting objectives: zero operational and embodied emissions, inclusion and well-being, and resiliency across five action areas of the built environment""]"
Ghana,2022–2026,2,UNEP supported Ghana climate resilience strategy adopted policy strategy legal framework law regulation action plan after:2022-01-01 before:2026-01-01,The Role of the United Nations Environment Programme ...,https://digitalcommons.wcl.american.edu/context/auilr/article/1585/viewcontent/5_2_7.pdf,"UNEP's ability to build political, scientific and legal support for its law activities. The Convention itself led to a protocol that provided eco- nomic ...",https://digitalcommons.wcl.american.edu › article,digitalcommons_wcl_american_edu_The_Role_of_the_United_Nations_Environment_Program.txt,False,False,0,0,none,none,unclear,,,[]
Ghana,2022–2026,2,UNEP supported Ghana climate resilience strategy adopted policy strategy legal framework law regulation action plan after:2022-01-01 before:2026-01-01,Infrastructure for a Climate-Resilient Future,https://www.oecd.org/content/dam/oecd/en/publications/reports/2024/04/infrastructure-for-a-climate-resilient-future_c6c0dc64/a74a45b0-en.pdf,"The report covers adaptation trends, planning, financing, Nature-based Solutions and multi-level governance. In so doing, it offers insights for policy makers ...",https://www.oecd.org › oecd › reports › 2024/04,www_oecd_org_Infrastructure_for_a_Climate_Resilient_Future.txt,False,False,0,0,none,none,global,"The document does not contain explicit evidence related to Ghana's climate change mitigation, adaptation, or disaster risk reduction strategies/policies/legal frameworks for the time window 2022-2026.",There is no explicit link between UNEP and any climate policy or strategy in Ghana for the specified time period.,[]
Ghana,2022–2026,2,UNEP supported Ghana climate resilience strategy adopted policy strategy legal framework law regulation action plan after:2022-01-01 before:2026-01-01,AC recognizing adaptation efforts 2024,https://unfccc.int/sites/default/files/resource/AC27_12_Draft%20paper%20_Recognition.pdf,"During the planning phase, institutional frameworks support the creation of comprehensive NAPs and other strategic documents through multi-stakeholder processes.",https://unfccc.int › sites › default › files › resource,unfccc_int_AC_recognizing_adaptation_efforts_2024.txt,True,False,81,0,national adaptation plan,developed,national,"The document mentions Ghana's NAP, which incorporates input from various sectors and communities to ensure relevance to local realities.",There is no explicit mention of UNEP's role in supporting or enabling the SP1.2 policy/strategy/legal framework outcome in Ghana during 2022-2026.,"[""Ghana's NAP incorporates input from various sectors and communities."", ""The country's NAP addresses adaptation and has established means to engage a range of stakeholders.""]"
Ghana,2022–2026,2,UNEP supported Ghana climate resilience strategy adopted policy strategy legal framework law regulation action plan after:2022-01-01 before:2026-01-01,Ghana identifies priority sectors in climate change strategy,https://www.youtube.com/watch?v=bT5MlARDWLw,We have a duty to pay responsibility and pay attention to the sectoral climate initiatives that our ministries are undertaking.,90+ views · 5 months ago,www_youtube_com_Ghana_identifies_priority_sectors_in_climate_chang.txt,True,False,60,0,climate change strategy,identified,national,The document mentions Ghana identifying priority sectors in its climate change strategy.,There is no explicit link between UNEP and Ghana's climate change strategy.,"[""Ghana identifies priority sectors in climate change strategy""]"
Ghana,2022–2026,2,UNEP supported Ghana climate resilience strategy adopted policy strategy legal framework law regulation action plan after:2022-01-01 before:2026-01-01,THE BLUE CARBON HANDBOOK,https://oceanpanel.org/wp-content/uploads/2023/06/23_REP_HLP_Blue-Carbon-Handbook_low-res.pdf,"Protecting, restoring and sustainably managing blue carbon ecosystems, including through the production of sustainable ocean plans, is an actionable solution ...",https://oceanpanel.org › uploads › 2023/06 › 23...,oceanpanel_org_THE_BLUE_CARBON_HANDBOOK.txt,False,False,0,0,none,none,none,"The document does not contain explicit evidence related to climate change mitigation, adaptation, or disaster risk reduction strategies/policies/legal frameworks for Ghana in 2022-2026.",There is no explicit link between UNEP and any climate policy or legal framework outcome in Ghana during 2022-2026.,[]
Ghana,2022–2026,2,UNEP supported Ghana climate resilience strategy adopted policy strategy legal framework law regulation action plan after:2022-01-01 before:2026-01-01,Ghana's New Environmental Framework: Stronger ...,https://www.linkedin.com/posts/vanessa-ohene-addo_change-in-regulation-means-change-in-how-activity-7401283643127775233-rdIH,"Ghana's new environmental legal framework is not just an update it's a shift toward stronger accountability, transparency, and alignment with global climate ...",5 reactions,www_linkedin_com_Ghana_s_New_Environmental_Framework_Stronger_.txt,True,False,81,0,legal framework,adopted,national,"The document mentions Ghana's new environmental legal framework, specifically the Environmental Protection Act 2025 (Act 1124) and the Environmental Protection (Environmental Assessment) Regulations 2025 (LI 2504), which indicate a shift toward stronger accountability, transparency, and alignment with global climate objectives.",There is no explicit mention of UNEP's involvement or support in the development or implementation of Ghana's environmental legal framework.,"[""Ghana’s new environmental legal framework"", ""Environmental Protection Act 2025 (Act 1124)"", ""Environmental Protection (Environmental Assessment) Regulations 2025 (LI 2504)""]"
Ghana,2022–2026,2,UNEP supported Ghana climate resilience strategy adopted policy strategy legal framework law regulation action plan after:2022-01-01 before:2026-01-01,Green economy / Ghana,https://dicf.unepgrid.ch/ghana/green-economy,The National Climate Change Policy (NCCP) (2013) of Ghana seeks to “ensure a climate-resilient and climate-compatible economy while achieving sustainable ...,https://dicf.unepgrid.ch › ghana › green-economy,dicf_unepgrid_ch_Green_economy_Ghana.txt,False,False,0,0,none,none,national,"The document does not contain explicit evidence related to climate change mitigation, adaptation, or disaster risk reduction strategies/policies/legal frameworks adopted in Ghana during 2022-2026.","There is no mention of UNEP in relation to climate change mitigation, adaptation, or disaster risk reduction strategies/policies/legal frameworks in Ghana during 2022-2026.",[]
Ghana,2022–2026,2,UNEP supported Ghana climate resilience strategy adopted policy strategy legal framework law regulation action plan after:2022-01-01 before:2026-01-01,Danish Organisation Strategy for United Nations ...,https://um.dk/media/lzzo5ww5/unep-2022-2025.pdf,"For example in Ghana, where UNEP is working with the government to develop national plans for climate adaptation, and the next phase (2023-2025) of the Danish- ...",https://um.dk › media › unep-2022-2025,um_dk_Danish_Organisation_Strategy_for_United_Nations_.txt,False,False,0,0,none,none,none,"The document does not contain explicit evidence related to climate change mitigation, adaptation, or disaster risk reduction strategies/policies/legal frameworks adopted by Ghana in 2022-2026.","There is no explicit link between UNEP and any climate change mitigation, adaptation, or disaster risk reduction strategy/policy/legal framework in Ghana during 2022-2026.",[]
Ghana,2022–2026,2,UNEP supported Ghana climate resilience strategy adopted policy strategy legal framework law regulation action plan after:2022-01-01 before:2026-01-01,Building Regulations Adaptation to Climate Change,https://www.sciencepublishinggroup.com/article/10.11648/j.jher.20251102.11,"To meet international best practices, African countries must establish a more integrated and accessible regulatory framework, ensuring a climate-adaptive built ...",https://www.sciencepublishinggroup.com › article › j.jh...,www_sciencepublishinggroup_com_Building_Regulations_Adaptation_to_Climate_Change.txt,True,False,40,0,building regulations,revised,national,"The document discusses building regulations in Ghana, including energy efficiency requirements, primarily outlined in the Ghana Building Code (2018). This code sets standards for sustainable construction, including mechanical systems, lighting efficiency, heating, ventilation, and air conditioning (HVAC) systems. However, there is no explicit evidence of UNEP's involvement in adopting, approving, enacting, endorsing, launching, implementing, or otherwise officially putting in place these regulations.","There is no explicit link between UNEP and the adoption, approval, enactment, endorsement, launch, implementation, development, strengthening, or operationalization of the climate mitigation, adaptation, or disaster risk reduction strategy/policy/legal framework in Ghana during 2022–2026.","[""Ghana's construction rules are principally governed by the National construction rules of 1996 (LI 1630) and the Ghana Building Code, 2018. These regulations provide criteria for construction, safety, and urban planning to guarantee that buildings are structurally sound and environmentally friendly.""]"
Ghana,2022–2026,2,UNEP supported Ghana climate resilience strategy adopted policy strategy legal framework law regulation action plan after:2022-01-01 before:2026-01-01,Climate Action Roadmaps For Buildings and Construction ...,https://globalabc.org/sites/default/files/2024-11/Climate%20Action%20Roadmap_GHANA.pdf,"The strategic actions outlined in this document can be a guideline towards reducing greenhouse gas emissions, promoting energy efficiency, enhancing resilience.",https://globalabc.org › sites › default › files › Clim...,globalabc_org_Climate_Action_Roadmaps_For_Buildings_and_Construc.txt,True,False,81,0,climate action roadmap,developed,national,"The document provides a comprehensive climate action roadmap for Ghana's building and construction sector, aligning with the country's NDC under the Paris Agreement. It outlines specific actions, timelines, and responsible actors for reducing emissions and promoting climate resilience in the sector.","While UNEP is mentioned as a collaborator in the project, there is no explicit evidence that UNEP directly supported the adoption, approval, enactment, or implementation of Ghana's climate action roadmap for the building and construction sector.","[""The Climate Action Roadmap for Buildings and Construction aims to support the Government of Ghana and its stakeholders to transform the industry towards lower emissions, efficient, and resilient built environment to support the country’s commitment, through the Nationally Determined Contributions (NDC), under the Paris Agreement"", ""Ghana’s updated Nationally Determined Contribution (NDC) under the Paris Agreement (2020 to 2030) covers 19 policy areas, translating into 47 adaptation and mitigation programmes of action"", ""The roadmap provides a holistic approach to transform the sector by covering four main cross-cutting objectives: zero operational and embodied emissions, inclusion and well-being, and resiliency across five action areas of the built environment""]"
Ghana,2022–2026,2,UNEP supported Ghana climate resilience strategy adopted policy strategy legal framework law regulation action plan after:2022-01-01 before:2026-01-01,AC recognizing adaptation efforts 2024,https://unfccc.int/sites/default/files/resource/AC27_12_Draft%20paper%20_Recognition.pdf,"During the planning phase, institutional frameworks support the creation of comprehensive NAPs and other strategic documents through multi-stakeholder processes.",https://unfccc.int › sites › default › files › resource,unfccc_int_AC_recognizing_adaptation_efforts_2024.txt,True,False,61,0,national adaptation plan,developed,national,"The document mentions Ghana's NAP, which incorporates input from various sectors and communities to ensure relevance to local realities. Effective frameworks help to coordinate actions across sectors and integrate local knowledge.",There is no explicit mention of UNEP's role in supporting Ghana's NAP or climate policy efforts.,"[""Ghana’s NAP incorporates input from various sectors and communities."", ""Effective frameworks help to coordinate actions across sectors and integrate local knowledge.""]"
Ghana,2022–2026,2,UNEP supported Ghana climate resilience strategy adopted policy strategy legal framework law regulation action plan after:2022-01-01 before:2026-01-01,Ghana National Adaptation Plan on ...,https://www.instagram.com/p/DR2lRegjFC-/,The program will support innovator and climate resilience programs ... AFRICA CENTRE FOR NATURE-BASED CLIMATE ACTION High-Level Nature Talks STRATEGIC PLAN ...,30+ likes,www_instagram_com_Ghana_National_Adaptation_Plan_on_.txt,True,False,81,0,National Adaptation Plan (NAP),launched,national,"The document provides clear evidence of the official launch of Ghana's National Adaptation Plan (NAP) in 2025, which guides climate adaptation actions across all sectors and strengthens national resilience to climate change.","There is no explicit link between UNEP and the development, adoption, or implementation of Ghana's National Adaptation Plan (NAP).","[""The Government of Ghana through the Environmental Protection Authority under the auspices of  the Ministry of Environment, Science and Technology today, Thursday 4th December 2025, launched Ghana’s National Adaptation Plan (NAP)""]"
Ghana,2022–2026,2,UNEP supported Ghana climate resilience strategy adopted policy strategy legal framework law regulation action plan after:2022-01-01 before:2026-01-01,Policy and Regulatory Framework for Renewable Energy and ...,https://www.jbs.cam.ac.uk/wp-content/uploads/2024/01/eprg-policy-and-regulatory-framework.pdf,Climate Strategies aims to assist governments in solving the collective action problem of climate change. It connects leading applied research on international ...,https://www.jbs.cam.ac.uk › uploads › 2024/01,www_jbs_cam_ac_uk_Policy_and_Regulatory_Framework_for_Renewable_Ener.txt,False,False,0,0,none,none,none,"The document is not about Ghana's climate policies during 2022-2026. It is a case study on Ghana's Renewable Energy (RE) and Energy Efficiency (EE) sub-sectors, conducted in 2008.",There is no mention of UNEP in the document.,[]
Ghana,2022–2026,2,UNEP supported Ghana climate resilience strategy adopted policy strategy legal framework law regulation action plan after:2022-01-01 before:2026-01-01,2025_VNR_Report.pdf,https://ndpc.gov.gh/media/2025_VNR_Report.pdf,"Ghana's Medium-Term. National Development Policy Framework (2022–2025) continues to align with the 2030 Agenda, ensuring that policies and programs drive ...",https://ndpc.gov.gh › media › 2025_VNR_Report,ndpc_gov_gh_2025_VNR_Report_pdf.txt,False,False,0,0,none,none,national,"The document does not contain explicit evidence related to climate change mitigation, adaptation, or disaster risk reduction strategies/policies/legal frameworks for Ghana in 2022-2026.",There is no explicit link between UNEP and any climate policy or strategy in Ghana for 2022-2026.,[]
Rwanda,2018–2022,1,UNEP supported Rwanda low emission development strategy adopted policy strategy legal framework law regulation action plan after:2018-01-01 before:2022-01-01,Climate risk regulation in Africa's financial sector and ...,https://www.unepfi.org/wordpress/wp-content/uploads/2021/11/Climate-risk-regulation-in-Africas-financial-sector-and-related-private-sector-initiatives-Report.pdf,(UNEP FI) is a partnership between. UNEP and the global financial sector to mobilise private sector finance for sustainable development. UNEP FI works with more ...,https://www.unepfi.org › uploads › 2021/11 › Cl...,www_unepfi_org_Climate_risk_regulation_in_Africa_s_financial_sect.txt,True,False,40,0,climate risk regulation,developing,national,"The document mentions Rwanda in the context of climate risk regulation and financial stability architecture, but does not provide explicit evidence of adopted climate change mitigation, adaptation, or disaster risk reduction strategies/policies/legal frameworks.",There is no explicit link between UNEP and climate policy or legal framework adoption/implementation in Rwanda during 2018-2022.,"[""Rwanda is mentioned as one of the countries in the 'Initiating' archetype, which means they have not yet started integrating climate risks into their regulatory/supervisory actions.""]"
Rwanda,2018–2022,1,UNEP supported Rwanda low emission development strategy adopted policy strategy legal framework law regulation action plan after:2018-01-01 before:2022-01-01,compendium of country and global business plans,https://gggi.org/wp-content/uploads/2020/11/A20206-C20206-WPB-2021-2022_Compendium.pdf,The strategic ambition for the Region is to deliver impactful actions which can accelerate countries' transition into low-carbon and resilient economies.,https://gggi.org › wp-content › uploads › 2020/11,gggi_org_compendium_of_country_and_global_business_plans.txt,False,False,0,0,none,none,unclear,No relevant information found,No relevant information found,[]
Rwanda,2018–2022,1,UNEP supported Rwanda low emission development strategy adopted policy strategy legal framework law regulation action plan after:2018-01-01 before:2022-01-01,National REDD+ strategy & action plan,https://redd.unfccc.int/media/redd_strategy-en.pdf,"This NRS supports green economic recovery and a transition to low emissions, increased resilience to climate change, and sustainable development pathways in the ...",https://redd.unfccc.int › media › redd_strategy-en,redd_unfccc_int_National_REDD_strategy_action_plan.txt,False,False,0,0,none,none,none,"The document is about Sudan's National REDD+ Strategy and Action Plan, not Rwanda's. Therefore, it does not contain explicit evidence related to Rwanda's climate change mitigation, adaptation, or disaster risk reduction strategies/policies/legal frameworks.","There is no mention of UNEP's involvement in supporting or enabling the adoption or implementation of climate change mitigation, adaptation, or disaster risk reduction strategies/policies/legal frameworks in Rwanda.",[]
Rwanda,2018–2022,1,UNEP supported Rwanda low emission development strategy adopted policy strategy legal framework law regulation action plan after:2018-01-01 before:2022-01-01,Engaging the Private Sector in National Adaptation ...,https://napglobalnetwork.org/wp-content/uploads/2019/04/napgn-en-2019-engaging-the-private-sector-in-national-adaptation-planning-processes.pdf,"Second, governments should ensure that the legal and regulatory framework within the country is conducive to businesses engaging in adaptation measures.",https://napglobalnetwork.org › uploads › 2019/04,napglobalnetwork_org_Engaging_the_Private_Sector_in_National_Adaptation.txt,False,False,0,0,none,none,none,"The document does not contain explicit evidence related to Rwanda's climate mitigation, adaptation, or disaster risk reduction strategy/policy/legal framework for the time window 2018-2022.",There is no explicit link between UNEP and climate policy or legal framework outcomes in Rwanda for the specified time window.,[]
Rwanda,2018–2022,1,UNEP supported Rwanda low emission development strategy adopted policy strategy legal framework law regulation action plan after:2018-01-01 before:2022-01-01,National Environment and Climate Change Policy,https://www.rema.gov.rw/fileadmin/user_upload/REMA/Publications/Policies/Rwanda_National_Environment_and_Climate_Change_Policy.pdf,"Low-Carbon Development Pathway: A national development plan or strategy that encompasses low-emission economic growth (Pachauri, Allen et al. 2014) ...",https://www.rema.gov.rw › Publications › Policies,www_rema_gov_rw_National_Environment_and_Climate_Change_Policy.txt,True,False,81,0,National Environment and Climate Change Policy,adopted,national,"The document provides explicit evidence of Rwanda's adoption of a National Environment and Climate Change Policy in 2019. The policy outlines the country's commitment to addressing climate change, promoting sustainable development, and enhancing environmental management. It includes policy objectives, statements, and actions related to climate change mitigation, adaptation, and resilience.",There is no explicit mention of UNEP's support or involvement in the development or implementation of Rwanda's National Environment and Climate Change Policy.,"[""The National Environment and Climate Change Policy provides strategic direction and responses to the emerging issues and critical challenges in environmental management and climate change adaptation and mitigation."", ""Rwanda has taken a strategic decision to pursue a green growth approach to development."", ""The policy goal is for 'Rwanda to have a clean and healthy environment resilient to climate variability and change that supports a high quality of life for its society.'"", ""The policy was developed through a consultative process involving all stakeholders.""]"
Rwanda,2018–2022,1,UNEP supported Rwanda low emission development strategy adopted policy strategy legal framework law regulation action plan after:2018-01-01 before:2022-01-01,"""Rwanda is working to achieve its 2030 goal of reducing ...",https://www.facebook.com/RDBrwanda/posts/rwanda-is-working-to-achieve-its-2030-goal-of-reducing-emissions-by-38-by-engagi/4408666132503177/,"Rwanda is working to achieve its 2030 goal of reducing emissions by 38% by engaging with partners, both nationally and internationally, to attract sustainable ...",10+ reactions,www_facebook_com__Rwanda_is_working_to_achieve_its_2030_goal_of_red.txt,True,False,20,0,NDC / action plan,developed,national,"The document mentions Rwanda's goal of reducing emissions by 38% by 2030, which is related to climate change mitigation.",There is no explicit link between UNEP and Rwanda's climate policy or action plan.,"[""Rwanda is working to achieve its 2030 goal of reducing emissions by 38%""]"
Rwanda,2018–2022,1,UNEP supported Rwanda low emission development strategy adopted policy strategy legal framework law regulation action plan after:2018-01-01 before:2022-01-01,National Environment and Climate Change Policy,"https://plasticsdb.surrey.ac.uk/documents/Rwanda/Ministry%20of%20Enviornment%20(2019)%20Rwanda%20National%20Environment%20and%20Climate%20Change%20Policy,%20Rwanda.pdf",The strategy has been developed with a vision in mind for Rwanda to be a developed climate-resilient and low-carbon economy by 2050. The 14 programmes of action ...,https://plasticsdb.surrey.ac.uk › Rwanda › Ministr...,plasticsdb_surrey_ac_uk_National_Environment_and_Climate_Change_Policy.txt,True,False,80,0,National Environment and Climate Change Policy,adopted,national,"The document provides a comprehensive framework for environmental management and climate change in Rwanda, including policy objectives, statements, and actions for green economic transformation, enhancing functional natural ecosystems, strengthening meteorological services, promoting climate change adaptation and mitigation, and improving environmental well-being.",There is no explicit mention of UNEP's role in the development or implementation of the National Environment and Climate Change Policy.,"[""The policy goal is 'Rwanda to be a nation that has a clean and healthy environment, resilient to climate variability and change that supports a high quality of life for its society.'"", ""The policy outlines seven objectives, including promoting green economic transformation, enhancing functional natural ecosystems, strengthening meteorological and early warning services, promoting climate change adaptation, mitigation and response, improving environmental well-being, and strengthening environment and climate change governance."", ""The policy provides 22 policy statements and 127 policy actions to achieve the objectives.""]"
Rwanda,2018–2022,1,UNEP supported Rwanda low emission development strategy adopted policy strategy legal framework law regulation action plan after:2018-01-01 before:2022-01-01,Country programme document for Rwanda (2018-2023),https://www.undp.org/sites/g/files/zskgke326/files/2022-06/Rwanda_CPD_2018-2023.pdf,"Areas of the justice system also require attention. While a legal aid policy was adopted in. 2014 to increase access to justice, many, especially poor and ...",https://www.undp.org › files › zskgke326 › files,www_undp_org_Country_programme_document_for_Rwanda_2018_2023_.txt,True,False,61,0,climate change and green growth strategy,developed,national,The document mentions that Rwanda formulated a national Climate Change and Green Growth Strategy with UNDP support.,There is no explicit link between UNEP and the climate change and green growth strategy in Rwanda.,"[""Rwanda formulated a national Climate Change and Green Growth Strategy and established a national climate change trust fund (\""FONERWA\"")""]"
Rwanda,2018–2022,1,UNEP supported Rwanda low emission development strategy adopted policy strategy legal framework law regulation action plan after:2018-01-01 before:2022-01-01,Ecosystems/Landscape approach to climate proof the ...,https://www.thegef.org/sites/default/files/web-documents/10096_PIF.pdf,"The alternative will provide sustainability mechanisms for the project impacts by ensuring that policies, laws and planning frameworks support mainstreaming ...",https://www.thegef.org › sites › files › 10096_PIF,www_thegef_org_Ecosystems_Landscape_approach_to_climate_proof_the.txt,True,False,61,0,climate change adaptation strategy / policy,developed,national,"The document mentions the Green Growth and Climate Resilience Strategy (GGCRS) which provides a pathway to address climate change and low carbon development. It also mentions the National Strategy for Transformation (NST) which includes promoting sustainable management of the environment and natural resources to transition Rwanda towards a green economy. However, there is no explicit evidence of a climate change mitigation strategy, policy, action plan, regulation, or legal framework adopted during 2018-2022.","There is no explicit link between UNEP and the adoption, approval, enactment, endorsement, launch, or implementation of climate change mitigation, adaptation, or disaster risk reduction strategies/policies/legal frameworks in Rwanda during 2018-2022.","[""Green Growth and Climate Resilience Strategy (GGCRS)"", ""National Strategy for Transformation (NST)"", ""Rwanda Environment Management Authority (REMA)"", ""Ministry of Environment (MOE)""]"
Rwanda,2018–2022,1,UNEP supported Rwanda low emission development strategy adopted policy strategy legal framework law regulation action plan after:2018-01-01 before:2022-01-01,strategic environmental assessment for rwanda universal ...,https://www.reg.rw/fileadmin/user_upload/Strategic_Environmental_Assessment_for_RUEAP.pdf,"The RUEAP Program Development Objective is to improve access to energy and efficiency of energy service delivery to households, businesses, and public ...",https://www.reg.rw › fileadmin › user_upload › St...,www_reg_rw_strategic_environmental_assessment_for_rwanda_univ.txt,False,False,0,0,none,none,none,"The document does not contain explicit evidence related to climate mitigation, adaptation, or disaster risk reduction strategies/policies/legal frameworks for Rwanda in 2018-2022.",There is no explicit link between UNEP and any climate policy or legal framework outcome in Rwanda during 2018-2022.,[]
Rwanda,2018–2022,1,UNEP supported Rwanda low emission development strategy adopted policy strategy legal framework law regulation action plan after:2018-01-01 before:2022-01-01,Rwanda 6th National Report to the ...,https://www.cbd.int/doc/nr/nr-06/rw-nr-06-en.pdf,"• Republic of Rwanda. 2016. National Biodiversity. Strategy and Action Plan. Kigali. 3.7 National Target 7. By 2020, pollutants including those ...",https://www.cbd.int › doc › rw-nr-06-en,www_cbd_int_Rwanda_6th_National_Report_to_the_.txt,False,False,0,0,none,none,none,"The document does not contain explicit evidence related to climate change mitigation, adaptation, or disaster risk reduction strategies/policies/legal frameworks for Rwanda in 2018-2022.","There is no explicit link between UNEP and any climate change mitigation, adaptation, or disaster risk reduction strategy/policy/legal framework in Rwanda in 2018-2022.",[]
Rwanda,2018–2022,1,UNEP supported Rwanda low emission development strategy adopted policy strategy legal framework law regulation action plan after:2018-01-01 before:2022-01-01,"Making trade work for the environment, prosperity and ...",https://www.wto.org/english/res_e/publications_e/unereport2018_e.pdf,Examples range from “framework laws”. (which typically define an overarching strategy on climate change mitigation and adaptation) to sectoral laws and.,https://www.wto.org › res_e › unereport2018_e,www_wto_org_Making_trade_work_for_the_environment_prosperity_a.txt,False,False,0,0,none,none,global,"The document does not contain explicit evidence related to Rwanda's climate mitigation, adaptation, or disaster risk reduction strategy/policy/legal framework.",The document does not explicitly link UNEP to strengthening/enabling/adoption/implementation of any climate policy/strategy/legal framework in Rwanda.,"[""No relevant phrases found""]"
Rwanda,2018–2022,1,UNEP supported Rwanda low emission development strategy adopted policy strategy legal framework law regulation action plan after:2018-01-01 before:2022-01-01,Climate change / Cameroon,https://dicf.unepgrid.ch/cameroon/climate-change,"Cameroon intends to reduce its GHG emissions by 35% by 2030, compared to the business-as-usual scenario, conditional on obtaining finance.",https://dicf.unepgrid.ch › cameroon › climate-change,dicf_unepgrid_ch_Climate_change_Cameroon.txt,False,False,0,0,none,none,none,"The document does not contain explicit evidence related to Rwanda's climate mitigation, adaptation, or disaster risk reduction strategy/policy/legal framework for the time window 2018-2022.",The document does not mention UNEP or any link to UNEP's activities in Rwanda for the time window 2018-2022.,[]
Rwanda,2018–2022,1,UNEP supported Rwanda low emission development strategy adopted policy strategy legal framework law regulation action plan after:2018-01-01 before:2022-01-01,TRANSFORMING FOOD AND AGRICULTURE TO ACHIEVE ...,https://openknowledge.fao.org/server/api/core/bitstreams/d7e5b4ae-80b6-4173-9adf-6f9f845be8a1/content,These guidelines are primarily directed towards decision-makers responsible for integrating the goals and targets of the 2030 Agenda for Sustainable.,https://openknowledge.fao.org › core › content,openknowledge_fao_org_TRANSFORMING_FOOD_AND_AGRICULTURE_TO_ACHIEVE_.txt,False,False,0,0,none,none,none,"The document does not contain explicit evidence related to climate mitigation, adaptation, or disaster risk reduction strategies/policies/legal frameworks for Rwanda in 2018-2022.",There is no explicit link between UNEP and any climate policy or strategy in Rwanda for the given time period.,[]
Rwanda,2018–2022,1,UNEP supported Rwanda low emission development strategy adopted policy strategy legal framework law regulation action plan after:2018-01-01 before:2022-01-01,Circular Built Environment,https://www.oneplanetnetwork.org/sites/default/files/from-crm/Africa_highlights_final_211102.pdf,"National Environment and Climate Change Policy (Ministry of Environment of Rwanda, 2019). The policy identified fossil-fuel dependency, over-exploitation of ...",https://www.oneplanetnetwork.org › from-crm,www_oneplanetnetwork_org_Circular_Built_Environment.txt,False,False,0,0,none,none,unclear,,,[]
Rwanda,2018–2022,1,UNEP supported Rwanda low emission development strategy adopted policy strategy legal framework law regulation action plan after:2018-01-01 before:2022-01-01,About Montreal Protocol,https://www.unep.org/ozonaction/who-we-are/about-montreal-protocol,"The Parties to the Montreal Protocol reached an agreement at their 28th Meeting of the Parties on 15 October 2016 in Kigali, Rwanda to phase down HFCs.",https://www.unep.org › ozonaction › who-we-are › abo...,www_unep_org_About_Montreal_Protocol.txt,False,False,0,0,none,none,global,"The document does not contain explicit evidence related to climate change mitigation, adaptation, or disaster risk reduction strategies/policies/legal frameworks for Rwanda in 2018-2022.",The document does not explicitly link UNEP to strengthening/enabling/adoption/implementation of any climate policy/strategy/legal framework in Rwanda during 2018-2022.,[]
Rwanda,2018–2022,1,UNEP supported Rwanda low emission development strategy adopted policy strategy legal framework law regulation action plan after:2018-01-01 before:2022-01-01,Sustainable Development Goal 6 Synthesis Report on ...,https://www.unwater.org/sites/default/files/app/uploads/2018/12/SDG6_SynthesisReport2018_WaterandSanitation_04122018.pdf,"What this report makes clear is that we must tackle weak funding, planning, capacity and governance of water and sanitation services as a top priority. New ...",https://www.unwater.org › uploads › 2018/12,www_unwater_org_Sustainable_Development_Goal_6_Synthesis_Report_on.txt,False,False,0,0,none,none,unclear,,,[]
Rwanda,2018–2022,1,UNEP supported Rwanda low emission development strategy adopted policy strategy legal framework law regulation action plan after:2018-01-01 before:2022-01-01,A framework for selecting and designing policies to reduce ...,https://www.sciencedirect.com/science/article/pii/S1462901120301489,We use an impact pathway framework to trace the flow of plastics through the socio-ecological system and identify the role of specific policy instruments.,https://www.sciencedirect.com › science › article › pii,www_sciencedirect_com_A_framework_for_selecting_and_designing_policies_t.txt,False,False,0,0,none,none,unclear,The document does not contain any information related to climate policy or legal frameworks for Rwanda.,The document does not mention UNEP or any connection to climate policy or legal frameworks for Rwanda.,[]
Rwanda,2018–2022,1,UNEP supported Rwanda low emission development strategy adopted policy strategy legal framework law regulation action plan after:2018-01-01 before:2022-01-01,Private-sector action in adaptation: Perspectives on the ...,https://unepccc.org/wp-content/uploads/2019/04/msme-adaptation-updated-web-2.pdf,"(Eds.) (2018). Private-sector action in adaptation: Perspectives on the role of micro, small and medium size enterprises. UNEP DTU Partnership.",https://unepccc.org › uploads › 2019/04 › msme...,unepccc_org_Private_sector_action_in_adaptation_Perspectives_o.txt,False,False,0,0,none,none,unclear,,,[]
Rwanda,2018–2022,1,UNEP supported Rwanda low emission development strategy adopted policy strategy legal framework law regulation action plan after:2018-01-01 before:2022-01-01,Nature-based Solutions in Nationally Determined ...,https://portals.iucn.org/library/sites/library/files/documents/2019-030-En.pdf,"For example,. Rwanda's NDC commits to the 'development and implementation of an intensive agroforestry programme', and Sudan pledges to introduce 'agroforestry ...",https://portals.iucn.org › library › files › documents,portals_iucn_org_Nature_based_Solutions_in_Nationally_Determined_.txt,False,False,0,0,none,none,none,"The document does not contain explicit evidence related to Rwanda's climate mitigation, adaptation, or disaster risk reduction strategy/policy/legal framework for the time window 2018-2022.",There is no explicit link between UNEP and any climate policy or strategy in Rwanda for the specified time period.,[]
Rwanda,2018–2022,1,UNEP supported Rwanda low emission development strategy adopted policy strategy legal framework law regulation action plan after:2018-01-01 before:2022-01-01,First Global Report,https://environmentalmigration.iom.int/sites/g/files/tmzbdl1411/files/documents/2023-11/environmental_rule_of_law.pdf,"This new report on the Environmental. Rule of Law will help us improve compliance with environmental law, which is essential to ensuring protection of ...",https://environmentalmigration.iom.int › files › e...,environmentalmigration_iom_int_First_Global_Report.txt,False,False,0,0,none,none,unclear,,,[]
Rwanda,2018–2022,1,UNEP supported Rwanda low emission development strategy adopted policy strategy legal framework law regulation action plan after:2018-01-01 before:2022-01-01,united nations sustainable development cooperation ...,https://document.ess.uninfo.org/uninfo-production-main/684443ba-a2b2-48d9-bbdb-9c6893d8736b_UNITED_NATIONS_SUSTAINABLE_DEVELOPMENT_COOPERATION_FRAMEWORK_UNSDCF_2018_%E2%80%93_2024.pdf,"ability to support utilization of data to support advocacy, policy development, and programme design for accelerated delivery of NST1 and SDG targets ...",https://document.ess.uninfo.org › 684443ba-a2b2...,document_ess_uninfo_org_united_nations_sustainable_development_cooperation.txt,True,False,61,0,Green Growth and Climate Resilience Strategy,revised,national,"The document mentions the revision of the National Green Growth and Climate Resilience Strategy (GGCRS) with the support of the UN, which guides all economic sectors to achieve green investment towards a low carbon economy in Rwanda.","There is no explicit link between UNEP and the adoption, approval, enactment, endorsement, launch, implementation, or operationalization of the climate mitigation, adaptation, or disaster risk reduction strategy/policy/legal framework in Rwanda during 2018-2022.","[""Rwanda has been the first country to submit the revised Nationally Determined Contributions (NDCs) to the Paris Agreement with an ambition to reduce emissions by 38% based on business as usual."", ""The Government with the support of the UN has revised the National Green Growth and Climate Resilience Strategy (GGCRS), the Government National Adaptation Plan.""]"
Rwanda,2018–2022,1,UNEP supported Rwanda low emission development strategy adopted policy strategy legal framework law regulation action plan after:2018-01-01 before:2022-01-01,Detailed implementation plan for the NDC of Rwanda,https://environment.prod.risa.rw/fileadmin/user_upload/Moe/Publications/Reports_and_Publications/Rwanda_INDC_Implementation_plan.pdf,Brief description of Rwanda's NDC. Rwanda's NDC is based on the National Strategy for Climate Change and Low Carbon Development. (GoR 2015). Rwanda's long ...,https://environment.prod.risa.rw › Publications,environment_prod_risa_rw_Detailed_implementation_plan_for_the_NDC_of_Rwanda.txt,True,False,81,0,NDC implementation plan,developed,national,"The document provides a detailed implementation plan for Rwanda's NDC, including mitigation and adaptation measures, and estimates the costs and potential emission reductions. The plan includes measures such as grid-connected hydropower, solar mini-grids, demand side management, and climate-resilient transport infrastructure.",There is no explicit mention of UNEP's support or involvement in the development or implementation of Rwanda's NDC or its mitigation and adaptation measures.,"[""The detailed implementation plan for Rwanda's NDC"", ""mitigation and adaptation measures"", ""estimates of costs and potential emission reductions"", ""grid-connected hydropower"", ""solar mini-grids"", ""demand side management"", ""climate-resilient transport infrastructure""]"
Rwanda,2018–2022,1,UNEP supported Rwanda low emission development strategy adopted policy strategy legal framework law regulation action plan after:2018-01-01 before:2022-01-01,ENERGY ACTION - Sustainable Development Goals (SDGs),https://sdgs.un.org/sites/default/files/2021-06/2021-UN_POLICY%20BRIEFS-063021.pdf,The world has made significant progress toward SDG 7 in some areas. Yet efforts remain well below the scale required to meet the goal by 2030.,https://sdgs.un.org › sites › default › files › 2021-...,sdgs_un_org_ENERGY_ACTION_Sustainable_Development_Goals_SDGs_.txt,False,False,0,0,none,none,global,"The document does not contain explicit evidence related to Rwanda's climate change mitigation, adaptation, or disaster risk reduction strategies/policies/legal frameworks for the time window 2018-2022.","There is no explicit link between UNEP and climate change mitigation, adaptation, or disaster risk reduction strategies/policies/legal frameworks in Rwanda for the time window 2018-2022.",[]
Rwanda,2018–2022,1,UNEP supported Rwanda low emission development strategy adopted policy strategy legal framework law regulation action plan after:2018-01-01 before:2022-01-01,Republic of Rwanda Country Strategic Opportunities ...,https://webapps.ifad.org/members/eb/126/docs/EB-2019-126-R-13-Rev-1.pdf,"Resilience, National Strategy for Climate Change and Low Carbon Development, Kigali,. Rwanda.. Rwanda: State of Environment and Outlook Report 2015, Rwanda ...",https://webapps.ifad.org › members › docs › EB-2...,webapps_ifad_org_Republic_of_Rwanda_Country_Strategic_Opportunities.txt,False,False,0,0,none,none,none,,,[]
Rwanda,2018–2022,1,UNEP supported Rwanda low emission development strategy adopted policy strategy legal framework law regulation action plan after:2018-01-01 before:2022-01-01,Uganda | Climate & Clean Air Coalition,https://www.ccacoalition.org/partners/uganda,"The NDC is supported by other climate and development policies, plans, and strategies including the Long-Term Low Emissions Development Strategy (LTS) ...",https://www.ccacoalition.org › partners › uganda,www_ccacoalition_org_Uganda_Climate_Clean_Air_Coalition.txt,False,False,0,0,none,none,unclear,,,[]
Rwanda,2018–2022,1,UNEP supported Rwanda low emission development strategy adopted policy strategy legal framework law regulation action plan after:2018-01-01 before:2022-01-01,Country Annual Results Report (July 2019 – June 2020),https://www.afro.who.int/sites/default/files/2021-04/UN%20Rwanda%20Results%20Report%20%20%28July%202019%20%E2%80%93%20June%202020%29%20.pdf,"The strategy is an opportunity for joint action of the UN and Governments in the region to achieve the SDGs, by improving relations and promote cross-border ...",https://www.afro.who.int › sites › default › files,www_afro_who_int_Country_Annual_Results_Report_July_2019_June_2020_.txt,True,False,61,0,climate change mitigation strategy / adaptation strategy / disaster risk reduction strategy / policy / legal framework / law / regulation / NDC / NAP / action plan,developed / revised,national,"The document mentions several climate-related initiatives and strategies, such as the development of Urban Low Emission Development Strategies (LEDS) for three model cities, the creation of a knowledge base for sustainable resources management, and the promotion of renewable energy use. However, these are not explicitly attributed to UNEP.",There is no explicit mention of UNEP's involvement in the development or implementation of these climate-related initiatives and strategies.,"[""The UN is committed to ensuring that all strategies and policies that promote economic transformation are underpinned by knowledge of climate change and the practice of adaptation and mitigation methods."", ""The UN contributes to the achievement of this outcome and SDG achievement through implementation of projects and programmes that focus on sustainable use of natural resources and climate change adaptation."", ""The programme on Strengthening Capacities of the Environment and Natural Resources Sector for Green Economy Transformation (SCENR) develops the Kigali City Wetland Management Master Plan.""]"
Rwanda,2018–2022,1,UNEP supported Rwanda low emission development strategy adopted policy strategy legal framework law regulation action plan after:2018-01-01 before:2022-01-01,THE STRATEGIC PLAN 2020-2023,https://unhabitat.org/sites/default/files/documents/2019-09/strategic_plan_2020-2023.pdf,(a) Developing and implementing a United Nations system-wide strategy and collaborative framework for sustainable urbanization;. (b) Coordinating the follow-up ...,https://unhabitat.org › default › files › documents,unhabitat_org_THE_STRATEGIC_PLAN_2020_2023.txt,False,False,0,0,none,none,none,"The document does not contain explicit evidence related to climate mitigation strategy/policy/legal framework, climate adaptation strategy/policy/legal framework, or disaster risk reduction strategy/policy/legal framework for Rwanda during 2018-2022.",There is no explicit link between UNEP and strengthening/enabling/adoption/implementation of any climate-related policy/strategy/legal framework for Rwanda during 2018-2022.,[]
Rwanda,2018–2022,1,UNEP supported Rwanda low emission development strategy adopted policy strategy legal framework law regulation action plan after:2018-01-01 before:2022-01-01,Documents & Reports - Advanced Search | The World Bank,https://documents.worldbank.org/en/publication/documents-reports/docadvancesearch,"In Advanced Search, there are four keywords search options: all words, any words, exact phrase, and boolean query.",https://documents.worldbank.org › docadvancesearch,documents_worldbank_org_Documents_Reports_Advanced_Search_The_World_Bank.txt,False,False,0,0,none,none,unclear,"The document does not contain explicit evidence related to climate change mitigation, adaptation, or disaster risk reduction strategies/policies/legal frameworks for Rwanda in 2018-2022.","There is no explicit link between UNEP and any climate change mitigation, adaptation, or disaster risk reduction strategy/policy/legal framework in Rwanda for 2018-2022.",[]
Rwanda,2018–2022,1,UNEP supported Rwanda low emission development strategy adopted policy strategy legal framework law regulation action plan after:2018-01-01 before:2022-01-01,High-level dialogue: Catalysing Climate Investments in ...,https://www.facebook.com/FijiGovernment/videos/high-level-dialogue-catalysing-climate-investments-in-developing-countries-in-th/1492288007823634/,Today's discussion will highlight the catalytic role of public climate finance to facilitate the shift from billions to trillions of financing.,20+ reactions · 4 years ago,www_facebook_com_High_level_dialogue_Catalysing_Climate_Investments.txt,False,False,0,0,none,none,unclear,The document does not contain any information related to Rwanda or climate policies from 2018-2022.,There is no mention of UNEP or any climate-related policies in the document.,[]
Rwanda,2018–2022,1,UNEP supported Rwanda low emission development strategy adopted policy strategy legal framework law regulation action plan after:2018-01-01 before:2022-01-01,Sustainable Energy Fund for Africa (SEFA) 2,https://um.dk/media/1tmef0wd/03-sefarev2.pdf,-SEFA 2 will contribute to low carbon development and increasing access to electricity through the deployment of renewable energy in Africa. - SEFA 2 is ...,https://um.dk › media › 03-sefarev2,um_dk_Sustainable_Energy_Fund_for_Africa_SEFA_2.txt,False,False,0,0,none,none,none,"The document does not contain explicit evidence related to Rwanda's climate mitigation, adaptation, or disaster risk reduction strategy/policy/legal framework.",There is no explicit link between UNEP and any climate policy or strategy in Rwanda.,[]
Rwanda,2018–2022,1,UNEP supported Rwanda low emission development strategy adopted policy strategy legal framework law regulation action plan after:2018-01-01 before:2022-01-01,Module 1: A recap - The structure of UNEP and UNEA,https://stakeholderforum.org/wp-content/uploads/2021/12/UNEP-Asia-Pacific-Region-CB-Webninar-Presentation-2-Dec-2021-Website.pdf,Session 1. 1. Understanding the United Nations Environment Assembly & the United Nations. Environment Programme. 2. Advice for newcomers on how to engage ...,https://stakeholderforum.org › uploads › 2021/12,stakeholderforum_org_Module_1_A_recap_The_structure_of_UNEP_and_UNEA.txt,False,False,0,0,none,none,none,"The document does not contain explicit evidence related to Rwanda's climate change mitigation, adaptation, or disaster risk reduction strategies, policies, or legal frameworks for the period 2018-2022.","The document does not explicitly link UNEP to any climate policy or strategy in Rwanda for the period 2018-2022. It primarily discusses UNEP's general activities, structures, and initiatives unrelated to specific country policy adoptions.",[]
Rwanda,2018–2022,1,UNEP supported Rwanda low emission development strategy adopted policy strategy legal framework law regulation action plan after:2018-01-01 before:2022-01-01,IMF Policy Paper: Building Resilience in Developing ...,https://www.elibrary.imf.org/view/journals/007/2019/020/article-A001-en.xml,This paper discusses how comprehensive disaster resilience strategies can help reduce the human and economic cost for countries vulnerable to natural disasters.,https://www.elibrary.imf.org › journals › article-A001-en,www_elibrary_imf_org_IMF_Policy_Paper_Building_Resilience_in_Developing.txt,False,False,0,0,none,none,global,"The document does not contain explicit evidence related to Rwanda or the time window 2018-2022. It discusses disaster risk management and resilience building in developing countries, particularly small states, but does not provide specific information about Rwanda's climate policies or legal frameworks.","There is no explicit link between UNEP and any climate policy or legal framework in Rwanda during 2018-2022. The document mentions UNEP in a general context, but not in relation to Rwanda or specific climate policies.",[]
Rwanda,2018–2022,1,UNEP supported Rwanda low emission development strategy adopted policy strategy legal framework law regulation action plan after:2018-01-01 before:2022-01-01,Ensuring the climate benefits of the Montreal Protocol,https://escholarship.org/content/qt64p254rp/qt64p254rp_noSplash_109f1313f27de9d4f46ae192901ea121.pdf,"The Montreal Protocol has evolved from focusing primarily on ozone layer protection to addressing climate change mitigation, particularly with the 2016 ...",https://escholarship.org › content,escholarship_org_Ensuring_the_climate_benefits_of_the_Montreal_Prot.txt,False,False,0,0,none,none,global,,,[]
Rwanda,2018–2022,1,UNEP supported Rwanda low emission development strategy adopted policy strategy legal framework law regulation action plan after:2018-01-01 before:2022-01-01,united nations sustainable development cooperation ...,https://document.ess.uninfo.org/uninfo-production-main/684443ba-a2b2-48d9-bbdb-9c6893d8736b_UNITED_NATIONS_SUSTAINABLE_DEVELOPMENT_COOPERATION_FRAMEWORK_UNSDCF_2018_%E2%80%93_2024.pdf,"ability to support utilization of data to support advocacy, policy development, and programme design for accelerated delivery of NST1 and SDG targets ...",https://document.ess.uninfo.org › 684443ba-a2b2...,document_ess_uninfo_org_united_nations_sustainable_development_cooperation.txt,True,False,81,0,Green Growth and Climate Resilience Strategy,adopted,national,"The document mentions the revision of the National Green Growth and Climate Resilience Strategy (GGCRS) with the support of the UN, which is well aligned with Vision 2050 and the NDCs. This strategy guides all economic sectors to achieve green investment towards a low carbon economy in Rwanda.",There is no explicit mention of UNEP's support or involvement in the adoption or implementation of the Green Growth and Climate Resilience Strategy.,"[""The Government with the support of the UN has revised the National Green Growth and Climate Resilience Strategy (GGCRS), the Government National Adaptation Plan."", ""Rwanda has been the first country to submit the revised Nationally Determined Contributions (NDCs) to the Paris Agreement with an ambition to reduce emissions by 38% based on business as usual.""]"
Rwanda,2018–2022,1,UNEP supported Rwanda low emission development strategy adopted policy strategy legal framework law regulation action plan after:2018-01-01 before:2022-01-01,Country Annual Results Report (July 2019 – June 2020),https://www.afro.who.int/sites/default/files/2021-04/UN%20Rwanda%20Results%20Report%20%20%28July%202019%20%E2%80%93%20June%202020%29%20.pdf,"The strategy is an opportunity for joint action of the UN and Governments in the region to achieve the SDGs, by improving relations and promote cross-border ...",https://www.afro.who.int › sites › default › files,www_afro_who_int_Country_Annual_Results_Report_July_2019_June_2020_.txt,True,False,61,0,"climate change mitigation, adaptation and disaster risk reduction strategies/policies/legal frameworks",developed,national,"The document mentions several climate-related initiatives and projects implemented by the UN in Rwanda, including support for climate change adaptation, sustainable use of natural resources, and disaster risk management. However, it does not provide explicit evidence of officially adopted/enacted/approved/implemented climate mitigation, adaptation, or disaster risk reduction strategy/policy/legal framework.","There is no explicit mention of UNEP's role in supporting the adoption, approval, enactment, endorsement, launch, or implementation of climate-related strategies/policies/legal frameworks in Rwanda.","[""The UN is committed to ensuring that all strategies and policies that promote economic transformation are underpinned by knowledge of climate change and the practice of adaptation and mitigation methods."", ""The UN contributes to the achievement of this outcome and SDG achievement through implementation of projects and programmes that focus on sustainable use of natural resources and climate change adaptation."", ""The programme on Strengthening Capacities of the Environment and Natural Resources Sector for Green Economy Transformation (SCENR) develops the Kigali City Wetland Management Master Plan.""]"
Rwanda,2018–2022,1,UNEP supported Rwanda low emission development strategy adopted policy strategy legal framework law regulation action plan after:2018-01-01 before:2022-01-01,Republic of Rwanda Country Strategic Opportunities ...,https://webapps.ifad.org/members/eb/126/docs/EB-2019-126-R-13-Rev-1.pdf,"Resilience, National Strategy for Climate Change and Low Carbon Development, Kigali,. Rwanda.. Rwanda: State of Environment and Outlook Report 2015, Rwanda ...",https://webapps.ifad.org › members › docs › EB-2...,webapps_ifad_org_Republic_of_Rwanda_Country_Strategic_Opportunities.txt,False,False,0,0,Country Strategic Opportunities Programme (COSOP),planning,national,"The document does not contain explicit evidence related to climate change mitigation, adaptation, or disaster risk reduction strategies/policies/legal frameworks for Rwanda during 2018-2022.","There is no explicit link between UNEP and climate change mitigation, adaptation, or disaster risk reduction strategies/policies/legal frameworks in Rwanda during 2018-2022.",[]
Rwanda,2018–2022,1,UNEP supported Rwanda low emission development strategy adopted policy strategy legal framework law regulation action plan after:2018-01-01 before:2022-01-01,ENERGY ACTION - Sustainable Development Goals (SDGs),https://sdgs.un.org/sites/default/files/2021-06/2021-UN_POLICY%20BRIEFS-063021.pdf,The world has made significant progress toward SDG 7 in some areas. Yet efforts remain well below the scale required to meet the goal by 2030.,https://sdgs.un.org › sites › default › files › 2021-...,sdgs_un_org_ENERGY_ACTION_Sustainable_Development_Goals_SDGs_.txt,False,False,0,0,none,none,global,"The document does not contain explicit evidence related to Rwanda's climate mitigation, adaptation, or disaster risk reduction strategy/policy/legal framework.",There is no explicit link between UNEP and climate policy actions in Rwanda.,[]
Rwanda,2018–2022,1,UNEP supported Rwanda low emission development strategy adopted policy strategy legal framework law regulation action plan after:2018-01-01 before:2022-01-01,2019 Global Status Report for Buildings and Construction,https://globalabc.org/sites/default/files/2020-03/GSR2019.pdf,Strategy and Action Plan (NCCPSAP) that provides the legislative and administrative framework for low-carbon development in the country. Uzbekistan.,https://globalabc.org › default › files › GSR2019,globalabc_org_2019_Global_Status_Report_for_Buildings_and_Constr.txt,False,False,0,0,none,none,global,"The document does not contain explicit evidence related to Rwanda's climate change mitigation, adaptation, or disaster risk reduction strategies/policies/legal frameworks for the time window 2018–2022.",There is no explicit link between UNEP and any climate policy or legal framework in Rwanda for the specified time period.,"[""No relevant evidence found.""]"
Rwanda,2018–2022,1,UNEP supported Rwanda low emission development strategy adopted policy strategy legal framework law regulation action plan after:2018-01-01 before:2022-01-01,DRAFT AFRICA CLIMATE CHANGE STRATEGY 2020 - 2030,https://archive.uneca.org/sites/default/files/uploaded-documents/ACPC/2020/africa_climate_change_strategy_-_revised_draft_16.10.2020.pdf,"development by adopting clean, low emission technologies. This combined mitigation potential, if fully deployed, can launch Africa into a lead position in ...",https://archive.uneca.org › default › files › ACPC,archive_uneca_org_DRAFT_AFRICA_CLIMATE_CHANGE_STRATEGY_2020_2030.txt,False,False,0,0,none,none,global,"The document does not contain explicit evidence related to Rwanda's climate change mitigation, adaptation, or disaster risk reduction strategy/policy/legal framework for the period 2018-2022.",There is no explicit link between UNEP and any climate policy or strategy in Rwanda for the period 2018-2022.,[]
Rwanda,2018–2022,2,supported by UNEP Rwanda nationally determined contribution revised policy strategy legal framework law regulation action plan after:2018-01-01 before:2022-01-01,Rwanda Announces Ambitious Climate Action Plan,https://www.environment.gov.rw/news-detail/rwanda-announces-ambitious-climate-action-plan,The development of Rwanda's updated Nationally Determined Contribution was supported by the World Bank and the NDC Partnership. ---. Resources. Download ...,https://www.environment.gov.rw › ... › News Details,www_environment_gov_rw_Rwanda_Announces_Ambitious_Climate_Action_Plan.txt,True,False,90,0,NDC,adopted,national,"The document provides clear evidence of Rwanda's adoption of a climate action plan, specifically the Nationally Determined Contributions (NDCs), which features a 38% reduction of greenhouse gas emissions compared to business as usual by 2030.",There is no explicit link between UNEP and the adoption or implementation of Rwanda's NDC.,"[""The Government of Rwanda has announced an ambitious climate action agenda that features a 38% reduction of greenhouse gas emissions compared to business as usual by 2030"", ""The climate action plan, known officially as the Nationally Determined Contributions (NDCs), has been submitted to the United Nations Framework Convention on Climate Change""]"
Rwanda,2018–2022,2,supported by UNEP Rwanda nationally determined contribution revised policy strategy legal framework law regulation action plan after:2018-01-01 before:2022-01-01,NATIONALLY DETERMINED CONTRIBUTION,https://unfccc.int/sites/default/files/NDC/2022-06/Rwanda_Updated_NDC_May_2020.pdf,This document presents the Government of Rwanda's update of its first Nationally. Determined Contributions (NDCs) for mitigation and adaptation for the period ...,https://unfccc.int › sites › default › files › NDC,unfccc_int_NATIONALLY_DETERMINED_CONTRIBUTION.txt,True,False,100,0,Nationally Determined Contribution (NDC),adopted,national,"The document provides detailed information on Rwanda's climate change mitigation and adaptation efforts, including its Nationally Determined Contribution (NDC) which was updated in 2020. The NDC outlines Rwanda's vision for climate change, mitigation and adaptation contributions, and the means of implementation.",There is no explicit mention of UNEP's role in supporting or enabling the adoption or implementation of Rwanda's NDC or climate change policies.,"[""Rwanda’s Nationally Determined Contribution is built on data-driven analyses of the main contributors to the country’s greenhouse gas emissions."", ""The Green Growth and Climate Resilience Strategy (GGCRS) provides a vision for how Rwanda can tackle climate change through becoming a climate resilient and low carbon economy."", ""The National Environment and Climate Change Policy was enacted in 2019 with the goal of achieving a climate resilient nation with a clean and healthy environment.""]"
Rwanda,2018–2022,2,supported by UNEP Rwanda nationally determined contribution revised policy strategy legal framework law regulation action plan after:2018-01-01 before:2022-01-01,Rwanda's enhanced NDC | UNDP Climate Promise,https://climatepromise.undp.org/research-and-reports/rwandas-enhanced-ndc,This document presents the Government of Rwanda's update of its first Nationally Determined Contributions (NDCs) for mitigation and adaptation for the period ...,https://climatepromise.undp.org › rwandas-enhanced-ndc,climatepromise_undp_org_Rwanda_s_enhanced_NDC_UNDP_Climate_Promise.txt,True,False,80,0,NDC,approved,national,"The document presents Rwanda's enhanced Nationally Determined Contribution (NDC) for mitigation and adaptation for the period to 2030, which represents a more detailed and robust assessment of mitigation and adaptation measures.",There is no explicit link between UNEP and the adoption or development of Rwanda's enhanced NDC.,"[""Rwanda's enhanced NDC"", ""update of its first Nationally Determined Contributions (NDCs) for mitigation and adaptation for the period to 2030""]"
Rwanda,2018–2022,2,supported by UNEP Rwanda nationally determined contribution revised policy strategy legal framework law regulation action plan after:2018-01-01 before:2022-01-01,Rwanda-Revising-Nationally-Determined-Contribution-NDC ...,https://documents1.worldbank.org/curated/en/110831618209492040/pdf/Rwanda-Revising-Nationally-Determined-Contribution-NDC-Mitigation-and-Adaptation-Priorities-for-Rwanda.pdf,work aims to provide a robust technical basis for subsequent actions to strengthen climate change planning and implementation activities in Rwanda. Mitigation.,https://documents1.worldbank.org › curated › pdf,documents1_worldbank_org_Rwanda_Revising_Nationally_Determined_Contribution.txt,True,False,81,0,NDC implementation plan,developed,national,"The document provides a detailed analysis of Rwanda's NDC implementation plan, including mitigation and adaptation components. It outlines the country's climate change mitigation and adaptation efforts, including the development of business-as-usual (BAU) emissions projections, assessment of mitigation options, and adaptation interventions.",There is no explicit mention of UNEP's role in supporting the development of Rwanda's NDC implementation plan.,"[""Rwanda submitted its Intended Nationally Determined Contribution (INDC) to the UNFCCC in September 2015"", ""The World Bank is providing technical assistance to support Rwanda in revising its NDC ahead of COP26"", ""The report describes the results of technical and economic analysis relating to both the mitigation and adaptation components of the NDC""]"
Rwanda,2018–2022,2,supported by UNEP Rwanda nationally determined contribution revised policy strategy legal framework law regulation action plan after:2018-01-01 before:2022-01-01,Nature-based Solutions in Nationally Determined ...,https://portals.iucn.org/library/sites/library/files/documents/2019-030-En.pdf,"For example,. Rwanda's NDC commits to the 'development and implementation of an intensive agroforestry programme', and Sudan pledges to introduce 'agroforestry ...",https://portals.iucn.org › library › files › documents,portals_iucn_org_Nature_based_Solutions_in_Nationally_Determined_.txt,False,False,0,0,none,none,none,The document is a general report on climate change and does not contain specific information on Rwanda's climate policy or legal framework.,There is no mention of UNEP's involvement in climate policy or legal framework development in Rwanda.,[]
Rwanda,2018–2022,2,supported by UNEP Rwanda nationally determined contribution revised policy strategy legal framework law regulation action plan after:2018-01-01 before:2022-01-01,National Environment and Climate Change Policy,https://www.rema.gov.rw/fileadmin/user_upload/REMA/Publications/Policies/Rwanda_National_Environment_and_Climate_Change_Policy.pdf,The policy goal is for “Rwanda to have a clean and healthy environment resilient to climate variability and change that supports a high quality of life for its ...,https://www.rema.gov.rw › Publications › Policies,www_rema_gov_rw_National_Environment_and_Climate_Change_Policy.txt,True,False,81,0,National Environment and Climate Change Policy,adopted,national,"The document provides clear evidence of the adoption of a climate change policy in Rwanda, specifically the National Environment and Climate Change Policy, which aims to provide strategic direction on environment and climate change in Rwanda.",There is no explicit mention of UNEP's involvement in the development or implementation of the policy.,"[""The National Environment and Climate Change Policy provides strategic direction and responses to the emerging issues and critical challenges in environmental management and climate change adaptation and mitigation."", ""The policy goal is for 'Rwanda to have a clean and healthy environment resilient to climate variability and change that supports a high quality of life for its society.'"", ""The policy was developed through a consultative process involving all stakeholders.""]"
Rwanda,2018–2022,2,supported by UNEP Rwanda nationally determined contribution revised policy strategy legal framework law regulation action plan after:2018-01-01 before:2022-01-01,National Environment and Climate Change Policy,"https://plasticsdb.surrey.ac.uk/documents/Rwanda/Ministry%20of%20Enviornment%20(2019)%20Rwanda%20National%20Environment%20and%20Climate%20Change%20Policy,%20Rwanda.pdf","Fifth, the revised Environment and Climate Change Policy is framed in the context of recent international and regional developments that call for domestication ...",https://plasticsdb.surrey.ac.uk › Rwanda › Ministr...,plasticsdb_surrey_ac_uk_National_Environment_and_Climate_Change_Policy.txt,True,False,80,0,National Environment and Climate Change Policy,adopted,national,"The document provides explicit evidence of Rwanda's adoption of a climate change policy, including mitigation and adaptation strategies, and a framework for implementation.",There is no explicit mention of UNEP's involvement in the development or implementation of the policy.,"[""The National Environment and Climate Change Policy provides strategic direction and responses to emerging issues and critical challenges in environmental management and climate change adaptation and mitigation."", ""The policy goal is for Rwanda to have a clean and healthy environment resilient to climate variability and change that supports a high quality of life for its society."", ""The policy outlines seven objectives, including promoting climate change adaptation, mitigation, and response.""]"
Rwanda,2018–2022,2,supported by UNEP Rwanda nationally determined contribution revised policy strategy legal framework law regulation action plan after:2018-01-01 before:2022-01-01,ENHANCING FOREST TARGETS AND MEASURES IN ...,https://wwfint.awsassets.panda.org/downloads/forests_and_ndcs_v4.pdf,It seeks to inform policymakers in developing measurable policies and actions for NDCs and other national climate strategies and policy documents. The paper is ...,https://wwfint.awsassets.panda.org › downloads,wwfint_awsassets_panda_org_ENHANCING_FOREST_TARGETS_AND_MEASURES_IN_.txt,False,False,0,0,none,none,global,"The document does not contain explicit evidence related to Rwanda's climate mitigation, adaptation, or disaster risk reduction strategy/policy/legal framework for 2018-2022.",There is no explicit link between UNEP and any climate policy or strategy in Rwanda for 2018-2022.,[]
Rwanda,2018–2022,2,supported by UNEP Rwanda nationally determined contribution revised policy strategy legal framework law regulation action plan after:2018-01-01 before:2022-01-01,Enhancing Nationally Determined Contributions through ...,https://unhabitat.org/sites/default/files/2020/06/ndc_guide_19062020.pdf,"Enhance the ambition of their NDCs in the current 2020 and future revision processes, by harnessing the potential of human settlements and urban climate action ...",https://unhabitat.org › files › ndc_guide_19062020,unhabitat_org_Enhancing_Nationally_Determined_Contributions_thro.txt,False,False,0,0,none,none,none,"The document does not contain explicit evidence related to Rwanda's climate mitigation, adaptation, or disaster risk reduction strategy/policy/legal framework for the time window 2018-2022.",There is no explicit link between UNEP and any climate policy or strategy in Rwanda for the specified time period.,[]
Rwanda,2018–2022,2,supported by UNEP Rwanda nationally determined contribution revised policy strategy legal framework law regulation action plan after:2018-01-01 before:2022-01-01,compendium of country and global business plans,https://gggi.org/wp-content/uploads/2020/11/A20206-C20206-WPB-2021-2022_Compendium.pdf,"GGGI has been active on the African continent since its establishment as an international organization in 2012, with current programs deployed in Ethiopia ...",https://gggi.org › wp-content › uploads › 2020/11,gggi_org_compendium_of_country_and_global_business_plans.txt,False,False,0,0,none,none,unclear,,,[]
Rwanda,2018–2022,2,supported by UNEP Rwanda nationally determined contribution revised policy strategy legal framework law regulation action plan after:2018-01-01 before:2022-01-01,"Ministry of Environment, Climate Change & Forestry",https://www.facebook.com/EnvironmentClimateChangeForestryKenya/posts/kenya-has-committed-to-abate-her-greenhouse-gases-ghgs-emissions-by-32-in-an-upd/2695422017434618/,"... updated Nationally Determined Contribution (NDC) submitted to the United ... This policy involves policy,legal and regulatory framework, capacity ...",20+ reactions,www_facebook_com_Ministry_of_Environment_Climate_Change_Forestry.txt,False,False,0,0,none,none,none,The document does not contain information about Rwanda or climate policies in Rwanda for the period 2018-2022. It discusses Kenya's Nationally Determined Contribution (NDC) and its update.,There is no mention of UNEP in relation to Rwanda's climate policies or strategies for the period 2018-2022.,[]
Rwanda,2018–2022,2,supported by UNEP Rwanda nationally determined contribution revised policy strategy legal framework law regulation action plan after:2018-01-01 before:2022-01-01,Promoting Article 6 readiness in NDCs and NDC im,https://ercst.org/wp-content/uploads/2021/08/20210630-Promoting-Article-6-readiness-in-NDCs-and-NDC-implementation-plans-.pdf,"In this study, we develop an assessment framework for NDCs and NDC implementation plans that visualises the links between Article 6 readiness and overarching ...",https://ercst.org › wp-content › uploads › 2021/08,ercst_org_Promoting_Article_6_readiness_in_NDCs_and_NDC_im.txt,False,False,0,0,none,none,none,"The document does not contain explicit evidence related to Rwanda's climate mitigation, adaptation, or disaster risk reduction strategy/policy/legal framework for the time window 2018–2022.",There is no explicit link between UNEP and any climate policy or strategy in Rwanda for the specified time window.,[]
Rwanda,2018–2022,2,supported by UNEP Rwanda nationally determined contribution revised policy strategy legal framework law regulation action plan after:2018-01-01 before:2022-01-01,Nationally Determined Contributions: Material climate ...,https://wires.onlinelibrary.wiley.com/doi/10.1002/wcc.589,The NDCs outline national goals for greenhouse gas emission reductions and identify financial needs for unfolding mitigation and adaptation efforts.,https://wires.onlinelibrary.wiley.com › doi › wcc,wires_onlinelibrary_wiley_com_Nationally_Determined_Contributions_Material_clima.txt,False,False,0,0,none,none,unclear,,,[]
Rwanda,2018–2022,2,supported by UNEP Rwanda nationally determined contribution revised policy strategy legal framework law regulation action plan after:2018-01-01 before:2022-01-01,INSTITUTIONAL CAPACITIES FOR NDC IMPLEMENTATION,https://transparency-partnership.net/system/files/document/UNEP%20DTUP%202018_%20Institutional%20Capacities%20For%20NDC%20Implementation.pdf,"Indeed, the process laid out in the Paris Agreement, by which countries revisit their. Nationally Determined Contributions at five-year intervals, provides an ...",https://transparency-partnership.net › document,transparency-partnership_net_INSTITUTIONAL_CAPACITIES_FOR_NDC_IMPLEMENTATION.txt,False,False,0,0,none,none,unclear,,,[]
Rwanda,2018–2022,2,supported by UNEP Rwanda nationally determined contribution revised policy strategy legal framework law regulation action plan after:2018-01-01 before:2022-01-01,NATIONALLY DETERMINED CONTRIBUTIONS (NDCs) ...,https://atpsnet.org/wp-content/uploads/2020/07/NDC-Implementation-Index-Report.pdf,"The respective national policies and laws on climate change, NDCs and National Climate. Change Action Plans (NCCAPs), policies and other instruments as well as ...",https://atpsnet.org › uploads › 2020/07 › NDC-I...,atpsnet_org_NATIONALLY_DETERMINED_CONTRIBUTIONS_NDCs_.txt,False,False,0,0,none,none,none,"The document does not contain explicit evidence related to Rwanda's climate mitigation, adaptation, or disaster risk reduction strategy/policy/legal framework for the time window 2018-2022.",There is no explicit link between UNEP and any climate policy or strategy in Rwanda for the specified time period.,[]
Rwanda,2018–2022,2,supported by UNEP Rwanda nationally determined contribution revised policy strategy legal framework law regulation action plan after:2018-01-01 before:2022-01-01,Climate change / Cameroon,https://dicf.unepgrid.ch/cameroon/climate-change,"Cameroon intends to reduce its GHG emissions by 35% by 2030, compared to the business-as-usual scenario, conditional on obtaining finance.",https://dicf.unepgrid.ch › cameroon › climate-change,dicf_unepgrid_ch_Climate_change_Cameroon.txt,False,False,0,0,none,none,national,"The document does not contain explicit evidence related to Rwanda's climate mitigation, adaptation, or disaster risk reduction strategies/policies/legal frameworks for the period 2018-2022.","There is no mention of UNEP's involvement in climate change mitigation, adaptation, or disaster risk reduction strategies/policies/legal frameworks in Rwanda for the period 2018-2022.",[]
Rwanda,2018–2022,2,supported by UNEP Rwanda nationally determined contribution revised policy strategy legal framework law regulation action plan after:2018-01-01 before:2022-01-01,Climate Mobility and Development Cooperation - PMC - NIH,https://pmc.ncbi.nlm.nih.gov/articles/PMC8285725/,Development cooperation actors have been addressing climate change as a cross-cutting issue and investing in climate adaptation projects since the early 2000s.,https://pmc.ncbi.nlm.nih.gov › articles › PMC8285725,pmc_ncbi_nlm_nih_gov_Climate_Mobility_and_Development_Cooperation_PMC_N.txt,False,False,0,0,none,none,unclear,,,[]
Rwanda,2018–2022,2,supported by UNEP Rwanda nationally determined contribution revised policy strategy legal framework law regulation action plan after:2018-01-01 before:2022-01-01,Climate risk regulation in Africa's financial sector and ...,https://www.unepfi.org/wordpress/wp-content/uploads/2021/11/Climate-risk-regulation-in-Africas-financial-sector-and-related-private-sector-initiatives-Report.pdf,"This report was authored by the African Development Bank (AfDB), the Global. Center on Adaptation (GCA), and UN Environment Programme Finance Initiative. (UNEP ...",https://www.unepfi.org › uploads › 2021/11 › Cl...,www_unepfi_org_Climate_risk_regulation_in_Africa_s_financial_sect.txt,True,False,40,0,climate risk regulation,developing,national,"The document mentions Rwanda in the context of climate risk regulation, specifically that Rwanda is one of the countries that have not yet started integrating climate risks into their regulatory/supervisory actions (categorized as 'Initiating' archetype).",There is no explicit mention of UNEP's role in supporting or enabling climate policy or legal framework outcomes in Rwanda during 2018-2022.,"[""Rwanda is categorized under the 'Initiating' archetype, indicating it has not yet started integrating climate risks into its regulatory/supervisory actions."", ""The document does not provide specific details on Rwanda's climate policies or legal frameworks from 2018 to 2022.""]"
Rwanda,2018–2022,2,supported by UNEP Rwanda nationally determined contribution revised policy strategy legal framework law regulation action plan after:2018-01-01 before:2022-01-01,Engaging the Private Sector in National Adaptation ...,https://napglobalnetwork.org/wp-content/uploads/2019/04/napgn-en-2019-engaging-the-private-sector-in-national-adaptation-planning-processes.pdf,"Second, governments should ensure that the legal and regulatory framework within the country is conducive to businesses engaging in adaptation measures.",https://napglobalnetwork.org › uploads › 2019/04,napglobalnetwork_org_Engaging_the_Private_Sector_in_National_Adaptation.txt,False,False,0,0,none,none,none,"The document does not contain explicit evidence related to Rwanda's climate change mitigation, adaptation, or disaster risk reduction strategies/policies/legal frameworks adopted between 2018-2022.","There is no explicit link between UNEP and any climate change mitigation, adaptation, or disaster risk reduction strategy/policy/legal framework in Rwanda between 2018-2022.",[]
Rwanda,2018–2022,2,supported by UNEP Rwanda nationally determined contribution revised policy strategy legal framework law regulation action plan after:2018-01-01 before:2022-01-01,Promoting Article 6 readiness in NDCs and NDC im,https://www.zora.uzh.ch/server/api/core/bitstreams/f9554788-e084-4d36-9f10-ee4cdfaad053/content,"In this study, we develop an assessment framework for NDCs and NDC implementation plans that visualises the links between Article 6 readiness and overarching ...",https://www.zora.uzh.ch › bitstreams › content,www_zora_uzh_ch_Promoting_Article_6_readiness_in_NDCs_and_NDC_im.txt,False,False,0,0,none,none,unclear,,,[]
Rwanda,2018–2022,2,supported by UNEP Rwanda nationally determined contribution revised policy strategy legal framework law regulation action plan after:2018-01-01 before:2022-01-01,A Snapshot of Global Adaptation Investment and Tracking ...,https://climatepolicyinitiative.org/wp-content/uploads/2020/04/A-Snapshot-of-Global-Adaptation-Investment-and-Tracking-Methods-April-2020.pdf,"According to the UN. Environment Programme, in developing countries alone, adapting to climate change will require USD 280 billion to USD 500 billion per year ...",https://climatepolicyinitiative.org › 2020/04 › A-...,climatepolicyinitiative_org_A_Snapshot_of_Global_Adaptation_Investment_and_Tra.txt,False,False,0,0,none,none,global,The document does not provide specific information about Rwanda's climate policies or laws between 2018-2022.,There is no explicit link between UNEP and any climate policy or legal framework in Rwanda during 2018-2022.,[]
Rwanda,2018–2022,2,supported by UNEP Rwanda nationally determined contribution revised policy strategy legal framework law regulation action plan after:2018-01-01 before:2022-01-01,Promoting Article 6 readiness in NDCs and NDC im,https://www.zora.uzh.ch/server/api/core/bitstreams/f9554788-e084-4d36-9f10-ee4cdfaad053/content,"In this study, we develop an assessment framework for NDCs and NDC implementation plans that visualises the links between Article 6 readiness and overarching ...",https://www.zora.uzh.ch › bitstreams › content,www_zora_uzh_ch_Promoting_Article_6_readiness_in_NDCs_and_NDC_im.txt,False,False,0,0,none,none,unclear,,,[]
Rwanda,2018–2022,2,supported by UNEP Rwanda nationally determined contribution revised policy strategy legal framework law regulation action plan after:2018-01-01 before:2022-01-01,REPORT OF THE SECRETARY-GENERAL ON THE 2019 ...,https://digitallibrary.un.org/record/3850027/files/Report_of_the_Secretary-General_on_the_2019_Climate_Action_Summit.pdf,"On behalf of the UN System, UNEP will lead the NBS work with all relevant actors continuing to call for leaders commitment to: 1) increase and mainstream NBS to ...",https://digitallibrary.un.org › record › files › Repo...,digitallibrary_un_org_REPORT_OF_THE_SECRETARY_GENERAL_ON_THE_2019_.txt,False,False,0,0,none,none,unclear,,,[]
Rwanda,2018–2022,2,supported by UNEP Rwanda nationally determined contribution revised policy strategy legal framework law regulation action plan after:2018-01-01 before:2022-01-01,"Making trade work for the environment, prosperity and ...",https://www.wto.org/english/res_e/publications_e/unereport2018_e.pdf,"Under the. Paris Agreement, countries undertook to put limits on future greenhouse gas emissions in accordance with “nationally determined contributions”.",https://www.wto.org › res_e › unereport2018_e,www_wto_org_Making_trade_work_for_the_environment_prosperity_a.txt,False,False,0,0,none,none,global,"The document does not contain explicit evidence related to Rwanda's climate mitigation, adaptation, or disaster risk reduction strategy/policy/legal framework adoption during 2018-2022.",There is no explicit link between UNEP and strengthening/enabling/adoption/implementation of any climate policy/strategy/legal framework in Rwanda during 2018-2022.,"[""The document does not provide any information specific to Rwanda or its climate policies.""]"
Rwanda,2018–2022,2,supported by UNEP Rwanda nationally determined contribution revised policy strategy legal framework law regulation action plan after:2018-01-01 before:2022-01-01,GAP ANALYSIS REPORT:,https://www.afdb.org/fileadmin/uploads/afdb/Documents/Events/Cop24/african_ndcs_gap_analysis_report.pdf,Adaptation projects cover the adoption of pro-climate policies and regulations. Gap Analysis Report: African Nationally Determined Contributions (NDCs). 28 ...,https://www.afdb.org › afdb › Events › Cop24 › a...,www_afdb_org_GAP_ANALYSIS_REPORT_.txt,False,False,0,0,none,none,unclear,,,[]
Rwanda,2018–2022,2,supported by UNEP Rwanda nationally determined contribution revised policy strategy legal framework law regulation action plan after:2018-01-01 before:2022-01-01,Ecosystem-based adaptation in the agriculture sector,https://www.adaptationcommunity.net/wp-content/uploads/2021/03/Publication-fao-ecosystembasedadaptationintheagriculturalsector-en.pdf,Considerations of ecosystem-based approaches to adaptation in nationally determined contributions by region. ... ➜ Promote coordinated action and collaboration in ...,https://www.adaptationcommunity.net › 2021/03,www_adaptationcommunity_net_Ecosystem_based_adaptation_in_the_agriculture_sect.txt,False,False,0,0,none,none,none,"The document does not contain explicit evidence related to Rwanda's climate change mitigation, adaptation, or disaster risk reduction strategies/policies/legal frameworks adopted during 2018-2022.",There is no explicit link between UNEP and any climate policy or strategy in Rwanda during 2018-2022.,[]
Rwanda,2018–2022,2,supported by UNEP Rwanda nationally determined contribution revised policy strategy legal framework law regulation action plan after:2018-01-01 before:2022-01-01,Sustainable Development Goal 6 Synthesis Report on ...,https://www.unwater.org/sites/default/files/app/uploads/2018/12/SDG6_SynthesisReport2018_WaterandSanitation_04122018.pdf,"What this report makes clear is that we must tackle weak funding, planning, capacity and governance of water and sanitation services as a top priority. New ...",https://www.unwater.org › uploads › 2018/12,www_unwater_org_Sustainable_Development_Goal_6_Synthesis_Report_on.txt,False,False,0,0,none,none,unclear,,,[]
Rwanda,2018–2022,2,supported by UNEP Rwanda nationally determined contribution revised policy strategy legal framework law regulation action plan after:2018-01-01 before:2022-01-01,Scaling up UNDP engagement with Ministries of Finance ...,https://www.learningfornature.org/wp-content/uploads/2019/08/COVID-19-and-Green-Recovery-Efforts_Scaling-up-UNDP-engagement-with-Ministries-of-Finance-on-the-SDGs-and-Climate-Action-in-the-context-of-COVID-19_2020_UNDP_Tool.pdf,"Long-term strategies, Nationally Determined Contributions. (NDCs), and capacity building support are also included. To date, 52 countries – both developed.",https://www.learningfornature.org › 2019/08 › C...,www_learningfornature_org_Scaling_up_UNDP_engagement_with_Ministries_of_Fina.txt,False,False,0,0,none,none,unclear,,,[]
Rwanda,2018–2022,2,supported by UNEP Rwanda nationally determined contribution revised policy strategy legal framework law regulation action plan after:2018-01-01 before:2022-01-01,International Law Obligations Arising in relation to ...,https://www.cambridge.org/core/journals/transnational-environmental-law/article/international-law-obligations-arising-in-relation-to-nationally-determined-contributions/DC7DCED88E1D9A38A71911FE96543690,This article analyzes the international law obligations that arise in relation to nationally determined contributions (NDCs).,https://www.cambridge.org › core › journals › article › i...,www_cambridge_org_International_Law_Obligations_Arising_in_relation_.txt,False,False,0,0,none,none,none,"The document does not contain explicit evidence related to Rwanda's climate mitigation, adaptation, or disaster risk reduction strategy/policy/legal framework for the period 2018-2022.",There is no explicit link between UNEP and any climate policy or strategy in Rwanda for the period 2018-2022.,[]
Rwanda,2018–2022,2,supported by UNEP Rwanda nationally determined contribution revised policy strategy legal framework law regulation action plan after:2018-01-01 before:2022-01-01,REPORT OF THE SECRETARY-GENERAL ON THE 2019 ...,https://digitallibrary.un.org/record/3850027/files/Report_of_the_Secretary-General_on_the_2019_Climate_Action_Summit.pdf,"On behalf of the UN System, UNEP will lead the NBS work with all relevant actors continuing to call for leaders commitment to: 1) increase and mainstream NBS to ...",https://digitallibrary.un.org › record › files › Repo...,digitallibrary_un_org_REPORT_OF_THE_SECRETARY_GENERAL_ON_THE_2019_.txt,False,False,0,0,none,none,unclear,,,[]
Rwanda,2018–2022,2,supported by UNEP Rwanda nationally determined contribution revised policy strategy legal framework law regulation action plan after:2018-01-01 before:2022-01-01,strategic environmental assessment for rwanda universal ...,https://www.reg.rw/fileadmin/user_upload/Strategic_Environmental_Assessment_for_RUEAP.pdf,"Rwanda's updated nationally determined contribution (NDC), and it is expected to benefit from results-based payments through the purchase of emission ...",https://www.reg.rw › fileadmin › user_upload › St...,www_reg_rw_strategic_environmental_assessment_for_rwanda_univ.txt,False,False,0,0,none,none,none,"The document does not contain explicit evidence related to climate change mitigation, adaptation, or disaster risk reduction strategies/policies/legal frameworks for Rwanda in 2018-2022.","There is no explicit link between UNEP and any climate change mitigation, adaptation, or disaster risk reduction strategy/policy/legal framework in Rwanda in 2018-2022.",[]
Rwanda,2018–2022,2,supported by UNEP Rwanda nationally determined contribution revised policy strategy legal framework law regulation action plan after:2018-01-01 before:2022-01-01,Scaling up UNDP engagement with Ministries of Finance ...,https://www.learningfornature.org/wp-content/uploads/2019/08/COVID-19-and-Green-Recovery-Efforts_Scaling-up-UNDP-engagement-with-Ministries-of-Finance-on-the-SDGs-and-Climate-Action-in-the-context-of-COVID-19_2020_UNDP_Tool.pdf,"Long-term strategies, Nationally Determined Contributions. (NDCs), and capacity building support are also included. To date, 52 countries – both developed.",https://www.learningfornature.org › 2019/08 › C...,www_learningfornature_org_Scaling_up_UNDP_engagement_with_Ministries_of_Fina.txt,False,False,0,0,none,none,unclear,,,[]
Rwanda,2018–2022,2,supported by UNEP Rwanda nationally determined contribution revised policy strategy legal framework law regulation action plan after:2018-01-01 before:2022-01-01,Risk management and decision-making in relation to ...,https://www.ipcc.ch/site/assets/uploads/sites/4/2019/11/10_Chapter-7.pdf,"While the details are still being agreed on in New Zealand, almost 80% of nationally determined contributions committed to action on mitigation in ...",https://www.ipcc.ch › 2019/11 › 10_Chapter-7,www_ipcc_ch_Risk_management_and_decision_making_in_relation_to.txt,False,False,0,0,none,none,global,"The document does not contain explicit evidence related to Rwanda's climate mitigation, adaptation, or disaster risk reduction strategy/policy/legal framework for the period 2018-2022.",There is no explicit link between UNEP and climate policy/strategy/legal framework in Rwanda for the period 2018-2022.,[]
Rwanda,2018–2022,2,supported by UNEP Rwanda nationally determined contribution revised policy strategy legal framework law regulation action plan after:2018-01-01 before:2022-01-01,Climate Change Adaptation and Disaster Risk Management,https://www.niras.com/media/nh1pggyp/cca-drm-capability-statement.pdf,"Country-level initiatives on DRM are guided by national DRM laws, strategies, and action plans, often in alignment with regional and international frameworks.",https://www.niras.com › media › cca-drm-capabi...,www_niras_com_Climate_Change_Adaptation_and_Disaster_Risk_Manage.txt,False,False,0,0,none,none,none,"The document does not contain explicit evidence related to climate change mitigation, adaptation, or disaster risk reduction strategies/policies/legal frameworks for Rwanda in 2018-2022.",There is no explicit link between UNEP and any climate policy or strategy in Rwanda during 2018-2022.,[]
Rwanda,2018–2022,2,supported by UNEP Rwanda nationally determined contribution revised policy strategy legal framework law regulation action plan after:2018-01-01 before:2022-01-01,Unlocking climate finance potential and policy barriers—A ...,https://www.sciencedirect.com/science/article/pii/S266691612100030X,This paper aims to assess the renewable energy (RE) and energy-efficient (EE) investment potential as well as policy barriers in Sub-Saharan Africa (SSA).,https://www.sciencedirect.com › science › article › pii,www_sciencedirect_com_Unlocking_climate_finance_potential_and_policy_bar.txt,False,False,0,0,none,none,unclear,,,[]
Rwanda,2018–2022,2,supported by UNEP Rwanda nationally determined contribution revised policy strategy legal framework law regulation action plan after:2018-01-01 before:2022-01-01,Risk management and decision-making in relation to ...,https://www.ipcc.ch/site/assets/uploads/sites/4/2019/11/10_Chapter-7.pdf,"While the details are still being agreed on in New Zealand, almost 80% of nationally determined contributions committed to action on mitigation in ...",https://www.ipcc.ch › 2019/11 › 10_Chapter-7,www_ipcc_ch_Risk_management_and_decision_making_in_relation_to.txt,False,False,0,0,none,none,global,"The document does not contain explicit evidence related to Rwanda's climate mitigation, adaptation, or disaster risk reduction strategies/policies/legal frameworks adopted during 2018-2022.",There is no explicit link between UNEP and climate policy/strategy/legal framework in Rwanda during 2018-2022.,[]
Rwanda,2018–2022,2,supported by UNEP Rwanda nationally determined contribution revised policy strategy legal framework law regulation action plan after:2018-01-01 before:2022-01-01,Uganda | Climate & Clean Air Coalition,https://www.ccacoalition.org/partners/uganda,It updated its Nationally Determined Contribution (NDC) to the Paris Agreement in 2022. The 2022 NDC includes a section on the co-benefits of NDC implementation ...,https://www.ccacoalition.org › partners › uganda,www_ccacoalition_org_Uganda_Climate_Clean_Air_Coalition.txt,False,False,0,0,none,none,unclear,,,[]
Rwanda,2018–2022,2,supported by UNEP Rwanda nationally determined contribution revised policy strategy legal framework law regulation action plan after:2018-01-01 before:2022-01-01,Detailed implementation plan for the NDC of Rwanda,https://environment.prod.risa.rw/fileadmin/user_upload/Moe/Publications/Reports_and_Publications/Rwanda_INDC_Implementation_plan.pdf,"It has supported 32 projects as of June 2017 (FONERWA 2017). With regard to adaptation, Rwanda developed its National Adaptation Programme of Action (NAPA).",https://environment.prod.risa.rw › Publications,environment_prod_risa_rw_Detailed_implementation_plan_for_the_NDC_of_Rwanda.txt,True,False,80,0,NDC implementation plan,developed,national,"The document provides detailed information on Rwanda's NDC implementation plan, including mitigation and adaptation measures, cost estimates, and timelines. The plan aims to achieve Rwanda's climate goals and is aligned with the Paris Agreement.",There is no explicit mention of UNEP's involvement in the development or implementation of Rwanda's NDC.,"[""The detailed implementation plan for Rwanda's NDC provides a comprehensive overview of the country's climate actions."", ""The plan includes measures for mitigation and adaptation, as well as cost estimates and timelines.""]"
Rwanda,2018–2022,2,supported by UNEP Rwanda nationally determined contribution revised policy strategy legal framework law regulation action plan after:2018-01-01 before:2022-01-01,DRAFT AFRICA CLIMATE CHANGE STRATEGY 2020 - 2030,https://archive.uneca.org/sites/default/files/uploaded-documents/ACPC/2020/africa_climate_change_strategy_-_revised_draft_16.10.2020.pdf,It aims to foster national ownership of the disaster reduction process by providing tailored assistance for the establishment and strengthening of national DRR.,https://archive.uneca.org › default › files › ACPC,archive_uneca_org_DRAFT_AFRICA_CLIMATE_CHANGE_STRATEGY_2020_2030.txt,False,False,0,0,none,none,global,"The document is not specific to Rwanda and the time window 2018-2022. It discusses climate change in Africa in general, and does not provide explicit evidence of climate change mitigation, adaptation, or disaster risk reduction strategies/policies/legal frameworks adopted in Rwanda during the specified time period.","There is no explicit link between UNEP and any climate change mitigation, adaptation, or disaster risk reduction strategy/policy/legal framework in Rwanda during 2018-2022.",[]
Rwanda,2022–2026,1,supported by UNEP Rwanda climate change legal framework adopted policy strategy legal framework law regulation action plan after:2022-01-01 before:2026-01-01,global environmental protection: the un's legal frameworks ...,https://www.facebook.com/groups/1469126009893987/posts/2967218360084737/,"UNEP's Medium-Term Strategy for 2010-2013 outlines its strategic directions, focusing on six cross-cutting thematic priorities: Climate change. Disasters and ...",https://www.facebook.com › groups › posts,www_facebook_com_global_environmental_protection_the_un_s_legal_fra.txt,False,False,0,0,none,none,global,"The document does not contain explicit evidence related to climate mitigation, adaptation, or disaster risk reduction strategies/policies/legal frameworks for Rwanda in 2022-2026.",The document does not explicitly link UNEP to strengthening/enabling/adoption/implementation of any climate-related policy/strategy/legal framework in Rwanda during 2022-2026.,[]
Rwanda,2022–2026,1,supported by UNEP Rwanda climate change legal framework adopted policy strategy legal framework law regulation action plan after:2022-01-01 before:2026-01-01,Enabling Adaptation - Environmental Change Institute,https://www.eci.ox.ac.uk/sites/default/files/2025-01/UNEP%20Enabling%20Adaptation%20Report%20%282025%29.pdf,Frameworks such as Mullan and Ranger (2022) provide guidance and steps for the alignment of finance and investment with climate resilient development goals.,https://www.eci.ox.ac.uk › sites › default › files,www_eci_ox_ac_uk_Enabling_Adaptation_Environmental_Change_Institute.txt,False,False,0,0,none,none,unclear,,,[]
Rwanda,2018–2022,2,supported by UNEP Rwanda nationally determined contribution revised policy strategy legal framework law regulation action plan after:2018-01-01 before:2022-01-01,HUMAN RIGHTS AND ARTICLE 6 OF THE PARIS ...,https://climate.law.columbia.edu/sites/default/files/content/docs/Webb-Wentz-2018-05-Human-Rights-and-Article-6-of-the-Paris-Agreement_0.pdf,Article 6 of the Paris Agreement recognizes the right of Parties to cooperate in the implementation of their nationally determined contributions (NDCs) through ...,https://climate.law.columbia.edu › content › docs,climate_law_columbia_edu_HUMAN_RIGHTS_AND_ARTICLE_6_OF_THE_PARIS_.txt,False,False,0,0,none,none,none,"The document does not contain explicit evidence related to Rwanda's climate mitigation, adaptation, or disaster risk reduction strategy/policy/legal framework for the time window 2018–2022.",There is no explicit link between UNEP and any climate policy or legal framework in Rwanda for the specified time period.,[]
Rwanda,2022–2026,1,supported by UNEP Rwanda climate change legal framework adopted policy strategy legal framework law regulation action plan after:2022-01-01 before:2026-01-01,AC recognizing adaptation efforts 2024,https://unfccc.int/sites/default/files/resource/AC27_12_Draft%20paper%20_Recognition.pdf,The PNMC provided the initial legal framework for addressing climate change in Brazil through nationally appropriate mitigation actions (NAMAs) and adaptation.,https://unfccc.int › sites › default › files › resource,unfccc_int_AC_recognizing_adaptation_efforts_2024.txt,False,False,0,0,none,none,global,"The document does not contain explicit evidence related to Rwanda's climate mitigation, adaptation, or disaster risk reduction strategy/policy/legal framework for the time window 2022-2026.",There is no explicit link between UNEP and any climate policy or strategy in Rwanda for the specified time period.,[]
Rwanda,2022–2026,1,supported by UNEP Rwanda climate change legal framework adopted policy strategy legal framework law regulation action plan after:2022-01-01 before:2026-01-01,CAT Clmate Governance Series - Rwanda,https://climateactiontracker.org/documents/1066/2022_08_CAT_Governance_Report_Rwanda.pdf,The country lacks comprehensive climate mitigation legislation and would benefit from updating its existing laws to include its emissions targets and governance ...,https://climateactiontracker.org › documents › 20...,climateactiontracker_org_CAT_Clmate_Governance_Series_Rwanda.txt,True,False,80,0,"climate change mitigation strategy, policy, action plan, regulation, or legal framework; climate change adaptation strategy, policy, action plan, regulation, or legal framework; disaster risk reduction strategy, policy, action plan, regulation, or legal framework; climate resilience strategy or plan; low-emission development strategy; long-term low-emission development strategy; net-zero strategy; nationally determined contribution or NDC implementation plan; national adaptation plan; climate law, climate act, or legally binding climate-related framework","adopted, approved, enacted, endorsed, launched, implemented",national,"The document provides explicit evidence of Rwanda's climate change mitigation, adaptation, and disaster risk reduction strategies, policies, and frameworks. Rwanda adopted a low-carbon growth strategy in 2011, and has been consistent in its climate policy development. The country has a good level of climate finance readiness and has established the National Fund for Environment in 2012.","There is no explicit link between UNEP and the adoption, approval, enactment, endorsement, launch, or implementation of climate mitigation, adaptation, or disaster risk reduction strategies/policies/legal frameworks in Rwanda.","[""Rwanda adopted a low-carbon growth strategy in 2011"", ""The country has a good level of climate finance readiness"", ""Rwanda has been consistent in its climate policy development"", ""The Green Growth and Climate Resilient Strategy (GGCRS) set out the country’s actions and priorities on climate change"", ""Rwanda submitted an updated NDC to the UNFCCC in May 2020""]"
Rwanda,2022–2026,1,supported by UNEP Rwanda climate change legal framework adopted policy strategy legal framework law regulation action plan after:2022-01-01 before:2026-01-01,Jordan | WESR - CCA Portal,https://wesr-cca.unepgrid.ch/cca/jordan,"It has taken the lead in promoting legislative frameworks, designing strategies, formulating policies ... United Nations Framework Convention on Climate Change ...",https://wesr-cca.unepgrid.ch › cca › jordan,wesr-cca_unepgrid_ch_Jordan_WESR_CCA_Portal.txt,False,False,0,0,none,none,none,"The document does not contain explicit evidence related to climate change mitigation, adaptation, or disaster risk reduction strategies/policies/legal frameworks for Rwanda in 2022-2026.","There is no mention of UNEP's involvement in climate change mitigation, adaptation, or disaster risk reduction strategies/policies/legal frameworks for Rwanda in 2022-2026.",[]
Rwanda,2022–2026,1,supported by UNEP Rwanda climate change legal framework adopted policy strategy legal framework law regulation action plan after:2022-01-01 before:2026-01-01,SUSTAINABLE LANDSCAPE MANAGEMENT,https://www.environment.gov.rw/fileadmin/user_upload/Moe/Publications/Strategies/Rwanda_Sustainable_Landscape_Management_Investment_Framework.pdf,"... policies, laws, frameworks, plans and strategies, owing to its potential to transform the management and sustainable use of Rwanda's land and natural resources.",https://www.environment.gov.rw › Moe › Strategies,www_environment_gov_rw_SUSTAINABLE_LANDSCAPE_MANAGEMENT.txt,True,False,0,0,none,none,national,"The document does not provide explicit evidence of climate change mitigation, adaptation, or disaster risk reduction strategies/policies/legal frameworks adopted in Rwanda during 2022-2026.","There is no explicit link between UNEP and the adoption/implementation of climate change mitigation, adaptation, or disaster risk reduction strategies/policies/legal frameworks in Rwanda during 2022-2026.","[""No relevant phrases found""]"
Rwanda,2022–2026,1,supported by UNEP Rwanda climate change legal framework adopted policy strategy legal framework law regulation action plan after:2022-01-01 before:2026-01-01,Laying the Ground for Scaling up Climate Finance in Sub ...,https://www.elibrary.imf.org/view/journals/001/2025/099/article-A001-en.xml,"Rwanda's RSF support was instrumental in developing a green taxonomy, which defines what qualifies as a green investment in alignment with national goals. This ...",https://www.elibrary.imf.org › journals › article-A001-en,www_elibrary_imf_org_Laying_the_Ground_for_Scaling_up_Climate_Finance_i.txt,False,False,0,0,none,none,global,"The document does not provide explicit evidence related to Rwanda's climate mitigation, adaptation, or disaster risk reduction strategy/policy/legal framework for the time window 2022-2026.",There is no explicit link between UNEP and strengthening/enabling/adoption/implementation of the SP1.2 policy/strategy/legal framework outcome in Rwanda during 2022-2026.,[]
Rwanda,2022–2026,1,supported by UNEP Rwanda climate change legal framework adopted policy strategy legal framework law regulation action plan after:2022-01-01 before:2026-01-01,Emissions Gap Report 2023: Broken Record,https://www.unep.org/interactives/emissions-gap-report/2023/,"It provides an annual, independent science-based assessment of the gap between the pledged greenhouse gas (GHG) emissions reductions and the reductions required ...",https://www.unep.org › interactives › emissions-gap-rep...,www_unep_org_Emissions_Gap_Report_2023_Broken_Record.txt,False,False,0,0,none,none,unclear,,,[]
Rwanda,2022–2026,1,supported by UNEP Rwanda climate change legal framework adopted policy strategy legal framework law regulation action plan after:2022-01-01 before:2026-01-01,Inclusive Green Economy Policy Stocktaking Study for ...,https://www.un-page.org/knowledge-hub/inclusive-green-economy-policy-stocktaking-study-for-rwanda/,"In 2022, Rwanda updated its National Green Growth and Climate Resilience Strategy (GGCRS) and in 2020 it submitted its revised Nationally Determined ...",https://www.un-page.org › knowledge-hub › incl...,www_un-page_org_Inclusive_Green_Economy_Policy_Stocktaking_Study_f.txt,True,False,80,0,Green Growth and Climate Resilience Strategy,adopted,national,"The document mentions Rwanda's Green Growth and Climate Resilience Strategy (GGCRS) and its Nationally Determined Contributions (NDCs), which are key climate policies. The GGCRS was updated in 2022, and the NDCs were revised in 2020. These policies aim to promote a low-carbon development pathway and address climate change impacts.","There is no explicit mention of UNEP's direct involvement in the adoption, approval, enactment, or implementation of Rwanda's climate policies, such as the GGCRS or NDCs. However, UNEP is mentioned as part of the PAGE partnership, which supports Rwanda's transition to an Inclusive Green Economy.","[""Green Growth and Climate Resilience Strategy (GGCRS)"", ""Nationally Determined Contributions (NDCs)"", ""Partnership for Action on Green Economy (PAGE)"", ""United Nations Environment Programme (UNEP)""]"
Rwanda,2022–2026,1,supported by UNEP Rwanda climate change legal framework adopted policy strategy legal framework law regulation action plan after:2022-01-01 before:2026-01-01,HOW IS CLIMATE ACTION A MATTER OF GOVERNANCE?,https://www.afd.fr/sites/default/files/2024-08-02-51-54/QDD77_VA_Web.pdf,"This entails that, to combat global warming and its effects, states must set up institutions and regulatory frameworks, and assign human and financial resources.",https://www.afd.fr › files › QDD77_VA_Web,www_afd_fr_HOW_IS_CLIMATE_ACTION_A_MATTER_OF_GOVERNANCE_.txt,True,False,60,0,policy / strategy,developed,national,"The document mentions Rwanda's process of reforms to green its public procurement, develop a sustainable purchasing policy, and integrate mitigation and adaptation issues into public investment projects.",There is no explicit link between UNEP and Rwanda's climate policy or strategy in the provided document.,"[""Rwanda has embarked on a comprehensive process of reforms to green its public procurement, develop a sustainable purchasing policy, and integrate mitigation and adaptation issues into public investment projects.""]"
Rwanda,2022–2026,1,supported by UNEP Rwanda climate change legal framework adopted policy strategy legal framework law regulation action plan after:2022-01-01 before:2026-01-01,A collection of case studies from 6 host countries,https://www.spar6c.org/sites/default/files/downloads/best-practices/SPAR6C%20-%20A%20collection%20of%20case%20studies%20from%C2%A06%C2%A0host%C2%A0countries_28-02-2025.pdf,"The SPAR6C program provides decision support to government counterparts on Article 6 strategy and governance frameworks, capacity building for private sector ...",https://www.spar6c.org › downloads › best-practices,www_spar6c_org_A_collection_of_case_studies_from_6_host_countries.txt,True,False,80,0,national carbon market framework,adopted,national,"Rwanda published an Article 6 framework document, the Rwanda National Carbon Market Framework (RNCMF), which serves as a policy blueprint for Article 6 market and non-market mechanisms.",There is no explicit link between UNEP and the adoption of the Rwanda National Carbon Market Framework.,"[""Rwanda National Carbon Market Framework"", ""policy blueprint for Article 6 market and non-market mechanisms"", ""Extended Governing Board (EGB) leads the development of climate change strategy and policies""]"
Rwanda,2022–2026,1,supported by UNEP Rwanda climate change legal framework adopted policy strategy legal framework law regulation action plan after:2022-01-01 before:2026-01-01,COP30 Report,https://www.unepfi.org/wordpress/wp-content/uploads/2026/01/2025_taskforce_on_net_zero_policy_cop30_report_605206.pdf,"Policy framework has developed since the 2009 Climate Change Strategy and Action Plan (BCCSAP) ... laws, regulations, and frameworks that guide climate action ...",https://www.unepfi.org › uploads › 2026/01 › 2...,www_unepfi_org_COP30_Report.txt,False,False,0,0,none,none,global,"The document does not contain explicit evidence related to Rwanda's climate mitigation, adaptation, or disaster risk reduction strategy/policy/legal framework for the time window 2022-2026.",There is no explicit link between UNEP and climate policy/strategy/legal framework in Rwanda for the specified time window.,[]
Rwanda,2022–2026,1,supported by UNEP Rwanda climate change legal framework adopted policy strategy legal framework law regulation action plan after:2022-01-01 before:2026-01-01,CCP: Climate Action Plan,https://climatechange.gov.rw/programmes/ndcs,Rwanda's Nationally Determined Contribution (NDC) is a climate action plan that serves as a blueprint for advancing targeted and measurable climate action.,https://climatechange.gov.rw › programmes › ndcs,climatechange_gov_rw_CCP_Climate_Action_Plan.txt,True,False,90,0,Nationally Determined Contribution (NDC) / climate action plan,adopted / implemented,national,"The document provides clear evidence of Rwanda's adoption and implementation of climate change mitigation and adaptation strategies, including the Nationally Determined Contribution (NDC) and the Green Growth and Climate Resilience Strategy (GGCRS).","There is no explicit mention of UNEP's involvement in the adoption, development, or implementation of Rwanda's climate change mitigation and adaptation strategies.","[""Rwanda’s Nationally Determined Contribution (NDC) is a climate action plan"", ""The Government of Rwanda is committed to urgent climate action"", ""Rwanda adopted the Green Growth and Climate Resilience Strategy (GGCRS) in 2011"", ""The GGCRS outlines actions for transitioning to a low-carbon, climate-resilient economy""]"
Rwanda,2022–2026,1,supported by UNEP Rwanda climate change legal framework adopted policy strategy legal framework law regulation action plan after:2022-01-01 before:2026-01-01,Comparative Analysis of Environmental Protection Laws ...,https://iprjb.org/journals/IJLP/article/download/2706/3156/7736?srsltid=AfmBOopGW1dxKEh-Soy6Uy52CUQh9noOpX53vPcZYv59n6Fvmm243mxn,"Moreover, policies such as the Climate Change. Act have set legally binding targets for reducing greenhouse gas emissions, contributing to the overall effort to ...",https://iprjb.org › IJLP › article › download,iprjb_org_Comparative_Analysis_of_Environmental_Protection_L.txt,False,False,0,0,none,none,global,"The document does not contain explicit evidence related to climate change mitigation, adaptation, or disaster risk reduction strategies/policies/legal frameworks adopted in Rwanda during 2022-2026.",There is no explicit link between UNEP and any climate policy or legal framework in Rwanda during 2022-2026.,[]
Rwanda,2022–2026,1,supported by UNEP Rwanda climate change legal framework adopted policy strategy legal framework law regulation action plan after:2022-01-01 before:2026-01-01,Promoting synergies between land degradation neutrality ...,https://www.unccd.int/sites/default/files/2024-12/LDN%20climate%20synergies.pdf,It offers a step-by-step approach to integrating the principles and objectives of the LDN framework within climate change adaptation planning and implementation ...,https://www.unccd.int › LDN climate synergies,www_unccd_int_Promoting_synergies_between_land_degradation_neutr.txt,False,False,0,0,none,none,none,"The document does not contain explicit evidence related to climate change mitigation, adaptation, or disaster risk reduction strategies/policies/legal frameworks adopted in Rwanda during 2022-2026.",There is no explicit link between UNEP and any climate policy or strategy in Rwanda during 2022-2026.,[]
Rwanda,2022–2026,1,supported by UNEP Rwanda climate change legal framework adopted policy strategy legal framework law regulation action plan after:2022-01-01 before:2026-01-01,TURKMENISTAN,https://www.undp.org/sites/g/files/zskgke326/files/2025-07/icpe-turkmenistan-report.pdf,"Strategic frameworks have been adopted in key areas such as climate change, disaster risk reduction and digitalization, with implementation ongoing during the ...",https://www.undp.org › icpe-turkmenistan-report,www_undp_org_TURKMENISTAN.txt,False,False,0,0,none,none,unclear,,,[]
Rwanda,2022–2026,1,supported by UNEP Rwanda climate change legal framework adopted policy strategy legal framework law regulation action plan after:2022-01-01 before:2026-01-01,The Paris Agreement Article 6 Implementation Status Report,https://carbon-pulse.com/wp-content/uploads/2025/10/The-Paris-Agreement-Article-6-Implementation-Status-Report-2025-Edition.pdf,"The report presents an overview of Article 6 readiness across 100 Parties, examining policy frameworks, institutional arrangements, and legal structures. It ...",https://carbon-pulse.com › uploads › 2025/10,carbon-pulse_com_The_Paris_Agreement_Article_6_Implementation_Statu.txt,False,False,0,0,none,none,none,"The document does not contain explicit evidence related to Rwanda's climate mitigation, adaptation, or disaster risk reduction strategy/policy/legal framework for the time window 2022–2026.",There is no explicit link between UNEP and any climate policy or strategy in Rwanda for the specified time window.,[]
Rwanda,2022–2026,1,supported by UNEP Rwanda climate change legal framework adopted policy strategy legal framework law regulation action plan after:2022-01-01 before:2026-01-01,IS RWANDA READY FOR NATURE-RELATED FINANCIAL ...,https://www.biofin.org/sites/default/files/content/knowledge_products/TNFD%20Policy%20brief%20Rwanda.pdf,"The broader policy landscape is supported by frameworks such as the Environment and. Climate Change Policy (2019), the Biodiversity. Law (2021), Vision 2050 ...",https://www.biofin.org › knowledge_products,www_biofin_org_IS_RWANDA_READY_FOR_NATURE_RELATED_FINANCIAL_.txt,False,False,0,0,none,none,national,"The document does not contain explicit evidence related to climate mitigation strategy/policy/legal framework, climate adaptation strategy/policy/legal framework, or disaster risk reduction strategy/policy/legal framework for Rwanda in 2022-2026.",There is no explicit link between UNEP and strengthening/enabling/adoption/implementation of any climate policy/strategy/legal framework in Rwanda during 2022-2026.,"[""The document primarily focuses on nature-related financial disclosures, biodiversity, and ecosystem services in Rwanda, but does not discuss climate change mitigation, adaptation, or disaster risk reduction strategies/policies/legal frameworks.""]"
Rwanda,2022–2026,1,supported by UNEP Rwanda climate change legal framework adopted policy strategy legal framework law regulation action plan after:2022-01-01 before:2026-01-01,Implementing circular economy and sustainability policies ...,https://www.frontiersin.org/journals/sustainability/articles/10.3389/frsus.2023.1092107/full,REMA is the government regulatory agency responsible for ensuring that environmental issues and climate change are integrated into Rwanda's development plans.,https://www.frontiersin.org › frsus.2023.1092107 › full,www_frontiersin_org_Implementing_circular_economy_and_sustainability_p.txt,True,False,80,0,mitigation strategy / policy / legal framework,adopted / implemented,national,"The document provides explicit evidence of Rwanda's adoption and implementation of climate change mitigation and sustainability policies, including the ban on single-use plastics, adoption of circular economy principles, and various policies aligning with the 10-R principles of circular economy.","There is no explicit link between UNEP and the adoption, approval, enactment, endorsement, launching, implementing, developing, strengthening, or operationalizing the climate mitigation, adaptation, or disaster risk reduction strategy/policy/legal framework in Rwanda.","[""Rwanda became the first country in East Africa to introduce anti-plastic legislation in 2008 when it prohibited the manufacturing, use, sale, and importation of all plastic bags."", ""In August 2019, this regulation was expanded to include other single-use plastic products, including straws, bottles, and food containers."", ""The adoption of CE policies and implementation of the plastic ban disrupted the business models of Rwandan manufacturers."", ""Rwanda has consistently been implementing sustainable development policies and encouraging the adoption of CE principles."", ""The national environment and climate change policy (2019) aims to advance sustainable consumption and production patterns by promoting a circular economy in Rwanda.""]"
Rwanda,2022–2026,1,supported by UNEP Rwanda climate change legal framework adopted policy strategy legal framework law regulation action plan after:2022-01-01 before:2026-01-01,(PDF) Legal Frameworks and Policies for Wetland Protection,https://www.researchgate.net/publication/393271076_Legal_Frameworks_and_Policies_for_Wetland_Protection_International_Conventions_and_Regulations,"This study examines the influence of international conventions, such as the Ramsar Convention, on national policies for wetland protection.",https://www.researchgate.net › ... › Wetlands,www_researchgate_net__PDF_Legal_Frameworks_and_Policies_for_Wetland_Pro.txt,False,False,0,0,none,none,unclear,,,[]
Rwanda,2022–2026,1,supported by UNEP Rwanda climate change legal framework adopted policy strategy legal framework law regulation action plan after:2022-01-01 before:2026-01-01,Governing for the green transition: Government at a Glance ...,https://www.oecd.org/en/publications/2025/06/government-at-a-glance-2025_70e14c6c/full-report/governing-for-the-green-transition_075e9a83.html,"This section examines how governments can set an effective long-term framework for climate change mitigation policy, incorporating appropriate legal and ...",https://www.oecd.org › ... › Full Report,www_oecd_org_Governing_for_the_green_transition_Government_at_a.txt,False,False,0,0,none,none,global,"The document does not contain explicit evidence related to climate change mitigation, adaptation, or disaster risk reduction strategies specifically for Rwanda during 2022-2026.",There is no explicit link between UNEP and any climate policy or strategy in Rwanda during 2022-2026.,[]
Rwanda,2022–2026,1,supported by UNEP Rwanda climate change legal framework adopted policy strategy legal framework law regulation action plan after:2022-01-01 before:2026-01-01,THE LANDSCAPE OF ARTICLE 6 IMPLEMENTATION,https://climatefinanceinnovators.com/wp-content/uploads/2024/01/CFI-Guidebook-the-landscape-of-article-6-implementation-2024.pdf,A key insight is that the implementation of practical carbon market activities that meet the new requirements of the Article 6 rulebook is only slowly moving ...,https://climatefinanceinnovators.com › 2024/01,climatefinanceinnovators_com_THE_LANDSCAPE_OF_ARTICLE_6_IMPLEMENTATION.txt,False,False,0,0,none,none,global,"The document does not contain explicit evidence related to Rwanda's climate mitigation, adaptation, or disaster risk reduction strategy/policy/legal framework.",There is no explicit link between UNEP and strengthening/enabling/adoption/implementation of any climate policy/strategy/legal framework in Rwanda.,[]
Rwanda,2022–2026,1,supported by UNEP Rwanda climate change legal framework adopted policy strategy legal framework law regulation action plan after:2022-01-01 before:2026-01-01,Climate Change Policy Framework for Jamaica,https://www.mof.gov.jm/wp-content/uploads/Updated-Climate-Change-Policy-Framework_with-message-16032023.pdf,"Extreme weather events, induced by worsening climate change, are impacting countries all around the globe. Droughts, more intense hurricanes and typhoons, ...",https://www.mof.gov.jm › wp-content › uploads,www_mof_gov_jm_Climate_Change_Policy_Framework_for_Jamaica.txt,False,False,0,0,none,none,none,"The document is about Jamaica's climate change policy framework, not Rwanda. Therefore, it does not contain explicit evidence related to Rwanda's climate mitigation, adaptation, or disaster risk reduction strategy/policy/legal framework.",There is no mention of UNEP's role in supporting Rwanda's climate change efforts in the provided document.,[]
Rwanda,2022–2026,1,supported by UNEP Rwanda climate change legal framework adopted policy strategy legal framework law regulation action plan after:2022-01-01 before:2026-01-01,Strengthening the Role of Ministries of Finance in Driving ...,https://www.financeministersforclimate.org/sites/default/files/inline-files/Strengthening%20the%20role%20of%20Ministries%20of%20Finance%20in%20driving%20action%20FULL%20REPORT_0.pdf,"Take climate change into account in macroeconomic policy, fiscal planning, budgeting, public investment management, and procurement practices. Principle 2.",https://www.financeministersforclimate.org › files,www_financeministersforclimate_org_Strengthening_the_Role_of_Ministries_of_Finance_in.txt,False,False,0,0,none,none,global,"The document does not contain explicit evidence related to Rwanda's climate mitigation, adaptation, or disaster risk reduction strategy/policy/legal framework for 2022-2026.",There is no explicit link between UNEP and strengthening/enabling/adoption/implementation of any climate policy/strategy/legal framework in Rwanda during 2022-2026.,[]
Rwanda,2022–2026,1,supported by UNEP Rwanda climate change legal framework adopted policy strategy legal framework law regulation action plan after:2022-01-01 before:2026-01-01,Rwanda (NPC) Investment Plan,https://www.cif.org/sites/cif_enc/files/2025-04/gcap_sc.6_02_npc_investment_plan_rwanda_05212024.pdf,"Through strategic policies, robust regulatory frameworks, and dedicated government agencies, Rwanda has demonstrated a strong commitment to climate action.",https://www.cif.org › sites › cif_enc › files › gcap...,www_cif_org_Rwanda_NPC_Investment_Plan.txt,True,False,0,0,none,none,national,"The document does not provide explicit evidence of climate change mitigation, adaptation, or disaster risk reduction strategies/policies/legal frameworks adopted in Rwanda during 2022-2026.","There is no explicit link between UNEP and the climate change mitigation, adaptation, or disaster risk reduction efforts in Rwanda during 2022-2026.","[""No specific phrases related to climate policy or UNEP attribution were found.""]"
Rwanda,2022–2026,1,supported by UNEP Rwanda climate change legal framework adopted policy strategy legal framework law regulation action plan after:2022-01-01 before:2026-01-01,Environmental and social safeguards in Rwanda,https://www.unep.org/resources/case-study/environmental-and-social-safeguards-rwanda-climate-adaptation-case-study,A project supported by the UN Environment Programme (UNEP) and funded by the Global Environment Facility (GEF) is aiming to increase the capacity of Rwandan ...,https://www.unep.org › resources › case-study › enviro...,www_unep_org_Environmental_and_social_safeguards_in_Rwanda.txt,True,True,60,80,adaptation case study,developed,national,The document mentions a project supported by UNEP and funded by GEF to increase the capacity of Rwandan authorities and local communities to adapt to climate change using nature-based solutions.,"The document explicitly mentions that the project is supported by UNEP, indicating a clear link between UNEP and the development of the adaptation case study.","[""A project supported by the UN Environment Programme (UNEP) and funded by the Global Environment Facility (GEF) is aiming to increase the capacity of Rwandan authorities and local communities to adapt to climate change using nature-based solutions.""]"
Rwanda,2022–2026,1,supported by UNEP Rwanda climate change legal framework adopted policy strategy legal framework law regulation action plan after:2022-01-01 before:2026-01-01,Rwanda Environment Strategic Plan 2022-2026 | PDF,https://www.scribd.com/document/857902409/REMA-Strategic-Plan-June-2022,The Rwanda Environment Management Authority's Strategic Plan (2022-2026) aims to enhance environmental management and climate resilience through four key areas: ...,https://www.scribd.com › document › REMA-Strategic-...,www_scribd_com_Rwanda_Environment_Strategic_Plan_2022_2026_PDF.txt,True,False,80,0,climate resilience strategy / plan,adopted / approved,national,"The document is about Rwanda Environment Strategic Plan 2022-2026, which aims to enhance environmental management and climate resilience. It outlines key priorities and resource requirements for the Rwanda Environment Management Authority over the next five years.",There is no explicit link between UNEP and the adoption/implementation of the Rwanda Environment Strategic Plan 2022-2026.,"[""Rwanda Environment Strategic Plan 2022-2026"", ""climate change resilience"", ""environmental management""]"
Rwanda,2022–2026,1,supported by UNEP Rwanda climate change legal framework adopted policy strategy legal framework law regulation action plan after:2022-01-01 before:2026-01-01,Country initiatives on Education for Sustainable Development,https://unesdoc.unesco.org/ark:/48223/pf0000389493,These strategies serve as the country's legal and institutional framework to achieve sustainable development and provides a planning and implementation ...,https://unesdoc.unesco.org › ark:,unesdoc_unesco_org_Country_initiatives_on_Education_for_Sustainable_D.txt,False,False,0,0,none,none,unclear,"The document does not contain explicit evidence related to climate mitigation, adaptation, or disaster risk reduction strategies/policies/legal frameworks for Rwanda in 2022-2026.",The document does not explicitly link UNEP to any climate policy or strategy in Rwanda for 2022-2026.,[]
Rwanda,2022–2026,1,supported by UNEP Rwanda climate change legal framework adopted policy strategy legal framework law regulation action plan after:2022-01-01 before:2026-01-01,Mainstreaming revisited: Experiences from eight countries ...,https://www.sciencedirect.com/science/article/pii/S2589811623000149,National Biodiversity Strategies and Action Plans (NBSAPs) are central for mainstreaming biodiversity by translating global ambition into national policies.,https://www.sciencedirect.com › science › article › pii,www_sciencedirect_com_Mainstreaming_revisited_Experiences_from_eight_cou.txt,False,False,0,0,none,none,unclear,,,[]
Rwanda,2022–2026,1,supported by UNEP Rwanda climate change legal framework adopted policy strategy legal framework law regulation action plan after:2022-01-01 before:2026-01-01,Taking the Lead on Climate Action and Sustainable ...,https://scholarship.law.columbia.edu/cgi/viewcontent.cgi?article=1050&context=sustainable_investment,"Strategic, credible and suitably ambitious national transition plans (NTPs) could enhance confidence and trust in countries' climate and sustainability ...",https://scholarship.law.columbia.edu › viewcontent,scholarship_law_columbia_edu_Taking_the_Lead_on_Climate_Action_and_Sustainable_.txt,False,False,0,0,none,none,unclear,,,[]
Rwanda,2022–2026,1,supported by UNEP Rwanda climate change legal framework adopted policy strategy legal framework law regulation action plan after:2022-01-01 before:2026-01-01,greening rwanda's economy: towards nature positive ...,https://acode-u.org/uploadedFiles/greening_rwanda_s_economy_towards_nature_positive_economies_that_work_for_people_and_nature_final_paper.pdf,The laws are implemented under a clear set strategy called the Environment and Natural Resources Strategic Plan (2018-2024) that advance and support the green ...,https://acode-u.org › uploadedFiles › greening_rw...,acode-u_org_greening_rwanda_s_economy_towards_nature_positive_.txt,True,False,80,0,climate change mitigation strategy / policy / legal framework,adopted / approved / enacted,national,"The document provides explicit evidence of Rwanda's efforts to adopt and implement climate change mitigation and adaptation strategies, policies, and legal frameworks. For example, Rwanda has ratified the UNFCCC and the Kyoto Protocol, and has submitted its National Communications and National Adaptation Programme of Action (NAPA). The country has also developed key policies and strategies such as Vision 2020, the Economic Development and Poverty Reduction Strategy (EDPRS), and the Green Growth and Climate Resilience Strategy (GGCRS).","There is no explicit evidence in the document that links UNEP to the adoption, approval, enactment, or implementation of climate change mitigation, adaptation, or disaster risk reduction strategies/policies/legal frameworks in Rwanda.","[""Rwanda has been formally engaging in international climate change policy by ratifying the United Nations Framework Convention on Climate Change (UNFCCC) in 1995"", ""The country also submitted its first National Adaptation Programme of Action (NAPA) in 2006"", ""Rwanda updated relevant policies and legislation following ratification of the Paris Agreement to ensure compliance"", ""The Environment and Natural Resources (ENR) sector policies and strategies are aligned with an extensive range of national, regional, and international policy frameworks""]"
Rwanda,2022–2026,1,supported by UNEP Rwanda climate change legal framework adopted policy strategy legal framework law regulation action plan after:2022-01-01 before:2026-01-01,New UN norm on integrating environmental impacts in ...,https://www.linkedin.com/posts/unep-evaluation-office_norms-and-standards-for-evaluation-activity-7301163375588204544-T0W0,"Standards can support environmental laws, help implement international environmental treaties, or facilitate the market access of climate friendly products and ...",50+ reactions,www_linkedin_com_New_UN_norm_on_integrating_environmental_impacts_i.txt,False,False,0,0,none,none,global,"The document does not contain explicit evidence related to climate mitigation, adaptation, or disaster risk reduction strategies/policies/legal frameworks for Rwanda in 2022-2026.","The document does not explicitly link UNEP to strengthening/enabling/adoption/implementation of climate mitigation, adaptation, or disaster risk reduction strategies/policies/legal frameworks for Rwanda in 2022-2026.",[]
Rwanda,2022–2026,1,supported by UNEP Rwanda climate change legal framework adopted policy strategy legal framework law regulation action plan after:2022-01-01 before:2026-01-01,Prepared by the Centre for Environmental Justice for Africa,https://naturaljustice.org/wp-content/uploads/2025/07/CARBON-MARKETS-REPORT_Submitted_Natural-Justice.pdf,"In East and West Africa, Kenya and Uganda have implemented regulatory frameworks that encourage carbon credit projects through national climate action plans.",https://naturaljustice.org › uploads › 2025/07 › C...,naturaljustice_org_Prepared_by_the_Centre_for_Environmental_Justice_f.txt,False,False,0,0,none,none,none,"The document does not provide explicit evidence related to Rwanda's climate mitigation, adaptation, or disaster risk reduction strategy/policy/legal framework for 2022-2026.","There is no explicit link between UNEP and the adoption, approval, enactment, endorsement, launch, implementation, developing, strengthening, or operationalizing of climate mitigation, adaptation, or disaster risk reduction strategy/policy/legal framework in Rwanda for 2022-2026.",[]
Rwanda,2022–2026,1,supported by UNEP Rwanda climate change legal framework adopted policy strategy legal framework law regulation action plan after:2022-01-01 before:2026-01-01,The rationale of investing for sustainability impact,https://www.greenfinanceplatform.org/blog/legal-framework-impact-rationale-investing-sustainability-impact,"The joint project 'A Legal Framework for Impact' led by PRI , the Generation Foundation and UNEP FI explores how the global investment sector could strengthen ...",https://www.greenfinanceplatform.org › blog › legal-fra...,www_greenfinanceplatform_org_The_rationale_of_investing_for_sustainability_impa.txt,False,False,0,0,none,none,global,"The document does not contain explicit evidence related to climate mitigation, adaptation, or disaster risk reduction strategies/policies/legal frameworks for Rwanda in 2022-2026.",The document mentions UNEP FI but does not explicitly link UNEP to strengthening/enabling/adoption/implementation of any climate policy/strategy/legal framework in Rwanda during 2022-2026.,[]
Rwanda,2022–2026,1,supported by UNEP Rwanda climate change legal framework adopted policy strategy legal framework law regulation action plan after:2022-01-01 before:2026-01-01,Fact Sheet 1: Climate change adaptation strategies,https://www.mrcmekong.org/wp-content/uploads/2024/08/Fact-sheets-of-intl-experiences-on-the-formulation-implementation-of-t.pdf,"Strategy and action plans are mentioned in the ASEAN policy documentation, but not specific climate impact or adaptation research projects. However ...",https://www.mrcmekong.org › uploads › 2024/08,www_mrcmekong_org_Fact_Sheet_1_Climate_change_adaptation_strategies.txt,False,False,0,0,none,none,unclear,,,[]
Rwanda,2022–2026,1,supported by UNEP Rwanda climate change legal framework adopted policy strategy legal framework law regulation action plan after:2022-01-01 before:2026-01-01,AFRICAN UNION CLIMATE CHANGE AND RESILIENT ...,https://au.int/sites/default/files/documents/41959-doc-CC_Strategy_and_Action_Plan_2022-2032_08_02_23_Single_Print_Ready.pdf,The realization of Africa's Agenda 2063 cannot be possible without proactive collective continental efforts aimed at addressing the impacts and encumbrances.,https://au.int › sites › default › files › documents,au_int_AFRICAN_UNION_CLIMATE_CHANGE_AND_RESILIENT_.txt,False,False,0,0,none,none,unclear,,,[]
Rwanda,2022–2026,1,supported by UNEP Rwanda climate change legal framework adopted policy strategy legal framework law regulation action plan after:2022-01-01 before:2026-01-01,The National AI Policy of Rwanda,https://dig.watch/resource/the-national-ai-policy-of-rwanda,"Output: AI policy and regulatory capacity building program established in Rwanda, aligned with emerging global standards and policy/regulation best practices.",https://dig.watch › Resources,dig_watch_The_National_AI_Policy_of_Rwanda.txt,False,False,0,0,none,none,national,"The document does not contain explicit evidence related to climate mitigation, adaptation, or disaster risk reduction strategies/policies/legal frameworks for Rwanda in 2022-2026.",There is no explicit link between UNEP and any climate-related policy or strategy in Rwanda during 2022-2026.,[]
Rwanda,2022–2026,2,UNEP assisted Rwanda climate adaptation plan promulgated policy strategy legal framework law regulation action plan after:2022-01-01 before:2026-01-01,Ecosystem-based Adaptation in Rwanda 2016-2022,https://www.unep.org/resources/factsheet/ecosystem-based-adaptation-rwanda-2016-2022,The project's main approaches are to: strengthen the capacity of institutions to plan and implement ecosystem-based adaptation; restore degraded ecosystems; and ...,https://www.unep.org › resources › factsheet › ecosyste...,www_unep_org_Ecosystem_based_Adaptation_in_Rwanda_2016_2022.txt,False,False,0,0,none,none,unclear,"The document does not contain explicit evidence related to climate mitigation, adaptation, or disaster risk reduction strategies/policies/legal frameworks adopted in Rwanda during 2022-2026.",There is no explicit link between UNEP and any climate policy/strategy/legal framework outcome in Rwanda during 2022-2026.,[]
Rwanda,2022–2026,1,supported by UNEP Rwanda climate change legal framework adopted policy strategy legal framework law regulation action plan after:2022-01-01 before:2026-01-01,Strengthening the Role of Ministries of Finance in Driving ...,https://www.financeministersforclimate.org/sites/default/files/inline-files/Strengthening%20the%20role%20of%20Ministries%20of%20Finance%20in%20driving%20action%20FULL%20REPORT_0.pdf,"Take climate change into account in macroeconomic policy, fiscal planning, budgeting, public investment management, and procurement practices. Principle 2.",https://www.financeministersforclimate.org › files,www_financeministersforclimate_org_Strengthening_the_Role_of_Ministries_of_Finance_in.txt,False,False,0,0,none,none,none,"The document does not contain explicit evidence related to Rwanda's climate mitigation, adaptation, or disaster risk reduction strategy/policy/legal framework for 2022-2026.",There is no explicit link between UNEP and strengthening/enabling/adoption/implementation of the SP1.2 policy/strategy/legal framework outcome in Rwanda during 2022-2026.,[]
Rwanda,2022–2026,2,UNEP assisted Rwanda climate adaptation plan promulgated policy strategy legal framework law regulation action plan after:2022-01-01 before:2026-01-01,"Rwanda's Climate Adaptation Monitoring, Evaluation, and ...",https://www.preventionweb.net/media/87609/download,"The National Adaptation Plan Global Network is supporting the Government of Rwanda in the implementation of its roadmap to establish a monitoring, evaluation, ...",https://www.preventionweb.net › download,www_preventionweb_net_Rwanda_s_Climate_Adaptation_Monitoring_Evaluation_.txt,False,False,0,0,none,none,unclear,The document does not contain any information about Rwanda or climate policies.,The document does not contain any information about UNEP or its activities.,[]
Rwanda,2022–2026,2,UNEP assisted Rwanda climate adaptation plan promulgated policy strategy legal framework law regulation action plan after:2022-01-01 before:2026-01-01,Adaptation Gap Report 2022,https://www.unep.org/resources/adaptation-gap-report-2022,"The report looks at the benefits of prioritizing actions that both reduce greenhouse gas emissions and help communities adapt, such as nature-based solutions, ...",https://www.unep.org › resources › adaptation-gap-rep...,www_unep_org_Adaptation_Gap_Report_2022.txt,False,False,0,0,none,none,global,"The document does not contain explicit evidence related to Rwanda's climate mitigation, adaptation, or disaster risk reduction strategy/policy/legal framework for 2022-2026.",The document does not explicitly link UNEP to strengthening/enabling/adoption/implementation of any climate policy/strategy/legal framework in Rwanda for 2022-2026.,[]
Rwanda,2022–2026,1,supported by UNEP Rwanda climate change legal framework adopted policy strategy legal framework law regulation action plan after:2022-01-01 before:2026-01-01,Nuclear Energy and Climate Change,https://www-pub.iaea.org/MTCD/Publications/PDF/PAT-002_web.pdf,The IAEA plays a leading role in assisting its. Member States as they respond to climate change with nuclear energy by supporting existing and new nuclear.,https://www-pub.iaea.org › PDF › PAT-002_web,www-pub_iaea_org_Nuclear_Energy_and_Climate_Change.txt,False,False,0,0,none,none,global,"The document does not contain explicit evidence related to Rwanda's climate change mitigation, adaptation, or disaster risk reduction strategy/policy/legal framework for 2022-2026.",There is no explicit link between UNEP and any climate policy or strategy in Rwanda for 2022-2026.,[]
Rwanda,2022–2026,2,UNEP assisted Rwanda climate adaptation plan promulgated policy strategy legal framework law regulation action plan after:2022-01-01 before:2026-01-01,CCP: Climate Action Plan,https://climatechange.gov.rw/programmes/ndcs,Rwanda's Nationally Determined Contribution (NDC) is a climate action plan that serves as a blueprint for advancing targeted and measurable climate action.,https://climatechange.gov.rw › programmes › ndcs,climatechange_gov_rw_CCP_Climate_Action_Plan.txt,True,False,90,0,NDC / climate action plan,adopted / implemented,national,"The document provides clear evidence of Rwanda's adoption and implementation of climate change mitigation and adaptation strategies, including the Nationally Determined Contribution (NDC) and the Green Growth and Climate Resilience Strategy (GGCRS).",There is no explicit link between UNEP and the adoption or implementation of Rwanda's climate change mitigation and adaptation strategies.,"[""Rwanda’s Nationally Determined Contribution (NDC) is a climate action plan"", ""The Government of Rwanda is committed to urgent climate action"", ""Rwanda adopted the Green Growth and Climate Resilience Strategy (GGCRS) in 2011, revised in 2023"", ""Rwanda’s NDC outlines its commitments to reduce greenhouse gas emissions and adapt to the impacts of climate change""]"
Rwanda,2022–2026,1,supported by UNEP Rwanda climate change legal framework adopted policy strategy legal framework law regulation action plan after:2022-01-01 before:2026-01-01,FULLY DEVELOPED PROPOSAL FOR SINGLE COUNTRY,https://www.adaptation-fund.org/wp-content/uploads/2025/07/Final-Rwanda_Single-Country-Fully-Developed-Proposal-template-30Jun-2025.pdf,Rwanda's climate governance is anchored in several legal instruments and national development frameworks that confer institutional mandates and define ...,https://www.adaptation-fund.org › 2025/07 › Fin...,www_adaptation-fund_org_FULLY_DEVELOPED_PROPOSAL_FOR_SINGLE_COUNTRY.txt,True,False,80,0,climate change mitigation strategy / adaptation strategy / disaster risk reduction strategy / policy / legal framework / law / regulation / NDC / NAP / action plan,adopted / approved / enacted / endorsed / launched / implemented,national,"The document outlines Rwanda's climate policies and frameworks, including the Green Growth and Climate Resilience Strategy (GGCRS), the Nationally Determined Contribution (NDC), and the National Adaptation Programme of Action (NAPA). These policies aim to enhance climate resilience, promote sustainable agriculture, and reduce greenhouse gas emissions. The document also highlights the country's efforts to integrate climate change into national planning processes, including the use of Climate Budget Tagging (CBT) to track climate-related spending.","There is no explicit mention of UNEP's role in supporting the adoption, approval, enactment, or implementation of Rwanda's climate policies and frameworks.","[""Rwanda’s vulnerability to climate change is profound, stemming from its mountainous terrain, high dependence on rain-fed agriculture, and a rural population exceeding 70%."", ""The Green Growth and Climate Resilience Strategy (GGCRS) is Rwanda’s flagship national climate strategy."", ""The revised 2022 version focuses on four thematic areas: green industrialization and trade, urban climate resilience, natural resource management and vibrant and climate-resilient rural livelihoods.""]"
Rwanda,2022–2026,2,UNEP assisted Rwanda climate adaptation plan promulgated policy strategy legal framework law regulation action plan after:2022-01-01 before:2026-01-01,"Rwanda's Climate Adaptation Monitoring, Evaluation, and ...",https://napglobalnetwork.org/wp-content/uploads/2024/10/rwanda-proposals-brief-v4.pdf,"This proposal outlines strategies for sharing information on adaptation outcomes in. Rwanda's agriculture, human settlement, and transport sectors. These ...",https://napglobalnetwork.org › uploads › 2024/10,napglobalnetwork_org_Rwanda_s_Climate_Adaptation_Monitoring_Evaluation_.txt,True,False,80,0,climate adaptation policy / strategy,developed / proposed,national,"The document outlines proposals for sharing information on adaptation outcomes in Rwanda's agriculture, human settlement, and transport sectors, which indicates the development of climate adaptation strategies and policies.",There is no explicit mention of UNEP's role or support in the development or implementation of the climate adaptation strategies and policies in Rwanda.,"[""Rwanda’s Climate Adaptation Monitoring, Evaluation, and Learning in the Human Settlements and Transport Sectors: Proposals for sharing information"", ""strategies for sharing information on adaptation outcomes in Rwanda’s agriculture, human settlement, and transport sectors"", ""development of climate-resilient crop varieties"", ""enhancing resilience against climate change"", ""nationally determined contribution targets""]"
Rwanda,2022–2026,2,UNEP assisted Rwanda climate adaptation plan promulgated policy strategy legal framework law regulation action plan after:2022-01-01 before:2026-01-01,A Climate adaptation case study | UNEP,https://www.unep.org/es/node/37537,A project supported by the UN Environment Programme (UNEP) and funded by the Global Environment Facility (GEF) is aiming to increase the capacity of Rwandan ...,https://www.unep.org › node,www_unep_org_A_Climate_adaptation_case_study_UNEP.txt,True,True,60,80,climate adaptation case study,developed,national,The document mentions a project supported by UNEP and funded by the GEF to increase the capacity of Rwandan authorities and local communities to adapt to climate change using nature-based solutions.,The document explicitly mentions that the project is supported by the UN Environment Programme (UNEP) and funded by the Global Environment Facility (GEF).,"[""A project supported by the UN Environment Programme (UNEP) and funded by the Global Environment Facility (GEF) is aiming to increase the capacity of Rwandan authorities and local communities to adapt to climate change using nature-based solutions.""]"
Rwanda,2022–2026,2,UNEP assisted Rwanda climate adaptation plan promulgated policy strategy legal framework law regulation action plan after:2022-01-01 before:2026-01-01,Global Climate Public Finance Review,https://www.undp.org/sites/g/files/zskgke326/files/2022-09/UNDP-Global-Climate-Public-Finance-Review-2022.pdf,"National Action Plan on Climate Change Adaptation was issued, providing the main policy framework for adaptation action. Provincial and city governments are ...",https://www.undp.org › files › zskgke326 › files,www_undp_org_Global_Climate_Public_Finance_Review.txt,False,False,0,0,none,none,global,"The document does not contain explicit evidence related to Rwanda's climate mitigation, adaptation, or disaster risk reduction strategy/policy/legal framework for the time window 2022–2026.",There is no explicit link between UNEP and any climate policy or strategy in Rwanda for the specified time window.,"[""This document is a global review of climate public finance and does not specifically mention Rwanda's climate policies or UNEP's involvement in Rwanda.""]"
Rwanda,2022–2026,2,UNEP assisted Rwanda climate adaptation plan promulgated policy strategy legal framework law regulation action plan after:2022-01-01 before:2026-01-01,Vision 2050 and Rwanda's National Policies for Climate ...,https://www.environment.gov.rw/index.php?eID=dumpFile&t=f&f=55461&token=9b346eec57470d41931161671509c7459f78ed55,"The updated plan will be implemented until 2030 with approximately. USD 11 billion, of which USD 5.3 billion cover adaptation, and aims to reduce emissions by ...",https://www.environment.gov.rw › ...,www_environment_gov_rw_Vision_2050_and_Rwanda_s_National_Policies_for_Cli.txt,True,False,90,0,mitigation strategy / adaptation strategy / policy / legal framework / NDC / action plan,adopted / approved / implemented,national,"The document provides clear evidence of Rwanda's adoption and implementation of various climate-related policies and strategies, including Vision 2050, NDC, Green Growth and Climate Resilience Strategy (GGCRS), National Environment and Climate Change Policy, National Cooling Strategy, National Sustainable Mobility Policy, National Forestry Policy, National Strategy for Transformation (NST), and National Land Use and Development Master Plan.",There is no explicit mention of UNEP's role in supporting or enabling the adoption of these climate-related policies and strategies in Rwanda.,"[""Rwanda’s recent Nationally Determined Contribution (NDC) showcases the country’s priorities for green and resilient economic growth"", ""Rwanda aims to reduce greenhouse gas emissions by 38% (4.6 million tons of carbon dioxide) by 2030"", ""In 2011, Rwanda adopted a groundbreaking Green Growth and Climate Resilience Strategy (GGCRS)"", ""The National Environment and Climate Change Policy showcases Rwanda’s commitment and efforts to address climate change"", ""Rwanda’s Vision 2050 will be attained by implementing the policies that tackle climate change and ensure efficient use of environment resources""]"
Rwanda,2022–2026,2,UNEP assisted Rwanda climate adaptation plan promulgated policy strategy legal framework law regulation action plan after:2022-01-01 before:2026-01-01,CAT Clmate Governance Series - Rwanda,https://climateactiontracker.org/documents/1066/2022_08_CAT_Governance_Report_Rwanda.pdf,"Mitigation actions are included in the country's key long and short-term plans, indicating that addressing climate change is a priority for the government.",https://climateactiontracker.org › documents › 20...,climateactiontracker_org_CAT_Clmate_Governance_Series_Rwanda.txt,True,False,80,0,national strategy for climate change and low-carbon development,adopted,national,"The document provides explicit evidence of Rwanda's adoption of a low-carbon growth strategy in 2011, which aims to achieve a low-carbon economy by 2050. The country has also submitted its updated NDC in 2020, which includes a quantified target of reducing emissions by 16% below business-as-usual levels by 2030. Additionally, Rwanda has a Green Growth and Climate Resilient Strategy (GGCRS) that provides a vision and guidelines for the development of further national and sectoral socio-economic development policies.",There is no explicit link between UNEP and the adoption or implementation of Rwanda's climate policies and strategies.,"[""Rwanda adopted a low-carbon growth strategy in 2011"", ""submitted its updated NDC in 2020"", ""Green Growth and Climate Resilient Strategy (GGCRS) provides a vision and guidelines for the development of further national and sectoral socio-economic development policies""]"
Rwanda,2022–2026,2,UNEP assisted Rwanda climate adaptation plan promulgated policy strategy legal framework law regulation action plan after:2022-01-01 before:2026-01-01,NATIONAL ADAPTATION PLANS 2024,https://unfccc.int/sites/default/files/resource/NAP%20Progress%20Publication%202024.pdf,"All projects approved for funding by the GEF up until 31 July in 2024 align with, and contribute to, the implementation of national climate change policies,.",https://unfccc.int › sites › default › files › resource,unfccc_int_NATIONAL_ADAPTATION_PLANS_2024.txt,False,False,0,0,none,none,global,"The document does not contain explicit evidence related to Rwanda's climate mitigation, adaptation, or disaster risk reduction strategy/policy/legal framework for the time window 2022-2026.",There is no explicit link between UNEP and strengthening/enabling/adoption/implementation of any climate policy/strategy/legal framework in Rwanda during 2022-2026.,[]
Rwanda,2022–2026,2,UNEP assisted Rwanda climate adaptation plan promulgated policy strategy legal framework law regulation action plan after:2022-01-01 before:2026-01-01,Rwanda (NPC) Investment Plan,https://www.cif.org/sites/cif_enc/files/2025-04/gcap_sc.6_02_npc_investment_plan_rwanda_05212024.pdf,"Through strategic policies, robust regulatory frameworks, and dedicated government agencies, Rwanda has demonstrated a strong commitment to climate action.",https://www.cif.org › sites › cif_enc › files › gcap...,www_cif_org_Rwanda_NPC_Investment_Plan.txt,True,False,40,0,investment plan,developed,national,"The document outlines Rwanda's efforts to address climate change through the Nature, People, and Climate (NPC) Investment Plan, which aligns with the country's Nationally Determined Contributions (NDCs), the Green Growth and Climate Resilience Strategy (GGCRS), and Vision 2050. The plan aims to catalyze investment in climate and nature-related interventions to build resilient landscapes and communities.","There is no explicit mention of UNEP's role in supporting or enabling the adoption, approval, enactment, or implementation of the climate policy or strategy in Rwanda.","[""The proposed IP contributes towards an integrated, system-wide sustainable land management (SLM) approach that reconciles competing uses of land and other natural resources to unlock the potential of nature for climate action, and simultaneously strengthen adaptive capacity and livelihoods of local communities."", ""Rwanda’s NPC IP also adheres to two key principles: alignment with current GoR strategic priorities through intensive stakeholder consultations, and its ability to deliver transformative change and feasibility of implementation."", ""The IP aligns with Rwanda’s Nationally Determined Contributions (NDCs), the Green Growth Climate Resilience Strategy (GGCRS) as well as the country’s long-term vision to become a high-income, carbon-neutral economy by 2050.""]"
Rwanda,2022–2026,2,UNEP assisted Rwanda climate adaptation plan promulgated policy strategy legal framework law regulation action plan after:2022-01-01 before:2026-01-01,Lessons from Local Adaptation Practice,https://gca.org/wp-content/uploads/2025/11/2025-stories-of-resilience-lessons-from-local-adaptation-practice.pdf,Draft National Locally Led Adaptation Framework and Action Plan. Asian ... Effectiveness of the local adaptation plan of action to support climate.,https://gca.org › wp-content › uploads › 2025/11,gca_org_Lessons_from_Local_Adaptation_Practice.txt,False,False,0,0,none,none,global,"The document does not contain explicit evidence related to Rwanda's climate mitigation, adaptation, or disaster risk reduction strategy/policy/legal framework for 2022-2026.",There is no explicit link between UNEP and any climate policy or strategy in Rwanda for 2022-2026.,"[""No relevant evidence found.""]"
Rwanda,2022–2026,2,UNEP assisted Rwanda climate adaptation plan promulgated policy strategy legal framework law regulation action plan after:2022-01-01 before:2026-01-01,Plan of Action for Implementing the KDMECC in the EHoA,https://ehsa.iom.int/resources/kdmecc-ehoa-plan-action-en,Themes: social inclusion and human livelihoods; policy and regulatory activities; climate mitigation and adaptation. EXPECTED OUTCOMES. ENTRY POINTS AND ACTION.,https://ehsa.iom.int › resources › kdmecc-ehoa-pl...,ehsa_iom_int_Plan_of_Action_for_Implementing_the_KDMECC_in_the_.txt,False,False,0,0,none,none,unclear,,,[]
Rwanda,2022–2026,2,UNEP assisted Rwanda climate adaptation plan promulgated policy strategy legal framework law regulation action plan after:2022-01-01 before:2026-01-01,WPB 2025-2026 Compendium of Business Plans,https://gggi.org/wp-content/uploads/2024/09/Compendium-of-Business-Plans.pdf,"GGGI also contributed to support climate adaptation (SO1.2), in countries such as Burkina Faso, Cote d'Ivoire, Rwanda, and Ethiopia helping update their ...",https://gggi.org › wp-content › uploads › 2024/09,gggi_org_WPB_2025_2026_Compendium_of_Business_Plans.txt,False,False,0,0,none,none,unclear,No relevant climate policy information found for Rwanda in 2022-2026.,No UNEP attribution found.,[]
Rwanda,2022–2026,2,UNEP assisted Rwanda climate adaptation plan promulgated policy strategy legal framework law regulation action plan after:2022-01-01 before:2026-01-01,Rwanda Country - Programme Strategy,https://iucn.org/sites/default/files/2024-02/iucn-rwanda-country-strategy-2021-2030.pdf,The legal framework for environment and biodiversity conservation is established under the Constitution of the Republic of Rwanda. Further provisions are ...,https://iucn.org › sites › default › files › iucn-rwan...,iucn_org_Rwanda_Country_Programme_Strategy.txt,True,False,61,0,climate change adaptation and mitigation strategy,developed,national,"The document mentions Rwanda's Environment and Climate Change Policy (2019) and Green Growth and Climate Resilience - National Strategy for Climate Change and Low Carbon Development (2011), which are relevant to climate change mitigation and adaptation.","There is no explicit mention of UNEP's role in supporting Rwanda's climate change mitigation, adaptation, or disaster risk reduction strategies/policies/legal frameworks.","[""Rwanda's principal agricultural exports are coffee, tea, and value-added products"", ""The 2018 Rwanda Forest Policy mentions that approximately 98.5% of primary energy in Rwanda comes from biomass"", ""Rwanda is highly vulnerable to climate change impacts"", ""The overall policy framework aims to be coherent and most policy documents refer to other relevant sectors, policies and plans"", ""IUCN Rwanda Country Office will engage in climate change adaptation and mitigation for sustainable development""]"
Rwanda,2022–2026,2,UNEP assisted Rwanda climate adaptation plan promulgated policy strategy legal framework law regulation action plan after:2022-01-01 before:2026-01-01,ZERO POLICY MATTERS - PRI,https://public.unpri.org/download?ac=22189,"Requirements on climate adaptation are more prevalent than nature or just transition. Aside from national strategies and action plans, adaptation targets are.",https://public.unpri.org › download,public_unpri_org_ZERO_POLICY_MATTERS_PRI.txt,False,False,0,0,none,none,none,"The document does not contain explicit evidence related to Rwanda's climate mitigation, adaptation, or disaster risk reduction strategy/policy/legal framework for 2022-2026.","There is no explicit link between UNEP and any climate policy, strategy, or legal framework in Rwanda for 2022-2026.",[]
Rwanda,2022–2026,2,UNEP assisted Rwanda climate adaptation plan promulgated policy strategy legal framework law regulation action plan after:2022-01-01 before:2026-01-01,Climate Change Policy Framework for Jamaica,https://www.mof.gov.jm/wp-content/uploads/Updated-Climate-Change-Policy-Framework_with-message-16032023.pdf,"adaptation and mitigation strategies and action plans. There are various coordinating mechanisms for climate action, among them: the Climate Change. Advisory ...",https://www.mof.gov.jm › wp-content › uploads,www_mof_gov_jm_Climate_Change_Policy_Framework_for_Jamaica.txt,False,False,0,0,none,none,none,The document is about Jamaica's climate change policy framework and does not mention Rwanda or the time window 2022-2026.,There is no mention of UNEP in relation to Rwanda's climate policy or actions in the provided document.,[]
Rwanda,2022–2026,2,UNEP assisted Rwanda climate adaptation plan promulgated policy strategy legal framework law regulation action plan after:2022-01-01 before:2026-01-01,Ecosystem-based Adaptation in Rwanda,https://www.unep.org/ecosystem-based-adaptation-rwanda,"The proposed project will use an Ecosystem-based Adaptation (EbA) approach to restore degraded wetland, forest and savanna ecosystems.",https://www.unep.org › ecosystem-based-adaptation-rw...,www_unep_org_Ecosystem_based_Adaptation_in_Rwanda.txt,False,False,0,0,none,none,unclear,,,[]
Rwanda,2022–2026,2,UNEP assisted Rwanda climate adaptation plan promulgated policy strategy legal framework law regulation action plan after:2022-01-01 before:2026-01-01,ENVIRONMENTAL SCARCITY AND CONFLICT,https://globalprotectioncluster.org/sites/default/files/2023-04/Environmental_Scarcity_and_Conflict_2010_En.pdf,The framework team coordinates the partnership between the United Nations (UN) and the European Union (EU) entitled for Preventing and Managing Land and Natural ...,https://globalprotectioncluster.org › default › files,globalprotectioncluster_org_ENVIRONMENTAL_SCARCITY_AND_CONFLICT.txt,False,False,0,0,none,none,global,"The document does not contain explicit evidence related to Rwanda's climate mitigation, adaptation, or disaster risk reduction strategies/policies/legal frameworks adopted during 2022-2026.",There is no explicit link between UNEP and any climate-related policy or strategy in Rwanda during 2022-2026.,"[""No relevant phrases""]"
Rwanda,2022–2026,2,UNEP assisted Rwanda climate adaptation plan promulgated policy strategy legal framework law regulation action plan after:2022-01-01 before:2026-01-01,Jamaica Gleaner's post,https://www.facebook.com/gleanerjamaica/posts/jamaica-can-expect-continued-support-from-the-norwegian-government-in-its-effort/890147169875375/,Recommends the National Adaptation Programme of Action (NAPA) to Climate Change be the main framework from which to conduct the projects created in clause 7; 5.,10+ reactions,www_facebook_com_Jamaica_Gleaner_s_post.txt,False,False,0,0,none,none,unclear,The document does not contain any information about Rwanda or climate policies related to Rwanda in the time window 2022-2026.,The document does not mention UNEP or any climate-related activities supported by UNEP in Rwanda.,[]
Rwanda,2022–2026,2,UNEP assisted Rwanda climate adaptation plan promulgated policy strategy legal framework law regulation action plan after:2022-01-01 before:2026-01-01,PROPOSAL FOR RWANDA,https://www.adaptation-fund.org/wp-content/uploads/2024/09/AFB.PPRC_.34.Inf_.6.-Proposal-for-Rwanda-1.pdf,"This multi-faceted project's objective is to strengthen climate resilience, reduce the risks of flooding, and improve the management of natural resources and ...",https://www.adaptation-fund.org › 2024/09 › AF...,www_adaptation-fund_org_PROPOSAL_FOR_RWANDA.txt,,,,,,,,"[ERROR] Error code: 400 - {'error': {'message': ""Failed to generate JSON. Please adjust your prompt. See 'failed_generation' for more details."", 'type': 'invalid_request_error', 'code': 'json_validate_failed', 'failed_generation': '{\n-------------+--------------------------------------------------+---------------+ (Source: Water Resources Master Plan) World Bank Group. 2022. Rwanda Country Climate and Development Report. CCDR Series;. 12 -------+---------+------------------------------------------+---------------+ Rwanda has a total of 12 Level 1 catchments, 36 Level 2 catchments and 108 Level  /output directory and 121 Level 4 catchments. In Rwanda, a catchment is a geographical area defined by a hydrological criterion, namely a main course of a river and its tributaries, forming a system through which water circulates. A catchment can therefore be defined as a water - shed, basin or drainage basin. In Rwanda, catchments are very similar to the Districts ( Aimable, 2020) . Districts are administrative divisions of Rwanda . The Mukungwa catchment includes Musanze District, most of the Burera District, parts of the Gicumbi District, and small areas of the Nyabihu and Ngororero Districts. Catchment and landscape restoration in Mukungwa catchment The Mukungwa catchment will be implemented under the proposed project . The project targets 6 sub -catchments of the Mukungwa catchment in the districts of Burera, Nyabihu, and Ngororero. The catchments are particularly vulnerable to negative climate impacts. The VCRP project area is home to over 2.3 million people , and the population in the project area in this proposal is a little over 633000 . The communities that live in this region are highly vulnerable to the adverse effects of floods, landslides, and soil erosion, which are projected to exacerbate from increased rainfall due to climate change. The proposed project aims to enhance climate adaptation resilience in the Mukungwa catchment, and specifically in 6 sub -catchments of Rubagabaga, Nyamutera, Mwora, Minoga, Burera -Gisovu, and Kagere through targeted landscape restoration initiatives for prioritized sub catchments. This project will be implemented through the five components below: Component 1 : Rehabilitation of degraded areas through terracing, afforestation, agro -forestry, and hedgerows practices Component 2 : Gully rehabilitation Component 3 : Landscape Restoration Supporting Measures Component 4 : Community Capacity Building and Knowledge management Component 5 : Monitoring, Evaluation, and Learning The proposed project targets vulnerable groups , particularly vulnerable and marginalized groups, women, youth, and people with disabilities. The proposed project will generate SLM jobs for local communities, prioritizing local vulnerable and marginalized groups. The proposed project will implement catchment restoration practices , prioritizing degraded areas and gullies. The proposed project will provide economic benefits through income diversification by introducing non-timber forest products, increased agricultural productivity, and crop yields , thus strengthening food security , and reduced reliance on expensive chemical fertilizers. The proposed project will provide social benefits through improved health through better nutrition and food security , community engagement and empowerment , and educational activities related to Sustainable Land Management ( SLM ) . The proposed project will provide environmental benefits through enhanced biodiversity , soil erosion control , improved water conservation , carbon sequestration , and microclimate stabilization . The proposed project will provide economic, social, and environmental benefits to over 1300 households in the catchment area. The proposed project will support capacity building and awareness raising activities for communities in the project area. 6 The proposed project targets 6 sub -catchments in the Mukungwa Catchment in the districts of Burera, Nyabihu, and Ngororero. The proposed project will strengthen climate resilience through integrated catchment and landscape restoration in the Mukungwa catchment. The project will restore 284 hectares through agroforestry and forest landscape restoration practices , implement gully rehabilitation , and create 1300 jobs through SLM practices , creating economic benefits through income diversification . The proposed project will improve watershed management , agricultural productivity , crop yields , and strengthen food security , and create social benefits through community engagement and empowerment . The proposed project aims to restore 6 sub -catchments of the Mukungwat catchment through integrated catchment and landscape restoration practices. The proposed project will restore degraded areas through terracing , afforestation , agroforestry , and hedgerows practices , implement gully rehabilitation , and provide community capacity building and knowledge management . The proposed project targets vulnerable groups , particularly vulnerable and marginalized groups, women, and youth , and people with disabilities . \n{\n  ""climate_relevant"": true,\n  ""unep_attributed"": false,\n  ""climate_policy_score"": 40,\n  ""unep_attribution_score"": 0,\n  ""instrument_type"": ""adaptation strategy"",\n  ""action_stage"": ""developed"",\n  ""evidence_level"": ""national"",\n  ""climate_justification"": ""The document discusses a project proposal for Rwanda, specifically the \'Enhancing Adaptation Through Catchments Restoration in 6 Sub-Catchment of Mukungwa Catchment in Rwanda\' project, which aims to enhance climate adaptation resilience through targeted landscape restoration initiatives."",\n  ""unep_justification"": ""There is no explicit mention of UNEP\'s role or support in the adoption, approval, enactment, endorsement, launch, or implementation of the climate adaptation strategy/policy/legal framework in Rwanda."",\n  ""evidence_phrases"": [""The project aims to enhance climate adaptation resilience in the Mukungwa catchment, and specifically in 6 sub-catchments of Rubagabaga, Nyamutera, Mwora, Minoga, Burera-Gisovu, and Kagere through targeted landscape restoration initiatives.""]\n}}'}}",,[]
Rwanda,2022–2026,2,UNEP assisted Rwanda climate adaptation plan promulgated policy strategy legal framework law regulation action plan after:2022-01-01 before:2026-01-01,Urban Content of NDCs,https://unhabitat.org/sites/default/files/2024/06/ndc_global_report_2023_v4_watermark.pdf,The third domain of change of UN-Habitat's Strategic Plan is “Strengthened Climate Action and Improved Urban. Environment” under which the programme helps ...,https://unhabitat.org › default › files › 2024/06,unhabitat_org_Urban_Content_of_NDCs.txt,False,False,0,0,none,none,none,"The document does not contain explicit evidence related to Rwanda's climate mitigation, adaptation, or disaster risk reduction strategy/policy/legal framework for the time window 2022-2026.",There is no explicit link between UNEP and strengthening/enabling/adoption/implementation of any climate policy/strategy/legal framework in Rwanda during 2022-2026.,[]
Rwanda,2022–2026,2,UNEP assisted Rwanda climate adaptation plan promulgated policy strategy legal framework law regulation action plan after:2022-01-01 before:2026-01-01,COMMON COUNTRY ANALYSIS FEBRUARY 2022,https://www.unodc.org/conig/uploads/documents/Common_Country_Analysis_2022_Nigeria.pdf,"On behalf of the United Nations Country Team (UNCT) in Nigeria, I am delighted to share with you our Common Country Analysis (CCA) for Nigeria.",https://www.unodc.org › uploads › documents,www_unodc_org_COMMON_COUNTRY_ANALYSIS_FEBRUARY_2022.txt,False,False,0,0,none,none,none,"The document is about Nigeria, not Rwanda, and does not contain explicit evidence related to climate change mitigation, adaptation, or disaster risk reduction strategies/policies/legal frameworks adopted in Rwanda during 2022-2026.","There is no mention of UNEP's role in supporting climate change mitigation, adaptation, or disaster risk reduction efforts in Rwanda during 2022-2026.",[]
Rwanda,2022–2026,2,UNEP assisted Rwanda climate adaptation plan promulgated policy strategy legal framework law regulation action plan after:2022-01-01 before:2026-01-01,Strategic Plan 2022 - 2026,https://www.rema.gov.rw/fileadmin/user_upload/REMA/Publications/Publications/REMA_Strategic_Plan_June_2022.pdf,"This section describes international, regional and national instruments related to environment and climate change as well as efforts by the Government of Rwanda ...",https://www.rema.gov.rw › REMA › Publications,www_rema_gov_rw_Strategic_Plan_2022_2026.txt,True,False,81,0,strategic plan,adopted,national,"The document outlines Rwanda Environment Management Authority's Strategic Plan 2022-2026, which includes climate change mitigation, adaptation, and resilience as key areas of focus. The plan aims to enhance environmental management and resilience to climate change through four priority areas: Ecosystem Rehabilitation/Restoration and Biodiversity Conservation, Climate Change Resilience, Compliance and Enforcement, and Education, Awareness, and Mainstreaming.","There is no explicit mention of UNEP's role in supporting the adoption, development, or implementation of the strategic plan.","[""The plan offers a great opportunity for the Rwanda Environment Management Authority (REMA) to deliver on its mandate."", ""Environmental challenges and climate change are increasingly major barriers for Rwanda’s to realise its aspirations to be a green, carbon neutral and climate resilient country by 2050."", ""The Government of Rwanda has prioritised the sustainable management of the environment through biodiversity conservation, forest and afforestation programs, pollution control, ecosystem restoration as well as climate change mitigation and adaptation."", ""Rwanda’s Green Growth and Climate Resilience Strategy (GGCRS) was adopted in 2011 and lays the foundation for the country’s environmental priorities through 14 Programmes of Action that span different sectors.""]"
Rwanda,2022–2026,2,UNEP assisted Rwanda climate adaptation plan promulgated policy strategy legal framework law regulation action plan after:2022-01-01 before:2026-01-01,Prepared by the Centre for Environmental Justice for Africa,https://naturaljustice.org/wp-content/uploads/2025/07/CARBON-MARKETS-REPORT_Submitted_Natural-Justice.pdf,"In East and West Africa, Kenya and Uganda have implemented regulatory frameworks that encourage carbon credit projects through national climate action plans.",https://naturaljustice.org › uploads › 2025/07 › C...,naturaljustice_org_Prepared_by_the_Centre_for_Environmental_Justice_f.txt,False,False,0,0,none,none,none,"The document does not provide explicit evidence related to Rwanda's climate mitigation, adaptation, or disaster risk reduction strategy/policy/legal framework for the period 2022-2026.",There is no explicit link between UNEP and strengthening/enabling/adoption/implementation of any climate policy/strategy/legal framework in Rwanda during 2022-2026.,[]
Rwanda,2022–2026,2,UNEP assisted Rwanda climate adaptation plan promulgated policy strategy legal framework law regulation action plan after:2022-01-01 before:2026-01-01,The Least Developed Countries Report 2023,https://unctad.org/system/files/official-document/ldc2023_en.pdf,"An external peer review of the report held on 6 June 2023 brought together specialists in the fields of development policy and strategies, sustainable ...",https://unctad.org › system › files › ldc2023_en,unctad_org_The_Least_Developed_Countries_Report_2023.txt,False,False,0,0,none,none,global,"The document does not contain explicit evidence related to Rwanda's climate mitigation, adaptation, or disaster risk reduction strategy/policy/legal framework for the time window 2022-2026.",There is no explicit link between UNEP and any climate policy or strategy in Rwanda for the specified time period.,[]
Rwanda,2022–2026,2,UNEP assisted Rwanda climate adaptation plan promulgated policy strategy legal framework law regulation action plan after:2022-01-01 before:2026-01-01,assessment study on trade union participation in shaping ...,https://eatuc.org/wp-content/uploads/2025/04/RWANDA-Assessment-study-on-climate-change.pdf,"1.6 Rwanda's legal framework efforts, and intervention regarding Climate ... Climate policies are strategies, laws, regulations, and actions developed and.",https://eatuc.org › wp-content › uploads › 2025/04,eatuc_org_assessment_study_on_trade_union_participation_in_s.txt,False,False,0,0,none,none,unclear,No relevant information found,No relevant information found,[]
Rwanda,2022–2026,2,UNEP assisted Rwanda climate adaptation plan promulgated policy strategy legal framework law regulation action plan after:2022-01-01 before:2026-01-01,"Environmental Law and Policy in Namibia, 2011",https://www.npc.gov.na/wp-content/uploads/2022/06/Environmental-Law-and-Policy-in-Namibia-2011-1.pdf,Namibian law reflects the country's history and is the product of different legal sources. The. Namibian legal system is an object of fascination for ...,https://www.npc.gov.na › uploads › 2022/06 › E...,www_npc_gov_na_Environmental_Law_and_Policy_in_Namibia_2011.txt,False,False,0,0,none,none,unclear,The document does not contain any relevant information about Rwanda's climate policy or legal framework for the period 2022-2026.,There is no mention of UNEP in relation to Rwanda's climate policy or legal framework.,[]
Rwanda,2022–2026,2,UNEP assisted Rwanda climate adaptation plan promulgated policy strategy legal framework law regulation action plan after:2022-01-01 before:2026-01-01,Aid for Trade Global Review 2022,https://www.wto.org/english/res_e/booksp_e/aid4trade22_e.pdf,climate action requires enabling policy frameworks and investment climates. We will work with developing countries to help them increase sustainable ...,https://www.wto.org › english › res_e › booksp_e,www_wto_org_Aid_for_Trade_Global_Review_2022.txt,False,False,0,0,none,none,none,"The document does not contain explicit evidence related to Rwanda's climate change mitigation, adaptation, or disaster risk reduction strategies/policies/legal frameworks for the time window 2022-2026.",There is no explicit link between UNEP and any climate-related policy or strategy in Rwanda for the specified time period.,[]
Rwanda,2022–2026,2,UNEP assisted Rwanda climate adaptation plan promulgated policy strategy legal framework law regulation action plan after:2022-01-01 before:2026-01-01,PROCESSES AND POLICIES OF THE GEF AND THE GCF,https://www.thegef.org/sites/default/files/documents/2023-06/GEF-GCF_study_coherence_Final_31May2023.pdf,"Programming Strategy on Adaptation to Climate Change and Operational Policy ... broad range of activities, including adaptation and mitigation planning, and ...",https://www.thegef.org › sites › files › documents,www_thegef_org_PROCESSES_AND_POLICIES_OF_THE_GEF_AND_THE_GCF.txt,False,False,0,0,none,none,none,"The document does not contain explicit evidence related to climate change mitigation, adaptation, or disaster risk reduction strategies/policies/legal frameworks for Rwanda in 2022-2026.","There is no explicit link between UNEP and any climate change mitigation, adaptation, or disaster risk reduction strategy/policy/legal framework in Rwanda for 2022-2026.",[]
Rwanda,2022–2026,2,UNEP assisted Rwanda climate adaptation plan promulgated policy strategy legal framework law regulation action plan after:2022-01-01 before:2026-01-01,cabo verde - Documents & Reports - World Bank,https://documents1.worldbank.org/curated/en/099011425053533766/pdf/P500457-ab149c65-20d3-4583-bd20-e73fbf70a940.pdf,"Cabo Verde's legal and institutional framework for climate action needs reinforcement32. Although Cabo Verde has shown ambition through its NDC, the absence ...",https://documents1.worldbank.org › curated › pdf,documents1_worldbank_org_cabo_verde_Documents_Reports_World_Bank.txt,False,False,0,0,none,none,none,"The document does not contain explicit evidence related to Rwanda's climate mitigation, adaptation, or disaster risk reduction strategy/policy/legal framework for 2022-2026.",There is no explicit link between UNEP and any climate policy or strategy in Rwanda for 2022-2026.,"[""The document is about Cabo Verde, not Rwanda.""]"
Rwanda,2022–2026,2,UNEP assisted Rwanda climate adaptation plan promulgated policy strategy legal framework law regulation action plan after:2022-01-01 before:2026-01-01,SADC Strategic Environmental Assessment (SEA) and ...,https://www.sadc.int/sites/default/files/2025-08/ESIA-SEA_Final.pdf,The protocol's specific objectives include among others: contributing towards sustainable development through the adoption of sound environmental management ...,https://www.sadc.int › files › ESIA-SEA_Final,www_sadc_int_SADC_Strategic_Environmental_Assessment_SEA_and_.txt,False,False,0,0,none,none,none,"The document does not contain explicit evidence related to Rwanda's climate mitigation, adaptation, or disaster risk reduction strategy/policy/legal framework for 2022-2026.",There is no explicit link between UNEP and climate policy outcomes in Rwanda for 2022-2026.,[]
Rwanda,2022–2026,2,UNEP assisted Rwanda climate adaptation plan promulgated policy strategy legal framework law regulation action plan after:2022-01-01 before:2026-01-01,cabo verde - Documents & Reports - World Bank,https://documents1.worldbank.org/curated/en/099011425053533766/pdf/P500457-ab149c65-20d3-4583-bd20-e73fbf70a940.pdf,"Cabo Verde's legal and institutional framework for climate action needs reinforcement32. Although Cabo Verde has shown ambition through its NDC, the absence ...",https://documents1.worldbank.org › curated › pdf,documents1_worldbank_org_cabo_verde_Documents_Reports_World_Bank.txt,False,False,0,0,none,none,none,"The document does not contain explicit evidence related to Rwanda's climate change mitigation, adaptation, or disaster risk reduction strategies/policies/legal frameworks adopted during 2022-2026.",There is no explicit link between UNEP and any climate policy or strategy in Rwanda during 2022-2026.,[]
Rwanda,2022–2026,2,UNEP assisted Rwanda climate adaptation plan promulgated policy strategy legal framework law regulation action plan after:2022-01-01 before:2026-01-01,Renewable Energy in Burundi,https://www.ctc-n.org/file-download/download/private/35465,The legislation states “the purpose of this law is to create a legal framework favorable to investment in the electric energy sector and to liberalize this ...,https://www.ctc-n.org › download › private,www_ctc-n_org_Renewable_Energy_in_Burundi.txt,False,False,0,0,none,none,none,"The document does not contain explicit evidence related to Rwanda's climate mitigation, adaptation, or disaster risk reduction strategies/policies/legal frameworks for the time window 2022-2026.",There is no explicit link between UNEP and any climate policy or strategy in Rwanda for the specified time period.,[]
Rwanda,2022–2026,2,UNEP assisted Rwanda climate adaptation plan promulgated policy strategy legal framework law regulation action plan after:2022-01-01 before:2026-01-01,Resilience of People and Ecosystems under Climate Stress,https://www.pas.va/content/dam/casinapioiv/pas/pdf-volumi/scripta-varia/sv152pas.pdf,"integrating climate adaptation and mitigation policies fully into overall sustainable development strategy, and improving resilience on a broader front ...",https://www.pas.va › pdf-volumi › scripta-varia,www_pas_va_Resilience_of_People_and_Ecosystems_under_Climate_.txt,False,False,0,0,none,none,global,"The document does not contain explicit evidence related to climate change mitigation, adaptation, or disaster risk reduction strategies/policies/legal frameworks adopted in Rwanda during 2022-2026.",There is no explicit link between UNEP and any climate policy or strategy in Rwanda during 2022-2026.,[]
Rwanda,2022–2026,2,UNEP assisted Rwanda climate adaptation plan promulgated policy strategy legal framework law regulation action plan after:2022-01-01 before:2026-01-01,Independent evaluatIon of - the GCf's ReadIness and,https://ieu.greenclimate.fund/sites/default/files/document/231011-rpsp-final-report-top-web_1.pdf,"The Independent Evaluation Unit assessed the Green Climate Fund's capacity building programme, the Readiness and Preparatory Support Programme, first in 2018, ...",https://ieu.greenclimate.fund › files › document,ieu_greenclimate_fund_Independent_evaluatIon_of_the_GCf_s_ReadIness_and.txt,False,False,0,0,none,none,none,"The document does not contain explicit evidence related to climate change mitigation, adaptation, or disaster risk reduction strategies/policies/legal frameworks for Rwanda in 2022-2026.","There is no explicit link between UNEP and any climate change mitigation, adaptation, or disaster risk reduction strategy/policy/legal framework in Rwanda during 2022-2026.",[]
Rwanda,2022–2026,2,UNEP assisted Rwanda climate adaptation plan promulgated policy strategy legal framework law regulation action plan after:2022-01-01 before:2026-01-01,Realizing Aviation's Sustainable Future,https://www.icao.int/sites/default/files/environmental-protection/Documents/EnvironmentalReports/2025/ICAO-EnvReport-2025.pdf,"Major progress achieved during the 2023–2025 triennium is highlighted throughout the Report, including the adoption of the ICAO Global Framework for Sustainable.",https://www.icao.int › ICAO-EnvReport-2025,www_icao_int_Realizing_Aviation_s_Sustainable_Future.txt,False,False,0,0,none,none,unclear,,,[]
Rwanda,2022–2026,2,UNEP assisted Rwanda climate adaptation plan promulgated policy strategy legal framework law regulation action plan after:2022-01-01 before:2026-01-01,Kenya at the Frontlines of Global Change,https://www.mfa.go.ke/sites/default/files/2025-11/Diplomacy%20Journal%20Issue2%20FINAL%204%20NOV%202025.pdf,"This current edition highlights Ken- ya's efforts in championing the Africa. Climate Summit outcomes, advancing. Africa's voice at the TICAD 9 and UN. General ...",https://www.mfa.go.ke › sites › default › files,www_mfa_go_ke_Kenya_at_the_Frontlines_of_Global_Change.txt,False,False,0,0,none,none,none,"The document does not contain explicit evidence related to Rwanda's climate mitigation, adaptation, or disaster risk reduction strategy/policy/legal framework for the time window 2022-2026.",There is no explicit link between UNEP and any climate policy or strategy in Rwanda for the specified time period.,[]
Brazil,2018–2022,1,UNEP provided technical assistance Brazil climate change regulation validated policy strategy legal framework law regulation action plan after:2018-01-01 before:2022-01-01,Climate litigation to protect the Brazilian Amazon ...,https://onlinelibrary.wiley.com/doi/full/10.1111/reel.12409,The lawsuit seeks not only an order to compel the federal government to comply with national climate law but also the recognition of a fundamental right to a ...,https://onlinelibrary.wiley.com › doi › full › reel,onlinelibrary_wiley_com_Climate_litigation_to_protect_the_Brazilian_Amazon.txt,False,False,0,0,none,none,unclear,,,[]
Brazil,2018–2022,1,UNEP provided technical assistance Brazil climate change regulation validated policy strategy legal framework law regulation action plan after:2018-01-01 before:2022-01-01,Strategic Frameworks support for Brazil through UNEP,https://www.greenclimate.fund/document/strategic-frameworks-support-brazil-through-unep,"Therefore, this proposal seeks to develop a comprehensive 'Technology Needs Assessment for the Implementation of Climate Action Plans in Brazil'. Cover date ...",https://www.greenclimate.fund › document › strategic-f...,www_greenclimate_fund_Strategic_Frameworks_support_for_Brazil_through_UN.txt,True,True,80,80,NDC implementation plan,developed,national,"The document mentions Brazil's Nationally Determined Contribution (NDC) and a project prepared in partnership between the Ministry of Science, Technology, Innovations and Communications (MCTIC) and UN Environment to support the implementation of the NDC.",The document explicitly mentions UNEP's involvement in supporting Brazil through a project 'Mitigation Options of GHG Emissions in Key Sectors in Brazil' and a proposal for a 'Technology Needs Assessment for the Implementation of Climate Action Plans in Brazil'.,"[""Brazil submitted the document ratifying the Paris Agreement in September 2016, in which it committed to reduce GHG emissions by means of a Nationally Determined Contribution (NDC)."", ""The project ’Mitigation Options of GHG Emissions in Key Sectors in Brazil’, prepared in a partnership between the Ministry of Science, Technology, Innovations and Communications (MCTIC) and UN Environment, indicated a rationale that takes into consideration sector cost-effectiveness and key technologies for compliance with the NDC."", ""Therefore, this proposal seeks to develop a comprehensive ‘Technology Needs Assessment for the Implementation of Climate Action Plans in Brazil’.""]"
Rwanda,2022–2026,2,UNEP assisted Rwanda climate adaptation plan promulgated policy strategy legal framework law regulation action plan after:2022-01-01 before:2026-01-01,"Forestry, Fisheries and the Environment",https://www.gcis.gov.za/sites/default/files/docs/Forestry-Fisheries-and-the-Environment.pdf,This legislation provides a comprehensive framework for climate action across all sectors of our society and economy. The law also sets out to enhance South ...,https://www.gcis.gov.za › default › files › docs,www_gcis_gov_za_Forestry_Fisheries_and_the_Environment.txt,False,False,0,0,none,none,none,,,[]
Rwanda,2022–2026,2,UNEP assisted Rwanda climate adaptation plan promulgated policy strategy legal framework law regulation action plan after:2022-01-01 before:2026-01-01,"Compilation of information, best practices and lessons ...",https://www.basel.int/Portals/4/Basel%20Convention/docs/plastic%20waste/UNEP-CHW-PWPWG-PUB-SingleUse-Jan2023.English.pdf,"It is intended to assist Parties to the Basel Convention, authorities, stakeholders, and the public in the environmentally sound management of plastic wastes.",https://www.basel.int › Portals › docs › UNEP-CH...,www_basel_int_Compilation_of_information_best_practices_and_less.txt,False,False,0,0,none,none,none,"The document does not contain explicit evidence related to climate change mitigation, adaptation, or disaster risk reduction strategies/policies/legal frameworks for Rwanda in 2022-2026.","There is no explicit link between UNEP and any climate change mitigation, adaptation, or disaster risk reduction strategy/policy/legal framework in Rwanda in 2022-2026.",[]
Brazil,2018–2022,1,UNEP provided technical assistance Brazil climate change regulation validated policy strategy legal framework law regulation action plan after:2018-01-01 before:2022-01-01,Accountability mechanisms in climate change framework ...,https://www.lse.ac.uk/granthaminstitute/wp-content/uploads/2021/11/Accountability-mechanisms-in-climate-change-framework-laws.pdf,"To develop, revise, implement or comply with domestic plans, strategies, and policies: Some of the climate change laws focus on government action, whereas ...",https://www.lse.ac.uk › uploads › 2021/11 › Acc...,www_lse_ac_uk_Accountability_mechanisms_in_climate_change_framew.txt,False,False,0,0,none,none,none,"The document does not contain explicit evidence related to Brazil's climate change mitigation, adaptation, or disaster risk reduction strategies/policies/legal frameworks for the time window 2018-2022.",There is no explicit link between UNEP and any climate policy or strategy in Brazil for the specified time period.,[]
Brazil,2018–2022,1,UNEP provided technical assistance Brazil climate change regulation validated policy strategy legal framework law regulation action plan after:2018-01-01 before:2022-01-01,MINISTRY OF THE ENVIRONMENT - GOV.BR,https://www.gov.br/mma/pt-br/assuntos/mudanca-do-clima/clima/repositorio/final-report_en_web.pdf,Studies commissioned to provide technical support to plan for the adaptation goals that will be used within ANA and the water re- sources management ...,https://www.gov.br › clima › final-report_en_web,www_gov_br_MINISTRY_OF_THE_ENVIRONMENT_GOV_BR.txt,False,False,0,0,none,none,unclear,,,[]
Brazil,2018–2022,1,UNEP provided technical assistance Brazil climate change regulation validated policy strategy legal framework law regulation action plan after:2018-01-01 before:2022-01-01,Fourth National Communication of Brazil to the UNFCCC - MCTI,https://antigo.mctic.gov.br/mctic/export/sites/institucional/arquivos/SIRENE/Comunicacoes-Nacionais-do-Brasil-a-UNFCCC/2020_12_22_4CN_v5_Ingles.pdf,The five chapters of the Fourth National Communication to the Convention on Climate Change were organized towards meeting the guidelines for the elaboration of ...,https://antigo.mctic.gov.br › arquivos › SIRENE,antigo_mctic_gov_br_Fourth_National_Communication_of_Brazil_to_the_UNF.txt,True,False,81,0,National Communication,adopted,national,"The document provides detailed information on Brazil's climate change mitigation and adaptation measures, including the submission of National Communications to the UNFCCC.",There is no explicit mention of UNEP's involvement in the development or implementation of Brazil's climate policies.,"[""The Ministry of Science, Technology and Innovations (MCTI) implements an international technical cooperation project with international funds sourced from the Global Environment Facility (GEF) and the support of the United Nations Development Programme (UNDP)."", ""Brazil has submitted three National Communications, in 2004, 2010 and 2016. Moreover, three Biennial Updates Reports were submitted in 2014, 2017 and 2019.""]"
Brazil,2018–2022,1,UNEP provided technical assistance Brazil climate change regulation validated policy strategy legal framework law regulation action plan after:2018-01-01 before:2022-01-01,"National climate change mitigation legislation, strategy and ...",https://www.tandfonline.com/doi/full/10.1080/14693062.2018.1489772,"This paper analyses trends in adoption of national climate legislation and strategies, GHG targets, and renewable and energy efficiency targets in almost all ...","https://www.tandfonline.com › ... › Volume 18, Issue 9",www_tandfonline_com_National_climate_change_mitigation_legislation_str.txt,False,False,0,0,none,none,global,"The document does not contain explicit evidence related to Brazil's climate change mitigation, adaptation, or disaster risk reduction strategy/policy/legal framework for the time window 2018-2022.",There is no explicit link between UNEP and climate policy/strategy/legal framework adoption in Brazil during 2018-2022.,[]
Brazil,2018–2022,1,UNEP provided technical assistance Brazil climate change regulation validated policy strategy legal framework law regulation action plan after:2018-01-01 before:2022-01-01,A LEGAL FRAMEWORK FOR IMPACT,https://www.unepfi.org/wordpress/wp-content/uploads/2021/07/A-Legal-Framework-for-Impact_Report.pdf,"This detailed, global legal analysis demonstrates that investors should feel empowered to set impact goals and measure progress against them. It also highlights ...",https://www.unepfi.org › uploads › 2021/07 › A...,www_unepfi_org_A_LEGAL_FRAMEWORK_FOR_IMPACT.txt,False,False,0,0,none,none,none,"The document does not contain explicit evidence related to climate mitigation strategy/policy/legal framework, climate adaptation strategy/policy/legal framework, or disaster risk reduction strategy/policy/legal framework in Brazil during 2018-2022.",There is no explicit link between UNEP and strengthening/enabling/adoption/implementation of any climate policy/strategy/legal framework in Brazil during 2018-2022.,[]
Brazil,2018–2022,1,UNEP provided technical assistance Brazil climate change regulation validated policy strategy legal framework law regulation action plan after:2018-01-01 before:2022-01-01,Understanding-and-Increasing-Finance-for- ...,http://climatepolicyinitiative.org/wp-content/uploads/2018/12/Understanding-and-Increasing-Finance-for-Climate-Adaptation-in-Developing-Countries.pdf,"About CPI. With deep expertise in policy and finance, CPI works to improve the most important energy and land use practices around the world.",http://climatepolicyinitiative.org › 2018/12 › Un...,climatepolicyinitiative_org_Understanding_and_Increasing_Finance_for_.txt,True,False,40,0,climate change adaptation finance report,published,global,"The document discusses climate adaptation finance and provides insights on policies, trends, and barriers related to climate adaptation investments in developing countries, including Brazil. It highlights the importance of adaptation finance and the need for increased investment.",There is no explicit mention of UNEP's role in supporting or enabling the climate policy or legal framework outcomes in Brazil during 2018-2022.,"[""The report explores the current state of finance for climate adaptation and proposes practical, near-term solutions to both fill in knowledge gaps and to increase investment."", ""The frequency and magnitude of natural hazards triggered by climate change has been increasing globally, leading to USD 1.5 trillion in economic damages from 2003 to 2013."", ""The costs of adaptation in developing countries could range from USD 140 billion to USD 300 billion per year by 2030."", ""The Paris Agreement, the 2030 Agenda for Sustainable Development and its 17 Sustainable Development Goals (SDGs), and the Sendai Framework for Disaster Risk Reduction."", ""Multilateral development finance institutions (DFIs) are the main providers of global public finance for adaptation, accounting for USD 8 billion on average, or 36% of the total adaptation finance tracked in 2015/2016.""]"
Brazil,2018–2022,1,UNEP provided technical assistance Brazil climate change regulation validated policy strategy legal framework law regulation action plan after:2018-01-01 before:2022-01-01,BRAZIL,https://www.climate-transparency.org/wp-content/uploads/2021/10/CT2021Brazil.pdf,"A “green” economic recovery will require renewed investments and financial resources dedicated to avoiding a fossil fuel lock-in, and controlling deforestation.",https://www.climate-transparency.org › 2021/10,www_climate-transparency_org_BRAZIL.txt,True,False,61,0,NDC / national adaptation plan,adopted / approved,national,"The document mentions Brazil's Nationally Determined Contribution (NDC) and its targets to reduce emissions by 37% by 2025 and by 43% by 2030, compared to 2005 levels. It also mentions the National Plan on Climate Change and the National Adaptation Plan to Climate Change.",There is no explicit mention of UNEP's support or involvement in the adoption or implementation of Brazil's climate policies or strategies.,"[""Brazil's unconditional NDC target would increase emissions by 54% above 2005 levels"", ""Brazil's NDC: Mitigation Reduce emissions by 37% by 2025 and by 43% by 2030, compared to 2005 levels""]"
Brazil,2018–2022,1,UNEP provided technical assistance Brazil climate change regulation validated policy strategy legal framework law regulation action plan after:2018-01-01 before:2022-01-01,United Nations Environment Assembly of the ...,https://apps1.unep.org/resolutions/uploads/unep_aheg_2018_1_inf_4_unea2_edited.pdf,Our distribution policy aims to reduce UNEP's carbon footprint. Recommended citation: UNEP (2016). Marine plastic debris and microplastics – Global ...,https://apps1.unep.org › resolutions › uploads › u...,apps1_unep_org_United_Nations_Environment_Assembly_of_the_.txt,False,False,0,0,none,none,none,"The document does not contain explicit evidence related to climate change mitigation, adaptation, or disaster risk reduction strategies/policies/legal frameworks for Brazil in 2018-2022.","The document does not explicitly link UNEP to any climate change mitigation, adaptation, or disaster risk reduction strategy/policy/legal framework in Brazil in 2018-2022.","[""No relevant evidence found""]"
Brazil,2018–2022,1,UNEP provided technical assistance Brazil climate change regulation validated policy strategy legal framework law regulation action plan after:2018-01-01 before:2022-01-01,UN Environment Global Chemicals Outlook II,https://orbit.dtu.dk/files/170843838/GCOII_synth.pdf,UNEP promotes environmentally sound practices globally and in its own activities. This publication will be available as an electronic document. Our distribution ...,https://orbit.dtu.dk › files › GCOII_synth,orbit_dtu_dk_UN_Environment_Global_Chemicals_Outlook_II.txt,False,False,0,0,none,none,unclear,,,[]
Brazil,2018–2022,1,UNEP provided technical assistance Brazil climate change regulation validated policy strategy legal framework law regulation action plan after:2018-01-01 before:2022-01-01,Chapter 4 — Global Warming of 1.5 ºC,https://www.ipcc.ch/sr15/chapter/chapter-4/,"The global response to warming of 1.5°C comprises transitions in land and ecosystem, energy, urban and infrastructure, and industrial systems.",https://www.ipcc.ch › chapter › chapter-4,www_ipcc_ch_Chapter_4_Global_Warming_of_1_5_C.txt,False,False,0,0,none,none,global,"The document does not contain explicit evidence related to climate change mitigation, adaptation, or disaster risk reduction strategies/policies/legal frameworks for Brazil during 2018-2022.",There is no explicit link between UNEP and any climate policy or strategy in Brazil during 2018-2022.,[]
Brazil,2018–2022,1,UNEP provided technical assistance Brazil climate change regulation validated policy strategy legal framework law regulation action plan after:2018-01-01 before:2022-01-01,Private-sector action in adaptation: Perspectives on the ...,https://unepccc.org/wp-content/uploads/2019/04/msme-adaptation-updated-web-2.pdf,"climate change policies, strategies and action plans. Further, the launch of the National Climate Change. Response Strategy implemented a participatory approach.",https://unepccc.org › uploads › 2019/04 › msme...,unepccc_org_Private_sector_action_in_adaptation_Perspectives_o.txt,False,False,0,0,none,none,unclear,,,[]
Brazil,2018–2022,1,UNEP provided technical assistance Brazil climate change regulation validated policy strategy legal framework law regulation action plan after:2018-01-01 before:2022-01-01,Agenda 21.pdf,https://www.un.org/esa/dsd/agenda21/Agenda%2021.pdf,Symbols of United Nations documents are composed of capital letters combined with figures. The designations employed and the presentation of thematerial in ...,https://www.un.org › esa › dsd › agenda21,www_un_org_Agenda_21_pdf.txt,False,False,0,0,none,none,none,"The document does not contain explicit evidence related to climate change mitigation, adaptation, or disaster risk reduction strategies/policies/legal frameworks for Brazil in 2018-2022.",There is no explicit link between UNEP and any climate policy or legal framework in Brazil for 2018-2022.,[]
Brazil,2018–2022,1,UNEP provided technical assistance Brazil climate change regulation validated policy strategy legal framework law regulation action plan after:2018-01-01 before:2022-01-01,First Global Report,https://environmentalmigration.iom.int/sites/g/files/tmzbdl1411/files/documents/2023-11/environmental_rule_of_law.pdf,“The rule of law means that no one is above the law. This new report on the Environmental. Rule of Law will help us improve compliance with environmental law ...,https://environmentalmigration.iom.int › files › e...,environmentalmigration_iom_int_First_Global_Report.txt,False,False,0,0,none,none,unclear,,,[]
Brazil,2018–2022,1,UNEP provided technical assistance Brazil climate change regulation validated policy strategy legal framework law regulation action plan after:2018-01-01 before:2022-01-01,United Nations Framework Convention on Climate Change,https://unfccc.int/process-and-meetings/united-nations-framework-convention-on-climate-change,"The United Nations Framework Convention on Climate Change (the Convention or UNFCCC) was adopted at the United Nations Headquarters, New York on the 9 May ...",https://unfccc.int › process-and-meetings › united-natio...,unfccc_int_United_Nations_Framework_Convention_on_Climate_Cha.txt,False,False,0,0,none,none,global,"The document does not contain explicit evidence related to climate mitigation, adaptation, or disaster risk reduction strategies/policies/legal frameworks for Brazil in 2018-2022.",There is no explicit link between UNEP and any climate policy/strategy/legal framework in Brazil during 2018-2022.,[]
Brazil,2018–2022,1,UNEP provided technical assistance Brazil climate change regulation validated policy strategy legal framework law regulation action plan after:2018-01-01 before:2022-01-01,World Bank Environmental and Social Framework,https://documents1.worldbank.org/curated/en/383011492423734099/pdf/114278-WP-REVISED-PUBLIC-Environmental-and-Social-Framework.pdf,technical assistance activities will be drafted so that the advice and other support provided is consistent with ESSs 1–10. Activi- ties implemented by the ...,https://documents1.worldbank.org › curated › pdf,documents1_worldbank_org_World_Bank_Environmental_and_Social_Framework.txt,False,False,0,0,none,none,none,"The document is not related to Brazil or the time window 2018-2022. It appears to be a World Bank Environmental and Social Framework document, which does not contain specific information about Brazil's climate policies or UNEP's involvement.",There is no mention of UNEP in the provided document text.,[]
Brazil,2018–2022,1,UNEP provided technical assistance Brazil climate change regulation validated policy strategy legal framework law regulation action plan after:2018-01-01 before:2022-01-01,Do governments track the implementation of national ...,https://www.sciencedirect.com/science/article/pii/S1462901121002379,"Although over 70 countries adopted a national climate change adaptation plan (NAP), little is known about the extent to which these plans are implemented.",https://www.sciencedirect.com › science › article › pii,www_sciencedirect_com_Do_governments_track_the_implementation_of_nationa.txt,False,False,0,0,none,none,unclear,,,[]
Brazil,2018–2022,1,UNEP provided technical assistance Brazil climate change regulation validated policy strategy legal framework law regulation action plan after:2018-01-01 before:2022-01-01,International Climate Change Legal Frameworks,https://www.adb.org/sites/default/files/publication/660321/international-climate-change-legal-frameworks.pdf,National legal and policy frameworks help drive global climate action. The period preceding the Paris Agreement (2009–2015) saw the most intense adoption of ...,https://www.adb.org › default › files › publication,www_adb_org_International_Climate_Change_Legal_Frameworks.txt,False,False,0,0,none,none,global,"The document does not contain explicit evidence related to climate change mitigation, adaptation, or disaster risk reduction strategies/policies/legal frameworks for Brazil during 2018-2022.",There is no explicit link between UNEP and any climate policy or legal framework in Brazil during 2018-2022.,"[""No relevant evidence found.""]"
Brazil,2018–2022,1,UNEP provided technical assistance Brazil climate change regulation validated policy strategy legal framework law regulation action plan after:2018-01-01 before:2022-01-01,Nature-based Solutions for climate change mitigation,https://www.unep.org/resources/report/nature-based-solutions-climate-change-mitigation,This report analyses the current state of knowledge regarding the role of Nature-based Solutions (NbS) in climate change mitigation.,https://www.unep.org › resources › report › nature-base...,www_unep_org_Nature_based_Solutions_for_climate_change_mitigati.txt,False,False,0,0,none,none,unclear,"The document does not contain explicit evidence related to climate mitigation, adaptation, or disaster risk reduction strategies/policies/legal frameworks for Brazil in 2018-2022.",The document does not explicitly link UNEP to strengthening/enabling/adoption/implementation of any climate policy/strategy/legal framework in Brazil during 2018-2022.,[]
Brazil,2018–2022,1,UNEP provided technical assistance Brazil climate change regulation validated policy strategy legal framework law regulation action plan after:2018-01-01 before:2022-01-01,"(PDF) UNEP 2021, Sustainable Public Procurement",https://www.researchgate.net/publication/355889107_UNEP_2021_Sustainable_Public_Procurement_How_to_Wake_the_Sleeping_Giant_Introducing_the_United_Nations_Environment_Programme's_Approach,"The Sustainable Public Procurement Implementation Guidelines give direction to SPP policy makers, experts and consultants on designing Sustainable Public ...",https://www.researchgate.net › ... › Public Procurement,www_researchgate_net__PDF_UNEP_2021_Sustainable_Public_Procurement.txt,False,False,0,0,none,none,unclear,,,[]
Brazil,2018–2022,1,UNEP provided technical assistance Brazil climate change regulation validated policy strategy legal framework law regulation action plan after:2018-01-01 before:2022-01-01,Water Governance in Peru (EN),https://www.oecd.org/content/dam/oecd/en/publications/reports/2021/03/water-governance-in-peru_0980e96a/568847b5-en.pdf,"The Policy Dialogue underlying this report facilitated a consensus among water stakeholders on key issues related to overcoming governance gaps, strengthening ...",https://www.oecd.org › oecd › reports › 2021/03,www_oecd_org_Water_Governance_in_Peru_EN_.txt,False,False,0,0,none,none,none,"The document does not contain explicit evidence related to climate change mitigation, adaptation, or disaster risk reduction strategies/policies/legal frameworks for Brazil in 2018-2022.",There is no explicit link between UNEP and any climate policy or legal framework in Brazil during 2018-2022.,[]
Brazil,2018–2022,1,UNEP provided technical assistance Brazil climate change regulation validated policy strategy legal framework law regulation action plan after:2018-01-01 before:2022-01-01,Leveraging NDCs and Long-Term Strategies to achieve ...,https://www.mofa.go.jp/files/000498437.pdf,The realization of NDC and LTS ambition to mitigate climate change and adapt to its effects provides an opportunity to align climate and sustainable development ...,https://www.mofa.go.jp › files,www_mofa_go_jp_Leveraging_NDCs_and_Long_Term_Strategies_to_achiev.txt,False,False,0,0,none,none,global,"The document does not contain explicit evidence related to Brazil's climate mitigation, adaptation, or disaster risk reduction strategy/policy/legal framework for the time window 2018-2022.",There is no explicit link between UNEP and any climate policy or strategy in Brazil for the specified time period.,[]
Brazil,2018–2022,1,UNEP provided technical assistance Brazil climate change regulation validated policy strategy legal framework law regulation action plan after:2018-01-01 before:2022-01-01,Brazil withdraws offer to host UN conference on climate ...,https://www.aljazeera.com/news/2018/11/28/brazil-withdraws-offer-to-host-un-conference-on-climate-change,Brazil withdrew its offer to host the COP25 United Nations climate conference next year citing budget constraints and presidential transition.,https://www.aljazeera.com › News › Environment,www_aljazeera_com_Brazil_withdraws_offer_to_host_UN_conference_on_cl.txt,False,False,0,0,none,none,global,"The document does not contain explicit evidence related to climate change mitigation, adaptation, or disaster risk reduction strategies/policies/legal frameworks adopted in Brazil during 2018-2022.","There is no mention of UNEP's involvement in climate change mitigation, adaptation, or disaster risk reduction strategies/policies/legal frameworks in Brazil during 2018-2022.",[]
Brazil,2018–2022,1,UNEP provided technical assistance Brazil climate change regulation validated policy strategy legal framework law regulation action plan after:2018-01-01 before:2022-01-01,Leveraging NDCs and Long-Term Strategies to achieve ...,https://www.mofa.go.jp/files/000498437.pdf,The realization of NDC and LTS ambition to mitigate climate change and adapt to its effects provides an opportunity to align climate and sustainable development ...,https://www.mofa.go.jp › files,www_mofa_go_jp_Leveraging_NDCs_and_Long_Term_Strategies_to_achiev.txt,False,False,0,0,none,none,global,"The document does not contain explicit evidence related to Brazil's climate mitigation, adaptation, or disaster risk reduction strategy/policy/legal framework for the time window 2018-2022.",There is no explicit link between UNEP and any climate policy or strategy in Brazil for the specified time period.,[]
Brazil,2018–2022,1,UNEP provided technical assistance Brazil climate change regulation validated policy strategy legal framework law regulation action plan after:2018-01-01 before:2022-01-01,Chapter 4 — Global Warming of 1.5 ºC,https://www.ipcc.ch/sr15/chapter/chapter-4/,"The global response to warming of 1.5°C comprises transitions in land and ecosystem, energy, urban and infrastructure, and industrial systems.",https://www.ipcc.ch › chapter › chapter-4,www_ipcc_ch_Chapter_4_Global_Warming_of_1_5_C.txt,False,False,0,0,none,none,global,"The document does not contain explicit evidence related to Brazil's climate mitigation, adaptation, or disaster risk reduction strategy/policy/legal framework for 2018-2022.",There is no explicit link between UNEP and climate policy/strategy/legal framework in Brazil for 2018-2022.,[]
Brazil,2018–2022,1,UNEP provided technical assistance Brazil climate change regulation validated policy strategy legal framework law regulation action plan after:2018-01-01 before:2022-01-01,Technical Assistance (TA) for REDD+ Implementation,https://mptf.undp.org/sites/default/files/documents/40000/decision_2_un-redd_2022-2025_ta_workplan_and_budget_eb_2021.pdf,"Looking to the 2030 horizon, the goal of UN-REDD is to help realise forest solutions to the climate emergency by avoiding carbon emissions and fostering carbon ...",https://mptf.undp.org › default › files › documents,mptf_undp_org_Technical_Assistance_TA_for_REDD_Implementation.txt,True,False,81,0,mitigation strategy / adaptation strategy / disaster risk reduction strategy / policy / legal framework / law / regulation / NDC / NAP / action plan,adopted / approved / enacted / endorsed / launched / implemented,national,"The document provides detailed information on UN-REDD's technical assistance to countries, including Brazil, in implementing REDD+ strategies and policies. However, the focus is on general UN-REDD activities rather than specific climate policies or legal frameworks adopted by Brazil during 2018-2022.","There is no explicit mention of UNEP's direct involvement in supporting Brazil's climate change mitigation, adaptation, or disaster risk reduction strategies/policies/legal frameworks during 2018-2022.","[""UN-REDD Programme 2022-2025 Technical Assistance Multiyear Plan and 2022 Annual Work Plan and Budget"", ""supporting countries to implement the Paris Agreement"", ""REDD+ implementation and increasing ambition and delivery of forest solutions""]"
Brazil,2018–2022,1,UNEP provided technical assistance Brazil climate change regulation validated policy strategy legal framework law regulation action plan after:2018-01-01 before:2022-01-01,Biodiversity Conservation and Sustainable Use in Latin ...,https://www.oecd.org/content/dam/oecd/en/publications/reports/2018/12/biodiversity-conservation-and-sustainable-use-in-latin-america_g1g9a625/9789264309630-en.pdf,This report provides a cross-country overview of biodiversity conservation and sustainable use policies in five Latin American countries. It draws on the OECD's ...,https://www.oecd.org › oecd › reports › 2018/12,www_oecd_org_Biodiversity_Conservation_and_Sustainable_Use_in_L.txt,False,False,0,0,none,none,none,"The document does not contain explicit evidence related to climate change mitigation, adaptation, or disaster risk reduction strategies/policies/legal frameworks for Brazil in 2018-2022.",There is no explicit link between UNEP and any climate-related policy or strategy in Brazil during 2018-2022.,[]
Brazil,2018–2022,1,UNEP provided technical assistance Brazil climate change regulation validated policy strategy legal framework law regulation action plan after:2018-01-01 before:2022-01-01,Documents & Reports - Advanced Search | The World Bank,https://documents.worldbank.org/en/publication/documents-reports/docadvancesearch,Climate Change Policy and Regulation. Customs Administration. Decentralization. Economics and Finance of Public Institution Development. Governance and ...,https://documents.worldbank.org › docadvancesearch,documents_worldbank_org_Documents_Reports_Advanced_Search_The_World_Bank.txt,False,False,0,0,none,none,unclear,,,[]
Brazil,2018–2022,1,UNEP provided technical assistance Brazil climate change regulation validated policy strategy legal framework law regulation action plan after:2018-01-01 before:2022-01-01,A Guidebook for National Development Banks on Climate Risk,https://publications.iadb.org/publications/english/document/A-Guidebook-for-National-Development-Banks-on-Climate-Risk.pdf,It defines the main concepts—physical and transitional risks of climate change—and explains the various transmission channels through which climate risk turns ...,https://publications.iadb.org › english › document,publications_iadb_org_A_Guidebook_for_National_Development_Banks_on_Clim.txt,False,False,0,0,none,none,unclear,,,[]
Brazil,2018–2022,1,UNEP provided technical assistance Brazil climate change regulation validated policy strategy legal framework law regulation action plan after:2018-01-01 before:2022-01-01,Agenda 21.pdf,https://www.un.org/esa/dsd/agenda21/Agenda%2021.pdf,Symbols of United Nations documents are composed of capital letters combined with figures. The designations employed and the presentation of thematerial in ...,https://www.un.org › esa › dsd › agenda21,www_un_org_Agenda_21_pdf.txt,False,False,0,0,none,none,none,"The document does not contain explicit evidence related to climate change mitigation, adaptation, or disaster risk reduction strategies/policies/legal frameworks for Brazil in 2018-2022.",There is no explicit link between UNEP and any climate policy or legal framework outcome in Brazil during 2018-2022.,[]
Brazil,2018–2022,1,UNEP provided technical assistance Brazil climate change regulation validated policy strategy legal framework law regulation action plan after:2018-01-01 before:2022-01-01,Handbook for the Montreal Protocol on Substances that ...,https://ozone.unep.org/sites/default/files/2019-08/mp-handbook-2017-english.pdf,The Montreal Protocol on Substances that Deplete the Ozone Layer ................. 3. Preamble .,https://ozone.unep.org › sites › default › files › m...,ozone_unep_org_Handbook_for_the_Montreal_Protocol_on_Substances_t.txt,False,False,0,0,none,none,none,"The document does not contain explicit evidence related to climate change mitigation, adaptation, or disaster risk reduction strategies/policies/legal frameworks for Brazil in 2018-2022.",There is no explicit link between UNEP and any climate policy or legal framework outcome in Brazil during 2018-2022.,"[""The document is about the Montreal Protocol on Substances that Deplete the Ozone Layer, which is not directly related to climate change mitigation, adaptation, or disaster risk reduction strategies/policies/legal frameworks.""]"
Brazil,2018–2022,1,UNEP provided technical assistance Brazil climate change regulation validated policy strategy legal framework law regulation action plan after:2018-01-01 before:2022-01-01,Handbook for the Montreal Protocol on Substances that ...,https://ozone.unep.org/sites/default/files/2019-08/mp-handbook-2017-english.pdf,The Montreal Protocol on Substances that Deplete the Ozone Layer ................. 3. Preamble .,https://ozone.unep.org › sites › default › files › m...,ozone_unep_org_Handbook_for_the_Montreal_Protocol_on_Substances_t.txt,False,False,0,0,none,none,none,"The document does not contain explicit evidence related to climate mitigation, adaptation, or disaster risk reduction strategies/policies/legal frameworks for Brazil in 2018-2022.",There is no explicit link between UNEP and any climate policy or legal framework adopted in Brazil during 2018-2022.,[]
Brazil,2018–2022,1,UNEP provided technical assistance Brazil climate change regulation validated policy strategy legal framework law regulation action plan after:2018-01-01 before:2022-01-01,FROM POLLUTION TO SOLUTION,https://www.gdr-po.cnrs.fr/docs/UNEP_2021.pdf,United Nations Environment Programme (2021). From Pollution to. Solution. A global assessment of marine litter and plastic pollution Nairobi. Production. United ...,https://www.gdr-po.cnrs.fr › docs › UNEP_2021,www_gdr-po_cnrs_fr_FROM_POLLUTION_TO_SOLUTION.txt,False,False,0,0,none,none,unclear,,,[]
Brazil,2018–2022,1,UNEP provided technical assistance Brazil climate change regulation validated policy strategy legal framework law regulation action plan after:2018-01-01 before:2022-01-01,Environmental Courts and Tribunals – 2021,https://orca.cardiff.ac.uk/id/eprint/153475/1/UNEP%20ECT2021%20final.pdf,• providing technical assistance by sharing judicial good practices; and. • providing research and analysis which focus on environmental adjudication ...,https://orca.cardiff.ac.uk › UNEP ECT2021 final,orca_cardiff_ac_uk_Environmental_Courts_and_Tribunals_2021.txt,False,False,0,0,none,none,unclear,,,[]
Brazil,2018–2022,1,UNEP provided technical assistance Brazil climate change regulation validated policy strategy legal framework law regulation action plan after:2018-01-01 before:2022-01-01,Water Governance in Peru (EN),https://www.oecd.org/content/dam/oecd/en/publications/reports/2021/03/water-governance-in-peru_0980e96a/568847b5-en.pdf,"The Policy Dialogue underlying this report facilitated a consensus among water stakeholders on key issues related to overcoming governance gaps, strengthening ...",https://www.oecd.org › oecd › reports › 2021/03,www_oecd_org_Water_Governance_in_Peru_EN_.txt,False,False,0,0,none,none,none,"The document does not contain explicit evidence related to climate change mitigation, adaptation, or disaster risk reduction strategies/policies/legal frameworks for Brazil in 2018-2022.",There is no explicit link between UNEP and any climate-related policy or action in Brazil during 2018-2022.,[]
Brazil,2018–2022,1,UNEP provided technical assistance Brazil climate change regulation validated policy strategy legal framework law regulation action plan after:2018-01-01 before:2022-01-01,Macroeconomic and Financial Policies for Climate Change ...,https://www.elibrary.imf.org/view/journals/001/2019/185/article-A001-en.xml,This paper provides an overview of the rapidly growing literature on the role of macroeconomic and financial policy tools in enabling this transition.,https://www.elibrary.imf.org › journals › article-A001-en,www_elibrary_imf_org_Macroeconomic_and_Financial_Policies_for_Climate_C.txt,False,False,0,0,none,none,global,"The document does not contain explicit evidence related to climate change mitigation, adaptation, or disaster risk reduction strategies/policies/legal frameworks adopted in Brazil during 2018-2022.","There is no explicit link between UNEP and any climate change mitigation, adaptation, or disaster risk reduction strategy/policy/legal framework in Brazil during 2018-2022.",[]
Brazil,2018–2022,1,UNEP provided technical assistance Brazil climate change regulation validated policy strategy legal framework law regulation action plan after:2018-01-01 before:2022-01-01,"Green finance for energy transition, climate action and ...",https://www.aimspress.com/article/doi/10.3934/GF.2022001?viewType=HTML,Green finance indicates the deployment of private and public capital towards projects that not only prevent environmental degradation and related impacts.,https://www.aimspress.com › article › doi,www_aimspress_com_Green_finance_for_energy_transition_climate_action.txt,False,False,0,0,none,none,none,"The document does not provide explicit evidence related to climate change mitigation, adaptation, or disaster risk reduction strategies/policies/legal frameworks for Brazil during 2018-2022.",There is no explicit link between UNEP and any climate policy or legal framework outcome in Brazil during 2018-2022.,[]
Brazil,2018–2022,1,UNEP provided technical assistance Brazil climate change regulation validated policy strategy legal framework law regulation action plan after:2018-01-01 before:2022-01-01,Green jobs in Argentina: opportunities to move forward with ...,https://repositorio.cepal.org/server/api/core/bitstreams/3bcba318-6f24-452a-9544-7244969ae75b/content,"The Argentine economy has been becoming greener because of a new political orientation, international commitments (the Paris Agreement and the 2030 Agenda.",https://repositorio.cepal.org › bitstreams › content,repositorio_cepal_org_Green_jobs_in_Argentina_opportunities_to_move_forw.txt,False,False,0,0,none,none,none,"The document is about green jobs in Argentina, not Brazil, and does not contain explicit evidence related to climate change mitigation, adaptation, or disaster risk reduction strategies/policies/legal frameworks for Brazil during 2018-2022.",There is no explicit link between UNEP and any climate policy or legal framework in Brazil during 2018-2022.,[]
Brazil,2018–2022,2,UNEP implemented Brazil nationally determined contribution enacted policy strategy legal framework law regulation action plan after:2018-01-01 before:2022-01-01,INSTITUTIONAL CAPACITIES FOR NDC IMPLEMENTATION,https://transparency-partnership.net/system/files/document/UNEP%20DTUP%202018_%20Institutional%20Capacities%20For%20NDC%20Implementation.pdf,Nationally Determined Contributions (NDCs) are commitments by parties to the United Nations Framework Convention on Climate Change (UNFCCC). Each party defines ...,https://transparency-partnership.net › document,transparency-partnership_net_INSTITUTIONAL_CAPACITIES_FOR_NDC_IMPLEMENTATION.txt,False,False,0,0,none,none,unclear,,,[]
Brazil,2018–2022,2,UNEP implemented Brazil nationally determined contribution enacted policy strategy legal framework law regulation action plan after:2018-01-01 before:2022-01-01,Strategic Frameworks support for Brazil through UNEP,https://www.greenclimate.fund/document/strategic-frameworks-support-brazil-through-unep,"Strategic Frameworks support for Brazil through UNEP. Brazil submitted the document ratifying the Paris Agreement in September 2016, in which it committed to ...",https://www.greenclimate.fund › document › strategic-f...,www_greenclimate_fund_Strategic_Frameworks_support_for_Brazil_through_UN.txt,True,True,80,60,NDC implementation plan,developed,national,"Brazil has a Nationally Determined Contribution (NDC) with targets to reduce GHG emissions by 37% in 2025 and 43% in 2030. A project 'Mitigation Options of GHG Emissions in Key Sectors in Brazil' was prepared in partnership between the Ministry of Science, Technology, Innovations and Communications (MCTIC) and UN Environment.","UN Environment partnered with the Ministry of Science, Technology, Innovations and Communications (MCTIC) to prepare the project 'Mitigation Options of GHG Emissions in Key Sectors in Brazil', which supports Brazil's NDC implementation.","[""Brazil submitted the document ratifying the Paris Agreement in September 2016"", ""The project 'Mitigation Options of GHG Emissions in Key Sectors in Brazil', prepared in a partnership between the Ministry of Science, Technology, Innovations and Communications (MCTIC) and UN Environment""]"
Brazil,2018–2022,1,UNEP provided technical assistance Brazil climate change regulation validated policy strategy legal framework law regulation action plan after:2018-01-01 before:2022-01-01,The green swan - Central banking and financial stability in ...,https://www.bis.org/publ/othp31.pdf,"Climate change poses new challenges to central banks, regulators and supervisors. This book reviews ways of addressing these new risks within central banks' ...",https://www.bis.org › publ › othp31,www_bis_org_The_green_swan_Central_banking_and_financial_stabi.txt,False,False,0,0,none,none,global,"The document does not contain explicit evidence related to climate change mitigation, adaptation, or disaster risk reduction strategies/policies/legal frameworks for Brazil in 2018-2022.",There is no explicit link between UNEP and any climate-related policy or strategy in Brazil during 2018-2022.,[]
Brazil,2018–2022,2,UNEP implemented Brazil nationally determined contribution enacted policy strategy legal framework law regulation action plan after:2018-01-01 before:2022-01-01,Policy integration as a means to address policy fragmentation,https://www.sciencedirect.com/science/article/pii/S1462901121000563,"The challenge for developing an National REDD + Strategy is therefore not only to define and quantify drivers of deforestation and forest degradation, and ...",https://www.sciencedirect.com › science › article › pii,www_sciencedirect_com_Policy_integration_as_a_means_to_address_policy_fr.txt,False,False,0,0,none,none,unclear,,,[]
Brazil,2018–2022,2,UNEP implemented Brazil nationally determined contribution enacted policy strategy legal framework law regulation action plan after:2018-01-01 before:2022-01-01,The NDC document contains policies that showcase efforts ...,https://www.facebook.com/thecableng/posts/the-ndc-document-contains-policies-that-showcase-efforts-by-countries-to-reduce-/1997610280414621/,"These plans were called Nationally Determined Contributions (NDCs) and had a mandatory component with regards to the level of mitigation measures to be adopted, ...",5 reactions,www_facebook_com_The_NDC_document_contains_policies_that_showcase_e.txt,True,False,60,0,NDC,submitted,national,"The document mentions the submission of an updated climate action plan (NDC) to the UN, which showcases efforts to reduce national emissions and adapt to climate change impacts.",There is no explicit mention of UNEP's involvement or support in the submission of the climate action plan.,"[""NDC document contains policies"", ""submit updated climate action plan to UN""]"
Brazil,2018–2022,2,UNEP implemented Brazil nationally determined contribution enacted policy strategy legal framework law regulation action plan after:2018-01-01 before:2022-01-01,NDC Score Card: Measuring the Nationally Determined ...,https://www.hks.harvard.edu/sites/default/files/centers/mrcbg/files/123_final.pdf,DEAL is a score card towards NDCs implementation and economic transformation. It is aimed at (i) providing a framework for evaluating a country's climate change ...,https://www.hks.harvard.edu › files › 123_final,www_hks_harvard_edu_NDC_Score_Card_Measuring_the_Nationally_Determined.txt,False,False,0,0,none,none,none,The document does not provide specific information about Brazil's climate policies or actions between 2018-2022.,There is no mention of UNEP's involvement in supporting Brazil's climate policies or actions.,[]
Brazil,2018–2022,2,UNEP implemented Brazil nationally determined contribution enacted policy strategy legal framework law regulation action plan after:2018-01-01 before:2022-01-01,The Landscape of Climate Finance in Kenya,https://www.climatepolicyinitiative.org/wp-content/uploads/2021/03/The-Landscape-of-Climate-Finance-in-Kenya.pdf,"Other climate change policies, plans, and legislations include: the National Adaptation Plan. 2015-2030, the Nationally Determined Contribution 2015-2030, ...",https://www.climatepolicyinitiative.org › 2021/03,www_climatepolicyinitiative_org_The_Landscape_of_Climate_Finance_in_Kenya.txt,False,False,0,0,none,none,none,"The document does not contain explicit evidence related to Brazil's climate change mitigation, adaptation, or disaster risk reduction strategies/policies/legal frameworks adopted during 2018-2022.",There is no explicit link between UNEP and any climate policy or strategy in Brazil during 2018-2022.,[]
Brazil,2018–2022,2,UNEP implemented Brazil nationally determined contribution enacted policy strategy legal framework law regulation action plan after:2018-01-01 before:2022-01-01,Taking stock of national climate policies to evaluate ...,https://www.nature.com/articles/s41467-020-15414-6,Many countries have implemented national climate policies to accomplish pledged Nationally Determined Contributions and to contribute to the temperature ...,https://www.nature.com › ... › articles,www_nature_com_Taking_stock_of_national_climate_policies_to_evalu.txt,False,False,0,0,none,none,none,"The document does not contain explicit evidence related to Brazil's climate mitigation, adaptation, or disaster risk reduction strategy/policy/legal framework for the time window 2018-2022.",There is no explicit link between UNEP and any climate policy or strategy in Brazil for the time window 2018-2022.,[]
Brazil,2018–2022,2,UNEP implemented Brazil nationally determined contribution enacted policy strategy legal framework law regulation action plan after:2018-01-01 before:2022-01-01,SETTING THE PARIS AGREEMENT IN MOTION:,https://newclimate.org/sites/default/files/2018/08/PACT-Setting-the-Paris-Agreement-in-Motion-Key-Requirements-for-the-Implementing-Guidelines.pdf,"The Paris. Agreement provides a framework for communicating and maintaining nationally determined contributions. (NDCs). To advance this framework, Parties ...",https://newclimate.org › default › files › 2018/08,newclimate_org_SETTING_THE_PARIS_AGREEMENT_IN_MOTION_.txt,False,False,0,0,none,none,unclear,,,[]
Brazil,2018–2022,2,UNEP implemented Brazil nationally determined contribution enacted policy strategy legal framework law regulation action plan after:2018-01-01 before:2022-01-01,13. Climate action | 2030 Agenda in Latin America and the ...,https://agenda2030lac.org/en/sdg/13-climate-action,"In Latin America and the Caribbean, 29 of the 33 countries have either submitted updated nationally determined contributions or successive nationally determined ...",https://agenda2030lac.org › sdg › 13-climate-action,agenda2030lac_org_13_Climate_action_2030_Agenda_in_Latin_America_and.txt,True,False,60,0,"national adaptation plan, climate law, NDC","developed, submitted",regional,"The document mentions that Brazil, along with other countries, has made progress in climate action, including submitting updated nationally determined contributions, national adaptation plans, and long-term strategies. It also notes that 11 countries in the region have national climate change laws in place, and 4 others are in the process of adopting them.",There is no explicit mention of UNEP's role in supporting or enabling the climate policy outcomes in Brazil or the region.,"[""29 of the 33 countries have either submitted updated nationally determined contributions or successive nationally determined contributions to the United Nations Framework Convention on Climate Change (UNFCCC)"", ""15 countries in the region have submitted their national adaptation plans"", ""8 countries have defined their long-term strategies"", ""Brazil, Chile, Grenada, Saint Lucia and Uruguay, which have even submitted sectoral adaptation plans"", ""11 countries have national climate change laws in place, while 4 others are in the process of adopting them""]"
Brazil,2018–2022,2,UNEP implemented Brazil nationally determined contribution enacted policy strategy legal framework law regulation action plan after:2018-01-01 before:2022-01-01,Papua New Guinea's Enhanced Nationally Determined ...,https://unfccc.int/sites/default/files/NDC/2022-06/PNG%20Second%20NDC.pdf,"Papua New Guinea signed the United Nations Framework Convention on Climate Change (UNFCCC) in June 1992 in Rio de Janeiro, Brazil, and became a Party after ...",https://unfccc.int › sites › default › files › NDC,unfccc_int_Papua_New_Guinea_s_Enhanced_Nationally_Determined_.txt,False,False,0,0,none,none,none,The document does not discuss climate change policies or actions for Brazil during 2018-2022. It focuses on Papua New Guinea's Nationally Determined Contribution.,There is no mention of UNEP in relation to climate change policies or actions for Brazil during 2018-2022.,[]
Brazil,2018–2022,2,UNEP implemented Brazil nationally determined contribution enacted policy strategy legal framework law regulation action plan after:2018-01-01 before:2022-01-01,Nature-based Solutions in Nationally Determined ...,https://portals.iucn.org/library/sites/library/files/documents/2019-030-En.pdf,"For example, NDCs could be aligned with National Adaptation Plans and National. Adaptation Programmes of Action, as well as with other relevant international.",https://portals.iucn.org › library › files › documents,portals_iucn_org_Nature_based_Solutions_in_Nationally_Determined_.txt,False,False,0,0,none,none,none,"The document does not provide explicit evidence related to climate change mitigation, adaptation, or disaster risk reduction strategies/policies/legal frameworks for Brazil during 2018-2022.",There is no explicit link between UNEP and any climate policy or legal framework in Brazil during 2018-2022.,[]
Brazil,2018–2022,2,UNEP implemented Brazil nationally determined contribution enacted policy strategy legal framework law regulation action plan after:2018-01-01 before:2022-01-01,Providing support to Vietnam for the implementation of ...,https://www.international-climate-initiative.com/en/project/providing-support-to-vietnam-for-the-implementation-of-the-paris-agreement-18-i-333-vnm-g-implementing-pa/,The project supported the Vietnamese government in creating the framework conditions for the implementation of the Nationally Determined Contributions (NDCs) ...,https://www.international-climate-initiative.com › project,www_international-climate-initiative_com_Providing_support_to_Vietnam_for_the_implementatio.txt,False,False,0,0,none,none,none,,,[]
Brazil,2018–2022,2,UNEP implemented Brazil nationally determined contribution enacted policy strategy legal framework law regulation action plan after:2018-01-01 before:2022-01-01,Fourth National Communication of Brazil to the UNFCCC - MCTI,https://antigo.mctic.gov.br/mctic/export/sites/institucional/arquivos/SIRENE/Comunicacoes-Nacionais-do-Brasil-a-UNFCCC/2020_12_22_4CN_v5_Ingles.pdf,The five chapters of the Fourth National Communication to the Convention on Climate Change were organized towards meeting the guidelines for the elaboration of ...,https://antigo.mctic.gov.br › arquivos › SIRENE,antigo_mctic_gov_br_Fourth_National_Communication_of_Brazil_to_the_UNF.txt,True,False,81,0,National Communication,submitted,national,"The document is Brazil's Fourth National Communication to the UNFCCC, which includes information on climate change mitigation and adaptation measures, as well as other relevant information for achieving the objectives of the Convention.",There is no explicit mention of UNEP's support or involvement in the development or implementation of climate policies in Brazil.,"[""The Ministry of Science, Technology and Innovations (MCTI) implements an international technical cooperation project with international funds sourced from the Global Environment Facility (GEF) and the support of the United Nations Development Programme (UNDP)."", ""Brazil has submitted three National Communications, in 2004, 2010 and 2016. Moreover, three Biennial Updates Reports were submitted in 2014, 2017 and 2019.""]"
Brazil,2018–2022,2,UNEP implemented Brazil nationally determined contribution enacted policy strategy legal framework law regulation action plan after:2018-01-01 before:2022-01-01,Adaptation Gap Report 2020,https://unepccc.org/wp-content/uploads/2021/01/adaptation-gap-report-2020.pdf,"Contributing Authors: Valerie Kapos (United Nations. Environment Programme World Conservation Monitoring. Centre, UNEP-WCMC), Timo Leiter (Grantham Research.",https://unepccc.org › uploads › 2021/01 › adapta...,unepccc_org_Adaptation_Gap_Report_2020.txt,False,False,0,0,none,none,unclear,,,[]
Brazil,2018–2022,2,UNEP implemented Brazil nationally determined contribution enacted policy strategy legal framework law regulation action plan after:2018-01-01 before:2022-01-01,Rethinking the role of law in adapting to climate change,https://wires.onlinelibrary.wiley.com/doi/10.1002/wcc.726,The article evaluates the role of law in adaptation over the past decade. We track the emergence of international adaptation law within the climate and ...,https://wires.onlinelibrary.wiley.com › doi › wcc,wires_onlinelibrary_wiley_com_Rethinking_the_role_of_law_in_adapting_to_climate_.txt,False,False,0,0,none,none,unclear,,,[]
Brazil,2018–2022,2,UNEP implemented Brazil nationally determined contribution enacted policy strategy legal framework law regulation action plan after:2018-01-01 before:2022-01-01,SAINT LUCIA' S NDC FINANCING STRATEGY,https://gggi.org/wp-content/uploads/2021/09/Saint-Lucia-NDC-Financing-Strategy-2.pdf,Nationally Determined Contribution Partnership Plan ... Intended Nationally Determined Contribution under the United Nations Framework Convention on Climate.,https://gggi.org › wp-content › uploads › 2021/09,gggi_org_SAINT_LUCIA_S_NDC_FINANCING_STRATEGY.txt,False,False,0,0,none,none,unclear,The document is not about Brazil or the time window 2018-2022. The document text appears to be an error message related to fetching a document from a website.,There is no explicit link to UNEP in the provided text.,[]
Brazil,2018–2022,2,UNEP implemented Brazil nationally determined contribution enacted policy strategy legal framework law regulation action plan after:2018-01-01 before:2022-01-01,"National climate change mitigation legislation, strategy and ...",https://www.tandfonline.com/doi/full/10.1080/14693062.2018.1489772,"This paper analyses trends in adoption of national climate legislation and strategies, GHG targets, and renewable and energy efficiency targets in almost all ...","https://www.tandfonline.com › ... › Volume 18, Issue 9",www_tandfonline_com_National_climate_change_mitigation_legislation_str.txt,False,False,0,0,none,none,none,"The document does not contain explicit evidence related to Brazil's climate change mitigation, adaptation, or disaster risk reduction strategies/policies/legal frameworks for the time window 2018–2022.",There is no explicit link between UNEP and any climate policy or strategy in Brazil for the specified time period.,[]
Brazil,2018–2022,2,UNEP implemented Brazil nationally determined contribution enacted policy strategy legal framework law regulation action plan after:2018-01-01 before:2022-01-01,International Law Obligations Arising in relation to ...,https://www.cambridge.org/core/journals/transnational-environmental-law/article/international-law-obligations-arising-in-relation-to-nationally-determined-contributions/DC7DCED88E1D9A38A71911FE96543690,This article analyzes the international law obligations that arise in relation to nationally determined contributions (NDCs).,https://www.cambridge.org › core › journals › article › i...,www_cambridge_org_International_Law_Obligations_Arising_in_relation_.txt,False,False,0,0,none,none,none,,,[]
Brazil,2018–2022,2,UNEP implemented Brazil nationally determined contribution enacted policy strategy legal framework law regulation action plan after:2018-01-01 before:2022-01-01,Action for climate empowerment: guidelines ...,https://unesdoc.unesco.org/ark:/48223/pf0000246435,"The guidelines provide a flexible, phased approach to the strategic and systematic implementation of ACE activities at the national level, driven by each ...",https://unesdoc.unesco.org › ark:,unesdoc_unesco_org_Action_for_climate_empowerment_guidelines_.txt,False,False,0,0,none,none,unclear,"The document is not about climate policy or legal frameworks, but rather about guidelines for accelerating solutions through education, training and public awareness.",There is no mention of UNEP in the document.,[]
Brazil,2018–2022,2,UNEP implemented Brazil nationally determined contribution enacted policy strategy legal framework law regulation action plan after:2018-01-01 before:2022-01-01,Action for climate empowerment: guidelines ...,https://unesdoc.unesco.org/ark:/48223/pf0000246435,"The guidelines provide a flexible, phased approach to the strategic and systematic implementation of ACE activities at the national level, driven by each ...",https://unesdoc.unesco.org › ark:,unesdoc_unesco_org_Action_for_climate_empowerment_guidelines_.txt,False,False,0,0,none,none,unclear,The document is not related to climate policy evaluation for Brazil in 2018-2022.,The document does not mention UNEP or any climate policy-related activities.,[]
Brazil,2018–2022,2,UNEP implemented Brazil nationally determined contribution enacted policy strategy legal framework law regulation action plan after:2018-01-01 before:2022-01-01,PATHWAY FOR INCREASING NATURE-BASED ...,https://sdgs.un.org/sites/default/files/2021-04/Publication%20-%20Pathway%20for%20Increasing%20Nature-Based%20Solutions%20in%20NDCs.pdf,"NDCs describe each country's self-determined plans for climate action typically until 2025 or 2030, and will represent a progression over time, recognizing the ...",https://sdgs.un.org › sites › default › files,sdgs_un_org_PATHWAY_FOR_INCREASING_NATURE_BASED_.txt,False,False,0,0,none,none,none,"The document does not contain explicit evidence related to Brazil's climate mitigation, adaptation, or disaster risk reduction strategy/policy/legal framework for the time window 2018-2022.",There is no explicit link between UNEP and any climate policy or strategy in Brazil for the specified time period.,[]
Brazil,2018–2022,2,UNEP implemented Brazil nationally determined contribution enacted policy strategy legal framework law regulation action plan after:2018-01-01 before:2022-01-01,Urban Planning Law for Climate Smart Cities,https://unhabitat.org/sites/default/files/2022/10/final_urban_planning_law_for_climate_smart_cities.pdf,Enhancing Nationally Determined Contributions through urban climate action . UN-Habitat (2016) . Finance for City Leaders: Handbook . UN-Habitat (2020) ...,https://unhabitat.org › default › files › 2022/10 › f...,unhabitat_org_Urban_Planning_Law_for_Climate_Smart_Cities.txt,False,False,0,0,none,none,none,"The document does not contain explicit evidence related to Brazil's climate change mitigation, adaptation, or disaster risk reduction strategies/policies/legal frameworks adopted during 2018-2022.",There is no explicit link between UNEP and any climate policy or legal framework adoption in Brazil during 2018-2022.,[]
Brazil,2018–2022,2,UNEP implemented Brazil nationally determined contribution enacted policy strategy legal framework law regulation action plan after:2018-01-01 before:2022-01-01,Climate Change in Mexico,https://climate.mit.edu/posts/climate-change-mexico,The Nationally Projected and Determined Contributions (INDC) is a term used in which the states parties agreed to submit a plan of action for reducing ...,https://climate.mit.edu › posts › climate-change-mexico,climate_mit_edu_Climate_Change_in_Mexico.txt,False,False,0,0,none,none,unclear,"The document does not contain explicit evidence related to Brazil during 2018-2022. It primarily discusses climate change in Mexico, its policies, and institutions.",There is no explicit link between UNEP and any climate policy or strategy in Brazil during 2018-2022 mentioned in the document.,[]
Brazil,2018–2022,2,UNEP implemented Brazil nationally determined contribution enacted policy strategy legal framework law regulation action plan after:2018-01-01 before:2022-01-01,MINISTRY OF THE ENVIRONMENT - GOV.BR,https://www.gov.br/mma/pt-br/assuntos/mudanca-do-clima/clima/repositorio/final-report_en_web.pdf,"This Report demon- strated that Brazil has been implementing activities allied with that agreement and making use of its tools, particularly those related to ...",https://www.gov.br › clima › final-report_en_web,www_gov_br_MINISTRY_OF_THE_ENVIRONMENT_GOV_BR.txt,False,False,0,0,none,none,unclear,,,[]
Brazil,2018–2022,2,UNEP implemented Brazil nationally determined contribution enacted policy strategy legal framework law regulation action plan after:2018-01-01 before:2022-01-01,POCKET GUIDE TO NDC,https://www.iied.org/sites/default/files/pdfs/migrate/G04320.pdf,"Nationally Determined Contributions, or NDCs, are actions that Parties to the Paris Agreementplan to undertake to address climate change. A Party's “ ...",https://www.iied.org › sites › files › pdfs › migrate,www_iied_org_POCKET_GUIDE_TO_NDC.txt,False,False,0,0,none,none,none,"The document does not contain explicit evidence related to climate change mitigation, adaptation, or disaster risk reduction strategies/policies/legal frameworks for Brazil during 2018-2022.",There is no explicit link between UNEP and any climate policy or legal framework in Brazil during 2018-2022.,[]
Brazil,2018–2022,2,UNEP implemented Brazil nationally determined contribution enacted policy strategy legal framework law regulation action plan after:2018-01-01 before:2022-01-01,NDC Invest: - IADB Publications,https://publications.iadb.org/publications/english/document/NDC-Invest-Supporting-Transformational-Climate-Policy-and-Finance.pdf,This paper describes the three NDC Invest products through which we support governments to address such challenges and scale up action to tackle climate change ...,https://publications.iadb.org › english › document,publications_iadb_org_NDC_Invest_IADB_Publications.txt,False,False,0,0,none,none,unclear,,,[]
Brazil,2018–2022,2,UNEP implemented Brazil nationally determined contribution enacted policy strategy legal framework law regulation action plan after:2018-01-01 before:2022-01-01,Parliaments and the Paris Agreement,https://www.wfd.org/sites/default/files/2022-02/Global_Parliaments_and_the_Paris_Agreement_ENG.pdf,This framework on biodiversity is used to guide and update National Biodiversity Strategies and. Strengthening parliamentary engagement in the development and ...,https://www.wfd.org › sites › default › files › Gl...,www_wfd_org_Parliaments_and_the_Paris_Agreement.txt,False,False,0,0,none,none,none,"The document does not contain explicit evidence related to Brazil's climate mitigation, adaptation, or disaster risk reduction strategy/policy/legal framework for the period of 2018-2022.",There is no explicit link between UNEP and strengthening/enabling/adoption/implementation of any climate policy/strategy/legal framework in Brazil during 2018-2022.,[]
Brazil,2018–2022,2,UNEP implemented Brazil nationally determined contribution enacted policy strategy legal framework law regulation action plan after:2018-01-01 before:2022-01-01,The Launch of a Draft REDD+ Strategy Plan But ...,https://www.facebook.com/News5Live/posts/the-launch-of-a-draft-redd-strategy-plan-but-the-closure-of-the-first-phase-mean/4397804770340360/,"The strategy is on REDD+, including sustainable forest management, conservation of carbon stocks and enhancement of carbon stocks (REDD+) for the period of 2017 ...",50+ reactions,www_facebook_com_The_Launch_of_a_Draft_REDD_Strategy_Plan_But_.txt,False,False,0,0,none,none,unclear,"The document does not contain explicit evidence related to climate change mitigation, adaptation, or disaster risk reduction strategies/policies/legal frameworks for Brazil in 2018-2022.","There is no mention of UNEP's involvement in climate change mitigation, adaptation, or disaster risk reduction strategies/policies/legal frameworks for Brazil in 2018-2022.",[]
Brazil,2018–2022,2,UNEP implemented Brazil nationally determined contribution enacted policy strategy legal framework law regulation action plan after:2018-01-01 before:2022-01-01,SETTING THE PARIS AGREEMENT IN MOTION:,https://newclimate.org/sites/default/files/2018/08/PACT-Setting-the-Paris-Agreement-in-Motion-Key-Requirements-for-the-Implementing-Guidelines.pdf,"The Paris. Agreement provides a framework for communicating and maintaining nationally determined contributions. (NDCs). To advance this framework, Parties ...",https://newclimate.org › default › files › 2018/08,newclimate_org_SETTING_THE_PARIS_AGREEMENT_IN_MOTION_.txt,False,False,0,0,none,none,unclear,,,[]
Brazil,2018–2022,2,UNEP implemented Brazil nationally determined contribution enacted policy strategy legal framework law regulation action plan after:2018-01-01 before:2022-01-01,Green State Development Strategy: Vision 2040,https://faolex.fao.org/docs/pdf/guy199315.pdf,"Against this backdrop, the Green State Development Strategy: Vision 2040 provides a comprehensive set of strategic action lines to guide public investment.",https://faolex.fao.org › docs › pdf › guy199315,faolex_fao_org_Green_State_Development_Strategy_Vision_2040.txt,False,False,0,0,none,none,national,"The document is about Guyana's Green State Development Strategy: Vision 2040, which is not related to Brazil. Therefore, it does not contain explicit evidence about Brazil's climate change mitigation, adaptation, or disaster risk reduction strategies/policies/legal frameworks adopted during 2018-2022.",There is no explicit link between UNEP and Guyana's Green State Development Strategy: Vision 2040 in the provided document.,"[""The Green State Development Strategy: Vision 2040 is Guyana’s twenty-year, national development policy""]"
Brazil,2018–2022,2,UNEP implemented Brazil nationally determined contribution enacted policy strategy legal framework law regulation action plan after:2018-01-01 before:2022-01-01,republic of south sudan - national biodiversity strategy and ...,https://www.cbd.int/doc/world/ss/ss-nbsap-01-en.pdf,The South Sudan National Biodiversity Strategy and Action Plan (NBSAP South Sudan) represents a major step forward towards fulfilling the sustainable ...,https://www.cbd.int › doc › world › ss-nbsap-01-en,www_cbd_int_republic_of_south_sudan_national_biodiversity_stra.txt,False,False,0,0,none,none,unclear,,,[]
Brazil,2018–2022,2,UNEP implemented Brazil nationally determined contribution enacted policy strategy legal framework law regulation action plan after:2018-01-01 before:2022-01-01,Deforestation in the Amazon,https://researchbriefings.files.parliament.uk/documents/CDP-2021-0219/CDP-2021-0219.pdf,Brazil's Nationally Determined. Contribution is compatible with an indicative long-term objective of reaching climate neutrality in 2060. The final ...,https://researchbriefings.files.parliament.uk › CDP...,researchbriefings_files_parliament_uk_Deforestation_in_the_Amazon.txt,False,False,0,0,none,none,unclear,,,[]
Brazil,2018–2022,2,UNEP implemented Brazil nationally determined contribution enacted policy strategy legal framework law regulation action plan after:2018-01-01 before:2022-01-01,Combating marine plastic litter and microplast,https://apps1.unep.org/resolutions/uploads/unep_aheg_2018_inf3_full_assessment_en.pdf,legal framework for addressing pollution in general. The. Action Plan calls for the review of national legislation and regulations pertaining to the ...,https://apps1.unep.org › resolutions › uploads › u...,apps1_unep_org_Combating_marine_plastic_litter_and_microplast.txt,False,False,0,0,none,none,none,"The document does not contain explicit evidence related to climate change mitigation, adaptation, or disaster risk reduction strategies/policies/legal frameworks for Brazil in 2018-2022.",The document does not explicitly link UNEP to strengthening/enabling/adoption/implementation of any climate policy/strategy/legal framework in Brazil during 2018-2022.,[]
Brazil,2018–2022,2,UNEP implemented Brazil nationally determined contribution enacted policy strategy legal framework law regulation action plan after:2018-01-01 before:2022-01-01,A review of successful climate change mitigation policies in ...,https://www.sciencedirect.com/science/article/pii/S1364032120308868,"Full implementation of countries' contributions to GHG emissions reduction targets under the Paris Agreement, also known as Nationally Determined Contributions ...",https://www.sciencedirect.com › science › article › pii,www_sciencedirect_com_A_review_of_successful_climate_change_mitigation_p.txt,False,False,0,0,none,none,unclear,,,[]
Brazil,2018–2022,2,UNEP implemented Brazil nationally determined contribution enacted policy strategy legal framework law regulation action plan after:2018-01-01 before:2022-01-01,Updated Policy Document on climate action for ...,https://whc.unesco.org/document/190260,This document presents the comments received from States Parties members of the World Heritage Committee and the response by the Secretariat and the.,https://whc.unesco.org › document,whc_unesco_org_Updated_Policy_Document_on_climate_action_for_.txt,False,False,0,0,none,none,none,"The document does not contain explicit evidence related to Brazil's climate mitigation, adaptation, or disaster risk reduction strategy/policy/legal framework for 2018-2022.",There is no explicit link between UNEP and any climate policy or strategy in Brazil for 2018-2022.,[]
Brazil,2018–2022,2,UNEP implemented Brazil nationally determined contribution enacted policy strategy legal framework law regulation action plan after:2018-01-01 before:2022-01-01,"New Brazilian NDC reduces the country's climate ambition, ...",https://www.wwf.org.br/en/?77508/New-Brazilian-NDC-reduces-the-country-s-climate-ambition-against-the-spirit-of-the-Paris-Agreement,New NDC seeks to create a textual maneuver so that reducing climate ambition can be accepted WWF-Brasil.,https://www.wwf.org.br › New-Brazilian-NDC-reduces-...,www_wwf_org_br_New_Brazilian_NDC_reduces_the_country_s_climate_am.txt,True,False,60,0,NDC,submitted,national,"The document discusses Brazil's new Nationally Determined Contribution (NDC) submitted in 2020, which includes climate mitigation targets and some adaptation considerations.",There is no explicit mention of UNEP's involvement or support in the development or implementation of Brazil's new NDC.,"[""Brazil's new NDC"", ""mitigation target"", ""adaptation actions"", ""National Climate Change Policy""]"
Brazil,2018–2022,2,UNEP implemented Brazil nationally determined contribution enacted policy strategy legal framework law regulation action plan after:2018-01-01 before:2022-01-01,Environmental rights under spotlight in Brazil with launch of ...,https://www.unep.org/news-and-stories/press-release/environmental-rights-under-spotlight-brazil-launch-major-new-rights,The UN's Environmental Rights Initiative will bring environmental protection nearer to the people by helping them to better understand their rights and how to ...,"https://www.unep.org › News, Stories & Speeches",www_unep_org_Environmental_rights_under_spotlight_in_Brazil_wit.txt,False,False,0,0,none,none,global,"The document does not contain explicit evidence related to climate change mitigation, adaptation, or disaster risk reduction strategies/policies/legal frameworks in Brazil during 2018-2022.",The document does not explicitly link UNEP to strengthening/enabling/adoption/implementation of any climate-related policy/strategy/legal framework in Brazil during 2018-2022.,[]
Brazil,2018–2022,2,UNEP implemented Brazil nationally determined contribution enacted policy strategy legal framework law regulation action plan after:2018-01-01 before:2022-01-01,EU climate action policy - European Parliament,https://www.europarl.europa.eu/RegData/etudes/STUD/2021/689378/EPRS_STU(2021)689378_EN.pdf,"This study explains the physical basis of climate change and highlights its expected impacts on the. European Union; outlines international climate agreements, ...",https://www.europarl.europa.eu › etudes › STUD,www_europarl_europa_eu_EU_climate_action_policy_European_Parliament.txt,False,False,0,0,none,none,none,"The document does not contain explicit evidence related to Brazil's climate change mitigation, adaptation, or disaster risk reduction strategies/policies/legal frameworks for the time window 2018-2022.",There is no explicit link between UNEP and any climate policy or strategy in Brazil for the specified time period.,[]
Brazil,2018–2022,2,UNEP implemented Brazil nationally determined contribution enacted policy strategy legal framework law regulation action plan after:2018-01-01 before:2022-01-01,Financing A Sustainable Economy | Technical Paper 2021,https://www.treasury.gov.za/comm_media/press/2021/2021101501%20Financing%20a%20Sustainable%20Economy.pdf,"In the absence of an overarching regulatory and policy framework, the primary driving force behind sustainable finance initiatives has ... recommended action ...",https://www.treasury.gov.za › comm_media › press,www_treasury_gov_za_Financing_A_Sustainable_Economy_Technical_Paper_20.txt,False,False,0,0,none,none,none,"The document is about South Africa's financial sector and its approach to sustainable finance, climate change, and environmental risks. However, it does not contain explicit evidence related to Brazil's climate mitigation, adaptation, or disaster risk reduction strategies/policies/legal frameworks adopted during 2018-2022.","There is no explicit link between UNEP and Brazil's climate change mitigation, adaptation, or disaster risk reduction strategies/policies/legal frameworks in the provided document.",[]
Brazil,2022–2026,1,in collaboration with UNEP Brazil low emission development strategy revised policy strategy legal framework law regulation action plan after:2022-01-01 before:2026-01-01,UNEP and Ministry of Environment sign agreement to ...,https://www.unep.org/news-and-stories/press-release/unep-and-ministry-environment-sign-agreement-reinforce-environmental,This strategic agreement marks the 20th anniversary of the UNEP Office in Brazil strengthening collaboration with the Brazilian government.,"https://www.unep.org › News, Stories & Speeches",www_unep_org_UNEP_and_Ministry_of_Environment_sign_agreement_to.txt,True,True,80,80,mitigation strategy / adaptation strategy / policy / legal framework,developed,national,"The document mentions the development of Brazil's National Climate Plan, which includes formulating a National Mitigation Strategy and corresponding Sector Plans.","The document explicitly mentions UNEP's support in developing Brazil's National Climate Plan, including a National Mitigation Strategy and Sector Plans.","[""The collaboration will support the development of Brazil's National Climate Plan, which includes formulating a National Mitigation Strategy and corresponding Sector Plans."", ""UNEP and the Ministry of Environment sign agreement to reinforce Environmental Action in Brazil"", ""UNEP's support in four key areas: climate action, action for nature, action against chemicals and pollution, and strengthening environmental governance.""]"
Brazil,2022–2026,1,in collaboration with UNEP Brazil low emission development strategy revised policy strategy legal framework law regulation action plan after:2022-01-01 before:2026-01-01,Brazil,https://climateactiontracker.org/countries/brazil/policies-action/,"To peak and then rapidly decrease emissions, as required in order to limit warming to 1.5°C, Brazil will need to sustain and strengthen policy implementation ...",https://climateactiontracker.org › brazil › policies-action,climateactiontracker_org_Brazil.txt,True,False,80,0,"NDC, National Climate Change Policy (PNMC), Ecological Transformation Plan (PTE)","resubmitted, reviewed, developed",national,"Brazil has resubmitted its NDC in October 2023, and is reviewing the National Climate Change Policy (PNMC) which will include sectoral mitigation and adaptation strategies up to 2035. The Ecological Transformation Plan (PTE) has been developed to promote sustainable development.",There is no explicit link between UNEP and the development/adoption/implementation of Brazil's climate policies and strategies.,"[""Brazil reverted to its original NDC targets, reflecting a renewed focus on combating deforestation."", ""The resubmission of its NDC in October 2023, followed by the ongoing process of reviewing the National Climate Change Policy (PNMC),"", ""The development of new policies such as the Ecological Transformation Plan (PTE) to promote sustainable development while reducing Brazil’s overall environmental footprint,""]"
Brazil,2018–2022,2,UNEP implemented Brazil nationally determined contribution enacted policy strategy legal framework law regulation action plan after:2018-01-01 before:2022-01-01,International Climate Change Legal Frameworks,https://www.adb.org/sites/default/files/publication/660321/international-climate-change-legal-frameworks.pdf,National legal and policy frameworks help drive global climate action. The ... First Nationally Determined Contribution. Brasília. p. 1. 30. Footnote 15 ...,https://www.adb.org › default › files › publication,www_adb_org_International_Climate_Change_Legal_Frameworks.txt,False,False,0,0,none,none,none,"The document does not contain explicit evidence related to Brazil's climate mitigation, adaptation, or disaster risk reduction strategy/policy/legal framework for the time window 2018–2022.",There is no explicit link between UNEP and any climate policy or legal framework in Brazil for the specified time period.,[]
Brazil,2022–2026,1,in collaboration with UNEP Brazil low emission development strategy revised policy strategy legal framework law regulation action plan after:2022-01-01 before:2026-01-01,Assessment of the policy framework impact on the renewable ...,https://climateactiontransparency.org/resources/brazil-recommendations-for-policymakers-on-how-to-improve-the-existing-legal-and-regulatory-framework/,"A consistent regulatory framework ensures the development of new supply chains, contributing to. Brazil's energy sector and economy. The energy transition ...",https://climateactiontransparency.org › resources,climateactiontransparency_org_Assessment_of_the_policy_framework_impact_on_the_r.txt,True,False,80,0,climate change mitigation strategy / policy / legal framework,adopted / approved / enacted,national,"The document provides detailed information on Brazil's climate policies and laws, including the Nationally Determined Contribution (NDC) under the Paris Agreement, energy efficiency initiatives, and various programs promoting renewable energy sources.",There is no explicit mention of UNEP's role in supporting or enabling the climate policies and laws in Brazil.,"[""Brazil has played a relevant role in international climate change negotiations since its beginning in 1992, as a host country of UNCED."", ""In the 2023 update of Brazil’s NDC to the Paris Agreement, announced at the Climate Ambition Summit (New York), returns the country’s climate ambition to the level of the First NDC of 2015: Emission levels of 1.32 GtCO 2 e (reduction of 48%) in GGE by 2025 and 1.20 GtCO 2 e (reduction of 53%) in GGE by 2030."", ""Brazil’s commitments also include a long-term objective to achieve climate neutrality by 2050."", ""The Brazilian Labelling Program (PBE) classifies products based on their performance in energy efficiency, noise, and other criteria, helping consumers make informed purchasing decisions and encouraging industry competitiveness."", ""Procel has significantly contributed to energy conservation, cost savings, and reduced greenhouse gas emissions in Brazil."", ""Established by Law No. 10,438/2002, Proinfa is one of the largest programs promoting alternative electricity sources."", ""Launched in December 2016 by the Ministry of Mines and Energy, RenovaBio aims to expand biofuel production sustainably.""]"
Brazil,2022–2026,1,in collaboration with UNEP Brazil low emission development strategy revised policy strategy legal framework law regulation action plan after:2022-01-01 before:2026-01-01,Brazil's Nationally Determined Contribution (NDC),https://unfccc.int/sites/default/files/2024-11/Brazil_Second%20Nationally%20Determined%20Contribution%20%28NDC%29_November2024.pdf,"• the approval of the Legal Framework for Low-Emission Hydrogen (Law No. 14.948 of. August 2, 2024), which provides for the National Low-Emission Hydrogen ...",https://unfccc.int › sites › default › files › Brazil_...,unfccc_int_Brazil_s_Nationally_Determined_Contribution_NDC_.txt,True,False,90,0,Nationally Determined Contribution (NDC) / Climate Plan / Pact for Ecological Transformation,adopted / approved / enacted,national,"The document provides detailed information on Brazil's climate policies, including the NDC, Climate Plan, and Pact for Ecological Transformation. These policies aim to reduce greenhouse gas emissions, promote sustainable development, and increase climate resilience.",There is no explicit mention of UNEP's support or involvement in the development or implementation of Brazil's climate policies.,"[""Brazil’s NDC sets out the country’s vision for 2035."", ""Pact for Ecological Transformation between the three branches of the Brazilian State."", ""Climate Plan will guide, promote, catalyze and monitor coordinated actions aimed at the transition to an economy with net-zero greenhouse gas emissions by 2050."", ""National Mitigation Strategy presents ten guidelines to guide the preparation of sectoral mitigation plans."", ""National Adaptation Strategy contains guidelines for designing and implementing adaptation actions.""]"
Brazil,2022–2026,1,in collaboration with UNEP Brazil low emission development strategy revised policy strategy legal framework law regulation action plan after:2022-01-01 before:2026-01-01,The Carbon Market and its Regulation in Brazil,https://scholarship.law.columbia.edu/cgi/viewcontent.cgi?article=1194&context=sabin_climate_change,"The Sabin Center for Climate Change Law develops legal techniques to fight climate change, trains law students and lawyers in their use, and provides the ...",https://scholarship.law.columbia.edu › viewcontent,scholarship_law_columbia_edu_The_Carbon_Market_and_its_Regulation_in_Brazil.txt,False,False,0,0,none,none,unclear,,,[]
Brazil,2022–2026,1,in collaboration with UNEP Brazil low emission development strategy revised policy strategy legal framework law regulation action plan after:2022-01-01 before:2026-01-01,An overview of EU and Brazilian legislation,https://climatefocus.com/wp-content/uploads/2022/11/Overview-of-EU-and-BR-Legislation_ENG.pdf,"On Brazil: this document provides a panorama from long established sustainable agricultural and forest protection policies and laws, over more recent ...",https://climatefocus.com › uploads › 2022/11 › O...,climatefocus_com_An_overview_of_EU_and_Brazilian_legislation.txt,True,False,80,0,"climate change mitigation strategy, policy, action plan, regulation, or legal framework; climate change adaptation strategy, policy, action plan, regulation, or legal framework; disaster risk reduction strategy, policy, action plan, regulation, or legal framework; low-emission development strategy; nationally determined contribution or NDC implementation plan; national adaptation plan; climate law, climate act, or legally binding climate-related framework","adopted, approved, enacted, endorsed, launched, implemented",national,"The document discusses several climate-related policies and laws in Brazil, including the Forest Code, the Low-Carbon Agricultural Plan (Plano ABC), the National Policy for Integrated Crop-Livestock-Forest Systems, and the Green Growth Plan. These policies aim to reduce deforestation, promote sustainable land use, and support low-carbon economic activities.",There is no explicit mention of UNEP's involvement in the development or implementation of these climate policies in Brazil.,"[""The Forest Code A central piece of legislation for environmental and forest conservation in Brazil is the revised Brazilian Forest Code79, enacted in 2012."", ""The Low-Carbon Agricultural Plan (Plano ABC) , offering subsidized credit lines for producers implementing certain low-carbon agricultural techniques."", ""The Green Growth Plan through Decree 10,846/2021104. Under this new overarching program, green growth is to be achieved through financing and subsidies to encourage sustainable economic activities105."", ""Brazilian supervisory authorities are spearheading ESG-related measures in the context of sustainable finance in Brazil . In particular, the Central Bank and the National Monetary Committee (CMN) have established several norms and measures focused on increasing transparency of financing institutions’ lending activities and associated land use impacts, as well as on promoting sustainable agriculture94.""]"
Brazil,2022–2026,1,in collaboration with UNEP Brazil low emission development strategy revised policy strategy legal framework law regulation action plan after:2022-01-01 before:2026-01-01,Global Framework for Action,https://www.oneplanetnetwork.org/sites/default/files/2025-07/250515-Global%20Framework%20for%20Action_V9.pdf,The 10-Year Framework of Programmes on. Sustainable Consumption and Production and its Sustainable Public Procurement programme.,https://www.oneplanetnetwork.org › default › files,www_oneplanetnetwork_org_Global_Framework_for_Action.txt,False,False,0,0,none,none,unclear,,,[]
Brazil,2022–2026,1,in collaboration with UNEP Brazil low emission development strategy revised policy strategy legal framework law regulation action plan after:2022-01-01 before:2026-01-01,Bolsonaro and Lula: A Comparative Study of Climate Policy in ...,https://grimshawreview.lse.ac.uk/articles/24,"The analysis of climate action in Brazil in this paper focuses on four pillars: presidential action, ministerial policy implementation and oversight, Brazil's ...",https://grimshawreview.lse.ac.uk › articles,grimshawreview_lse_ac_uk_Bolsonaro_and_Lula_A_Comparative_Study_of_Climate_.txt,True,False,80,0,climate policy / legal framework,adopted / reinstated,national,"The document provides explicit evidence of climate policy developments in Brazil under the Lula administration (2023-present), including the reintroduction of the Plan for the Prevention and Control of Deforestation in the Amazon (PPCDAm), updates to Brazil's Nationally Determined Contributions (NDCs), and efforts to strengthen environmental agencies.",There is no explicit link between UNEP and the climate policy developments in Brazil mentioned in the document.,"[""Lula reinstated key environmental policies, contributing to a 43 percent reduction in deforestation by early 2023."", ""Lula updated the NDCs to align with the 2016 targets, signaling a renewed commitment to climate action."", ""The reintroduction of an updated version of the PPCDAm resulted in a remarkable 43% reduction in deforestation from January to July 2023 compared to the corresponding period in 2022.""]"
Brazil,2022–2026,1,in collaboration with UNEP Brazil low emission development strategy revised policy strategy legal framework law regulation action plan after:2022-01-01 before:2026-01-01,Brazilian Environmental Policies and the New European ...,https://www.climatepolicyinitiative.org/publication/brazilian-environmental-policies-and-the-new-european-union-regulation-for-deforestation-free-products-opportunities-and-challenges/,"In 2004, the Brazilian government adopted the Action Plan for the Prevention and Control of Deforestation in the Legal Amazon (Plano de Ação para Prevenção e ...",https://www.climatepolicyinitiative.org › Publications,www_climatepolicyinitiative_org_Brazilian_Environmental_Policies_and_the_New_Europ.txt,True,False,80,0,climate change mitigation policy / legal framework,adopted / implemented,national,"The document discusses Brazil's environmental policies, including the Forest Code, policies to control and combat deforestation, and sustainable agriculture policies. These policies align with the EU's Deforestation-Free Regulation (EUDR) and demonstrate Brazil's efforts to combat deforestation and promote sustainable agricultural production.",There is no explicit mention of UNEP's involvement or support in the development or implementation of Brazil's environmental policies discussed in the document.,"[""Brazil has a sophisticated framework of public policies for the conservation of its forests and other forms of native vegetation, deforestation control, and sustainable agricultural production."", ""The Forest Code (Law no. 12.651/2012) is the main national public policy for conserving forests and other forms of native vegetation on private properties."", ""The Brazilian government adopted the Action Plan for the Prevention and Control of Deforestation in the Legal Amazon (Plano de Ação para Prevenção e Controle do Desmatamento da Amazônia Legal – PPCDAM) with the goal of combatting deforestation and promoting sustainable development in the region.""]"
Brazil,2022–2026,1,in collaboration with UNEP Brazil low emission development strategy revised policy strategy legal framework law regulation action plan after:2022-01-01 before:2026-01-01,global environmental protection: the un's legal frameworks ...,https://www.facebook.com/groups/1469126009893987/posts/2967218360084737/,"UNEP's Medium-Term Strategy for 2010-2013 outlines its strategic directions, focusing on six cross-cutting thematic priorities: Climate change. Disasters and ...",https://www.facebook.com › groups › posts,www_facebook_com_global_environmental_protection_the_un_s_legal_fra.txt,False,False,0,0,none,none,global,"The document does not contain explicit evidence related to climate mitigation, adaptation, or disaster risk reduction strategies/policies/legal frameworks for Brazil in 2022-2026.","The document does not explicitly link UNEP to strengthening/enabling/adoption/implementation of climate mitigation, adaptation, or disaster risk reduction strategies/policies/legal frameworks in Brazil during 2022-2026.",[]
Brazil,2022–2026,1,in collaboration with UNEP Brazil low emission development strategy revised policy strategy legal framework law regulation action plan after:2022-01-01 before:2026-01-01,Global Framework for Action,https://www.oneplanetnetwork.org/sites/default/files/2025-07/250515-Global%20Framework%20for%20Action_V9.pdf,The 10-Year Framework of Programmes on. Sustainable Consumption and Production and its Sustainable Public Procurement programme.,https://www.oneplanetnetwork.org › default › files,www_oneplanetnetwork_org_Global_Framework_for_Action.txt,False,False,0,0,none,none,unclear,,,[]
Brazil,2022–2026,1,in collaboration with UNEP Brazil low emission development strategy revised policy strategy legal framework law regulation action plan after:2022-01-01 before:2026-01-01,Seizing Brazil's opportunities in the energy transition,https://www.netzeropolicylab.com/s/GP03-Brazil-geopolitical-brief.pdf,"19 The government has passed the Legal. Framework for Low-Carbon Hydrogen, creating a regulatory sandbox for the sector, establishing a special tax regime for ...",https://www.netzeropolicylab.com › GP03-Brazil...,www_netzeropolicylab_com_Seizing_Brazil_s_opportunities_in_the_energy_trans.txt,True,False,80,0,industrial policy / low-carbon strategy,launched / implemented,national,"The document discusses Brazil's new industrial policy, Nova Indústria Brasil (NIB), which includes initiatives related to low-carbon steel, biofuels, wind and solar energy, and hard-to-abate sectors. The policy aims to support the development of a low-carbon economy in Brazil.",There is no explicit mention of UNEP's involvement in the development or implementation of NIB or its related policies.,"[""Nova Indústria Brasil (NIB) policy overview"", ""Brazil has launched a new industrial policy, Nova Indústria Brasil (NIB)"", ""The new strategy suffers from three weaknesses"", ""Mission 3 focuses on infrastructure, encompassing initiatives related to electric vehicles and, by extension, battery development"", ""Mission 5, explicitly dedicated to decarbonization, includes efforts targeting biofuels, wind and solar energy, and hard-to-abate sectors like steel and cement""]"
Brazil,2022–2026,1,in collaboration with UNEP Brazil low emission development strategy revised policy strategy legal framework law regulation action plan after:2022-01-01 before:2026-01-01,New investments aim to scale up digitalization of energy ...,https://www.unep.org/news-and-stories/press-release/new-investments-aim-scale-digitalization-energy-and-agri-food,"Belém, Brazil, 19 November 2025 – Today at COP30, UNEP in collaboration with the International Energy Agency and supported by Italy's Ministry for the ...","https://www.unep.org › News, Stories & Speeches",www_unep_org_New_investments_aim_to_scale_up_digitalization_of_.txt,True,True,81,81,climate resilience strategy,launched,national,"The document mentions the launch of Phase II of the Digital Demand-Driven Electricity Networks (3DEN) Initiative in Brazil, which aims to advance digitalization of energy and agri-food systems, strengthen climate resilience, and support low-carbon energy systems.","The document explicitly mentions UNEP's collaboration and support for the 3DEN Initiative, including its launch and funding. UNEP is credited with leading the initiative alongside the International Energy Agency and with support from Italy's Ministry for the Environment and Energy.","[""UNEP in collaboration with the International Energy Agency and supported by Italy’s Ministry for the Environment and Energy, announced the second phase of the Digital Demand-Driven Electricity Networks (3DEN) Initiative"", ""Phase II of 3DEN will accelerate the digital innovation needed to modernize power and agri-food systems and fully harness the potential of renewable energy"", ""3DEN supports countries to build smarter, more resilient and low-carbon energy and agri-food systems""]"
Brazil,2022–2026,1,in collaboration with UNEP Brazil low emission development strategy revised policy strategy legal framework law regulation action plan after:2022-01-01 before:2026-01-01,ALIGNING SHORT-TERM LAND SECTOR ACTIONS WITH ...,https://www.undp.org/sites/g/files/zskgke326/files/2023-11/undp-aligning-short-term-land-sector-actions-with-long-term-climate-goals.pdf,Parties submit Nationally Determined Contributions (NDCs) every five years and are invited to prepare Long-term Low Greenhouse Gas. Emission Development ...,https://www.undp.org › files › zskgke326 › files,www_undp_org_ALIGNING_SHORT_TERM_LAND_SECTOR_ACTIONS_WITH_.txt,False,False,0,0,none,none,none,,,[]
Brazil,2022–2026,1,in collaboration with UNEP Brazil low emission development strategy revised policy strategy legal framework law regulation action plan after:2022-01-01 before:2026-01-01,"Today at #COP29, Brazil announced its new commitment ...",https://www.facebook.com/worldresources/posts/today-at-cop29-brazil-announced-its-new-commitment-to-reduce-emissions-by-59-to-/991820076314501/,"Today at #COP29, Brazil announced its new commitment to reduce emissions by 59% to 67% by 2035, as compared to 2005 Karen Silverwood-Cope, ...",10+ reactions,www_facebook_com_Today_at_COP29_Brazil_announced_its_new_commitment.txt,True,False,81,0,nationally determined contribution,announced,national,"Brazil announced a new commitment to reduce emissions by 59% to 67% by 2035, as compared to 2005.",There is no explicit link between UNEP and Brazil's climate policy announcement.,"[""Brazil announced its new commitment to reduce emissions by 59% to 67% by 2035, as compared to 2005""]"
Brazil,2022–2026,1,in collaboration with UNEP Brazil low emission development strategy revised policy strategy legal framework law regulation action plan after:2022-01-01 before:2026-01-01,Bolsonaro and Lula: A Comparative Study of Climate Policy in ...,https://grimshawreview.lse.ac.uk/articles/24,"The analysis of climate action in Brazil in this paper focuses on four pillars: presidential action, ministerial policy implementation and oversight, Brazil's ...",https://grimshawreview.lse.ac.uk › articles,grimshawreview_lse_ac_uk_Bolsonaro_and_Lula_A_Comparative_Study_of_Climate_.txt,True,False,80,0,NDC / climate law / policy,adopted / approved / enacted,national,"The document provides explicit evidence of Brazil's climate policies and actions under the Bolsonaro and Lula administrations, including updates to Brazil's Nationally Determined Contributions (NDCs) in 2020, 2022, and 2023. The Lula administration reinstated key environmental policies, such as the Plan for the Prevention and Control of Deforestation in the Amazon (PPCDAm), and updated the NDCs to align with the 2016 targets.",There is no explicit link between UNEP and the climate policy outcomes in Brazil during 2022-2026.,"[""Brazil's NDC was updated twice – first in 2020 and then in 2022"", ""Lula's administration focused on environmental restoration"", ""The 2023 updated NDC submission demonstrated a realignment with the original 2016 targets""]"
Brazil,2022–2026,1,in collaboration with UNEP Brazil low emission development strategy revised policy strategy legal framework law regulation action plan after:2022-01-01 before:2026-01-01,Climate Reports,https://www.un.org/en/climatechange/reports,The report provides decision makers a framework of action to track and monitor methane emissions to plan targeted and ambitious action. Report. WMO ...,https://www.un.org › climatechange › reports,www_un_org_Climate_Reports.txt,False,False,0,0,none,none,global,"The document does not contain explicit evidence related to Brazil's climate mitigation, adaptation, or disaster risk reduction strategy/policy/legal framework for the time window 2022-2026.",There is no explicit link between UNEP and any climate policy or strategy in Brazil for the specified time period.,[]
Brazil,2022–2026,1,in collaboration with UNEP Brazil low emission development strategy revised policy strategy legal framework law regulation action plan after:2022-01-01 before:2026-01-01,Empty promises: Some requirements for a successful ...,https://www.sciencedirect.com/science/article/pii/S0048969725010460,"This paper provides a comprehensive overview of decarbonisation efforts and impacts through an extensive review of existing research, reports, and case studies.",https://www.sciencedirect.com › science › article › pii,www_sciencedirect_com_Empty_promises_Some_requirements_for_a_successful_.txt,False,False,0,0,none,none,unclear,The document does not contain any information related to climate policy or legal frameworks for Brazil in 2022-2026.,The document does not mention UNEP or any connection to climate policy or legal frameworks for Brazil in 2022-2026.,[]
Brazil,2022–2026,1,in collaboration with UNEP Brazil low emission development strategy revised policy strategy legal framework law regulation action plan after:2022-01-01 before:2026-01-01,Special Study on REDD+ results based-payment projects ...,https://ieu.greenclimate.fund/sites/default/files/document/redd-special-study-120824.pdf,"... strategy or action plan, and low-carbon development plans and policies; and ... United Nations Development Programme (UNDP), operates projects FP100 (Brazil), ...",https://ieu.greenclimate.fund › files › document,ieu_greenclimate_fund_Special_Study_on_REDD_results_based_payment_projec.txt,True,False,81,0,REDD+ results-based payment project,implemented,national,"The document provides detailed information on the GCF's REDD+ RBP pilot programme in Brazil and other Latin American countries, including project design, implementation, and outcomes.","There is no explicit mention of UNEP's role in supporting the adoption, approval, enactment, or implementation of the climate policy or strategy in Brazil.","[""GCF REDD+ results-based payment pilot programme"", ""Brazil's REDD+ strategy"", ""REDD+ RBP projects in Latin America and the Caribbean region"", ""GCF's forest and land use result area""]"
Brazil,2022–2026,1,in collaboration with UNEP Brazil low emission development strategy revised policy strategy legal framework law regulation action plan after:2022-01-01 before:2026-01-01,"Climate, environment and human security in Brazil",https://climate-diplomacy.org/sites/default/files/2025-08/Climate_environment_and_human_security_in_Brazil_Response_landscape_and_leadership_opportunities_2.pdf,Strengthen implementation of existing policies and frameworks: Prioritize effective delivery of current policies by increasing support for key institutions such ...,https://climate-diplomacy.org › default › files,climate-diplomacy_org_Climate_environment_and_human_security_in_Brazil.txt,True,False,61,0,national adaptation plan / policy framework,developed,national,"The document mentions several climate and environmental policies, including the Brazilian Institute of Environment and Renewable Natural Resources (IBAMA) and the Amazon Fund. However, it does not provide explicit evidence of officially adopted/enacted/approved/implemented climate mitigation, adaptation, or disaster risk reduction strategies/policies/legal frameworks in Brazil during 2022-2026.",There is no explicit mention of UNEP's involvement in the development or implementation of climate policies in Brazil.,"[""Brazil has sought to establish itself as a global leader in environmental protection and climate action."", ""The Brazilian Institute of Environment and Renewable Natural Resources (IBAMA) was established in 1989."", ""The Amazon Fund was launched in 2008.""]"
Brazil,2022–2026,1,in collaboration with UNEP Brazil low emission development strategy revised policy strategy legal framework law regulation action plan after:2022-01-01 before:2026-01-01,ONE HEALTH JOINT PLAN OF ACTION,https://www.woah.org/app/uploads/2022/04/one-health-joint-plan-of-action-final.pdf,the Tripartite and UNEP agreed to jointly develop a strategy and action plan ... • Quadripartite Strategic Framework for collaboration on antimicrobial resistance.,https://www.woah.org › app › uploads › 2022/04,www_woah_org_ONE_HEALTH_JOINT_PLAN_OF_ACTION.txt,False,False,0,0,none,none,none,"The document does not contain explicit evidence related to climate change mitigation, adaptation, or disaster risk reduction strategies/policies/legal frameworks for Brazil in 2022-2026.","There is no explicit link between UNEP and any climate change mitigation, adaptation, or disaster risk reduction strategy/policy/legal framework in Brazil for 2022-2026.","[""No relevant evidence found.""]"
Brazil,2022–2026,1,in collaboration with UNEP Brazil low emission development strategy revised policy strategy legal framework law regulation action plan after:2022-01-01 before:2026-01-01,Implementing the Cartagena Convention & Supporting the ...,https://gefcrew.org/carrcu/IGM/WG.41INF.22%20Rev.2_EN_CEP%20Strategy%20and%20Action%20Plan.pdf,This Strategy provides an overall framework for implementation of Action plans and strategies developed through the Cartagena Convention Secretariat on ...,https://gefcrew.org › carrcu › IGM › WG.41INF.2...,gefcrew_org_Implementing_the_Cartagena_Convention_Supporting_t.txt,False,False,0,0,none,none,none,"The document does not contain explicit evidence related to climate change mitigation, adaptation, or disaster risk reduction strategies/policies/legal frameworks for Brazil in 2022-2026.","There is no explicit link between UNEP and any climate change mitigation, adaptation, or disaster risk reduction strategy/policy/legal framework in Brazil for 2022-2026.",[]
Brazil,2022–2026,1,in collaboration with UNEP Brazil low emission development strategy revised policy strategy legal framework law regulation action plan after:2022-01-01 before:2026-01-01,ACCELERATING THE GLOBAL SHIFT TO A CLEANER ON ...,https://www.ccacoalition.org/sites/default/files/resources/files/ACCELERATING%20THE%20GLOBAL%20SHIFT%20TO%20A%20CLEANER%20ON-ROAD%20DIESEL%20FLEET%20-%20V1.3.pdf,"Alongside fuel quality improvements, the strategy recommends matching stricter vehicle emission standards, targeting the global shift to Euro 6/VI vehicle ...",https://www.ccacoalition.org › resources › files,www_ccacoalition_org_ACCELERATING_THE_GLOBAL_SHIFT_TO_A_CLEANER_ON_.txt,False,False,0,0,none,none,unclear,,,[]
Brazil,2022–2026,1,in collaboration with UNEP Brazil low emission development strategy revised policy strategy legal framework law regulation action plan after:2022-01-01 before:2026-01-01,ONE HEALTH JOINT PLAN OF ACTION,https://www.woah.org/app/uploads/2022/04/one-health-joint-plan-of-action-final.pdf,the Tripartite and UNEP agreed to jointly develop a strategy and action plan ... • Quadripartite Strategic Framework for collaboration on antimicrobial resistance.,https://www.woah.org › app › uploads › 2022/04,www_woah_org_ONE_HEALTH_JOINT_PLAN_OF_ACTION.txt,False,False,0,0,none,none,none,"The document does not contain explicit evidence related to climate change mitigation, adaptation, or disaster risk reduction strategies/policies/legal frameworks for Brazil in 2022-2026.",There is no explicit link between UNEP and any climate policy or strategy in Brazil for 2022-2026.,[]
Brazil,2022–2026,1,in collaboration with UNEP Brazil low emission development strategy revised policy strategy legal framework law regulation action plan after:2022-01-01 before:2026-01-01,Summary report 2–5 December 2025,https://enb.iisd.org/barcelona-convention-cop24-summary,Its objectives included: ensuring the sustainable management of natural marine and land resources and integrating the environment into socio-economic ...,https://enb.iisd.org › barcelona-convention-cop24-sum...,enb_iisd_org_Summary_report_2_5_December_2025.txt,False,False,0,0,none,none,global,"The document does not contain explicit evidence related to Brazil's climate mitigation, adaptation, or disaster risk reduction strategy/policy/legal framework for the time window 2022-2026.",There is no explicit link between UNEP and strengthening/enabling/adoption/implementation of the SP1.2 policy/strategy/legal framework outcome in Brazil during 2022-2026.,[]
Brazil,2022–2026,1,in collaboration with UNEP Brazil low emission development strategy revised policy strategy legal framework law regulation action plan after:2022-01-01 before:2026-01-01,THE CLIMATE FINANCE ECOSYSTEM IN BRAZIL,https://institutotalanoa.org/wp-content/uploads/2024/09/00_NOAukpact-Mobile-EN-v20240912.pdf,"MDBs plan climate targets for the coming years, developing long-term strategies for low-carbon and climate-resilient develop- ment, with a focus on partnerships ...",https://institutotalanoa.org › uploads › 2024/09,institutotalanoa_org_THE_CLIMATE_FINANCE_ECOSYSTEM_IN_BRAZIL.txt,True,False,80,0,climate finance ecosystem,developed,national,"The document provides detailed information on Brazil's climate finance ecosystem, including public and private sources, intermediaries, and governance arrangements. It mentions the development of a Climate Plan and a Nationally Determined Contribution (NDC) under the Paris Agreement.",There is no explicit mention of UNEP's role in supporting or enabling the climate policy or legal framework outcomes in Brazil.,"[""The Brazilian government has taken significant measures to address climate change."", ""The development of the Climate Plan coordinated by the Ministry of Environment and Climate Change."", ""The Ecological Transformation Plan by the Ministry of Finance.""]"
Brazil,2022–2026,1,in collaboration with UNEP Brazil low emission development strategy revised policy strategy legal framework law regulation action plan after:2022-01-01 before:2026-01-01,The third generation of national climate plans,https://www.europarl.europa.eu/RegData/etudes/BRIE/2025/775905/EPRS_BRI(2025)775905_EN.pdf,"Under the Paris Agreement, all Parties should strive to formulate and communicate long-term low · GHG emissions development strategies, which can include target ...",https://www.europarl.europa.eu › etudes › BRIE,www_europarl_europa_eu_The_third_generation_of_national_climate_plans.txt,True,False,81,0,NDC,submitted,national,"The document mentions Brazil's NDC 3.0, which was submitted on 13 November 2024. The NDC 3.0 target is a reduction of net GHG emissions by 59-67% by 2035 from the 2005 level. Brazil's NDC 3.0 refers to its National Adaptation Strategy and 16 sectoral adaptation plans developed under its Climate Plan.",There is no explicit mention of UNEP's support or involvement in Brazil's NDC 3.0 development or implementation.,"[""Brazil – NDC 3.0 submitted on 13 November 2024"", ""NDC 3.0 target: Reduction of net GHG emissions by 59-67% by 2035 from the 2005 level"", ""National Adaptation Strategy under the Climate Plan, with 16 sectoral adaptation plans being developed""]"
Brazil,2022–2026,1,in collaboration with UNEP Brazil low emission development strategy revised policy strategy legal framework law regulation action plan after:2022-01-01 before:2026-01-01,"Bold Plans, Real Impact",https://www.unilever.com/files/bold-plans-real-impact.pdf,This report highlights how governments and businesses can collaborate to unlock the full potential of Nationally Determined Contributions (NDCs) and Climate ...,https://www.unilever.com › files › bold-plans-rea...,www_unilever_com_Bold_Plans_Real_Impact.txt,True,False,61,0,NDC implementation plan,adopted,national,"The document mentions Unilever's Climate Transition Action Plan (CTAP) and its alignment with Brazil's NDC, specifically in the areas of regenerative agriculture and deforestation-free supply chains.",There is no explicit mention of UNEP's involvement in supporting Brazil's climate policies or NDC implementation.,"[""Unilever’s CTAP states its goal to create a deforestation-free supply chain for key commodities; in Brazil, Unilever is partnering with a leading supplier to ensure the soybean oil used at the factory in Brazil comes from a deforestation-free supply chain."", ""Brazil’s latest NDC makes multiple references to “suppress and combat illegal deforestation”"", ""Unilever has a target of implementing regenerative agriculture practices on 1 million hectares of agricultural land by 2030 in its CTAP and is focusing on scaling regeneratively grown soy in Brazil at the farm level""]"
Brazil,2022–2026,1,in collaboration with UNEP Brazil low emission development strategy revised policy strategy legal framework law regulation action plan after:2022-01-01 before:2026-01-01,UNIDO - United Nations Industrial Development Organization,https://www.facebook.com/UNIDO.HQ/posts/many-nations-are-implementing-strategies-to-address-climate-change-impacts-both-/674675018170289/,"Many nations are implementing strategies to address climate change impacts, both within their borders and on the international stage. Meeting specific...",20+ reactions,www_facebook_com_UNIDO_United_Nations_Industrial_Development_Organi.txt,False,False,0,0,none,none,unclear,"The document does not contain explicit evidence related to climate mitigation, adaptation, or disaster risk reduction strategies/policies/legal frameworks for Brazil in 2022-2026.",There is no explicit link between UNEP and any climate policy/strategy/legal framework in Brazil during 2022-2026.,[]
Brazil,2022–2026,1,in collaboration with UNEP Brazil low emission development strategy revised policy strategy legal framework law regulation action plan after:2022-01-01 before:2026-01-01,Integrated fire management as an adaptation and ...,https://www.nature.com/articles/s43247-025-02165-9,This review explores Integrated Fire Management as both an adaptation and mitigation strategy for altered fire regimes.,https://www.nature.com › ... › perspectives,www_nature_com_Integrated_fire_management_as_an_adaptation_and_.txt,False,False,0,0,none,none,unclear,,,[]
Brazil,2022–2026,1,in collaboration with UNEP Brazil low emission development strategy revised policy strategy legal framework law regulation action plan after:2022-01-01 before:2026-01-01,Changing Climate in Brazil: Key Vulnerabilities and ...,https://www.elibrary.imf.org/view/journals/001/2024/185/article-A001-en.xml,Brazil's recently updated Action Plan for Deforestation Prevention and Control in the Legal Amazon (PPCDAm) 2023–27 specifies policies towards reaching this ...,https://www.elibrary.imf.org › journals › article-A001-en,www_elibrary_imf_org_Changing_Climate_in_Brazil_Key_Vulnerabilities_and.txt,True,False,80,0,mitigation strategy / adaptation strategy / national adaptation plan / NDC,adopted / approved / updated,national,"The document provides detailed information on Brazil's climate strategies, including its updated Nationally Determined Contribution (NDC) and various policy initiatives to address climate change. Brazil increased its climate pledges in 2023, committing to reducing emissions by 53 percent below 2005 levels by 2030 and reaching net zero emissions by 2050.",There is no explicit mention of UNEP's involvement in supporting or enabling the climate policy outcomes in Brazil within the provided document.,"[""Brazil increased its climate pledges in 2023, returning to its original 2015 target. The updated Nationally Determined Contribution (NDC) commits to reducing emissions by 53 percent below 2005 levels by 2030, covering all major emissions sources (including methane and land-use change), and reaching net zero emissions by 2050."", ""The Ministry of Finance’s Ecological Transformation Plan aims to steer green growth by enhancing technology and productivity in a green and equitable way, while decarbonizing the economy."", ""The Banco Central do Brasil’s (BCB) Sustainability Agenda is well-advanced, covering regulation, supervision, policy design, as well as internal measures and research.""]"
Brazil,2022–2026,1,in collaboration with UNEP Brazil low emission development strategy revised policy strategy legal framework law regulation action plan after:2022-01-01 before:2026-01-01,Threats to the Brazilian Environment and Environmental Policy,https://scholarship.law.columbia.edu/cgi/viewcontent.cgi?article=1055&context=sabin_climate_change,Brazil was not interested in enforcing the laws due to a concern that environmental protection would interfere with the country's development goals. The ...,https://scholarship.law.columbia.edu › viewcontent,scholarship_law_columbia_edu_Threats_to_the_Brazilian_Environment_and_Environme.txt,False,False,0,0,none,none,unclear,,,[]
Brazil,2022–2026,1,in collaboration with UNEP Brazil low emission development strategy revised policy strategy legal framework law regulation action plan after:2022-01-01 before:2026-01-01,Brazil,https://climateactiontracker.org/countries/brazil/,Brazil's overall rating of its climate targets and actions remain rated “Insufficient”. Brazil is not on track to reach either its 2025 target or its 2030.,https://climateactiontracker.org › countries › brazil,climateactiontracker_org_Brazil.txt,True,False,81,0,"NDC, national climate change policy, Ecological Transformation Plan","adopted, resubmitted, developed",national,"Brazil resubmitted its NDC in October 2023, which includes a renewed focus on combating deforestation. The government is reviewing the National Climate Change Policy (PNMC), which will include sectoral mitigation and adaptation strategies up to 2035. Brazil has also developed the Ecological Transformation Plan (PTE) to promote sustainable development.",There is no explicit mention of UNEP's involvement in the development or implementation of Brazil's climate policies.,"[""Brazil reverted to its original NDC targets, reflecting a renewed focus on combating deforestation."", ""The resubmission of its NDC in October 2023, followed by the ongoing process of reviewing the National Climate Change Policy (PNMC), which will now include sectoral mitigation and adaptation strategies covering the period up to 2035."", ""The development of new policies such as the Ecological Transformation Plan (PTE) to promote sustainable development while reducing Brazil’s overall environmental footprint.""]"
Brazil,2022–2026,1,in collaboration with UNEP Brazil low emission development strategy revised policy strategy legal framework law regulation action plan after:2022-01-01 before:2026-01-01,Finance and Economic Transformations,https://www.unep.org/topics/finance-and-economic-transformations,"Through finance and economic transformations, UNEP aims at scaling up policies and actions that enable just transitions to circular and resilient economies and ...",https://www.unep.org › topics › finance-and-economic-...,www_unep_org_Finance_and_Economic_Transformations.txt,False,False,0,0,none,none,global,"The document does not contain explicit evidence related to climate mitigation, adaptation, or disaster risk reduction strategies/policies/legal frameworks for Brazil in 2022-2026.",The document does not explicitly link UNEP to strengthening/enabling/adoption/implementation of any climate-related policy/strategy/legal framework in Brazil during 2022-2026.,[]
Brazil,2022–2026,1,in collaboration with UNEP Brazil low emission development strategy revised policy strategy legal framework law regulation action plan after:2022-01-01 before:2026-01-01,China's Policy Strategies for Green Low Carbon ...,https://unctad.org/system/files/official-document/gds2023d6_en.pdf,"In order to make better use of clean power generation, NEA released regulation by “Three Year's Action Plan on Utilization of Clean Energy” to ask to ...",https://unctad.org › files › official-document,unctad_org_China_s_Policy_Strategies_for_Green_Low_Carbon_.txt,False,False,0,0,none,none,none,"The document does not contain explicit evidence related to Brazil's climate change mitigation, adaptation, or disaster risk reduction strategies/policies/legal frameworks for the period 2022-2026.","There is no mention of UNEP's role in supporting Brazil's climate change mitigation, adaptation, or disaster risk reduction strategies/policies/legal frameworks for the period 2022-2026.",[]
Brazil,2022–2026,1,in collaboration with UNEP Brazil low emission development strategy revised policy strategy legal framework law regulation action plan after:2022-01-01 before:2026-01-01,COP30: Key outcomes agreed at the UN climate talks in ...,https://www.carbonbrief.org/cop30-key-outcomes-agreed-at-the-un-climate-talks-in-belem/,"A voluntary plan to curb fossil fuels, a goal to triple adaptation finance and new efforts to “strengthen” climate targets have been launched at the COP30 ...",https://www.carbonbrief.org › cop30-key-outcomes-agr...,www_carbonbrief_org_COP30_Key_outcomes_agreed_at_the_UN_climate_talks_.txt,False,False,0,0,none,none,none,,,[]
Brazil,2022–2026,1,in collaboration with UNEP Brazil low emission development strategy revised policy strategy legal framework law regulation action plan after:2022-01-01 before:2026-01-01,Brazil: 1.5°C-aligned 2030 and 2035 GHG emissions targets,https://ca1-clm.edcdn.com/publications/Brazil-NPE-factsheet.pdf?v=1737994042,"Despite updated NDC targets, the government continues with contradictory policies, introducing new initiatives to slow deforestation while also planning.",https://ca1-clm.edcdn.com › Brazil-NPE-factsheet,ca1-clm_edcdn_com_Brazil_1_5_C_aligned_2030_and_2035_GHG_emissions_t.txt,True,False,80,0,NDC,submitted,national,"The document provides clear evidence of Brazil's adoption of a climate change mitigation strategy, specifically the submission of its updated NDC in 2024, which includes targets for 2030 and 2035.",There is no explicit link between UNEP and the adoption or implementation of Brazil's NDC or climate policies in the provided document.,"[""Brazil's 2024 NDC reiterates its long-term objective to achieve climate neutrality by 2050."", ""The Brazilian government officially submitted its updated NDC (2024 NDC) during COP29, in November 2024.""]"
Brazil,2022–2026,1,in collaboration with UNEP Brazil low emission development strategy revised policy strategy legal framework law regulation action plan after:2022-01-01 before:2026-01-01,International environmental protection report (April 2022 to ...,https://www.gov.uk/government/publications/international-environmental-protection-report/international-environmental-protection-report-april-2022-to-march-2024,This international environmental protection report is the first of its kind. It covers significant international developments in environmental protection and ...,https://www.gov.uk › government › publications › inter...,www_gov_uk_International_environmental_protection_report_Apri.txt,False,False,0,0,none,none,global,"The document does not contain explicit evidence related to Brazil's climate mitigation, adaptation, or disaster risk reduction strategy/policy/legal framework for the time window 2022-2026.",There is no explicit link between UNEP and any climate policy or strategy in Brazil for the specified time period.,[]
Brazil,2022–2026,1,in collaboration with UNEP Brazil low emission development strategy revised policy strategy legal framework law regulation action plan after:2022-01-01 before:2026-01-01,Climate Change Policy Framework for Jamaica,https://www.mof.gov.jm/wp-content/uploads/Updated-Climate-Change-Policy-Framework_with-message-16032023.pdf,"Extreme weather events, induced by worsening climate change, are impacting countries all around the globe. Droughts, more intense hurricanes and typhoons, ...",https://www.mof.gov.jm › wp-content › uploads,www_mof_gov_jm_Climate_Change_Policy_Framework_for_Jamaica.txt,False,False,0,0,none,none,none,"The document is about Jamaica's climate change policy framework, but it is not relevant to Brazil or the time window 2022-2026.",There is no mention of UNEP's role in supporting or enabling Jamaica's climate change policy framework.,[]
Brazil,2022–2026,2,UNEP supported Brazil climate resilience strategy validated policy strategy legal framework law regulation action plan after:2022-01-01 before:2026-01-01,UNEP and Ministry of Environment sign agreement to ...,https://www.unep.org/news-and-stories/press-release/unep-and-ministry-environment-sign-agreement-reinforce-environmental,"The memorandum outlines UNEP's support in four key areas: climate action, action for nature, action against chemicals and pollution, and strengthening ...","https://www.unep.org › News, Stories & Speeches",www_unep_org_UNEP_and_Ministry_of_Environment_sign_agreement_to.txt,True,True,80,80,mitigation strategy / adaptation strategy / policy / legal framework / NDC implementation plan,developed / implemented,national,"The document mentions the development of Brazil's National Climate Plan, including a National Mitigation Strategy and Sector Plans, which indicates clear evidence of officially developed climate mitigation strategy/policy/legal framework.","The document explicitly links UNEP to the development of Brazil's National Climate Plan, including formulating a National Mitigation Strategy and corresponding Sector Plans, which indicates strong UNEP involvement in climate policy/strategy/legal framework development.","[""The collaboration will support the development of Brazil's National Climate Plan, which includes formulating a National Mitigation Strategy and corresponding Sector Plans."", ""UNEP and the Ministry of Environment and Climate Change (MMA) of Brazil signed a Memorandum of Understanding to reinforce Environmental Action in Brazil."", ""The signing of this agreement with Brazil underscores our ongoing commitment to the environment and sustainable development in one of the world's most biodiverse regions.""]"
Brazil,2022–2026,2,UNEP supported Brazil climate resilience strategy validated policy strategy legal framework law regulation action plan after:2022-01-01 before:2026-01-01,Brazil's Ecological Transformation Plan: A Green Transition ...,https://www.financeministersforclimate.org/node/1293,"Brazil's Ecological Transformation Plan (ETP) outlines a strategy to align climate objectives with social and economic development, aiming to support the ...",https://www.financeministersforclimate.org › node,www_financeministersforclimate_org_Brazil_s_Ecological_Transformation_Plan_A_Green_Tr.txt,True,False,90,0,climate change mitigation strategy,launched,national,"The document describes Brazil's Ecological Transformation Plan (ETP), a comprehensive framework to decarbonize the economy, improve productivity, and reduce regional and social inequalities. The plan aligns climate objectives with social and economic development, aiming to support Brazil's transition toward a low-carbon economy.","Although UNEP is mentioned as leading a study using an input-output model to estimate the impacts of the ETP, there is no explicit link between UNEP and the adoption, approval, enactment, endorsement, launch, or implementation of the ETP itself.","[""Brazil’s Ecological Transformation Plan (ETP) outlines a strategy to align climate objectives with social and economic development, aiming to support the country’s transition toward a low-carbon economy."", ""The ETP is organized around six strategic pillars, each with a specific policy agenda: Sustainable finance, Technological modernization, Bioeconomy and agro-food systems, Energy transition, Circular economy, and Green infrastructure and adaptation."", ""Two studies — one conducted with the World Bank using a dynamic stochastic model and another led by UNEP’s Partnership for Action on Green Economy using an input-output model — estimate that full implementation of the ETP could: Increase Brazil’s potential GDP by up to 1 percentage point by 2050, Create 2.3 million new jobs, Boost per capita income and investment, Reduce inequality, All while meeting the net-zero emissions target.""]"
Brazil,2022–2026,1,in collaboration with UNEP Brazil low emission development strategy revised policy strategy legal framework law regulation action plan after:2022-01-01 before:2026-01-01,Global EV Policy Explorer – Data Tools,https://www.iea.org/data-and-statistics/data-tools/global-ev-policy-explorer,The table highlights current as well as announced key policies and measures that support the deployment of electric vehicles (EVs) and zero-emission vehicles ( ...,https://www.iea.org › data-and-statistics › global-ev-pol...,www_iea_org_Global_EV_Policy_Explorer_Data_Tools.txt,True,False,81,0,national legislation,adopted,national,"Brazil introduced the National Green Mobility and Innovation Program (MOVER) through Provisional Measure 1,205/2023, which establishes guidelines for the local automotive sector, including fleet sustainability requirements and incentives for producing new technologies. This program outlines financial incentives and support, such as credits and fiscal incentives (up to R$ 19.3 billion in financial credits between 2024 and 2028) and a National Fund for Industrial Development.",There is no explicit mention of UNEP's involvement in the development or implementation of Brazil's National Green Mobility and Innovation Program.,"[""National Green Mobility and Innovation Program (\""MOVER\"")"", ""Provisional Measure 1,205/2023"", ""guidelines for the local automotive sector"", ""fleet sustainability requirements"", ""incentives for the production of new technologies"", ""financial incentives and support"", ""credits and fiscal incentives (up to R$ 19.3 billion in financial credits between 2024 and 2028)"", ""National Fund for Industrial Development""]"
Brazil,2022–2026,2,UNEP supported Brazil climate resilience strategy validated policy strategy legal framework law regulation action plan after:2022-01-01 before:2026-01-01,Assessment of the policy framework impact on the renewable ...,https://climateactiontransparency.org/resources/brazil-recommendations-for-policymakers-on-how-to-improve-the-existing-legal-and-regulatory-framework/,"The Climate Plan, to be presented in 2025, is an update to the National Climate Change. Policy (2016) with Brazil's targets for reducing greenhouse gas ...",https://climateactiontransparency.org › resources,climateactiontransparency_org_Assessment_of_the_policy_framework_impact_on_the_r.txt,True,False,80,0,"climate change mitigation strategy, policy, action plan, regulation, or legal framework; climate change adaptation strategy, policy, action plan, regulation, or legal framework; disaster risk reduction strategy, policy, action plan, regulation, or legal framework; climate law, climate act, or legally binding climate-related framework; low-emission development strategy; long-term low-emission development strategy; net-zero strategy; nationally determined contribution or NDC implementation plan; national adaptation plan","adopted, approved, enacted, endorsed, launched, implemented",national,"The document provides explicit evidence of various climate change mitigation, adaptation, and disaster risk reduction strategies/policies/legal frameworks adopted in Brazil during 2022-2026. These include policies and programs related to renewable energy, energy efficiency, climate change mitigation, and adaptation.","There is no explicit link between UNEP and the adoption, approval, enactment, endorsement, launching, implementing, developing, strengthening, or operationalizing of the climate mitigation, adaptation, or disaster risk reduction strategy/policy/legal framework in Brazil during 2022-2026.","[""Brazil has played a relevant role in international climate change negotiations"", ""The 2023 update of Brazil’s NDC to the Paris Agreement, announced at the Climate Ambition Summit (New York), returns the country’s climate ambition to the level of the First NDC of 2015"", ""Brazil’s commitments also include a long-term objective to achieve climate neutrality by 2050"", ""The Brazilian Labelling Program (PBE) classifies products based on their performance in energy efficiency"", ""Procel has significantly contributed to energy conservation, cost savings, and reduced greenhouse gas emissions in Brazil"", ""The PotencializEE – Transformative Investments in Energy Efficiency is a collaboration between Brazil and Germany for Sustainable Development"", ""Proinfa aims to increase the use of renewables like small hydroelectric, wind, and biomass plants"", ""RenovaBio aims to expand biofuel production sustainably"", ""Brazil has an energy auction system to buy electricity generated by new power plants and expand transmission lines"", ""ProGD encourages the development of distributed generation from renewable sources"", ""The Just Energy Transition Program (TEJ) seeks a just energy transition with a focus on social impacts"", ""The decree requires refinement to address regulatory and environmental issues"", ""Law n. 14,300/2022, the 'Legal Framework of Distributed Generation,' established regulations for distributed microgeneration and mini-generation""]"
Brazil,2022–2026,2,UNEP supported Brazil climate resilience strategy validated policy strategy legal framework law regulation action plan after:2022-01-01 before:2026-01-01,Adapting to a New Climate,https://www.unepfi.org/wordpress/wp-content/uploads/2022/11/Adapting-to-a-New-Climate.pdf,"This paper does not propose a comprehensive framework, but details the context of physical climate impacts, how banks are currently facing this challenge ...",https://www.unepfi.org › uploads › 2022/11 › A...,www_unepfi_org_Adapting_to_a_New_Climate.txt,False,False,0,0,none,none,unclear,,,[]
Brazil,2022–2026,2,UNEP supported Brazil climate resilience strategy validated policy strategy legal framework law regulation action plan after:2022-01-01 before:2026-01-01,The Carbon Market and its Regulation in Brazil,https://scholarship.law.columbia.edu/cgi/viewcontent.cgi?article=1194&context=sabin_climate_change,"The Sabin Center for Climate Change Law develops legal techniques to fight climate change, trains law students and lawyers in their use, and provides the ...",https://scholarship.law.columbia.edu › viewcontent,scholarship_law_columbia_edu_The_Carbon_Market_and_its_Regulation_in_Brazil.txt,False,False,0,0,none,none,unclear,,,[]
Brazil,2022–2026,2,UNEP supported Brazil climate resilience strategy validated policy strategy legal framework law regulation action plan after:2022-01-01 before:2026-01-01,Brazil,https://climateactiontracker.org/countries/brazil/policies-action/,"The ABC+ Plan aims to prevent over one billion tonnes of carbon emissions between 2021-2030, primarily through restoring degraded pastures and planting forests.",https://climateactiontracker.org › brazil › policies-action,climateactiontracker_org_Brazil.txt,True,False,80,0,"NDC, National Climate Change Policy (PNMC), Ecological Transformation Plan (PTE)","resubmitted, reviewed, developed",national,"Brazil resubmitted its NDC in October 2023, and is reviewing its National Climate Change Policy (PNMC) to include sectoral mitigation and adaptation strategies up to 2035. The Ecological Transformation Plan (PTE) was developed to promote sustainable development.",There is no explicit mention of UNEP's involvement in the development or implementation of Brazil's climate policies.,"[""Brazil reverted to its original NDC targets, reflecting a renewed focus on combating deforestation."", ""The resubmission of its NDC in October 2023, followed by the ongoing process of reviewing the National Climate Change Policy (PNMC),"", ""The development of new policies such as the Ecological Transformation Plan (PTE) to promote sustainable development""]"
Brazil,2022–2026,2,UNEP supported Brazil climate resilience strategy validated policy strategy legal framework law regulation action plan after:2022-01-01 before:2026-01-01,𝗕𝗢𝗧𝗦𝗪𝗔𝗡𝗔 𝗨𝗡𝗩𝗘𝗜𝗟𝗦 𝗕𝗢𝗟𝗗 𝗖𝗟𝗜𝗠𝗔𝗧𝗘 ...,https://www.facebook.com/theprojectsbw/posts/%F0%9D%97%95%F0%9D%97%A2%F0%9D%97%A7%F0%9D%97%A6%F0%9D%97%AA%F0%9D%97%94%F0%9D%97%A1%F0%9D%97%94-%F0%9D%97%A8%F0%9D%97%A1%F0%9D%97%A9%F0%9D%97%98%F0%9D%97%9C%F0%9D%97%9F%F0%9D%97%A6-%F0%9D%97%95%F0%9D%97%A2%F0%9D%97%9F%F0%9D%97%97-%F0%9D%97%96%F0%9D%97%9F%F0%9D%97%9C%F0%9D%97%A0%F0%9D%97%94%F0%9D%97%A7%F0%9D%97%98-%F0%9D%97%A5%F0%9D%97%98%F0%9D%97%A6%F0%9D%97%9C%F0%9D%97%9F%F0%9D%97%9C%F0%9D%97%98%F0%9D%97%A1%F0%9D%97%96%F0%9D%97%98-%F0%9D%97%A6%F0%9D%97%A7%F0%9D%97%A5%F0%9D%97%94%F0%9D%97%A7%F0%9D%97%98%F0%9D%97%9A%F0%9D%97%AC-%F0%9D%97%94%F0%9D%97%A7-%F0%9D%97%96%F0%9D%97%A2%F0%9D%97%A3%F0%9D%9F%AF%F0%9D%9F%ACbotswana-has-reaffirme/1148928767443313/,"We are building climate resilience by strengthening our existing plans and directly supporting our communities, ensuring people have the choice to stay on their ...",10+ reactions,www_facebook_com__.txt,False,False,0,0,none,none,unclear,"The document does not contain explicit evidence related to Brazil's climate mitigation, adaptation, or disaster risk reduction strategy/policy/legal framework for the period 2022-2026.",There is no explicit link between UNEP and any climate policy or strategy in Brazil for the period 2022-2026.,[]
Brazil,2022–2026,2,UNEP supported Brazil climate resilience strategy validated policy strategy legal framework law regulation action plan after:2022-01-01 before:2026-01-01,An overview of EU and Brazilian legislation,https://climatefocus.com/wp-content/uploads/2022/11/Overview-of-EU-and-BR-Legislation_ENG.pdf,"On Brazil: this document provides a panorama from long established sustainable agricultural and forest protection policies and laws, over more recent ...",https://climatefocus.com › uploads › 2022/11 › O...,climatefocus_com_An_overview_of_EU_and_Brazilian_legislation.txt,True,False,80,0,"climate change mitigation strategy, policy, action plan, regulation, or legal framework; climate change adaptation strategy, policy, action plan, regulation, or legal framework; disaster risk reduction strategy, policy, action plan, regulation, or legal framework; climate law, climate act, or legally binding climate-related framework; low-emission development strategy; long-term low-emission development strategy; net-zero strategy; nationally determined contribution or NDC implementation plan; national adaptation plan","adopted, approved, enacted, endorsed, launched, implemented, developed",national,"The document provides an overview of key legislation in the areas of sustainable finance as well as sustainable land use, including reducing and halting deforestation, currently in development and implemented in Brazil. It presents several laws and initiatives related to sustainable finance and sustainable land use in Brazil, such as the Forest Code, the Low-Carbon Agricultural Plan (Plano ABC), the Green Growth Plan, and SINARE. The document also highlights the importance of cooperation between the EU and Brazil to increase coherence, compatibility, and impact of policy and legislation.","There is no explicit mention of UNEP's role in supporting or enabling the adoption, approval, enactment, endorsement, launch, or implementation of climate change mitigation, adaptation, or disaster risk reduction strategies/policies/legal frameworks in Brazil.","[""Brazil has long established a set of laws dedicated to more sustainable agricultural practices and technologies."", ""The Forest Code, enacted in 2012, is a central piece of legislation for environmental and forest conservation in Brazil."", ""The Low-Carbon Agricultural Plan (Plano ABC) offers subsidized credit lines for producers implementing certain low-carbon agricultural techniques."", ""The Green Growth Plan was launched in 2021 to achieve green growth through financing and subsidies to encourage sustainable economic activities."", ""SINARE, established in May 2022, is a national system for reducing GHG emissions.""]"
Brazil,2022–2026,2,UNEP supported Brazil climate resilience strategy validated policy strategy legal framework law regulation action plan after:2022-01-01 before:2026-01-01,Changing Climate in Brazil: Key Vulnerabilities and ...,https://www.elibrary.imf.org/view/journals/001/2024/185/article-A001-en.xml,This paper assesses the Brazilian economy's exposure to climate change focusing on two key areas: agriculture and hydropower. While climate vulnerabilities ...,https://www.elibrary.imf.org › journals › article-A001-en,www_elibrary_imf_org_Changing_Climate_in_Brazil_Key_Vulnerabilities_and.txt,True,False,80,0,nationally determined contribution,approved,national,"The document mentions Brazil's updated Nationally Determined Contribution (NDC) in 2023, committing to reducing emissions by 53 percent below 2005 levels by 2030, covering all major emissions sources (including methane and land-use change), and reaching net zero emissions by 2050.",There is no explicit mention of UNEP's involvement in the development or implementation of Brazil's climate policies within the provided document.,"[""Brazil increased its climate pledges in 2023, returning to its original 2015 target. The updated Nationally Determined Contribution (NDC) commits to reducing emissions by 53 percent below 2005 levels by 2030, covering all major emissions sources (including methane and land-use change), and reaching net zero emissions by 2050."", ""The Ministry of Finance’s Ecological Transformation Plan aims to steer green growth by enhancing technology and productivity in a green and equitable way, while decarbonizing the economy.""]"
Brazil,2022–2026,2,UNEP supported Brazil climate resilience strategy validated policy strategy legal framework law regulation action plan after:2022-01-01 before:2026-01-01,Climate Reports,https://www.un.org/en/climatechange/reports,A series of annual global and regional reports which seek to inform decision-making for national and regional adaptation strategies and to build resilience in ...,https://www.un.org › climatechange › reports,www_un_org_Climate_Reports.txt,False,False,0,0,none,none,global,"The document does not contain explicit evidence related to climate change mitigation, adaptation, or disaster risk reduction strategies specific to Brazil in 2022-2026.",There is no explicit link between UNEP and any climate policy or strategy in Brazil during 2022-2026.,[]
Brazil,2022–2026,2,UNEP supported Brazil climate resilience strategy validated policy strategy legal framework law regulation action plan after:2022-01-01 before:2026-01-01,Big ambitions and insufficient actions: A decade of climate ...,https://www.sciencedirect.com/science/article/pii/S1674927825001601,"This study examines the progress and gaps of climate adaptation over the past decade across four key themes‒awareness, policies, financing, and implementation, ...",https://www.sciencedirect.com › science › article › pii,www_sciencedirect_com_Big_ambitions_and_insufficient_actions_A_decade_of.txt,False,False,0,0,none,none,unclear,,,[]
Brazil,2022–2026,2,UNEP supported Brazil climate resilience strategy validated policy strategy legal framework law regulation action plan after:2022-01-01 before:2026-01-01,Brazil's Climate Policy in Full 2024,https://politicaporinteiro.org/wp-content/uploads/2025/10/00_PCPInteiro-2024-Web-EN.pdf,"The most challeng- ing part of drafting the Climate Plan is set to be revealed in 2025, including strategies and sectoral mitigation plans. These actions will ...",https://politicaporinteiro.org › uploads › 2025/10,politicaporinteiro_org_Brazil_s_Climate_Policy_in_Full_2024.txt,True,False,80,0,"national adaptation plan, climate law, climate policy, NDC implementation plan","adopted, approved, implemented",national,"The document provides clear evidence of Brazil's climate policies and actions taken in 2022-2026, including the adoption of a national adaptation strategy, reduction in deforestation, and expansion of climate finance instruments.",There is no explicit link between UNEP and the climate policy actions described in the document.,"[""Brazil has introduced a National Adaptation Strategy"", ""reduction in deforestation in the Amazon and Cerrado"", ""expansion of climate finance instruments"", ""issuance of sovereign green bonds""]"
Brazil,2022–2026,2,UNEP supported Brazil climate resilience strategy validated policy strategy legal framework law regulation action plan after:2022-01-01 before:2026-01-01,Brazil: New federal law establishes guidelines for drawing ...,https://www.globalcompliancenews.com/2024/08/21/brazil-new-federal-law-establishes-guidelines-for-drawing-up-climate-change-adaptation-plans/,"The law establishes guidelines for the preparation of climate change adaptation plans, with the aim of guiding the implementation of measures to reduce the ...",https://www.globalcompliancenews.com › 2024/08/21,www_globalcompliancenews_com_Brazil_New_federal_law_establishes_guidelines_for_.txt,True,False,90,0,climate change adaptation law,adopted,national,"The document reports on the adoption of Federal Law No. 14.904/2024 in Brazil, which establishes guidelines for drawing up climate change adaptation plans. This law aligns with the country's commitments under the Paris Agreement and the National Policy on Climate Change (PNMC).",There is no explicit mention of UNEP's involvement or support in the adoption or implementation of the Federal Law No. 14.904/2024.,"[""Federal Law No. 14.904/2024 was published."", ""The law establishes guidelines for the preparation of climate change adaptation plans."", ""The guidelines include the identification, evaluation and prioritization of measures to deal with recurrent natural disasters and reduce the vulnerability and exposure of environmental, social, economic and infrastructure systems.""]"
Brazil,2022–2026,2,UNEP supported Brazil climate resilience strategy validated policy strategy legal framework law regulation action plan after:2022-01-01 before:2026-01-01,Climate Resilient Infrastructure Handbook,https://gca.org/wp-content/uploads/2025/06/Climate-Resilient-Infrastructure-Handbook_20250613.pdf,"The Climate Resilient Infrastructure Handbook has been revised in 2025 to provide infrastructure and. PPP practitioners with the most up-to-date guidance, tools ...",https://gca.org › wp-content › uploads › 2025/06,gca_org_Climate_Resilient_Infrastructure_Handbook.txt,False,False,0,0,none,none,none,"The document does not contain explicit evidence related to climate change mitigation, adaptation, or disaster risk reduction strategies/policies/legal frameworks for Brazil in 2022-2026.",There is no explicit link between UNEP and any climate policy or legal framework outcome in Brazil for 2022-2026.,[]
Brazil,2022–2026,2,UNEP supported Brazil climate resilience strategy validated policy strategy legal framework law regulation action plan after:2022-01-01 before:2026-01-01,Global Framework for Action,https://www.oneplanetnetwork.org/sites/default/files/2025-07/250515-Global%20Framework%20for%20Action_V9.pdf,"international initiatives, setting and enabling a framework to facilitate national policies for decarbonisation and climate resilience of buildings.",https://www.oneplanetnetwork.org › default › files,www_oneplanetnetwork_org_Global_Framework_for_Action.txt,False,False,0,0,none,none,unclear,,,[]
Brazil,2022–2026,2,UNEP supported Brazil climate resilience strategy validated policy strategy legal framework law regulation action plan after:2022-01-01 before:2026-01-01,THE CLIMATE FINANCE ECOSYSTEM IN BRAZIL,https://institutotalanoa.org/wp-content/uploads/2024/09/00_NOAukpact-Mobile-EN-v20240912.pdf,"Our purpose is for this report to be used to mobilize strategic actors to implement. Brazilian climate policy with more vigor and speed, in the context of the ...",https://institutotalanoa.org › uploads › 2024/09,institutotalanoa_org_THE_CLIMATE_FINANCE_ECOSYSTEM_IN_BRAZIL.txt,True,False,80,0,climate finance strategy / policy / legal framework,developed,national,"The document discusses Brazil's climate finance ecosystem, including climate policies and commitments, and provides evidence of official development of climate finance strategies.",There is no explicit link between UNEP and the climate policy or strategy development in Brazil mentioned in the document.,"[""Brazil has a unique opportunity to present a climate finance plan for the Climate Plan and Nationally Determined Contribution (NDC) under the Paris Agreement."", ""The government must enhance its institutional capacity to mobilize all available sources of public and private capital for transition and resilience."", ""Structuring a climate finance strategy is a new exercise for Brazil."", ""The Brazilian government has taken significant measures to address climate change, including the resumption of the Interministerial Committee on Climate Change (CIM) and the development of the Climate Plan.""]"
Brazil,2022–2026,2,UNEP supported Brazil climate resilience strategy validated policy strategy legal framework law regulation action plan after:2022-01-01 before:2026-01-01,Brazil's Climate Policy in Full 2024,https://politicaporinteiro.org/wp-content/uploads/2025/10/00_PCPInteiro-2024-Web-EN.pdf,"The most challeng- ing part of drafting the Climate Plan is set to be revealed in 2025, including strategies and sectoral mitigation plans. These actions will ...",https://politicaporinteiro.org › uploads › 2025/10,politicaporinteiro_org_Brazil_s_Climate_Policy_in_Full_2024.txt,True,False,80,0,"national adaptation plan, climate law, NDC implementation plan, low-emission development strategy","adopted, approved, launched, implemented",national,"The document provides clear evidence of Brazil's efforts to adopt and implement climate change mitigation and adaptation strategies, policies, and legal frameworks, such as the National Adaptation Strategy, Climate Plan, and NDC.",There is no explicit evidence that UNEP supported or enabled the adoption of climate policies in Brazil during 2022-2026.,"[""Brazil has introduced a National Adaptation Strategy"", ""The Climate Plan is under construction"", ""Brazil's new NDC reaffirms the goal of zero deforestation"", ""The government has indicated incentives to curb deforestation"", ""The National Bioeconomy Strategy was published""]"
Brazil,2022–2026,2,UNEP supported Brazil climate resilience strategy validated policy strategy legal framework law regulation action plan after:2022-01-01 before:2026-01-01,Special Study on REDD+ results based-payment projects ...,https://ieu.greenclimate.fund/sites/default/files/document/redd-special-study-120824.pdf,"During the 37th session of GCF Board in October 2023, in the document GCF/B.37/21, IEU presented its proposed Work Programme and Budget for 2024.",https://ieu.greenclimate.fund › files › document,ieu_greenclimate_fund_Special_Study_on_REDD_results_based_payment_projec.txt,True,False,81,0,REDD+ results-based payment project,implemented,national,"The document provides explicit evidence of Brazil's REDD+ strategy and its alignment with the Warsaw Framework and the Green Climate Fund (GCF) REDD+ Results-Based Payment (RBP) pilot programme. The country's REDD+ strategy is part of its national climate change policy, and it has received funding from the GCF for REDD+ activities.","There is no explicit link between UNEP and the REDD+ RBP project's climate policy outcomes in Brazil during 2022-2026. Although UNEP is mentioned as one of the implementing agencies of REDD+ programmes, there is no specific mention of its role in the GCF REDD+ RBP pilot programme in Brazil.","[""Brazil’s Public Forest Management Law in 2006"", ""GCF REDD+ Results-Based Payment (RBP) pilot programme"", ""Warsaw Framework for REDD+"", ""United Nations Development Programme (UNDP) operates projects FP100 (Brazil)""]"
Brazil,2022–2026,2,UNEP supported Brazil climate resilience strategy validated policy strategy legal framework law regulation action plan after:2022-01-01 before:2026-01-01,united-nations-sustainable-development-cooperation ...,https://www.gov.br/abc/pt-br/centrais-de-conteudo/publicacoes/documentos/united-nations-sustainable-development-cooperation-framework-202320132027.pdf,"By 2027, Brazil will have made progress in implementing actions to mitigate climate change and adapt to its effects, reduce deforestation and disaster risks, ...",https://www.gov.br › publicacoes › documentos,www_gov_br_united_nations_sustainable_development_cooperation.txt,False,False,0,0,none,none,national,"The document does not contain explicit evidence related to climate change mitigation, adaptation, or disaster risk reduction strategies/policies/legal frameworks for Brazil in 2022-2026.",There is no explicit link between UNEP and any climate policy or strategy in Brazil for 2022-2026.,"[""No relevant phrases""]"
Brazil,2022–2026,2,UNEP supported Brazil climate resilience strategy validated policy strategy legal framework law regulation action plan after:2022-01-01 before:2026-01-01,Global Framework for Action,https://www.oneplanetnetwork.org/sites/default/files/2025-07/250515-Global%20Framework%20for%20Action_V9.pdf,"international initiatives, setting and enabling a framework to facilitate national policies for decarbonisation and climate resilience of buildings.",https://www.oneplanetnetwork.org › default › files,www_oneplanetnetwork_org_Global_Framework_for_Action.txt,False,False,0,0,none,none,unclear,,,[]
Brazil,2022–2026,2,UNEP supported Brazil climate resilience strategy validated policy strategy legal framework law regulation action plan after:2022-01-01 before:2026-01-01,COP30 At a Glance: Key Outcomes and Insights from ...,https://sdgresources.relx.com/features/cop30-glance-key-outcomes-and-insights-2025-global-climate-summit,The plan aims to integrate national and subnational climate policies across all levels of government and sectors of society to accelerate the implementation of ...,https://sdgresources.relx.com › features › cop30-glance-...,sdgresources_relx_com_COP30_At_a_Glance_Key_Outcomes_and_Insights_from_.txt,False,False,0,0,none,none,unclear,,,[]
Brazil,2022–2026,2,UNEP supported Brazil climate resilience strategy validated policy strategy legal framework law regulation action plan after:2022-01-01 before:2026-01-01,Delivering the Belém Health Action Plan,https://cdn.who.int/media/docs/default-source/climate-change/cop30-special-report-on-health-and-climate-change.pdf?sfvrsn=d625cb16_3&download=true,"The report concludes with an in-depth examination of the profound limits to adaptation, the consequences of unmitigated climate change, the synergies between.",https://cdn.who.int › media › docs › climate-change,cdn_who_int_Delivering_the_Bel_m_Health_Action_Plan.txt,False,False,0,0,none,none,global,"The document does not contain explicit evidence related to climate change mitigation, adaptation, or disaster risk reduction strategies/policies/legal frameworks for Brazil in 2022-2026.",There is no explicit link between UNEP and any climate policy or strategy in Brazil during 2022-2026.,"[""This document is about health and climate change, not climate policy or UNEP activities.""]"
Brazil,2022–2026,2,UNEP supported Brazil climate resilience strategy validated policy strategy legal framework law regulation action plan after:2022-01-01 before:2026-01-01,Special Study on REDD+ results based-payment projects ...,https://ieu.greenclimate.fund/sites/default/files/document/redd-special-study-120824.pdf,"During the 37th session of GCF Board in October 2023, in the document GCF/B.37/21, IEU presented its proposed Work Programme and Budget for 2024.",https://ieu.greenclimate.fund › files › document,ieu_greenclimate_fund_Special_Study_on_REDD_results_based_payment_projec.txt,True,False,81,0,REDD+ results-based payment project,implemented,national,"The document provides explicit evidence of Brazil's involvement in the Green Climate Fund's (GCF) REDD+ Results-Based Payment (RBP) pilot programme, which aims to support countries in their efforts to reduce greenhouse gas emissions from deforestation and forest degradation. The programme is aligned with Brazil's Nationally Determined Contribution (NDC) and REDD+ strategy.","There is no explicit evidence linking UNEP to the adoption, approval, enactment, endorsement, launch, implementation, or operationalization of the climate policy or legal framework in Brazil during 2022-2026.","[""GCF REDD+ results-based payment pilot programme"", ""Brazil's involvement in the programme"", ""Alignment with Brazil's NDC and REDD+ strategy""]"
Brazil,2022–2026,2,UNEP supported Brazil climate resilience strategy validated policy strategy legal framework law regulation action plan after:2022-01-01 before:2026-01-01,Brazil Agriculture and LULUCF Inventory Needs Assessment ...,https://cgspace.cgiar.org/bitstreams/50eb21ea-1170-4c9b-95bc-a3de885dea84/download,"'establishes the legal framework for action to tackle climate change in Brazil' with specific reference to AFOLU throughout. Article 4, line. VI aims to ...",https://cgspace.cgiar.org › bitstreams › download,cgspace_cgiar_org_Brazil_Agriculture_and_LULUCF_Inventory_Needs_Asse.txt,False,False,0,0,none,none,unclear,,,[]
Brazil,2022–2026,2,UNEP supported Brazil climate resilience strategy validated policy strategy legal framework law regulation action plan after:2022-01-01 before:2026-01-01,TURKMENISTAN,https://www.undp.org/sites/g/files/zskgke326/files/2025-07/icpe-turkmenistan-report.pdf,"Strategic frameworks have been adopted in key areas such as climate change, disaster risk reduction and digitalization, with implementation ongoing during the ...",https://www.undp.org › icpe-turkmenistan-report,www_undp_org_TURKMENISTAN.txt,False,False,0,0,none,none,unclear,,,[]
Brazil,2022–2026,2,UNEP supported Brazil climate resilience strategy validated policy strategy legal framework law regulation action plan after:2022-01-01 before:2026-01-01,Promoting synergies between land degradation neutrality ...,https://www.unccd.int/sites/default/files/2024-12/LDN%20climate%20synergies.pdf,The guide specifically explores how the UNCCD's sustainable land stewardship tools—such as integrated land use management—can effectively support both climate ...,https://www.unccd.int › LDN climate synergies,www_unccd_int_Promoting_synergies_between_land_degradation_neutr.txt,True,False,40,0,National Adaptation Plan (NAP),developed,national,The document provides an in-depth analysis of Brazil's National Adaptation Plan (NAP) and its alignment with the United Nations Convention to Combat Desertification (UNCCD) and the United Nations Framework Convention on Climate Change (UNFCCC).,There is no explicit mention of UNEP's involvement in the development or implementation of Brazil's NAP.,"[""Brazil's NAP argues for strengthening actions for containment, reduction and prevention of desertification and dune formation, with a view to minimizing impacts and recovering the productive capacity of afflicted areas, by applying principles of soil conservation, sustainable management and use of water"", ""The NAP process was established under the UNFCCC to enable countries to identify medium- and long-term adaptation needs, and develop and implement strategies and programs to address those needs""]"
Brazil,2022–2026,2,UNEP supported Brazil climate resilience strategy validated policy strategy legal framework law regulation action plan after:2022-01-01 before:2026-01-01,"Climate finance in Bangladesh, India and Nepal",https://cdkn.org/sites/default/files/2022-11/South%20Asia%20climate%20finance%20compendium_Nov%202022_final_web.pdf,"National Adaptation Programmes of Action (NAPA), Bangladesh. Climate Change Strategy and Action Plan (BCCSAP), and more recently the Bangladesh Delta Plan ...",https://cdkn.org › sites › default › files › South As...,cdkn_org_Climate_finance_in_Bangladesh_India_and_Nepal.txt,False,False,0,0,none,none,none,"The document does not contain explicit evidence related to climate change mitigation, adaptation, or disaster risk reduction strategies/policies/legal frameworks for Brazil in 2022-2026.",There is no explicit link between UNEP and any climate policy or legal framework outcome in Brazil during 2022-2026.,[]
Brazil,2022–2026,2,UNEP supported Brazil climate resilience strategy validated policy strategy legal framework law regulation action plan after:2022-01-01 before:2026-01-01,Climate Change and Trade in the Philippines,https://www.intracen.org/file/20250703itcclimate-philipines04webpagespdf,"The paper proposes strategic actions in each of these three areas including exploiting green market opportunities, investing in renewable energy capacity, ...",https://www.intracen.org › file › 20250703itcclim...,www_intracen_org_Climate_Change_and_Trade_in_the_Philippines.txt,False,False,0,0,none,none,unclear,,,[]
Brazil,2022–2026,2,UNEP supported Brazil climate resilience strategy validated policy strategy legal framework law regulation action plan after:2022-01-01 before:2026-01-01,Strategic Framework - Tropical Forests Initiative for Climate ...,https://um.dk/media/yxydv3z5/rev-strategic-framework-for-the-tropical-forests-initiative-for-climate-and-sustainable-development.pdf,The initiative will address deforestation and support transformative and sustained change through long- term engagements in existing and new projects on forest ...,https://um.dk › media › rev-strategic-framework-...,um_dk_Strategic_Framework_Tropical_Forests_Initiative_fo.txt,False,False,0,0,none,none,none,"The document does not contain explicit evidence related to Brazil's climate change mitigation, adaptation, or disaster risk reduction strategies/policies/legal frameworks adopted in 2022-2026.","There is no explicit link between UNEP and climate change mitigation, adaptation, or disaster risk reduction strategies/policies/legal frameworks in Brazil for 2022-2026.",[]
Brazil,2022–2026,2,UNEP supported Brazil climate resilience strategy validated policy strategy legal framework law regulation action plan after:2022-01-01 before:2026-01-01,THE CLIMATE FINANCE ECOSYSTEM IN BRAZIL,https://institutotalanoa.org/wp-content/uploads/2024/09/00_NOAukpact-Mobile-EN-v20240912.pdf,"Our purpose is for this report to be used to mobilize strategic actors to implement. Brazilian climate policy with more vigor and speed, in the context of the ...",https://institutotalanoa.org › uploads › 2024/09,institutotalanoa_org_THE_CLIMATE_FINANCE_ECOSYSTEM_IN_BRAZIL.txt,True,False,80,0,climate finance ecosystem,developed,national,"The document provides detailed information on Brazil's climate finance ecosystem, including governance arrangements, sources of capital, intermediaries, and financial instruments. It mentions the development of the Climate Plan and the Nationally Determined Contribution (NDC) under the Paris Agreement.",There is no explicit mention of UNEP's role in supporting or enabling the climate policy or legal framework outcomes in Brazil during 2022-2026.,"[""The Brazilian government has taken significant measures to address climate change."", ""The resumption of the Interministerial Committee on Climate Change (CIM),"", ""the development of the Climate Plan coordinated by the Ministry of Environment and Climate Change,"", ""the Ecological Transformation Plan by the Ministry of Finance,""]"
Brazil,2022–2026,2,UNEP supported Brazil climate resilience strategy validated policy strategy legal framework law regulation action plan after:2022-01-01 before:2026-01-01,Results and Impact Report,https://www.undp.org/sites/g/files/zskgke326/files/2025-05/undp_brazil-results_and_impact_report_2024.pdf,"The overarching goal is to foster a resilient, decarbonised economy, aligned with national legal and regulatory frameworks and in accordance with Brazil's ...",https://www.undp.org › files › zskgke326 › files,www_undp_org_Results_and_Impact_Report.txt,False,False,0,0,none,none,unclear,,,[]
Brazil,2022–2026,2,UNEP supported Brazil climate resilience strategy validated policy strategy legal framework law regulation action plan after:2022-01-01 before:2026-01-01,Environmental law,https://en.wikipedia.org/wiki/Environmental_law,"Environmental law encompasses treaties, statutes, regulations, conventions, and policies designed to protect the natural environment",https://en.wikipedia.org › wiki › Environmental_law,en_wikipedia_org_Environmental_law.txt,False,False,0,0,none,none,global,"The document provided does not contain explicit evidence related to climate change mitigation, adaptation, or disaster risk reduction strategies/policies/legal frameworks for Brazil in 2022-2026. It primarily discusses general environmental law concepts and principles, but does not specifically address climate policies or actions in Brazil during the specified time frame.",There is no explicit link between UNEP and any climate policy or legal framework in Brazil for 2022-2026 mentioned in the document. The document does not attribute any climate-related actions or policies in Brazil to UNEP.,[]
Brazil,2022–2026,2,UNEP supported Brazil climate resilience strategy validated policy strategy legal framework law regulation action plan after:2022-01-01 before:2026-01-01,Building Climate-Resilient Food Systems Through the ...,https://www.mdpi.com/2076-3298/12/5/167,This review synthesizes current research on how the WEF-E nexus can guide climate adaptation strategies.,https://www.mdpi.com › ...,www_mdpi_com_Building_Climate_Resilient_Food_Systems_Through_th.txt,False,False,0,0,none,none,global,"The document does not provide explicit evidence related to Brazil's climate change mitigation, adaptation, or disaster risk reduction strategies/policies/legal frameworks for the time window 2022-2026.",There is no explicit link between UNEP and any climate policy or strategy in Brazil for the specified time period.,[]
Brazil,2022–2026,2,UNEP supported Brazil climate resilience strategy validated policy strategy legal framework law regulation action plan after:2022-01-01 before:2026-01-01,Inter-American Court of Human Rights Advisory Opinion AO ...,https://www.corteidh.or.cr/docs/opiniones/seriea_32_en.pdf,"... climate- · change; “Climate Change Policy,” 2019, available at: https://www.isdb.org/publications/isdb-climate- · change-policy, and “Climate Action Plan 2020 ...",https://www.corteidh.or.cr › docs › seriea_32_en,www_corteidh_or_cr_Inter_American_Court_of_Human_Rights_Advisory_Opin.txt,False,False,0,0,none,none,global,"The document does not contain explicit evidence related to Brazil's climate change mitigation, adaptation, or disaster risk reduction strategies/policies/legal frameworks adopted in 2022-2026.",There is no explicit link between UNEP and any climate policy or strategy in Brazil for the period 2022-2026.,[]
Brazil,2022–2026,2,UNEP supported Brazil climate resilience strategy validated policy strategy legal framework law regulation action plan after:2022-01-01 before:2026-01-01,COP30 Report,https://www.unepfi.org/wordpress/wp-content/uploads/2026/01/2025_taskforce_on_net_zero_policy_cop30_report_605206.pdf,This year's report outlines how policy makers and regulators can support NSAs in aligning to the goals of the Paris Agreement and the Rio Conventions and.,https://www.unepfi.org › uploads › 2026/01 › 2...,www_unepfi_org_COP30_Report.txt,False,False,0,0,none,none,global,"The document does not contain explicit evidence related to Brazil's climate mitigation, adaptation, or disaster risk reduction strategy/policy/legal framework for 2022-2026.",There is no explicit link between UNEP and any climate policy or strategy in Brazil for 2022-2026.,[]
Brazil,2022–2026,2,UNEP supported Brazil climate resilience strategy validated policy strategy legal framework law regulation action plan after:2022-01-01 before:2026-01-01,The Power of Policy,https://www.nature.org/content/dam/tnc/nature/en/documents/0/9/092925_ThePowerofPolicy_FINAL.pdf,... Climate Change Framework Law50 (2022) integrates climate action with sustainable water management and ... 34 Notice on the issuance of the “Beijing Municipal ...,https://www.nature.org › tnc › nature › documents,www_nature_org_The_Power_of_Policy.txt,False,False,0,0,none,none,unclear,,,[]
Brazil,2022–2026,2,UNEP supported Brazil climate resilience strategy validated policy strategy legal framework law regulation action plan after:2022-01-01 before:2026-01-01,Brazilian Agricultural Mitigation and Adaptation Policies,https://www.climatepolicyinitiative.org/wp-content/uploads/2023/07/Towards_Just_-Transition.pdf,"Brazil's agricultural sector has public policies that seek to promote mitigation and adaptation to climate change. This policy framework, if well implemented, ...",https://www.climatepolicyinitiative.org › 2023/07,www_climatepolicyinitiative_org_Brazilian_Agricultural_Mitigation_and_Adaptation_P.txt,True,False,80,0,"mitigation strategy, adaptation strategy, policy, legal framework, law, regulation, NDC, NAP, action plan","adopted, approved, enacted, endorsed, launched, implemented",national,"The document provides clear evidence of Brazil's climate policies and strategies for the agricultural sector, including mitigation and adaptation policies, and policies with elements of social and economic justice.",There is no explicit mention of UNEP's role in supporting or enabling the adoption or implementation of climate policies in Brazil.,"[""Brazil's agricultural sector has public policies that seek to promote mitigation and adaptation to climate change."", ""The National Policy on Climate Change (PNMC) established Brazil's commitment to reducing greenhouse gas emissions and resulted in the adoption of an Agricultural Sector Plan for Climate Change Mitigation and Adaptation for the Consolidation of a Low-Carbon Economy (ABC Plan)."", ""The ABC+ Plan is the main source of funding for actions to reduce carbon emissions in agriculture."", ""The National Policy on Agroecology and Organic Production (PNAPO) consolidates actions to promote agroecology and organic production.""]"
Brazil,2022–2026,2,UNEP supported Brazil climate resilience strategy validated policy strategy legal framework law regulation action plan after:2022-01-01 before:2026-01-01,Global Policy Dialogue for Sustainable Agriculture:,https://thedocs.worldbank.org/en/doc/ff1c481b22f46f9f996c37f59b3d3ccd-0320012023/original/Global-Policy-Dialogue-Compendium-2023-1.pdf,"Brazil has a well- developed legal framework and guidelines for adapting its agricultural sector to climate change, in its national sectoral strategy ABC+.",https://thedocs.worldbank.org › doc › original › G...,thedocs_worldbank_org_Global_Policy_Dialogue_for_Sustainable_Agriculture.txt,True,False,81,0,nationally determined contribution or NDC implementation plan,adopted,national,"Brazil has positioned itself as a highly competitive country for agricultural exports. The level of support to the sector is relatively low, reflecting the competitiveness of its exports. Meanwhile, Brazil has been increasingly greening the direct support provided to its farmers. Plano Safra 2023/24 is the highest level of support in Brazil's history, with an increase of 27% over last year's figures. Support to family farmers has increased in this package and is 34% more than in 2022/23.",There is no explicit mention of UNEP supporting or enabling the adoption or implementation of the climate policy in Brazil.,"[""Brazil has positioned itself as a highly competitive country for agricultural exports"", ""increasingly greening the direct support provided to its farmers"", ""Plano Safra 2023/24 is the highest level of support in Brazil's history"", ""61% of the amount of credit under Plano Safra directed at investment in 2021/22 supported investment in sustainable and low-carbon agriculture""]"
Brazil,2022–2026,2,UNEP supported Brazil climate resilience strategy validated policy strategy legal framework law regulation action plan after:2022-01-01 before:2026-01-01,Climate & Sustainability Interventions,https://www.acnur.org/br/sites/br/files/2025-12/202510-climate-sustainability-interventions-brazil.pdf,"Brazil is among the countries most exposed to climate hazards in Latin America. In 2023, the country recorded. 745,000 new displacements caused by ...",https://www.acnur.org › sites › files › 202510-cli...,www_acnur_org_Climate_Sustainability_Interventions.txt,False,False,0,0,none,none,unclear,,,[]
Brazil,2022–2026,2,UNEP supported Brazil climate resilience strategy validated policy strategy legal framework law regulation action plan after:2022-01-01 before:2026-01-01,Nature-based Solutions for urban climate resilience in ...,https://cdkn.org/sites/default/files/2022-11/NbS%20Compendium_Nov%202022_final_web.pdf,"This compendium was written by Rithika Fernandes, Vishakha Panwar and Monalisa Sen from. ICLEI-Local Governments for Sustainability, South Asia.",https://cdkn.org › sites › default › files,cdkn_org_Nature_based_Solutions_for_urban_climate_resilienc.txt,False,False,0,0,none,none,none,,,[]
