Entity,TimeWindow,QueryNumber,Query,Title,Link,Snippet,DisplayLink,TextFile,nature_relevant,unep_attributed,nature_framework_score,unep_attribution_score,nature_evidence_type,action_stage,evidence_level,nature_justification,unep_justification,evidence_phrases
Kenya,2018–2022,1,UNEP programme Kenya national biodiversity strategy implemented policy framework law regulation strategy action plan after:2018-01-01 before:2022-01-01,"📢 #TOMORROW ""Strengthening Non-State Actor ...",https://www.facebook.com/unepwcmc/posts/-tomorrow-strengthening-non-state-actor-commitments-for-biodiversity-in-the-cont/855065961736904/,Restore 30% of degraded land or marine ecosystems by 2030. This framework is an essential step in reversing biodiversity loss and restoring natural ecosystems.,5 reactions,www_facebook_com__TOMORROW_Strengthening_Non_State_Actor_.txt,False,False,0,0,none,none,unclear,"The document does not contain explicit evidence related to Kenya or the time window 2018-2022, nor does it discuss institutional frameworks, operational frameworks, policy instruments, legal instruments, positive incentives, or mechanisms for sustainable and inclusive management of biodiversity and land, or prevention of terrestrial, freshwater and marine ecosystem degradation.","The document does not explicitly link UNEP to strengthening, developing, adopting, implementing, revising, approving, establishing, or operationalizing any nature-related framework/instrument/incentive in Kenya during 2018-2022.",[]
Kenya,2018–2022,1,UNEP programme Kenya national biodiversity strategy implemented policy framework law regulation strategy action plan after:2018-01-01 before:2022-01-01,Draft National Biodiversity Strategy and Action plan,https://ke.chm-cbd.net/documents/draft-national-biodiversity-strategy-and-action-plan,The NBSAP 2019-2030 is presented as a road map to achieving biodiversity conservation targets in the country while also fulfilling international and regional ...,https://ke.chm-cbd.net › documents › draft-national-bio...,ke_chm-cbd_net_Draft_National_Biodiversity_Strategy_and_Action_pl.txt,True,False,80,0,policy instrument,developed,national,"The document presents a draft National Biodiversity Strategy and Action Plan (NBSAP) for Kenya, covering the period 2019-2030. This plan is a clear example of a policy instrument aimed at achieving biodiversity conservation targets.","There is no explicit mention of UNEP's involvement or support in the development, adoption, or implementation of the NBSAP.","[""The NBSAP 2019-2030 is presented as a road map to achieving biodiversity conservation targets in the country while also fulfilling international and regional obligations.""]"
Kenya,2018–2022,1,UNEP programme Kenya national biodiversity strategy implemented policy framework law regulation strategy action plan after:2018-01-01 before:2022-01-01,Mainstreaming biodiversity: A review of national strategies,https://pmc.ncbi.nlm.nih.gov/articles/PMC7083249/,This paper investigates the performance of countries at incorporating biodiversity mainstreaming into their post-2010 NBSAPs.,https://pmc.ncbi.nlm.nih.gov › articles › PMC7083249,pmc_ncbi_nlm_nih_gov_Mainstreaming_biodiversity_A_review_of_national_st.txt,False,False,0,0,none,none,unclear,,,[]
Kenya,2018–2022,1,UNEP programme Kenya national biodiversity strategy implemented policy framework law regulation strategy action plan after:2018-01-01 before:2022-01-01,Improving collaboration in the implementation of global ...,http://macroecointern.dk/pdf-reprints/von%20Bieberstein_CB_2018.pdf,Eight conventions make up the biodiversity cluster of Multilateral Environmental Agreements. (MEAs) which provide the critical international legal framework ...,http://macroecointern.dk › pdf-reprints,macroecointern_dk_Improving_collaboration_in_the_implementation_of_g.txt,False,False,0,0,none,none,global,"The document does not provide explicit evidence related to Kenya's strengthened institutional and operational frameworks, policy and legal instruments, or positive incentives for sustainable and inclusive management of biodiversity and land, or prevention of terrestrial, freshwater and marine ecosystem degradation during 2018–2022.",There is no explicit link between UNEP and strengthening/enabling the SP2.1 framework/instrument/incentive outcomes in Kenya during 2018–2022.,[]
Kenya,2018–2022,1,UNEP programme Kenya national biodiversity strategy implemented policy framework law regulation strategy action plan after:2018-01-01 before:2022-01-01,republic of south sudan - national biodiversity strategy and ...,https://www.cbd.int/doc/world/ss/ss-nbsap-01-en.pdf,The third focus of the strategy and action plan is built on two strategic objectives: to develop and implement a resource mobilisation strategy for biodiversity ...,https://www.cbd.int › doc › world › ss-nbsap-01-en,www_cbd_int_republic_of_south_sudan_national_biodiversity_stra.txt,False,False,0,0,none,none,none,"The document is about the National Biodiversity Strategy and Action Plan (NBSAP) of South Sudan, not Kenya. Therefore, it does not contain explicit evidence related to Kenya during 2018–2022.",,[]
Kenya,2018–2022,1,UNEP programme Kenya national biodiversity strategy implemented policy framework law regulation strategy action plan after:2018-01-01 before:2022-01-01,UNEP.pdf,https://www.un.org/Depts/los/general_assembly/contributions_2019/UNEP.pdf,"The strategy outlines the overall strategic direction, operational objectives, approach and priority actions of UNEP to support national, regional and global ...",https://www.un.org › los › contributions_2019,www_un_org_UNEP_pdf.txt,True,False,81,0,policy instrument / institutional framework,developed / strengthened,national,"The document provides detailed information on various regional frameworks and instruments for marine and coastal management, including the Nairobi Convention, which is relevant to Kenya. The Convention has developed several frameworks and instruments, such as the Western Indian Ocean Regional Outlook on Marine Protected Areas, and has strengthened concerted multilateral efforts in support of healthy oceans and coasts.",There is no explicit link between UNEP and the strengthening of frameworks or instruments in Kenya during 2018-2022.,"[""The Nairobi Convention held the Ninth Conference of Parties to Nairobi Convention on 30 – 31 August 2018 in Mombasa, Kenya."", ""The Convention has developed the Western Indian Ocean Regional Outlook on Marine Protected Areas."", ""Contracting Parties to the Nairobi Convention agreed on the final language for the Integrated Coastal Zone Management (ICZM) Protocol.""]"
Kenya,2018–2022,1,UNEP programme Kenya national biodiversity strategy implemented policy framework law regulation strategy action plan after:2018-01-01 before:2022-01-01,Using Landscape Approaches in National Biodiversity ...,https://satoyamainitiative.org/wp-content/uploads/2019/06/Using_Landscape_Approaches_in_NBSAPs.pdf,Landscape approaches can be applied indirectly by incorporating landscape approaches principles into biodiversity strategy and planning at the national level.,https://satoyamainitiative.org › uploads › 2019/06,satoyamainitiative_org_Using_Landscape_Approaches_in_National_Biodiversit.txt,False,False,0,0,none,none,global,"The document does not contain explicit evidence related to Kenya during 2018-2022 about institutional frameworks, operational frameworks, policy instruments, positive incentives, or mechanisms for sustainable and inclusive management of biodiversity and land, or prevention of terrestrial, freshwater, and marine ecosystem degradation.",There is no explicit link between UNEP and any nature-related framework/instrument/incentive in Kenya during 2018-2022.,[]
Kenya,2018–2022,1,UNEP programme Kenya national biodiversity strategy implemented policy framework law regulation strategy action plan after:2018-01-01 before:2022-01-01,NATIONAL CLIMATE CHANGE ACTION PLAN 2018-2022 ...,https://www.lse.ac.uk/GranthamInstitute/wp-content/uploads/2018/10/8737.pdf,"This plan builds on the first Action Plan (2013-2017) where considerable progress was made, including establishing climate change funds in five Counties, ...",https://www.lse.ac.uk › uploads › 2018/10,www_lse_ac_uk_NATIONAL_CLIMATE_CHANGE_ACTION_PLAN_2018_2022_.txt,True,False,80,0,policy instrument / legal instrument,developed / strengthened,national,"The document provides detailed information on Kenya's climate change policies and laws, including the Climate Change Act of 2016, the National Climate Change Response Strategy (2010), and the National Climate Change Policy (2018). These frameworks aim to mainstream climate change into sector functions, prioritize adaptation, and promote low-carbon climate-resilient development.",There is no explicit mention of UNEP's involvement in the development or implementation of Kenya's climate change policies and frameworks.,"[""The Climate Change Act, 2016 is the main legislation guiding Kenya’s climate change response through mainstreaming climate change into sector functions, and it is the legal foundation of the NCCAP."", ""Kenya has developed the National Climate Change Response Strategy (2010), first NCCAP (2013-2017), National Adaptation Plan (NAP 2015-2030), Kenya Climate Smart Agriculture Strategy (2017-2026), Climate Risk Management Framework (2017), National Climate Change Policy (2018) and National Climate Finance Policy (2018), among other sector plans and policies that address aspects of climate change.""]"
Kenya,2018–2022,1,UNEP programme Kenya national biodiversity strategy implemented policy framework law regulation strategy action plan after:2018-01-01 before:2022-01-01,NATIONAL WILDLIFE STRATEGY 2030,https://ecotourismkenya.org/wp-content/uploads/ekdownloads/press_releases/NWS2030%20-%20FINAL%20JUNE%2012%2C%202018.pdf,"Outlines a framework and set of priority actions for ensuring the coordination, effective implementation and sustainability of wildlife conservation in Kenya.",https://ecotourismkenya.org › press_releases,ecotourismkenya_org_NATIONAL_WILDLIFE_STRATEGY_2030.txt,True,False,80,0,policy instrument,developed,national,"The National Wildlife Strategy 2030 for Kenya provides a comprehensive framework for wildlife conservation, developed through a participatory process involving multiple stakeholders. It outlines four pillars: Resilient Ecosystems, Engagement by all Kenyans, Evidence-based Decision Making, and Sustainability & Governance. The strategy aims to transform wildlife conservation in Kenya, addressing chronic and emerging challenges, and promoting an ecosystem approach, integrated planning, and cross-sectorial coordination.",There is no explicit mention of UNEP's role in supporting the development or implementation of the National Wildlife Strategy 2030 for Kenya.,"[""The development of this strategy was supported by United States Agency for Development (USAID) with technical input from various institutions."", ""The strategy formulation process used the following methodology: participation, inclusivity, transparency, accountability and evidence-based."", ""The National Wildlife Strategy gives life to the Wildlife Policy (Draft 2018). It provides a mechanism to coordinate the sector and implement the Wildlife Conservation and Management Act (2013).""]"
Kenya,2018–2022,1,UNEP programme Kenya national biodiversity strategy implemented policy framework law regulation strategy action plan after:2018-01-01 before:2022-01-01,Appendix D,https://www.housingandurban.go.ke/wp-content/uploads/2018/11/Appendix-D-National-Environmental-Policy-2.pdf,"National Biodiversity Strategy and Action Plan. NEC. National Environment ... major threats to biodiversity in Kenya. Page 33. NATIONAL ENVIRONMENT POLICY, 2013.",https://www.housingandurban.go.ke › 2018/11,www_housingandurban_go_ke_Appendix_D.txt,True,False,81,0,policy instrument,developed,national,"The document provides a comprehensive framework for environmental management in Kenya, including policies, laws, and guidelines for sustainable management of ecosystems and natural resources.",There is no explicit mention of UNEP's support or involvement in the development or implementation of the National Environment Policy of 2013.,"[""The policy aims to provide a holistic framework to guide the management of the environment and natural resources in Kenya."", ""The goal of this Policy is: Better quality of life for present and future generations through sustainable management and use of the environment and natural resources."", ""The objectives of this Policy are to: Provide a framework for an integrated approach to planning and sustainable management of Kenya’s environment and natural resources.""]"
Kenya,2018–2022,1,UNEP programme Kenya national biodiversity strategy implemented policy framework law regulation strategy action plan after:2018-01-01 before:2022-01-01,SUPPORTING THE GLOBAL BIODIVERSITY AGENDA,https://unemg.org/wp-content/uploads/2021/04/EMG-Biodiversity-WEB.pdf,"To support the integration of ambitious climate change and biodiversity action in national policies, increased and coordinated ... National Biodiversity Strategy ...",https://unemg.org › EMG-Biodiversity-WEB,unemg_org_SUPPORTING_THE_GLOBAL_BIODIVERSITY_AGENDA.txt,False,False,0,0,none,none,global,"The document does not contain explicit evidence related to Kenya in 2018-2022 about institutional/operational frameworks, policy/legal instruments, positive incentives, sustainable and inclusive management of biodiversity and land, or prevention of terrestrial, freshwater, or marine ecosystem degradation.",There is no explicit link between UNEP and strengthening/enabling any nature-related framework/instrument/incentive in Kenya during 2018-2022.,[]
Kenya,2018–2022,1,UNEP programme Kenya national biodiversity strategy implemented policy framework law regulation strategy action plan after:2018-01-01 before:2022-01-01,Appendix D,https://www.housingandurban.go.ke/wp-content/uploads/2018/11/Appendix-D-National-Environmental-Policy-2.pdf,"National Biodiversity Strategy and Action Plan. NEC. National Environment ... major threats to biodiversity in Kenya. Page 33. NATIONAL ENVIRONMENT POLICY, 2013.",https://www.housingandurban.go.ke › 2018/11,www_housingandurban_go_ke_Appendix_D.txt,True,False,60,0,policy instrument,developed,national,"The document provides a comprehensive National Environment Policy for Kenya, developed in 2013, which outlines a framework for sustainable management and use of the environment and natural resources. The policy aims to integrate environmental considerations into all government policies, planning, and development processes.",There is no explicit mention of UNEP's direct involvement or support in the development or implementation of Kenya's National Environment Policy 2013.,"[""The policy making process culminated into the Sessional Paper No. 6 of  1999 entitled Environment and Development."", ""The legislative process gave forth the Environmental Management and Coordination Act (EMCA) No. 8 of  1999 as Kenya’s first framework environmental law."", ""The promulgation of The Constitution of Kenya 2010 and other new developments like climate change marked an important chapter in Kenya’s environmental policy development."", ""The process of formulating this policy was initiated in 2006 by the then Ministry of Environment and Mineral Resources through a participatory and a consultative process.""]"
Kenya,2018–2022,1,UNEP programme Kenya national biodiversity strategy implemented policy framework law regulation strategy action plan after:2018-01-01 before:2022-01-01,Environmental Moments: A UN75 timeline,https://www.unep.org/news-and-stories/story/environmental-moments-un75-timeline,"UNEP Member States launch the Intergovernmental Platform on Biodiversity and Ecosystem Services to provide policymakers with reliable, independent and credible ...","https://www.unep.org › News, Stories & Speeches",www_unep_org_Environmental_Moments_A_UN75_timeline.txt,False,False,0,0,none,none,unclear,,,[]
Kenya,2018–2022,1,UNEP programme Kenya national biodiversity strategy implemented policy framework law regulation strategy action plan after:2018-01-01 before:2022-01-01,South Africa,https://www.oneplanetnetwork.org/countries/africa/south-africa,Implementation of the National Biodiversity Framework is guided by the National Biodiversity Strategy and Action Plan (2015... Organisation. South Africa ...,https://www.oneplanetnetwork.org › countries › south-a...,www_oneplanetnetwork_org_South_Africa.txt,False,False,0,0,none,none,unclear,,,[]
Kenya,2018–2022,1,UNEP programme Kenya national biodiversity strategy implemented policy framework law regulation strategy action plan after:2018-01-01 before:2022-01-01,UN Environment Global Chemicals Outlook II,https://orbit.dtu.dk/files/170843838/GCOII_synth.pdf,"... Strategic Plan for Biodiversity 2011-2020, adopted under the Convention on Biological Diversity. Given current activities to develop a biodiversity framework.",https://orbit.dtu.dk › files › GCOII_synth,orbit_dtu_dk_UN_Environment_Global_Chemicals_Outlook_II.txt,False,False,0,0,none,none,unclear,,,[]
Kenya,2018–2022,1,UNEP programme Kenya national biodiversity strategy implemented policy framework law regulation strategy action plan after:2018-01-01 before:2022-01-01,Nature-based Solutions in Nationally Determined ...,https://portals.iucn.org/library/sites/library/files/documents/2019-030-En.pdf,This includes the Aichi Targets and National. Biodiversity Strategies and Action Plans (NBSAPs) under the Convention on. Biological Diversity (CBD) and the Land ...,https://portals.iucn.org › library › files › documents,portals_iucn_org_Nature_based_Solutions_in_Nationally_Determined_.txt,False,False,0,0,none,none,global,"The document does not contain explicit evidence related to Kenya in 2018-2022 about institutional frameworks, operational frameworks, policy instruments, positive incentives, sustainable and inclusive management of biodiversity and land, or prevention of terrestrial, freshwater, or marine ecosystem degradation.",There is no explicit link between UNEP and strengthening/enabling any nature-related framework/instrument/incentive in Kenya during 2018-2022.,[]
Kenya,2018–2022,1,UNEP programme Kenya national biodiversity strategy implemented policy framework law regulation strategy action plan after:2018-01-01 before:2022-01-01,Mind the Compliance Gap: How Insights from International ...,https://www.cambridge.org/core/journals/transnational-environmental-law/article/mind-the-compliance-gap-how-insights-from-international-human-rights-mechanisms-can-help-to-implement-the-convention-on-biological-diversity/CE0F47664F08EBE4919D5990F3709484,"To improve implementation of the CBD in the forthcoming post-2020 global biodiversity framework, we need to understand why the Aichi Targets lack compliance ...",https://www.cambridge.org › core › journals › article,www_cambridge_org_Mind_the_Compliance_Gap_How_Insights_from_Internat.txt,False,False,0,0,none,none,none,"The document does not contain explicit evidence related to Kenya during 2018-2022 about institutional frameworks, operational frameworks, policy instruments, positive incentives, sustainable and inclusive management of biodiversity and land, or prevention of terrestrial, freshwater, and marine ecosystem degradation.",There is no explicit link between UNEP and strengthening/enabling nature-related frameworks/instruments/incentives in Kenya during 2018-2022.,[]
Kenya,2018–2022,1,UNEP programme Kenya national biodiversity strategy implemented policy framework law regulation strategy action plan after:2018-01-01 before:2022-01-01,"ILLEGAL LOGGING, FISHING, AND WILDLIFE TRADE",https://thedocs.worldbank.org/en/doc/482771571323560234-0120022019/original/WBGReport1017Digital.pdf,"Contributions (NDCs), National Adaptation Plans, and National. Biodiversity Strategies and Action Plans. National risk assessments follow a process that ...",https://thedocs.worldbank.org › doc › original,thedocs_worldbank_org_ILLEGAL_LOGGING_FISHING_AND_WILDLIFE_TRADE.txt,False,False,0,0,none,none,none,"The document does not contain explicit evidence related to Kenya's strengthened institutional and operational frameworks, policy and legal instruments, or positive incentives for sustainable and inclusive management of biodiversity and land, or prevention of terrestrial, freshwater and marine ecosystem degradation during 2018-2022.",There is no explicit link between UNEP and any nature-related framework/instrument/incentive in Kenya during 2018-2022.,[]
Kenya,2018–2022,1,UNEP programme Kenya national biodiversity strategy implemented policy framework law regulation strategy action plan after:2018-01-01 before:2022-01-01,Climate change / Cameroon,https://dicf.unepgrid.ch/cameroon/climate-change,Cameroon's National REDD+ Strategy (2018) addresses gaps and barriers in reducing deforestation and forest degradation and seeks to enhance the country's carbon ...,https://dicf.unepgrid.ch › cameroon › climate-change,dicf_unepgrid_ch_Climate_change_Cameroon.txt,False,False,0,0,none,none,global,"The document does not contain explicit evidence related to Kenya or the time window 2018-2022. It appears to be focused on Cameroon and does not discuss institutional frameworks, operational frameworks, policy instruments, legal instruments, positive incentives, or mechanisms for sustainable and inclusive management of biodiversity and land, or prevention of terrestrial, freshwater, and marine ecosystem degradation.","There is no mention of UNEP in relation to any nature-related framework, instrument, or incentive in Kenya during 2018-2022.",[]
Kenya,2018–2022,1,UNEP programme Kenya national biodiversity strategy implemented policy framework law regulation strategy action plan after:2018-01-01 before:2022-01-01,regional model policy/legal framework for - FAOLEX,https://faolex.fao.org/docs/pdf/igad215606.pdf,"National Biodiversity Strategy and Action Plan 2015 -2020. Sudan, Khartoum. Richard W. (undated). Review of Policy Governing Farm Animal Genetic. Resources ...",https://faolex.fao.org › docs › pdf › igad215606,faolex_fao_org_regional_model_policy_legal_framework_for_FAOLEX.txt,True,False,60,0,national policy,developed,national,"The document discusses policy and legal frameworks for animal genetic resources in Kenya, including the National Livestock Policy, Dairy Development Policy, Poultry Development Policy, and Feeds Policy. It also mentions the formulation of an Animal Breeding Policy and bill, which is in its final draft form waiting for parliamentary approval.","There is no explicit link between UNEP and the strengthening, development, adoption, implementation, revision, approval, establishment, or operationalization of nature-related frameworks/instruments/incentives in Kenya during 2018-2022.","[""The country has complied with requirements of the Convention. It has submitted report for the fifth time in relation to implementation of provisions of the CBD and provided an overview of recent governmental and non-governmental activities on biodiversity in Kenya in relation to the Aichi targets."", ""Kenya has ratified the Nagoya Protocol on Access to Genetic Resources and the Fair and Equitable Sharing of Benefits arising from their utilization.""]"
Kenya,2018–2022,1,UNEP programme Kenya national biodiversity strategy implemented policy framework law regulation strategy action plan after:2018-01-01 before:2022-01-01,Sustainable Blue Tourism,https://www.iddri.org/sites/default/files/PDF/Publications/Hors%20catalogue%20Iddri/20190620_BLUE%20TOURISM%20STUDY_EN.pdf,"Towards a sustainable coastal and maritime tourism in world marine regions. Edited by eco-union. Barcelona. Copyright. You can copy, download or print this ...",https://www.iddri.org › files › PDF › Publications,www_iddri_org_Sustainable_Blue_Tourism.txt,False,False,0,0,none,none,global,"The document does not contain explicit evidence related to Kenya during 2018-2022 about institutional frameworks, operational frameworks, policy instruments, positive incentives, or mechanisms for sustainable and inclusive management of biodiversity and land, or prevention of terrestrial, freshwater, and marine ecosystem degradation.","There is no explicit link between UNEP and any framework/instrument/incentive related to sustainable and inclusive management of biodiversity and land, or prevention of terrestrial, freshwater, and marine ecosystem degradation in Kenya during 2018-2022.",[]
Kenya,2018–2022,1,UNEP programme Kenya national biodiversity strategy implemented policy framework law regulation strategy action plan after:2018-01-01 before:2022-01-01,NATIONAL CLIMATE CHANGE ACTION PLAN 2018-2022 ...,https://www.lse.ac.uk/GranthamInstitute/wp-content/uploads/2018/10/8737.pdf,"This plan builds on the first Action Plan (2013-2017) where considerable progress was made, including establishing climate change funds in five Counties, ...",https://www.lse.ac.uk › uploads › 2018/10,www_lse_ac_uk_NATIONAL_CLIMATE_CHANGE_ACTION_PLAN_2018_2022_.txt,True,False,80,0,policy instrument,developed,national,"The document outlines Kenya's National Climate Change Action Plan (NCCAP) 2018-2022, which provides a framework for achieving low carbon climate resilient development. The plan identifies strategic areas for climate action, including disaster risk management, food and nutrition security, water and the blue economy, forestry, wildlife and tourism, health, sanitation and human settlements, manufacturing, and energy and transport. The plan also outlines enabling actions to support the delivery of priority climate actions, such as developing regulations for the Climate Change Act, capacity development and knowledge management, technology and innovation, climate finance, and measurement, reporting and verification.","There is no explicit mention of UNEP's role in strengthening, developing, adopting, implementing, revising, approving, establishing, or operationalizing the nature-related framework/instrument/incentive in Kenya during 2018-2022.","[""The Climate Change Act, 2016 is the main legislation guiding Kenya’s climate change response"", ""Kenya has developed the National Climate Change Response Strategy (2010), first NCCAP (2013-2017), National Adaptation Plan (NAP 2015-2030), Kenya Climate Smart Agriculture Strategy (2017-2026), Climate Risk Management Framework (2017), National Climate Change Policy (2018) and National Climate Finance Policy (2018)"", ""The plan guides the climate actions of the National Government, the County Governments, the private sector, civil society and other actors as Kenya transitions to a low carbon climate resilient development pathway""]"
Kenya,2018–2022,1,UNEP programme Kenya national biodiversity strategy implemented policy framework law regulation strategy action plan after:2018-01-01 before:2022-01-01,Ecosystem-based approaches to adaptation: strengthening ...,https://www.iied.org/sites/default/files/pdfs/migrate/17620IIED.pdf,Strengthening EbA is a priority in the Action Plan. The. Action Plan also recommended developing a standalone climate change policy and law. The Climate.,https://www.iied.org › sites › files › pdfs › migrate,www_iied_org_Ecosystem_based_approaches_to_adaptation_strengthe.txt,True,False,80,0,institutional framework / policy instrument,developed / strengthened / adopted,national,"The document provides detailed evidence of the development and implementation of the Isiolo County Climate Change Fund (ICCCF) in Kenya, which is a policy instrument for ecosystem-based adaptation (EbA). The ICCCF was piloted by the Adaptation Consortium under the Kenyan National Drought Management Authority (NDMA) with support from the UK Department for International Development (DFII) between 2013 and 2016.","There is no explicit mention of UNEP's role in the development, adoption, implementation, or operationalization of the ICCCF or EbA initiatives in Kenya during 2018-2022.","[""The Isiolo County Climate Change Fund (ICCCF) was piloted by the Adaptation Consortium under the Kenyan National Drought Management Authority (NDMA) with support from the UK Department for International Development (DFII) between 2013 and 2016."", ""The Adaptation Consortium operates in five arid and semi-arid counties in Kenya: Garissa, Isiolo, Wajir, Kitui and Makueni, which cover approximately 29% of Kenya’s land area."", ""The ICCCF finances public good investments for improved resilience to climate change, through improved water availability, provision of climate information, rangeland management and livestock health."", ""Ward Climate Change Planning Committees (WCCPCs) made decisions about ICCCF investments, selecting those which met seven criteria promoted climate-resilient development and adaptive livelihoods.""]"
Kenya,2018–2022,1,UNEP programme Kenya national biodiversity strategy implemented policy framework law regulation strategy action plan after:2018-01-01 before:2022-01-01,A Companion to the Short-Term Action Plan on Ecosystem ...,https://cdn.ymaws.com/www.ser.org/resource/resmgr/custompages/publications/ser_publications/staper_companion.pdf,"SER advances ecological restoration to sustain biodiversity, improve resilience in a changing climate, and re-establish an ecologically healthy relationship.",https://cdn.ymaws.com › resmgr › ser_publications,cdn_ymaws_com_A_Companion_to_the_Short_Term_Action_Plan_on_Ecosy.txt,False,False,0,0,none,none,global,"The document does not contain explicit evidence related to Kenya in 2018-2022 about institutional frameworks, policy/legal instruments, positive incentives, sustainable and inclusive management of biodiversity and land, or prevention of terrestrial, freshwater, or marine ecosystem degradation.","The document does not explicitly link UNEP to strengthening, developing, adopting, implementing, revising, approving, establishing, or operationalizing any nature-related framework/instrument/incentive in Kenya during 2018-2022.",[]
Kenya,2018–2022,1,UNEP programme Kenya national biodiversity strategy implemented policy framework law regulation strategy action plan after:2018-01-01 before:2022-01-01,Education for Sustainable Development Goals: learning ...,https://unesdoc.unesco.org/ark:/48223/pf0000247444,"More recently, Kenya formulated a national ESD Policy Framework in 2012 through the Kenya Institute of Curriculum Development with the goal of enhancing ...",https://unesdoc.unesco.org › ark:,unesdoc_unesco_org_Education_for_Sustainable_Development_Goals_learni.txt,False,False,0,0,none,none,unclear,"The document is not related to Kenya or the time window 2018-2022, and does not contain any information about institutional frameworks, operational frameworks, policy instruments, legal instruments, positive incentives, inclusive participation mechanisms, or degradation prevention.","There is no mention of UNEP in relation to any nature-related framework, instrument, or incentive in Kenya during 2018-2022.",[]
Kenya,2018–2022,1,UNEP programme Kenya national biodiversity strategy implemented policy framework law regulation strategy action plan after:2018-01-01 before:2022-01-01,Ecosystem-based adaptation in Lake Victoria Basin; synergies ...,https://royalsocietypublishing.org/rsos/article/8/6/201847/96053/Ecosystem-based-adaptation-in-Lake-Victoria-Basin,"Kenya Climate-Smart Agriculture Strategy. Kenya National Biodiversity Strategy and Action Plan (KNBSAP). Eucalyptus Removal Strategy. national, county and ...",https://royalsocietypublishing.org › rsos › article › Ecos...,royalsocietypublishing_org_Ecosystem_based_adaptation_in_Lake_Victoria_Basin_.txt,False,False,0,0,none,none,unclear,,,[]
Kenya,2018–2022,1,UNEP programme Kenya national biodiversity strategy implemented policy framework law regulation strategy action plan after:2018-01-01 before:2022-01-01,"Making trade work for the environment, prosperity and ...",https://www.wto.org/english/res_e/publications_e/unereport2018_e.pdf,Encouraging joint planning and cooperation at the national level will allow for more cohesive policy development and implementation. 5. Supporting decision ...,https://www.wto.org › res_e › unereport2018_e,www_wto_org_Making_trade_work_for_the_environment_prosperity_a.txt,False,False,0,0,none,none,global,"The document does not contain explicit evidence related to Kenya during 2018-2022 about institutional frameworks, operational frameworks, policy instruments, positive incentives, or mechanisms for sustainable and inclusive management of biodiversity and land, or prevention of terrestrial, freshwater, and marine ecosystem degradation.","The document does not explicitly link UNEP to strengthening, developing, adopting, implementing, revising, approving, establishing, or operationalizing nature-related frameworks/instruments/incentives in Kenya during 2018-2022.",[]
Kenya,2018–2022,1,UNEP programme Kenya national biodiversity strategy implemented policy framework law regulation strategy action plan after:2018-01-01 before:2022-01-01,BIODIVERSITY AND ECOSYSTEM SERVICES FOR AFRICA,https://files.ipbes.net/ipbes-web-prod-public-files/spm_africa_2018_digital.pdf,Many African countries have developed their national biodiversity strategies and action plans in conformity with the Strategic Plan for. Biodiversity 2011–2020 ...,https://files.ipbes.net › spm_africa_2018_digital,files_ipbes_net_BIODIVERSITY_AND_ECOSYSTEM_SERVICES_FOR_AFRICA.txt,False,False,0,0,none,none,global,"The document does not contain explicit evidence related to Kenya in 2018-2022 about institutional/operational frameworks, policy/legal instruments, positive incentives, sustainable and inclusive management of biodiversity and land, or prevention of terrestrial, freshwater, or marine ecosystem degradation.",There is no explicit link between UNEP and strengthening/enabling the SP2.1 framework/instrument/incentive outcome in Kenya during 2018-2022.,[]
Kenya,2018–2022,1,UNEP programme Kenya national biodiversity strategy implemented policy framework law regulation strategy action plan after:2018-01-01 before:2022-01-01,About Montreal Protocol,https://www.unep.org/ozonaction/who-we-are/about-montreal-protocol,"The Montreal Protocol phases down the consumption and production of the different ODS in a step-wise manner, with different timetables for developed and ...",https://www.unep.org › ozonaction › who-we-are › abo...,www_unep_org_About_Montreal_Protocol.txt,False,False,0,0,none,none,global,"The document does not contain explicit evidence related to Kenya or the period 2018-2022, nor does it discuss institutional frameworks, operational frameworks, policy instruments, legal instruments, positive incentives, or mechanisms for sustainable and inclusive management of biodiversity and land, or prevention of terrestrial, freshwater, and marine ecosystem degradation in Kenya.",The document does not explicitly link UNEP to strengthening or enabling any SP2.1 framework/instrument/incentive outcome in Kenya during 2018-2022.,[]
Kenya,2018–2022,1,UNEP programme Kenya national biodiversity strategy implemented policy framework law regulation strategy action plan after:2018-01-01 before:2022-01-01,"ONE HEALTH POLICY CONTEXT OF ETHIOPIA, SOMALIA ...",https://cgspace.cgiar.org/bitstreams/82606776-3b06-4378-afce-61a14388b5c5/download,National Strategic Plan for the Implementation of One Health in Kenya ... • Revised Kenya National Biodiversity Strategy and Action Plan (2010) outlines actions ...,https://cgspace.cgiar.org › bitstreams › download,cgspace_cgiar_org_ONE_HEALTH_POLICY_CONTEXT_OF_ETHIOPIA_SOMALIA_.txt,False,False,0,0,none,none,unclear,,,[]
Kenya,2018–2022,1,UNEP programme Kenya national biodiversity strategy implemented policy framework law regulation strategy action plan after:2018-01-01 before:2022-01-01,NATIONAL REDD+ STRATEGY,https://www.un-redd.org/sites/default/files/2022-05/NATIONAL%20REDD%2B%20STRATEGY%202022.pdf,"Chapter three describes the existing framework of Policies, Laws and Regulations (PLRs) on which. REDD+ implementation in Kenya is proposed. These are PLRs ...",https://www.un-redd.org › sites › default › files,www_un-redd_org_NATIONAL_REDD_STRATEGY.txt,True,False,80,0,policy instrument,developed,national,"The document outlines Kenya's National REDD+ Strategy, which includes a comprehensive framework to reduce deforestation and forest degradation. The strategy involves five strategic options: scaling up afforestation, reforestation, and landscape restoration; enhancing governance and policy implementation; increasing productivity of public plantation forests; enhancing efficiency, effectiveness, and skills throughout forest-related value chains; and mobilizing finance for REDD+ implementation. The strategy is supported by various policy and legislative frameworks, including the Constitution of Kenya, the National Development Plan (Vision 2030), the National Climate Change Policy (2016), and the Green Economy Strategy and Implementation Framework (2016-2030).","There is no explicit mention of UNEP's direct involvement in the development or implementation of Kenya's REDD+ Strategy. The document acknowledges support from the United Nations Development Programme (UNDP) through financing the Forest Carbon Partnership Facility (FCPF), but does not provide evidence of UNEP's attribution.","[""The development of this Strategy has used a three-pronged approach"", ""Kenya’s REDD+ visions, goals and principles are based on the above, informed strongly by the National Forest Program"", ""The United Nations Development Programme (UNDP) has accompanied Kenya in this process""]"
Kenya,2018–2022,1,UNEP programme Kenya national biodiversity strategy implemented policy framework law regulation strategy action plan after:2018-01-01 before:2022-01-01,Education for sustainable development policy for the ...,https://unesdoc.unesco.org/ark:/48223/pf0000373022,This policy will enable the implementation of ESD across the education sector to enhance the attainment of SDGs by improving quality of education.,https://unesdoc.unesco.org › ark:,unesdoc_unesco_org_Education_for_sustainable_development_policy_for_t.txt,False,False,0,0,none,none,unclear,"The document is not relevant to the task as it is about an education policy and not related to biodiversity, land, terrestrial, freshwater, or marine ecosystem management.",There is no mention of UNEP in relation to the task.,[]
Kenya,2018–2022,1,UNEP programme Kenya national biodiversity strategy implemented policy framework law regulation strategy action plan after:2018-01-01 before:2022-01-01,Clara Makenya - UNEP head of Tanzania Office and focal ...,https://tz.linkedin.com/in/clara-makenya-953b141a0,"With over a decade at UNEP, Clara has successfully led initiatives that influence environmental policy and drive sustainable development. Her expertise spans ...",540+ followers,tz_linkedin_com_Clara_Makenya_UNEP_head_of_Tanzania_Office_and_foc.txt,False,False,0,0,none,none,unclear,"The document does not contain any information related to Kenya, the time window 2018-2022, or environmental policy evaluation.",The document does not mention UNEP or any environmental policy evaluation.,[]
Kenya,2018–2022,1,UNEP programme Kenya national biodiversity strategy implemented policy framework law regulation strategy action plan after:2018-01-01 before:2022-01-01,National Climate Change Action Plan 2018-2022,https://napglobalnetwork.org/wp-content/uploads/2022/01/napgn-en-2022-kenya-NCCAP-2018-2022-Implemantation-Status-Report.pdf,It covers progress made in the seven priority areas in the NCCAP namely disaster risk management; food and nutrition security; water and the blue economy; ...,https://napglobalnetwork.org › uploads › 2022/01,napglobalnetwork_org_National_Climate_Change_Action_Plan_2018_2022.txt,True,False,80,0,policy instrument,implemented,national,"The document provides detailed information on the implementation of the National Climate Change Action Plan (NCCAP) 2018-2022 in Kenya, including progress made in various sectors such as disaster risk management, food and nutrition security, water and the blue economy, forestry, wildlife and tourism, health, sanitation and human settlements, manufacturing, and energy and transport.",There is no explicit mention of UNEP's involvement in the development or implementation of the NCCAP or other nature-related frameworks/instruments/incentives in Kenya during 2018-2022.,"[""The National Climate Change Action Plan (NCCAP) 2018-2022 sets out the path towards low carbon climate resilient development in a manner that prioritises adaptation."", ""The NCCAP provides a framework for Kenya to deliver on its National Adaptation Plan (NAP) 2015-2030 and its Nationally Determined Contribution (NDC) under the Paris Agreement of the United Nations Framework Convention on Climate Change (UNFCCC)."", ""The report highlights key achievements made across the seven NCCAP strategic objectives; progress to implement the enabling actions in terms of policy and regulatory frameworks, technology and innovation, capacity development and knowledge management, climate finance and resource mobilization, and measurement, reporting and verification; and challenges experienced with implementation.""]"
Kenya,2018–2022,1,UNEP programme Kenya national biodiversity strategy implemented policy framework law regulation strategy action plan after:2018-01-01 before:2022-01-01,AEWA Plan of Action for Africa 2019-2027,https://www.unep-aewa.org/sites/default/files/uploads/PoAA%202019_2027_web_en_200618_fin.pdf,The goal of the AEWA Strategic Plan is to “maintain migratory waterbird species and their populations in a favourable conservation status or to restore them to ...,https://www.unep-aewa.org › sites › files › uploads,www_unep-aewa_org_AEWA_Plan_of_Action_for_Africa_2019_2027.txt,True,False,60,0,policy instrument,developed,national,"The document outlines the AEWA Plan of Action for Africa 2019-2027, which includes various policy instruments and frameworks for the conservation of migratory waterbirds and their habitats in Africa. The plan involves the development and implementation of species action plans, site management, and sustainable use of waterbirds. It also emphasizes the importance of international cooperation and coordination among Range States, which includes Kenya.","There is no explicit mention of UNEP's direct involvement in strengthening, developing, adopting, implementing, revising, approving, establishing, or operationalizing the nature-related frameworks, instruments, or incentives in Kenya during 2018-2022.","[""The AEWA Plan of Action for Africa 2019-2027 provides practical guidance to Parties, the bodies of the Agreement, the UNEP/AEWA Secretariat, and partners to assist the enhanced implementation of the AEWA Strategic Plan in Africa."", ""The plan aims to provide a series of prioritised actions to be conducted for the prescribed activities under each SP Objective and Target."", ""The AEWA African Initiative and Plan of Action for Africa (PoAA) is the operational guideline for implementation of the AEWA Strategic Plan in Africa.""]"
Kenya,2018–2022,1,UNEP programme Kenya national biodiversity strategy implemented policy framework law regulation strategy action plan after:2018-01-01 before:2022-01-01,Republic of Kenya Land Degradation Neutrality Target ...,https://www.unccd.int/sites/default/files/ldn_targets/2020-09/Kenya%20LDN%20TSP%20Final%20Report%20%28English%29.pdf,The National Action Plan provides a coherent framework for activities in the field of conservation and sustainable utilization of biodiversity. It ...,https://www.unccd.int › sites › files › ldn_targets,www_unccd_int_Republic_of_Kenya_Land_Degradation_Neutrality_Targ.txt,True,False,80,0,policy instrument,developed,national,"The document provides detailed information on Kenya's efforts to address land degradation through the Land Degradation Neutrality (LDN) program, including the development of national LDN targets, alignment with existing policies and frameworks, and involvement of various stakeholders.","Although UNEP is mentioned as one of the supporting partners of the LDN Target Setting Programme, there is no explicit evidence that UNEP directly strengthened, developed, adopted, implemented, revised, approved, established, or operationalized the nature-related framework/instrument/incentive in Kenya during 2018-2022.","[""The LDN concept has been addressed through various environmental initiatives spearheaded by government, development partners, NGOs and research institutions."", ""The Government of Kenya signed the UNCCD in October 1994 and ratified it in June 1997."", ""Kenya developed its first National Action Programme in 2002 which has now been re aligned to address decisions of  8th and 9th Conference of Parties (COP 8 and COP 9)  to UNCCD ."", ""The current NAP (2015 -2025) has interrogated  National Policies such as the Vision 2030 and its prioritized  actions; existing Legislations and the Constitution of Kenya 2010 to realign it to the UNCCD Strategy and Framework.""]"
Kenya,2018–2022,1,UNEP programme Kenya national biodiversity strategy implemented policy framework law regulation strategy action plan after:2018-01-01 before:2022-01-01,Closing the Global Biodiversity Financing Gap,https://www.paulsoninstitute.org/wp-content/uploads/2020/09/FINANCING-NATURE_Full-Report_Final-Version_091520.pdf,credits from REDD+ programs: 1. Creating a national strategy or action plan. 2. Assessing forest reference emission levels and/or forest reference levels ...,https://www.paulsoninstitute.org › 2020/09 › FI...,www_paulsoninstitute_org_Closing_the_Global_Biodiversity_Financing_Gap.txt,False,False,0,0,none,none,none,"The document does not contain explicit evidence related to Kenya or the time window 2018–2022, nor does it discuss institutional frameworks, policy/legal instruments, positive incentives, sustainable and inclusive management of biodiversity and land, or prevention of terrestrial, freshwater, or marine ecosystem degradation.",There is no explicit link between UNEP and any nature-related framework/instrument/incentive in Kenya during 2018–2022.,[]
Kenya,2018–2022,1,UNEP programme Kenya national biodiversity strategy implemented policy framework law regulation strategy action plan after:2018-01-01 before:2022-01-01,First Global Report,https://environmentalmigration.iom.int/sites/g/files/tmzbdl1411/files/documents/2023-11/environmental_rule_of_law.pdf,"This new report on the Environmental. Rule of Law will help us improve compliance with environmental law, which is essential to ensuring protection of ...",https://environmentalmigration.iom.int › files › e...,environmentalmigration_iom_int_First_Global_Report.txt,False,False,0,0,none,none,global,"The document does not contain explicit evidence related to Kenya during 2018-2022 about institutional frameworks, operational frameworks, policy instruments, positive incentives, or mechanisms for equitable and inclusive representation in nature-related decision-making.","The document does not explicitly link UNEP to strengthening or enabling any nature-related framework, instrument, or incentive in Kenya during 2018-2022.",[]
Kenya,2018–2022,1,UNEP programme Kenya national biodiversity strategy implemented policy framework law regulation strategy action plan after:2018-01-01 before:2022-01-01,Programme of work and Budget for 2022-2023,https://www.nairobiconvention.org/clearinghouse/sites/default/files/Agenda%20Item%206%20POW-2rev.pdf,"This programme of work 2022-. 2023 articulates UNEP's results framework around the three strategic objectives, set out in the medium-term strategy 2022-2025, ...",https://www.nairobiconvention.org › default › files,www_nairobiconvention_org_Programme_of_work_and_Budget_for_2022_2023.txt,False,False,0,0,none,none,global,"The document does not contain explicit evidence related to Kenya during 2018-2022 about institutional frameworks, operational frameworks, policy instruments, positive incentives, sustainable and inclusive management of biodiversity and land, or prevention of terrestrial, freshwater, or marine ecosystem degradation.","The document does not explicitly link UNEP to strengthening, developing, adopting, implementing, revising, approving, establishing, or operationalizing nature-related frameworks, instruments, or incentives in Kenya during 2018-2022.",[]
Kenya,2018–2022,2,with UNEP support Kenya inclusive biodiversity management adopted policy framework law regulation strategy action plan after:2018-01-01 before:2022-01-01,The Ministry of Planning & Development with #FAO ...,https://www.facebook.com/PlanningTT/posts/the-ministry-of-planning-development-with-fao-through-the-environmental-policy-p/3135389513185726/,... Planning Policy Framework requirement for plans to protect and enhance biodiversity. The Levelling Up and Regeneration Bill is making changes to the ...,7 reactions,www_facebook_com_The_Ministry_of_Planning_Development_with_FAO_.txt,False,False,0,0,none,none,unclear,"The document does not contain explicit evidence related to institutional/operational frameworks, policy/legal instruments, positive incentives, sustainable and inclusive management of biodiversity and land, or prevention of terrestrial, freshwater, or marine ecosystem degradation in Kenya during 2018-2022.",There is no explicit link between UNEP and any nature-related framework/instrument/incentive in Kenya during 2018-2022.,[]
Kenya,2018–2022,1,UNEP programme Kenya national biodiversity strategy implemented policy framework law regulation strategy action plan after:2018-01-01 before:2022-01-01,Guidelines for protected area management planning,https://openknowledge.fao.org/server/api/core/bitstreams/f64b6f5f-f461-4fc8-8269-d252624efa4c/content,The Strategic Plan for Biodiversity 2011–2020 with its 20 Aichi Biodiversity Targets and the 2030 Agenda for Sustainable. Development are two of the most ...,https://openknowledge.fao.org › core › content,openknowledge_fao_org_Guidelines_for_protected_area_management_planning.txt,False,False,0,0,none,none,none,"The document is about protected area management planning in Turkey, not Kenya. It does not contain explicit evidence related to Kenya's institutional frameworks, policy instruments, positive incentives, or prevention of ecosystem degradation during 2018-2022.","There is no mention of UNEP's involvement in strengthening or enabling any nature-related framework, instrument, or incentive in Kenya during 2018-2022.",[]
Kenya,2018–2022,2,with UNEP support Kenya inclusive biodiversity management adopted policy framework law regulation strategy action plan after:2018-01-01 before:2022-01-01,SUPPORTING THE GLOBAL BIODIVERSITY AGENDA,https://unemg.org/wp-content/uploads/2021/04/EMG-Biodiversity-WEB.pdf,"Strategies and Action Plans (NBSAPs) Forum and the UNEP-IUCN Global Fund for Ecosystem-based. Adaptation, or joint implementation of the Global. Environment ...",https://unemg.org › EMG-Biodiversity-WEB,unemg_org_SUPPORTING_THE_GLOBAL_BIODIVERSITY_AGENDA.txt,False,False,0,0,none,none,global,"The document does not contain explicit evidence related to Kenya during 2018-2022 about institutional frameworks, operational frameworks, policy instruments, positive incentives, sustainable and inclusive management of biodiversity and land, or prevention of terrestrial, freshwater, or marine ecosystem degradation.","The document does not explicitly link UNEP to strengthening, developing, adopting, implementing, revising, approving, establishing, or operationalizing nature-related frameworks, instruments, incentives, or governance in Kenya during 2018-2022.",[]
Kenya,2018–2022,2,with UNEP support Kenya inclusive biodiversity management adopted policy framework law regulation strategy action plan after:2018-01-01 before:2022-01-01,UNEP.pdf,https://www.un.org/Depts/los/general_assembly/contributions_2019/UNEP.pdf,"The project engages national and local governments, plastic producers and retailers, and civil society to develop inclusive and equitable market-based solutions ...",https://www.un.org › los › contributions_2019,www_un_org_UNEP_pdf.txt,True,False,81,0,policy instrument / legal instrument / institutional framework,developed / strengthened / adopted,national,"The document provides detailed information on various international and regional frameworks, policies, and instruments related to marine and coastal management, but does not specifically mention Kenya or its actions during 2018-2022. However, it does mention the Nairobi Convention, which has Kenya as one of its Contracting Parties.",There is no explicit mention of UNEP's role in strengthening or enabling the SP2.1 framework/instrument/incentive in Kenya during 2018-2022.,"[""The Nairobi Convention held the Ninth Conference of Parties to Nairobi Convention on 30 – 31 August 2018 in Mombasa, Kenya."", ""The ten Contracting Parties adopted fifteen decisions, including on priority areas such as the management of marine protected areas; marine and coastal biodiversity conservation and connectivity in exclusive economic zones and adjacent areas; ocean governance; pollution from land-based sources and activities; climate change; ocean acidification; environmental management for the oil and gas industry; growth of the blue economy; scientific research; fisheries management; marine spatial planning; integrated coastal management and the sustainable development of ports and harbours.""]"
Kenya,2018–2022,2,with UNEP support Kenya inclusive biodiversity management adopted policy framework law regulation strategy action plan after:2018-01-01 before:2022-01-01,Mainstreaming biodiversity: A review of national strategies,https://pmc.ncbi.nlm.nih.gov/articles/PMC7083249/,This paper investigates the performance of countries at incorporating biodiversity mainstreaming into their post-2010 NBSAPs.,https://pmc.ncbi.nlm.nih.gov › articles › PMC7083249,pmc_ncbi_nlm_nih_gov_Mainstreaming_biodiversity_A_review_of_national_st.txt,False,False,0,0,none,none,unclear,,,[]
Kenya,2018–2022,2,with UNEP support Kenya inclusive biodiversity management adopted policy framework law regulation strategy action plan after:2018-01-01 before:2022-01-01,For people and planet: the UNEP strategy for 2022–2025,https://www.unep.org/resources/key-documents/people-and-planet-unep-strategy-2022-2025,"UNEP will step into this period by driving transformative, multi-stakeholder actions that target the causes of climate change, biodiversity loss and pollution.",https://www.unep.org › resources › key-documents › p...,www_unep_org_For_people_and_planet_the_UNEP_strategy_for_2022_2.txt,False,False,0,0,none,none,global,"The document does not contain explicit evidence related to Kenya or the period 2018-2022. It is a UNEP strategy document for 2022-2025, which does not provide specific information about Kenya or the specified time window.","The document does not explicitly link UNEP to strengthening, developing, adopting, implementing, revising, approving, establishing, or operationalizing any nature-related framework/instrument/incentive in Kenya during 2018-2022.",[]
Kenya,2018–2022,2,with UNEP support Kenya inclusive biodiversity management adopted policy framework law regulation strategy action plan after:2018-01-01 before:2022-01-01,NATIONAL CLIMATE CHANGE ACTION PLAN 2018-2022 ...,https://www.lse.ac.uk/GranthamInstitute/wp-content/uploads/2018/10/8737.pdf,This Act requires the Government to develop five-year. National Climate Change Action Plans (NCCAP) to guide the mainstreaming of adaptation and mitigation ...,https://www.lse.ac.uk › uploads › 2018/10,www_lse_ac_uk_NATIONAL_CLIMATE_CHANGE_ACTION_PLAN_2018_2022_.txt,True,False,80,0,policy instrument,developed,national,"The document outlines Kenya's National Climate Change Action Plan (NCCAP) 2018-2022, which provides a framework for achieving low carbon climate resilient development. The plan identifies strategic areas for climate action, including disaster risk management, food and nutrition security, water and the blue economy, forestry, wildlife and tourism, health, sanitation and human settlements, manufacturing, and energy and transport. The plan also outlines 38 crosscutting enabling actions required to implement the priority adaptation and mitigation actions.",There is no explicit mention of UNEP's role in supporting or enabling the development of the NCCAP 2018-2022.,"[""The Climate Change Act, 2016 is the main legislation guiding Kenya’s climate change response"", ""Kenya has developed the National Climate Change Response Strategy (2010), first NCCAP (2013-2017), National Adaptation Plan (NAP 2015-2030), Kenya Climate Smart Agriculture Strategy (2017-2026), Climate Risk Management Framework (2017), National Climate Change Policy (2018) and National Climate Finance Policy (2018)"", ""The NCCAP 2018-2022 guides the climate actions of the National Government, the County Governments, the private sector, civil society and other actors as Kenya transitions to a low carbon climate resilient development pathway""]"
Kenya,2018–2022,2,with UNEP support Kenya inclusive biodiversity management adopted policy framework law regulation strategy action plan after:2018-01-01 before:2022-01-01,republic of south sudan - national biodiversity strategy and ...,https://www.cbd.int/doc/world/ss/ss-nbsap-01-en.pdf,"The South Sudan NBSAP has been developed as the principle instrument for undertaking biodiversity management and conservation in the country, and as a framework ...",https://www.cbd.int › doc › world › ss-nbsap-01-en,www_cbd_int_republic_of_south_sudan_national_biodiversity_stra.txt,False,False,0,0,none,none,none,"The document is about the National Biodiversity Strategy and Action Plan (NBSAP) of South Sudan, not Kenya. Therefore, it does not contain explicit evidence related to Kenya during 2018-2022.",,[]
Kenya,2018–2022,2,with UNEP support Kenya inclusive biodiversity management adopted policy framework law regulation strategy action plan after:2018-01-01 before:2022-01-01,NATIONAL WILDLIFE STRATEGY 2030,https://ecotourismkenya.org/wp-content/uploads/ekdownloads/press_releases/NWS2030%20-%20FINAL%20JUNE%2012%2C%202018.pdf,"The Strategy outlines a transformational vision for wildlife conservation by 2030, and identifies a clear set of five (5) year priority goals and strategies ...",https://ecotourismkenya.org › press_releases,ecotourismkenya_org_NATIONAL_WILDLIFE_STRATEGY_2030.txt,True,False,80,0,policy instrument,developed,national,"The National Wildlife Strategy 2030 provides a comprehensive framework for wildlife conservation in Kenya, including institutional frameworks, policy instruments, and positive incentives for sustainable management of biodiversity and land.",There is no explicit evidence linking UNEP to the development or implementation of the National Wildlife Strategy 2030.,"[""The development of this strategy was supported by United States Agency for Development (USAID) with technical input from various institutions"", ""The strategy provides a roadmap for transforming wildlife conservation in Kenya"", ""The strategy outlines a transformational vision for wildlife conservation by 2030""]"
Kenya,2018–2022,2,with UNEP support Kenya inclusive biodiversity management adopted policy framework law regulation strategy action plan after:2018-01-01 before:2022-01-01,Mind the Compliance Gap: How Insights from International ...,https://www.cambridge.org/core/journals/transnational-environmental-law/article/mind-the-compliance-gap-how-insights-from-international-human-rights-mechanisms-can-help-to-implement-the-convention-on-biological-diversity/CE0F47664F08EBE4919D5990F3709484,"To improve implementation of the CBD in the forthcoming post-2020 global biodiversity framework, we need to understand why the Aichi Targets lack compliance ...",https://www.cambridge.org › core › journals › article,www_cambridge_org_Mind_the_Compliance_Gap_How_Insights_from_Internat.txt,False,False,0,0,none,none,none,"The document does not contain explicit evidence related to Kenya during 2018-2022 about institutional frameworks, operational frameworks, policy instruments, legal instruments, positive incentives, or mechanisms for equitable and inclusive representation in nature-related decision-making.",There is no explicit link between UNEP and strengthening/enabling any framework/instrument/incentive in Kenya during 2018-2022.,[]
Kenya,2018–2022,2,with UNEP support Kenya inclusive biodiversity management adopted policy framework law regulation strategy action plan after:2018-01-01 before:2022-01-01,The Adaptation Gap Report 2018. United Nations ...,https://unepccc.org/wp-content/uploads/2019/04/agr-final-version-2018.pdf,"Other laws and policies address adaptation through a framework of development plans, for example, the Cook Islands' National Sustainable. Development Plan ...",https://unepccc.org › agr-final-version-2018,unepccc_org_The_Adaptation_Gap_Report_2018_United_Nations_.txt,False,False,0,0,none,none,none,"The document does not contain explicit evidence related to Kenya in 2018-2022 about institutional frameworks, operational frameworks, policy instruments, positive incentives, sustainable and inclusive management of biodiversity and land, or prevention of terrestrial, freshwater, or marine ecosystem degradation.","The document does not explicitly link UNEP to strengthening, developing, adopting, implementing, revising, approving, establishing, or operationalizing nature-related frameworks, instruments, or incentives in Kenya during 2018-2022.",[]
Kenya,2018–2022,2,with UNEP support Kenya inclusive biodiversity management adopted policy framework law regulation strategy action plan after:2018-01-01 before:2022-01-01,Biodiversity as a Human Right and its implications for the EU's ...,https://www.europarl.europa.eu/RegData/etudes/STUD/2020/603491/EXPO_STU(2020)603491_EN.pdf,This study provides an in-depth and accessible analysis on biodiversity as a human right to inform the European Parliament's work on how the European ...,https://www.europarl.europa.eu › etudes › STUD,www_europarl_europa_eu_Biodiversity_as_a_Human_Right_and_its_implications.txt,False,False,0,0,none,none,none,"The document does not contain explicit evidence related to Kenya in 2018-2022 about institutional frameworks, operational frameworks, policy instruments, legal instruments, positive incentives, or mechanisms for sustainable and inclusive management of biodiversity and land, or prevention of terrestrial, freshwater, and marine ecosystem degradation.",There is no explicit link between UNEP and any nature-related framework/instrument/incentive in Kenya during 2018-2022.,[]
Kenya,2018–2022,2,with UNEP support Kenya inclusive biodiversity management adopted policy framework law regulation strategy action plan after:2018-01-01 before:2022-01-01,Regional Seas Strategic Directions 2022-2025,https://gefcrew.org/carrcu/LBSSTAC6/RSSD-Report-Main-layout-v2A.pdf,"First, the plan outlines 16 RSP targets to assist in achieving the three strategic goals, enabling the coherent delivery of ocean-related aspects of UNEP's MTS ...",https://gefcrew.org › carrcu › LBSSTAC6,gefcrew_org_Regional_Seas_Strategic_Directions_2022_2025.txt,False,False,0,0,none,none,global,"The document does not contain explicit evidence related to Kenya during 2018-2022 about institutional frameworks, operational frameworks, policy instruments, positive incentives, sustainable and inclusive management of biodiversity and land, or prevention of terrestrial, freshwater, or marine ecosystem degradation.","The document does not explicitly link UNEP to strengthening, developing, adopting, implementing, revising, approving, establishing, or operationalizing nature-related frameworks/instruments/incentives in Kenya during 2018-2022.",[]
Kenya,2018–2022,2,with UNEP support Kenya inclusive biodiversity management adopted policy framework law regulation strategy action plan after:2018-01-01 before:2022-01-01,Using Landscape Approaches in National Biodiversity ...,https://satoyamainitiative.org/wp-content/uploads/2019/06/Using_Landscape_Approaches_in_NBSAPs.pdf,"Ensure the full integration of biodiversity and its multiple values into policies, regulations, planning and development processes, poverty eradication ...",https://satoyamainitiative.org › uploads › 2019/06,satoyamainitiative_org_Using_Landscape_Approaches_in_National_Biodiversit.txt,False,False,0,0,none,none,none,"The document does not contain explicit evidence related to Kenya during 2018-2022 about strengthening institutional and operational frameworks, policy and legal instruments, or positive incentives for sustainable and inclusive management of biodiversity and land, or prevention of terrestrial, freshwater and marine ecosystem degradation.",There is no explicit link between UNEP and any nature-related framework/instrument/incentive in Kenya during 2018-2022.,[]
Kenya,2018–2022,2,with UNEP support Kenya inclusive biodiversity management adopted policy framework law regulation strategy action plan after:2018-01-01 before:2022-01-01,Appendix D,https://www.housingandurban.go.ke/wp-content/uploads/2018/11/Appendix-D-National-Environmental-Policy-2.pdf,National Biodiversity Strategy and Action Plan. NEC. National Environment Council. EIMS. Environmental Information Management System. NEMA. National Environment ...,https://www.housingandurban.go.ke › 2018/11,www_housingandurban_go_ke_Appendix_D.txt,True,False,60,0,policy instrument,developed,national,"The document provides a comprehensive framework for environmental management in Kenya, including policies, laws, and guidelines for sustainable management of ecosystems and natural resources.",There is no explicit mention of UNEP's support or involvement in the development or implementation of the National Environment Policy of 2013.,"[""The goal of this Policy is: Better quality of life for present and future generations through sustainable management and use of the environment and natural resources."", ""The policy making process culminated into the Sessional Paper No. 6 of 1999 entitled Environment and Development."", ""The Environmental Management and Coordination Act (EMCA) No. 8 of 1999 as Kenya’s first framework environmental law.""]"
Kenya,2018–2022,2,with UNEP support Kenya inclusive biodiversity management adopted policy framework law regulation strategy action plan after:2018-01-01 before:2022-01-01,Mainstreaming biodiversity: A review of national strategies,https://pmc.ncbi.nlm.nih.gov/articles/PMC7083249/,This paper investigates the performance of countries at incorporating biodiversity mainstreaming into their post-2010 NBSAPs.,https://pmc.ncbi.nlm.nih.gov › articles › PMC7083249,pmc_ncbi_nlm_nih_gov_Mainstreaming_biodiversity_A_review_of_national_st.txt,False,False,0,0,none,none,unclear,,,[]
Kenya,2018–2022,2,with UNEP support Kenya inclusive biodiversity management adopted policy framework law regulation strategy action plan after:2018-01-01 before:2022-01-01,Policy Brief No. 1 Human rights-based approaches to ...,https://www.ohchr.org/Documents/Issues/Environment/SREnvironment/policy-briefing-1.pdf,"(1) Explicitly acknowledge everyone's right to a safe, clean, healthy and sustainable environment, which includes healthy biodiversity and ecosystems, and ...",https://www.ohchr.org › Issues › SREnvironment,www_ohchr_org_Policy_Brief_No_1_Human_rights_based_approaches_to.txt,False,False,0,0,none,none,unclear,,,[]
Kenya,2018–2022,2,with UNEP support Kenya inclusive biodiversity management adopted policy framework law regulation strategy action plan after:2018-01-01 before:2022-01-01,Mind the Compliance Gap: How Insights from International ...,https://www.cambridge.org/core/journals/transnational-environmental-law/article/mind-the-compliance-gap-how-insights-from-international-human-rights-mechanisms-can-help-to-implement-the-convention-on-biological-diversity/CE0F47664F08EBE4919D5990F3709484,"To improve implementation of the CBD in the forthcoming post-2020 global biodiversity framework, we need to understand why the Aichi Targets lack compliance ...",https://www.cambridge.org › core › journals › article,www_cambridge_org_Mind_the_Compliance_Gap_How_Insights_from_Internat.txt,False,False,0,0,none,none,none,"The document does not contain explicit evidence related to Kenya during 2018-2022 about institutional frameworks, operational frameworks, policy instruments, positive incentives, sustainable and inclusive management of biodiversity and land, or prevention of terrestrial, freshwater, or marine ecosystem degradation.",There is no explicit link between UNEP and strengthening/enabling any nature-related framework/instrument/incentive in Kenya during 2018-2022.,[]
Kenya,2018–2022,2,with UNEP support Kenya inclusive biodiversity management adopted policy framework law regulation strategy action plan after:2018-01-01 before:2022-01-01,NATIONAL CLIMATE CHANGE ACTION PLAN 2018-2022 ...,https://www.lse.ac.uk/GranthamInstitute/wp-content/uploads/2018/10/8737.pdf,"This plan builds on the first Action Plan (2013-2017) where considerable progress was made, including establishing climate change funds in five Counties, ...",https://www.lse.ac.uk › uploads › 2018/10,www_lse_ac_uk_NATIONAL_CLIMATE_CHANGE_ACTION_PLAN_2018_2022_.txt,True,False,80,0,policy instrument,developed,national,"The document outlines the National Climate Change Action Plan (NCCAP) 2018-2022 for Kenya, which includes a framework for achieving low carbon climate resilient development. The plan identifies strategic areas for climate action, including disaster risk management, food and nutrition security, water and the blue economy, forestry, wildlife and tourism, health, sanitation and human settlements, manufacturing, and energy and transport. The plan also outlines 38 crosscutting enabling actions required to implement the priority adaptation and mitigation actions.","There is no explicit mention of UNEP's role in strengthening, developing, adopting, implementing, revising, approving, establishing, or operationalizing the nature-related framework/instrument/incentive in Kenya during 2018-2022.","[""The Climate Change Act, 2016 is the main legislation guiding Kenya’s climate change response through mainstreaming climate change into sector functions, and it is the legal foundation of the NCCAP."", ""Kenya’s NDC sets out the country’s actions to contribute to achieving the global goal set out in the Paris Agreement, and includes mitigation and adaptation contributions."", ""The Paris Agreement entered into force for Kenya on 27th January 2017, and as set out in Article 2(6) of the Constitution of Kenya (2010), the Paris Agreement now forms part of the law of Kenya.""]"
Kenya,2018–2022,2,with UNEP support Kenya inclusive biodiversity management adopted policy framework law regulation strategy action plan after:2018-01-01 before:2022-01-01,ECOWAS ENVIRONMENTAL ACTION PLAN 2020-2026,https://ecowap.ecowas.int/media/ecowap/file_document/2020_ECOWAS_ECOWAS_ENVIRONMENTAL_ACTION_PLAN_Final_Version_-_ENG.pdf,"This study makes a comparative analysis of legal mechanisms for the management of forest ecosystems in ECOWAS Member States and conflict resolution mechanisms, ...",https://ecowap.ecowas.int › ecowap › file_document,ecowap_ecowas_int_ECOWAS_ENVIRONMENTAL_ACTION_PLAN_2020_2026.txt,False,False,0,0,none,none,none,The document is about ECOWAS Environmental Action Plan 2020-2026 and does not specifically mention Kenya or the time window 2018–2022.,There is no explicit link between UNEP and any nature-related framework/instrument/incentive in Kenya during 2018–2022.,[]
Kenya,2018–2022,2,with UNEP support Kenya inclusive biodiversity management adopted policy framework law regulation strategy action plan after:2018-01-01 before:2022-01-01,regional model policy/legal framework for - FAOLEX,https://faolex.fao.org/docs/pdf/igad215606.pdf,"Strategy and Action Plan of Kenya is already underway and has been very ... Biodiversity Strategy and Action Plan. II (2015-2025). Kampala, Uganda ...",https://faolex.fao.org › docs › pdf › igad215606,faolex_fao_org_regional_model_policy_legal_framework_for_FAOLEX.txt,True,False,60,0,policy instrument,developed,national,"The document discusses policy and legal frameworks for animal genetic resources in Kenya, including the National Livestock Policy, Dairy Development Policy, Poultry Development Policy, and Feeds Policy. It also mentions the formulation of an Animal Breeding Policy and bill, which is in its final draft form waiting for parliamentary approval.",There is no explicit mention of UNEP's involvement in strengthening or enabling the SP2.1 framework/instrument/incentive in Kenya during 2018-2022.,"[""The country has complied with requirements of the Convention. It has submitted report for the fifth time in relation to implementation of provisions of the CBD and provided an overview of recent governmental and non-governmental activities on biodiversity in Kenya in relation to the Aichi targets.""]"
Kenya,2018–2022,2,with UNEP support Kenya inclusive biodiversity management adopted policy framework law regulation strategy action plan after:2018-01-01 before:2022-01-01,Protected area governance and management,https://rris.biopama.org/sites/default/files/2021-06/giz2021-0002en-protected-area-resource-book.pdf,"support following the adoption of a post-2020 Global Biodiversity Framework. ... ❖Reviewing and adapting the policy, legal and regulatory framework for protected ...",https://rris.biopama.org › sites › default › files,rris_biopama_org_Protected_area_governance_and_management.txt,False,False,0,0,none,none,unclear,,,[]
Kenya,2018–2022,2,with UNEP support Kenya inclusive biodiversity management adopted policy framework law regulation strategy action plan after:2018-01-01 before:2022-01-01,ECOWAS ENVIRONMENTAL ACTION PLAN 2020-2026,https://ecowap.ecowas.int/media/ecowap/file_document/2020_ECOWAS_ECOWAS_ENVIRONMENTAL_ACTION_PLAN_Final_Version_-_ENG.pdf,"This study makes a comparative analysis of legal mechanisms for the management of forest ecosystems in ECOWAS Member States and conflict resolution mechanisms, ...",https://ecowap.ecowas.int › ecowap › file_document,ecowap_ecowas_int_ECOWAS_ENVIRONMENTAL_ACTION_PLAN_2020_2026.txt,False,False,0,0,none,none,none,"The document does not contain explicit evidence related to Kenya in 2018-2022 about institutional/operational frameworks, policy/legal instruments, positive incentives, sustainable and inclusive management of biodiversity and land, or prevention of terrestrial, freshwater, or marine ecosystem degradation.",There is no explicit link between UNEP and strengthening/enabling any framework/instrument/incentive outcomes in Kenya during 2018-2022.,[]
Kenya,2018–2022,2,with UNEP support Kenya inclusive biodiversity management adopted policy framework law regulation strategy action plan after:2018-01-01 before:2022-01-01,UNEP and Biodiversity,https://www.unep.org/unep-and-biodiversity,"UNEP and partners are promoting sound environmental governance, for example, by helping with the development of National Biodiversity Strategic Action Plans.",https://www.unep.org › unep-and-biodiversity,www_unep_org_UNEP_and_Biodiversity.txt,False,False,0,0,none,none,global,"The document does not contain explicit evidence related to Kenya or specific actions taken by Kenya between 2018-2022 regarding institutional frameworks, operational frameworks, policy instruments, legal instruments, positive incentives, or mechanisms for sustainable and inclusive management of biodiversity and land, or prevention of terrestrial, freshwater and marine ecosystem degradation.","The document does not explicitly link UNEP to strengthening, developing, adopting, implementing, revising, approving, establishing, or operationalizing any nature-related framework/instrument/incentive in Kenya during 2018-2022.",[]
Kenya,2018–2022,2,with UNEP support Kenya inclusive biodiversity management adopted policy framework law regulation strategy action plan after:2018-01-01 before:2022-01-01,regional model policy/legal framework for - FAOLEX,https://faolex.fao.org/docs/pdf/igad215606.pdf,"Strategy and Action Plan of Kenya is already underway and has been very ... Biodiversity Strategy and Action Plan. II (2015-2025). Kampala, Uganda ...",https://faolex.fao.org › docs › pdf › igad215606,faolex_fao_org_regional_model_policy_legal_framework_for_FAOLEX.txt,True,False,60,0,policy instrument,developed,national,"The document discusses policy and legal frameworks for animal genetic resources in Kenya, including the National Livestock Policy, Dairy Development Policy, Poultry Development Policy, and Feeds Policy. It also mentions the formulation of an Animal Breeding Policy and Bill, which are in their final draft forms waiting for parliamentary approval.",There is no explicit mention of UNEP's involvement in strengthening or enabling the SP2.1 framework/instrument/incentive in Kenya during 2018-2022.,"[""The country has complied with requirements of the Convention. It has submitted report for the fifth time in relation to implementation of provisions of the CBD and provided an overview of recent governmental and non-governmental activities on biodiversity in Kenya in relation to the Aichi targets."", ""Kenya has ratified the Nagoya Protocol on Access to Genetic Resources and the Fair and Equitable Sharing of Benefits arising from their utilization.""]"
Kenya,2018–2022,2,with UNEP support Kenya inclusive biodiversity management adopted policy framework law regulation strategy action plan after:2018-01-01 before:2022-01-01,NATIONAL WILDLIFE STRATEGY 2030,https://ecotourismkenya.org/wp-content/uploads/ekdownloads/press_releases/NWS2030%20-%20FINAL%20JUNE%2012%2C%202018.pdf,"The Strategy outlines a transformational vision for wildlife conservation by 2030, and identifies a clear set of five (5) year priority goals and strategies ...",https://ecotourismkenya.org › press_releases,ecotourismkenya_org_NATIONAL_WILDLIFE_STRATEGY_2030.txt,True,False,80,0,policy instrument,developed,national,"The National Wildlife Strategy 2030 provides a comprehensive framework for wildlife conservation in Kenya, including institutional frameworks, policy instruments, and positive incentives. The strategy outlines four pillars: Resilient Ecosystems, Engagement by all Kenyans, Evidence-based decision making, and Sustainability & Governance. It aims to transform wildlife conservation in Kenya through a collaborative approach, involving national and county governments, communities, and landowners.",There is no explicit mention of UNEP's involvement in the development or implementation of the National Wildlife Strategy 2030.,"[""The development of this strategy was supported by United States Agency for Development (USAID) with technical input from various institutions."", ""The strategy formulation process used the following methodology: participation, inclusivity, transparency, accountability and evidence-based."", ""The National Wildlife Strategy gives life to the Wildlife Policy (Draft 2018). It provides a mechanism to coordinate the sector and implement the Wildlife Conservation and Management Act (2013).""]"
Kenya,2018–2022,2,with UNEP support Kenya inclusive biodiversity management adopted policy framework law regulation strategy action plan after:2018-01-01 before:2022-01-01,Action Plan for the Decade on Ecosystem Restoration in ...,https://clmeplus.org/app/uploads/2021/02/ActionPlan_Restoration_LAC.pdf,"In 2019, the UN General assembly declared the 2021-. 2030 as the Decade of Ecosystem Restoration. The motivation is the understanding that none of the.",https://clmeplus.org › app › uploads › 2021/02,clmeplus_org_Action_Plan_for_the_Decade_on_Ecosystem_Restoratio.txt,False,False,0,0,none,none,unclear,,,[]
Kenya,2018–2022,2,with UNEP support Kenya inclusive biodiversity management adopted policy framework law regulation strategy action plan after:2018-01-01 before:2022-01-01,Engaging the Private Sector in National Adaptation ...,https://napglobalnetwork.org/wp-content/uploads/2019/04/napgn-en-2019-engaging-the-private-sector-in-national-adaptation-planning-processes.pdf,"Governments must ensure that there is stability in domestic laws, policies, and regulations that will influence adaptation investment decisions, and that.",https://napglobalnetwork.org › uploads › 2019/04,napglobalnetwork_org_Engaging_the_Private_Sector_in_National_Adaptation.txt,False,False,0,0,none,none,none,"The document does not contain explicit evidence related to Kenya in 2018-2022 about institutional frameworks, policy/legal instruments, positive incentives, sustainable and inclusive management of biodiversity and land, or prevention of terrestrial, freshwater, or marine ecosystem degradation.",There is no explicit link between UNEP and strengthening/enabling any nature-related framework/instrument/incentive in Kenya during 2018-2022.,[]
Kenya,2018–2022,2,with UNEP support Kenya inclusive biodiversity management adopted policy framework law regulation strategy action plan after:2018-01-01 before:2022-01-01,"(PDF) UNEP 2021, Sustainable Public Procurement",https://www.researchgate.net/publication/355889107_UNEP_2021_Sustainable_Public_Procurement_How_to_Wake_the_Sleeping_Giant_Introducing_the_United_Nations_Environment_Programme's_Approach,"The Sustainable Public Procurement Implementation Guidelines give direction to SPP policy makers, experts and consultants on designing Sustainable Public ...",https://www.researchgate.net › ... › Public Procurement,www_researchgate_net__PDF_UNEP_2021_Sustainable_Public_Procurement.txt,False,False,0,0,none,none,unclear,,,[]
Kenya,2018–2022,2,with UNEP support Kenya inclusive biodiversity management adopted policy framework law regulation strategy action plan after:2018-01-01 before:2022-01-01,Education for sustainable development policy for the ...,https://unesdoc.unesco.org/ark:/48223/pf0000373022,This policy will enable the implementation of ESD across the education sector to enhance the attainment of SDGs by improving quality of education.,https://unesdoc.unesco.org › ark:,unesdoc_unesco_org_Education_for_sustainable_development_policy_for_t.txt,False,False,0,0,none,none,unclear,The document is not about Kenya's environmental policy or management during 2018-2022. It appears to be an education policy document from 2017.,There is no mention of UNEP in the provided document text.,[]
Kenya,2018–2022,2,with UNEP support Kenya inclusive biodiversity management adopted policy framework law regulation strategy action plan after:2018-01-01 before:2022-01-01,Progress on Integrated Water Resources Management,https://www.unwater.org/sites/default/files/app/uploads/2021/09/SDG6_Indicator_Report_651_Progress-on-Integrated-Water-Resources-Management_2021_EN.pdf,"Legal frameworks: Develop or update laws to reflect progressive, coordinated water resources management approaches, and ensure policy alignment between existing ...",https://www.unwater.org › uploads › 2021/09,www_unwater_org_Progress_on_Integrated_Water_Resources_Management.txt,False,False,0,0,none,none,global,"The document does not contain explicit evidence related to Kenya in 2018-2022 about institutional/operational frameworks, policy/legal instruments, positive incentives, sustainable and inclusive management of biodiversity and land, or prevention of terrestrial, freshwater, or marine ecosystem degradation.",There is no explicit link between UNEP and strengthening/enabling the SP2.1 framework/instrument/incentive outcome in Kenya during 2018-2022.,[]
Kenya,2018–2022,2,with UNEP support Kenya inclusive biodiversity management adopted policy framework law regulation strategy action plan after:2018-01-01 before:2022-01-01,NATIONAL REDD+ STRATEGY,https://www.un-redd.org/sites/default/files/2022-05/NATIONAL%20REDD%2B%20STRATEGY%202022.pdf,"Chapter three describes the existing framework of Policies, Laws and Regulations (PLRs) on which. REDD+ implementation in Kenya is proposed. These are PLRs ...",https://www.un-redd.org › sites › default › files,www_un-redd_org_NATIONAL_REDD_STRATEGY.txt,True,False,80,0,policy instrument,developed,national,"The document outlines Kenya's National REDD+ Strategy, which includes a comprehensive framework for reducing emissions from deforestation and forest degradation. The strategy involves developing and implementing policies, laws, and regulations to support sustainable forest management and conservation.",There is no explicit mention of UNEP's role in supporting the development or implementation of the National REDD+ Strategy in Kenya.,"[""The development of this Strategy has used a three-pronged approach"", ""Analytical studies to support strategy and implementation framework"", ""An intensive stakeholder consultation to identify various stakeholders’ needs, gaps, and opportunities to participate in REDD+ implementation"", ""Stakeholders’ validation processes among stakeholder groups"", ""Kenya achieved important milestones regarding the development of Warsaw REDD+ Framework elements"", ""Kenya has designed a National Forest Monitoring system (NFMS) anchored in two major programmes which generate Activity Data (AD) and Emission factors (EF) for GHG inventories in the forestry sector"", ""The components of the NFMS are: (i) a national forest inventory programme which has developed data collection manuals5 and has a National Forest Inventory Design, and (ii) a National Land Cover Change Monitoring programme, based on the System for Land based Emission Estimation for Kenya (SLEEK) model, which has generated land cover change information for the period 1990-2018""]"
Kenya,2018–2022,2,with UNEP support Kenya inclusive biodiversity management adopted policy framework law regulation strategy action plan after:2018-01-01 before:2022-01-01,Module 1: A recap - The structure of UNEP and UNEA,https://stakeholderforum.org/wp-content/uploads/2021/12/UNEP-Asia-Pacific-Region-CB-Webninar-Presentation-2-Dec-2021-Website.pdf,UNEP's Medium-Term Strategy and Programme of Works. 15 Minutes Comfort Break ... • action plan for the implementation of paragraph 88. • providing ...,https://stakeholderforum.org › uploads › 2021/12,stakeholderforum_org_Module_1_A_recap_The_structure_of_UNEP_and_UNEA.txt,False,False,0,0,none,none,none,"The document does not contain explicit evidence related to Kenya in 2018-2022 about institutional frameworks, operational frameworks, policy instruments, legal instruments, positive incentives, sustainable and inclusive management of biodiversity and land, or prevention of terrestrial, freshwater, or marine ecosystem degradation.","The document does not explicitly link UNEP to strengthening, developing, adopting, implementing, revising, approving, establishing, or operationalizing nature-related frameworks, instruments, incentives, or governance mechanisms in Kenya during 2018-2022.",[]
Kenya,2018–2022,2,with UNEP support Kenya inclusive biodiversity management adopted policy framework law regulation strategy action plan after:2018-01-01 before:2022-01-01,Fostering the Principles of Natural Resources Management ...,http://kmco.co.ke/wp-content/uploads/2019/01/Fostering-the-Principles-of-Natural-Resources-Management-in-Kenya-Kariuki-Muigua-9th-january-2019.pdf,International environmental law mainly consists of legal principles that offer guidelines on how states are to carry out environmental and natural resource ...,http://kmco.co.ke › uploads › 2019/01 › Fosterin...,kmco_co_ke_Fostering_the_Principles_of_Natural_Resources_Mana.txt,True,False,80,0,policy instrument / legal instrument,developed / strengthened,national,"The document discusses the principles of natural resource management in Kenya, including sustainable development, sustainable use, polluter pays principle, and public participation. It highlights the constitutional and legal framework for environmental protection in Kenya, including the Constitution of Kenya, 2010, and various environmental laws and policies.",There is no explicit mention of UNEP's role or support in strengthening or developing the nature-related frameworks or instruments in Kenya.,"[""The Constitution of Kenya, 2010 and in various international environmental instruments."", ""The Environmental Management and Co-ordination Act, 1999 (EMCA) defines sustainable development"", ""The polluter pays principle provides that the costs of pollution should be borne by the person responsible for causing the pollution."", ""Public participation is a key aspect of natural resources management"", ""The prevention principle aims at averting damage to the environment before it actually occurs.""]"
Kenya,2018–2022,2,with UNEP support Kenya inclusive biodiversity management adopted policy framework law regulation strategy action plan after:2018-01-01 before:2022-01-01,First Global Report,https://environmentalmigration.iom.int/sites/g/files/tmzbdl1411/files/documents/2023-11/environmental_rule_of_law.pdf,“The rule of law means that no one is above the law. This new report on the Environmental. Rule of Law will help us improve compliance with environmental law ...,https://environmentalmigration.iom.int › files › e...,environmentalmigration_iom_int_First_Global_Report.txt,False,False,0,0,none,none,global,"The document does not contain explicit evidence related to Kenya during 2018-2022 about institutional frameworks, policy/legal instruments, positive incentives, sustainable and inclusive management of biodiversity and land, or prevention of terrestrial, freshwater, or marine ecosystem degradation.","The document does not explicitly link UNEP to strengthening, developing, adopting, implementing, revising, approving, establishing, or operationalizing nature-related frameworks/instruments/incentives in Kenya during 2018-2022.",[]
Kenya,2018–2022,2,with UNEP support Kenya inclusive biodiversity management adopted policy framework law regulation strategy action plan after:2018-01-01 before:2022-01-01,Republic of Kenya Land Degradation Neutrality Target ...,https://www.unccd.int/sites/default/files/ldn_targets/2020-09/Kenya%20LDN%20TSP%20Final%20Report%20%28English%29.pdf,The National Action Plan provides a coherent framework for activities in the field of conservation and sustainable utilization of biodiversity. It ...,https://www.unccd.int › sites › files › ldn_targets,www_unccd_int_Republic_of_Kenya_Land_Degradation_Neutrality_Targ.txt,True,False,80,0,policy instrument,developed,national,"The document provides detailed information on Kenya's efforts to address land degradation through the Land Degradation Neutrality (LDN) concept, including policy instruments and institutional frameworks.","Although UNEP is mentioned as one of the partners supporting the LDN Target Setting Programme, there is no explicit evidence that UNEP directly strengthened, developed, adopted, implemented, revised, approved, established, or operationalized the nature-related framework/instrument/incentive in Kenya during 2018-2022.","[""The Government of Kenya has expressed commitment to the LDN response hierarchy through a government high-level note, endorsed by the Minister for Environment and Forestry, August 2017."", ""Kenya has ratified the United Nations Convention to Combat Desertification (UNCCD) on 24 June 1997."", ""The Environmental Management and Coordination Act (EMCA), 1999, is the framework law on environmental management and conservation."", ""The LDN concept has been addressed through various environmental initiatives spearheaded by government, development partners, NGOs and research institutions.""]"
Kenya,2018–2022,2,with UNEP support Kenya inclusive biodiversity management adopted policy framework law regulation strategy action plan after:2018-01-01 before:2022-01-01,AEWA Plan of Action for Africa 2019-2027,https://www.unep-aewa.org/sites/default/files/uploads/PoAA%202019_2027_web_en_200618_fin.pdf,"The AEWA Strategic Plan (SP) 2019-2027 provides the framework for implementation of the Agreement by the. Contracting Parties, Standing Committee, Technical.",https://www.unep-aewa.org › sites › files › uploads,www_unep-aewa_org_AEWA_Plan_of_Action_for_Africa_2019_2027.txt,False,False,0,0,none,none,global,"The document does not contain explicit evidence related to Kenya during 2018-2022 about institutional/operational frameworks, policy/legal instruments, positive incentives, sustainable and inclusive management of biodiversity and land, or prevention of terrestrial, freshwater, or marine ecosystem degradation.",There is no explicit link between UNEP and strengthening/enabling any SP2.1 framework/instrument/incentive outcome in Kenya during 2018-2022.,[]
Kenya,2018–2022,2,with UNEP support Kenya inclusive biodiversity management adopted policy framework law regulation strategy action plan after:2018-01-01 before:2022-01-01,UNEP and Biodiversity,https://www.unep.org/unep-and-biodiversity,"UNEP and partners are promoting sound environmental governance, for example, by helping with the development of National Biodiversity Strategic Action Plans.",https://www.unep.org › unep-and-biodiversity,www_unep_org_UNEP_and_Biodiversity.txt,False,False,0,0,none,none,global,"The document does not contain explicit evidence related to Kenya or specific actions taken by Kenya between 2018-2022 regarding institutional frameworks, operational frameworks, policy instruments, legal instruments, positive incentives, inclusive participation mechanisms, or ecosystem degradation prevention frameworks/instruments.",The document does not explicitly link UNEP to strengthening/enabling any SP2.1 framework/instrument/incentive outcome in Kenya during 2018-2022.,[]
Kenya,2018–2022,2,with UNEP support Kenya inclusive biodiversity management adopted policy framework law regulation strategy action plan after:2018-01-01 before:2022-01-01,POLICY BRIEF,https://www.biodev2030.org/wp-content/uploads/2021/07/Annexe-44_Policy-Brief_Mainstreaming-biodiversity_Kenya.pdf,Restoring natural habitats and reducing threats to biodiversity are two complimentary ways to reverse the curve of biodversity decline. KENYA'S BIODIVERSITY. AT ...,https://www.biodev2030.org › uploads › 2021/07,www_biodev2030_org_POLICY_BRIEF.txt,True,False,60,0,policy instrument,developed,national,"The document mentions Kenya's National Biodiversity Strategy and Action Plan (NBSAP) 2019-2030, which indicates a developed policy instrument for biodiversity management.",There is no explicit link between UNEP and the development or implementation of the policy instruments or frameworks mentioned in the document.,"[""National Biodiversity Strategy and Action Plan (NBSAP) 2019 – 2030"", ""policy, institutional and legislative frameworks to address major causes of environmental degradation""]"
Kenya,2018–2022,2,with UNEP support Kenya inclusive biodiversity management adopted policy framework law regulation strategy action plan after:2018-01-01 before:2022-01-01,HRC46 | Human Rights Depend on a Healthy Biosphere,https://www.genevaenvironmentnetwork.org/events/hrc46-human-rights-depend-on-a-healthy-biosphere/,"The UN is taking action to build a inclusive, resilience and sustainable future for indigenous people. In 2018, UNEP adopted an internal policy for greater ...",https://www.genevaenvironmentnetwork.org › events,www_genevaenvironmentnetwork_org_HRC46_Human_Rights_Depend_on_a_Healthy_Biosphere.txt,False,False,0,0,none,none,global,"The document does not contain explicit evidence related to Kenya during 2018-2022 about institutional/operational frameworks, policy/legal instruments, positive incentives, sustainable and inclusive management of biodiversity and land, or prevention of terrestrial, freshwater, or marine ecosystem degradation.",The document does not explicitly link UNEP to strengthening/enabling any nature-related framework/instrument/incentive in Kenya during 2018-2022.,[]
Kenya,2022–2026,1,UNEP programme Kenya ecosystem restoration strategy adopted policy framework law regulation strategy action plan after:2022-01-01 before:2026-01-01,United Nations Decade on Ecosystem Restoration,https://www.fao.org/3/cc0461en/online/sofia/2022/un-decade-ecosystem-restoration.html,Ecosystem restoration involves policy and practices beyond traditional rewilding to recreate pristine wilderness. It foresees ecosystem improvements in the ...,https://www.fao.org › online › sofia › un-decade-ecosyst...,www_fao_org_United_Nations_Decade_on_Ecosystem_Restoration.txt,False,False,0,0,none,none,global,"The document does not contain explicit evidence related to Kenya in 2022-2026 about institutional frameworks, operational frameworks, policy instruments, positive incentives, sustainable and inclusive management of biodiversity and land, or prevention of terrestrial, freshwater, or marine ecosystem degradation.",There is no explicit link between UNEP and strengthening/enabling any nature-related framework/instrument/incentive in Kenya during 2022-2026.,[]
Kenya,2022–2026,1,UNEP programme Kenya ecosystem restoration strategy adopted policy framework law regulation strategy action plan after:2022-01-01 before:2026-01-01,WWF-Kenya,https://www.facebook.com/WWFKenya/posts/lasting-change-requires-strong-laws-and-policies-this-year-we-moved-from-plannin/887576870496464/,"WWF-Kenya supported the adoption of 15 policies and management plans, with 18 now under active implementation, doubling last year's progress. From the Mangrove ...",70+ reactions,www_facebook_com_WWF_Kenya.txt,True,False,80,0,policy instrument,supported the adoption,national,"The document mentions WWF-Kenya supporting the adoption of 15 policies and management plans, with 18 now under active implementation.",There is no explicit mention of UNEP in the document.,"[""WWF-Kenya supported the adoption of 15 policies and management plans"", ""18 now under active implementation""]"
Kenya,2022–2026,1,UNEP programme Kenya ecosystem restoration strategy adopted policy framework law regulation strategy action plan after:2022-01-01 before:2026-01-01,Action Plan for the UN Decade on Ecosystem Restoration,https://iris.unibas.it/retrieve/65cc01ee-5b65-40df-b978-8a9c93003e09/UNDecade_ActionPlan.pdf,Ecosystem restoration is vital to achieve the 2030 Agenda for Sustainable Development and the post-2020 global biodiversity framework. The Strategy for the UN ...,https://iris.unibas.it › retrieve › UNDecade_Actio...,iris_unibas_it_Action_Plan_for_the_UN_Decade_on_Ecosystem_Restora.txt,False,False,0,0,none,none,unclear,,,[]
Kenya,2022–2026,1,UNEP programme Kenya ecosystem restoration strategy adopted policy framework law regulation strategy action plan after:2022-01-01 before:2026-01-01,Biodiversity and Ecosystems,https://www.unep.org/topics/ocean-seas-and-coasts/regional-seas-programme/biodiversity-and-ecosystems,"Through its Regional Seas Conventions and Action Plans (RSCAPs), Regional Seas programme facilitates comprehensive strategies to conserve marine biodiversity ...",https://www.unep.org › ... › Regional Seas Programme,www_unep_org_Biodiversity_and_Ecosystems.txt,False,False,0,0,none,none,global,,,[]
Kenya,2018–2022,2,with UNEP support Kenya inclusive biodiversity management adopted policy framework law regulation strategy action plan after:2018-01-01 before:2022-01-01,NATIONAL URBAN POLICY,https://urbanpolicyplatform.org/wp-content/uploads/2018/04/NUP_Report_Africa.pdf,"Strategy Paper (PRSPIII) Action Plan. This involves improved housing for ... Policy, and drafted the New Planning Law and. National Development Framework.",https://urbanpolicyplatform.org › 2018/04 › NUP...,urbanpolicyplatform_org_NATIONAL_URBAN_POLICY.txt,False,False,0,0,none,none,none,"The document does not contain explicit evidence related to Kenya's strengthened institutional and operational frameworks, policy and legal instruments, or positive incentives for sustainable and inclusive management of biodiversity and land, or prevention of terrestrial, freshwater and marine ecosystem degradation during 2018-2022.",There is no explicit link between UNEP and strengthening/enabling any nature-related framework/instrument/incentive in Kenya during 2018-2022.,[]
Kenya,2022–2026,1,UNEP programme Kenya ecosystem restoration strategy adopted policy framework law regulation strategy action plan after:2022-01-01 before:2026-01-01,National Landscape and Ecosystem Restoration Strategy,https://ke.chm-cbd.net/sites/ke/files/2024-12/Share%20National%20Landscape%20and%20Ecosystem%20Restoration%20Strategy_a%20support%20towarrds%2015B.pdf,"Support implementation of ecosystem restoration policies, regulatory frameworks and management plans. Conduct strategic en vironmental impact assessments ...",https://ke.chm-cbd.net › sites › files › Share Nati...,ke_chm-cbd_net_National_Landscape_and_Ecosystem_Restoration_Strat.txt,True,False,80,0,policy instrument,developed,national,"The document outlines a comprehensive National Landscape and Ecosystem Restoration Strategy for Kenya, aiming to restore 10.6 million hectares of degraded landscapes and ecosystems by 2032, and increase the tree cover from 12.13% to 30%.",There is no explicit mention of UNEP's involvement in the development or implementation of the National Landscape and Ecosystem Restoration Strategy.,"[""The strategy aims to increase the tree cover of the country from the current 12.13 percent to 30 percent by 2032 while restoring degraded landscapes and ecosystems."", ""Kenya drew up the 10-year ambitious and visionary strategy to restore 10.6m hectares of degraded landscapes and ecosystems."", ""The strategy will contribute to the outcomes of the BETA priority interventions through enablers of environment and climate change.""]"
Kenya,2022–2026,1,UNEP programme Kenya ecosystem restoration strategy adopted policy framework law regulation strategy action plan after:2022-01-01 before:2026-01-01,The United Nations Decade on Ecosystem Restoration,https://globalseaweed.org/wp-content/uploads/2024/12/UN-Decade-on-Ecosystem-Restoration-Strategy.pdf,"The purpose of the strategy is threefold: firstly to catalyse a new approach to national development, with ecosystem restoration being central to development.",https://globalseaweed.org › uploads › 2024/12,globalseaweed_org_The_United_Nations_Decade_on_Ecosystem_Restoration.txt,False,False,0,0,none,none,unclear,,,[]
Kenya,2022–2026,1,UNEP programme Kenya ecosystem restoration strategy adopted policy framework law regulation strategy action plan after:2022-01-01 before:2026-01-01,UNEA-7 charts a path toward a resilient planet,https://www.unep.org/news-and-stories/story/unea-7-charts-path-toward-resilient-planet,"UNEA-7 will take place from 8 to 12 December 2025 at the UN Environment Programme (UNEP) headquarters in Nairobi, Kenya, on the theme “Advancing sustainable ...","https://www.unep.org › News, Stories & Speeches",www_unep_org_UNEA_7_charts_a_path_toward_a_resilient_planet.txt,False,False,0,0,none,none,global,,,[]
Kenya,2022–2026,1,UNEP programme Kenya ecosystem restoration strategy adopted policy framework law regulation strategy action plan after:2022-01-01 before:2026-01-01,"MINISTRY OF ENVIRONMENT, CLIMATE CHANGE AND ...",https://flr.kefri.org/media_root/documents/content/docs/Final_Version_FOLAREP_20052023_.pdf,"Restoration is of high priority to the National and County. Governments, as outlined in various national policies, legislation, and strategies. They include ...",https://flr.kefri.org › documents › content › docs,flr_kefri_org_MINISTRY_OF_ENVIRONMENT_CLIMATE_CHANGE_AND_.txt,True,False,80,0,institutional framework / policy instrument,developed / strengthened / adopted,national,"The document outlines the Forest and Landscape Restoration Implementation Plan (FOLAREP) for Kenya, which aims to restore 3.5 million hectares of degraded landscapes by 2027. The plan includes strengthening policy and regulatory frameworks, institutional coordination, and resource mobilization for FLR implementation.",There is no explicit mention of UNEP's role in supporting the development or implementation of FOLAREP.,"[""The Ministry of Environment , Climate Change and Forestry (MoECCF) will set up the requisite structures to address the gaps in Forest and Landscape Restoration (FLR), FLR legislation, regulation, research, incentives , and capacity building as stipulated in this plan, both at the National and County levels."", ""The plan was developed through a multi-stakeholder consultation process engaging experts from national institutions, the Council of Governors, County Governments, and non-state actors."", ""FOLAREP aims to accelerate actions towards restoring 5.1 million hectares of deforested and degraded landscapes by 2030 and contribute to achieving national aspirations and international obligations.""]"
Kenya,2022–2026,1,UNEP programme Kenya ecosystem restoration strategy adopted policy framework law regulation strategy action plan after:2022-01-01 before:2026-01-01,Assessing Kenya's Climate Adaptation and Mitigation ...,https://cgspace.cgiar.org/bitstreams/87a088cf-5364-4585-8179-cda154dc9cf2/download,The National Cooling Action Plan (2022) connects energy policy to Kenya's nutrition and food security goals by promoting efficient cold chains that reduce ...,https://cgspace.cgiar.org › bitstreams › download,cgspace_cgiar_org_Assessing_Kenya_s_Climate_Adaptation_and_Mitigatio.txt,False,False,0,0,none,none,unclear,,,[]
Kenya,2022–2026,1,UNEP programme Kenya ecosystem restoration strategy adopted policy framework law regulation strategy action plan after:2022-01-01 before:2026-01-01,Assessing Kenya's Climate Adaptation and Mitigation ...,https://cgspace.cgiar.org/bitstreams/87a088cf-5364-4585-8179-cda154dc9cf2/download,The National Cooling Action Plan (2022) connects energy policy to Kenya's nutrition and food security goals by promoting efficient cold chains that reduce ...,https://cgspace.cgiar.org › bitstreams › download,cgspace_cgiar_org_Assessing_Kenya_s_Climate_Adaptation_and_Mitigatio.txt,False,False,0,0,none,none,unclear,,,[]
Kenya,2022–2026,1,UNEP programme Kenya ecosystem restoration strategy adopted policy framework law regulation strategy action plan after:2022-01-01 before:2026-01-01,the United Nations,https://docs.un.org/en/UNEP/EA.7/INF/8,"Action plan for ecosystem restoration. 287. The Forum has designed an Action Plan for Ecosystem Restoration in Latin America and the. Caribbean, which is ...",https://docs.un.org › UNEP › INF,docs_un_org_the_United_Nations.txt,False,False,0,0,none,none,unclear,,,[]
Kenya,2022–2026,1,UNEP programme Kenya ecosystem restoration strategy adopted policy framework law regulation strategy action plan after:2022-01-01 before:2026-01-01,The United Nations Environmental Program Efforts in ...,https://rsisinternational.org/journals/ijriss/articles/the-united-nations-environmental-program-efforts-in-the-implementation-of-multilateral-environmental-agreements-in-nairobi-city-county-kenya-1992-2022/,"Through its various programs and initiatives, UNEP encourages the development and implementation of policies, strategies, and measures to safeguard ecosystems, ...",https://rsisinternational.org › journals › ijriss › articles,rsisinternational_org_The_United_Nations_Environmental_Program_Efforts_i.txt,True,True,80,80,institutional framework / operational framework / policy instrument / legal instrument / positive incentive / inclusive participation mechanism,strengthened / developed / adopted / implemented,national,"The document provides clear evidence of UNEP's efforts in strengthening institutional and operational frameworks, policy and legal instruments, and positive incentives for sustainable management of biodiversity and land in Kenya between 2022-2026. Specifically, it mentions UNEP's support for key projects such as the Green Infrastructure Project, Integrated Solid Waste Management (ISWM) Plan for Nairobi City County, Air Quality Improvement Programs, Sustainable Urban Transport System, and Clean Energy Projects. These efforts have contributed to a reduction in air pollution and mitigation of climate change in Nairobi City County.","The document explicitly links UNEP to the development, adoption, and implementation of various frameworks and instruments in Kenya. For example, it states that UNEP provided technical assistance to Nairobi City County under the Basel Convention, facilitated training under the United Nations Framework Convention on Climate Change (UNFCCC), and collaborated with Kenya to develop the Kenya National Energy Efficiency & Conservation Strategy (NEECS). The document also highlights UNEP's role in facilitating stakeholder engagements, advocacy, and awareness-raising efforts.","[""UNEP has played a key role in the implementation of MEA in Kenya through technical assistance and capacity building to stakeholders, advocacy and awareness raising, facilitation of stakeholders’ engagements, funding and resource mobilization as well as data and information sharing."", ""UNEP provided technical assistance to Nairobi City County under the Basel Convention on the control of cross-bounder movements of hazardous wastes."", ""UNEP facilitated training under the United Nations Framework Convention on Climate Change (UNFCCC) to enhance the capacity of Nairobi-based institutions to develop strategies for mitigating urban heat islands and improve resilience to climate impacts."", ""UNEP collaborated with Kenya to develop the Kenya National Energy Efficiency & Conservation Strategy (NEECS)."", ""UNEP has facilitated multi-stakeholder dialogues in Nairobi City County which bring together government agencies, civil society, and local communities to develop a localized action plan on land degradation and urban forestry.""]"
Kenya,2022–2026,1,UNEP programme Kenya ecosystem restoration strategy adopted policy framework law regulation strategy action plan after:2022-01-01 before:2026-01-01,The United Nations Environmental Program Efforts in ...,https://rsisinternational.org/journals/ijriss/articles/the-united-nations-environmental-program-efforts-in-the-implementation-of-multilateral-environmental-agreements-in-nairobi-city-county-kenya-1992-2022/,"Through its various programs and initiatives, UNEP encourages the development and implementation of policies, strategies, and measures to safeguard ecosystems, ...",https://rsisinternational.org › journals › ijriss › articles,rsisinternational_org_The_United_Nations_Environmental_Program_Efforts_i.txt,True,True,80,80,institutional framework / operational framework / policy instrument / legal instrument / positive incentive / inclusive participation mechanism / degradation prevention,developed / strengthened / adopted / implemented / operationalized,national,"The document provides clear evidence of UNEP's efforts in implementing Multilateral Environmental Agreements (MEAs) in Nairobi City County, Kenya, between 1992 and 2022. UNEP has provided technical assistance, capacity building, advocacy, and awareness-raising efforts, as well as funding and resource mobilization for MEA implementation.","The document explicitly links UNEP to strengthening, developing, adopting, implementing, revising, approving, establishing, or operationalizing nature-related frameworks/instruments/incentives in Kenya (in 2022–2026). UNEP's support for key projects, such as the Green Infrastructure Project, Integrated Solid Waste Management (ISWM) Plan for Nairobi City County, Air Quality Improvement Programs, Sustainable Urban Transport System, and Clean Energy Projects, has reduced air pollution and mitigated climate change in the County.","[""UNEP has played a key role in the implementation of MEA in Kenya through technical assistance and capacity building to stakeholders, advocacy and awareness raising, facilitation of stakeholders' engagements, funding and resource mobilization as well as data and information sharing."", ""UNEP provided technical assistance to Nairobi City County under the Basel Convention on the control of cross-bounder movements of hazardous wastes."", ""UNEP facilitated training under the United Nations Framework Convention on Climate Change (UNFCCC) to enhance the capacity of Nairobi-based institutions to develop strategies for mitigating urban heat islands and improve resilience to climate impacts."", ""UNEP has assisted Kenya in mobilizing resources for effective MEA implementation."", ""UNEP has facilitated the exchange of information and best practices for effective MEA implementation in Kenya.""]"
Kenya,2022–2026,1,UNEP programme Kenya ecosystem restoration strategy adopted policy framework law regulation strategy action plan after:2022-01-01 before:2026-01-01,#UNEA7 concludes in Nairobi with countries adopting ...,https://www.instagram.com/p/DSLIgOHDTYB/,"#UNEA7 concludes in Nairobi with countries adopting 11 resolutions, 3 decisions and a Ministerial Declaration to advance multilateral solutions for a more ...",1.4K+ likes,www_instagram_com__UNEA7_concludes_in_Nairobi_with_countries_adoptin.txt,False,False,0,0,none,none,unclear,,,[]
Kenya,2022–2026,1,UNEP programme Kenya ecosystem restoration strategy adopted policy framework law regulation strategy action plan after:2022-01-01 before:2026-01-01,THE BLUE CARBON HANDBOOK,https://oceanpanel.org/wp-content/uploads/2023/06/23_REP_HLP_Blue-Carbon-Handbook_low-res.pdf,"Framework (2022). National biodiversity strategy and action plans (NBSAPs). ▫ Protection, restoration and sustainable use of coastal and marine ecosystems is ...",https://oceanpanel.org › uploads › 2023/06 › 23...,oceanpanel_org_THE_BLUE_CARBON_HANDBOOK.txt,False,False,0,0,none,none,global,"The document does not contain explicit evidence related to Kenya or the time window 2022-2026 about institutional/operational frameworks, policy/legal instruments, positive incentives, sustainable and inclusive management of biodiversity and land, or prevention of terrestrial, freshwater, or marine ecosystem degradation.",There is no explicit link between UNEP and strengthening/enabling any nature-related framework/instrument/incentive in Kenya during 2022-2026.,[]
Kenya,2022–2026,1,UNEP programme Kenya ecosystem restoration strategy adopted policy framework law regulation strategy action plan after:2022-01-01 before:2026-01-01,Unveiling global narratives of restoration policy: Big data ...,https://www.sciencedirect.com/science/article/pii/S0016718525000417,Restoration is endorsed as strategy in both the sixth climate change assessment report (IPCC AR6) and the post-2020 global biodiversity framework. It is ...,https://www.sciencedirect.com › science › article › pii,www_sciencedirect_com_Unveiling_global_narratives_of_restoration_policy_.txt,False,False,0,0,none,none,unclear,The document does not contain any information related to Kenya or environmental policy evaluations for the period 2022-2026.,The document does not mention UNEP or any environmental policy evaluations.,[]
Kenya,2022–2026,1,UNEP programme Kenya ecosystem restoration strategy adopted policy framework law regulation strategy action plan after:2022-01-01 before:2026-01-01,Summary report 2–5 December 2025,https://enb.iisd.org/barcelona-convention-cop24-summary,"In 2016, Contracting Parties adopted the first six-year Medium-Term Strategy (MTS) for 2016-2021 and the MSSD 2016-2025, providing a strategic policy framework ...",https://enb.iisd.org › barcelona-convention-cop24-sum...,enb_iisd_org_Summary_report_2_5_December_2025.txt,False,False,0,0,none,none,none,"The document does not contain explicit evidence related to Kenya in 2022-2026 about institutional/operational frameworks, policy/legal instruments, positive incentives, sustainable and inclusive management of biodiversity and land, or prevention of terrestrial, freshwater, or marine ecosystem degradation.",The document does not explicitly link UNEP to strengthening/enabling any nature-related framework/instrument/incentive in Kenya during 2022-2026.,[]
Kenya,2022–2026,1,UNEP programme Kenya ecosystem restoration strategy adopted policy framework law regulation strategy action plan after:2022-01-01 before:2026-01-01,Sustainable FLR Financing,https://www.therestorationinitiative.org/wp-content/uploads/2024/12/PB4_Sustainable-FLR-financing_final_compressed.pdf,"UN Decade Principle 10 focuses on enabling ecosystem restoration by policies and measures that promote its long-term progress, fostering replication and scaling ...",https://www.therestorationinitiative.org › 2024/12,www_therestorationinitiative_org_Sustainable_FLR_Financing.txt,True,True,80,81,policy instrument / positive incentive,developed / strengthened / implemented,national,"The document provides evidence of strengthened institutional and operational frameworks, policy and legal instruments, and positive incentives for sustainable and inclusive management of biodiversity and land in Kenya during 2022-2026.","The document explicitly links UNEP to strengthening, developing, adopting, implementing, revising, approving, establishing, or operationalizing the nature-related framework/instrument/incentive in Kenya during 2022-2026.","[""The Restoration Initiative (TRI) has united nine countries and three leading institutions (IUCN, FAO, and UNEP) to implement 10 projects across Africa and Asia."", ""TRI is an outstanding example of large-scale ecosystem restoration that quickly aligned with the global restoration movement led by the UN Decade, as it integrates both UN Decade and FLR principles to restore, enhance, and sustain essential ecological and social functions in priority degraded and deforested landscapes."", ""In Kenya ASAL, TRI leveraged readiness investments to establish seven bankable projects focused on sustainable grazing, honey production, and agroforestry."", ""The Restoration Factory, as explained in detail below, plays a pivotal role by empowering entrepreneurs to develop viable, forest-based businesses and bridging the gap between restoration objectives and long-term financing models."", ""UNEP, FAO, IUCN, Society for Ecological Restoration (SER). (2021). Principles for Ecosystem Restoration to Guide the United Nations Decade 2021-2030.""]"
Kenya,2022–2026,1,UNEP programme Kenya ecosystem restoration strategy adopted policy framework law regulation strategy action plan after:2022-01-01 before:2026-01-01,TRACKING GLOBAL RESTORATION TARGETS,https://www.cifor-icraf.org/publications/pdf/reports/T2-Synthesis-Report.pdf,KENYA: The National Ecosystem and. Landscapes Restoration Strategy provides a comprehensive policy to guide ecosystem restoration of 10.6 million hectares of ...,https://www.cifor-icraf.org › T2-Synthesis-Report,www_cifor-icraf_org_TRACKING_GLOBAL_RESTORATION_TARGETS.txt,True,False,80,0,policy instrument,developed,national,The document outlines Kenya's National Ecosystem and Landscapes Restoration Strategy (2023-2032) which targets the restoration and conservation of 10.6 million hectares of degraded ecosystems. This strategy focuses on seven key ecosystems and aims to create a coherent framework that integrates restoration efforts across sectors and scales.,There is no explicit mention of UNEP's role in strengthening or enabling the SP2.1 framework/instrument/incentive in Kenya during 2022-2026.,"[""Kenya has developed a comprehensive National Landscape and Ecosystem Restoration Strategy (2023-2032), targeting the restoration and conservation of 10.6 million hectares of degraded ecosystems."", ""The strategy focuses on seven key ecosystems: forests, water towers, wetlands, rangelands, agroecosystems, marine ecosystems, and settled ecosystems."", ""It aims to create a coherent framework that integrates restoration efforts across sectors and scales, ensuring sustainable ecosystem management and resilience to climate change.""]"
Kenya,2022–2026,1,UNEP programme Kenya ecosystem restoration strategy adopted policy framework law regulation strategy action plan after:2022-01-01 before:2026-01-01,Makueni-County-Environment-and-Climate-Change-Policy ...,https://makueni.go.ke/sandbox/site/files/2023/05/Makueni-County-Environment-and-Climate-Change-Policy.pdf,This Policy is a framework guide for the management and coordination of environment and climate change in Makueni County and in accordance with the provisions ...,https://makueni.go.ke › site › files › 2023/05,makueni_go_ke_Makueni_County_Environment_and_Climate_Change_Poli.txt,True,False,80,0,policy instrument,developed,national,"The Makueni County Environment and Climate Change Policy 2022 provides a framework for mainstreaming environmental and climate change efforts across all sectors in Makueni County, Kenya. It aims to strengthen the policy, legal, and regulatory framework on environment and climate change, foster collaboration and strategic partnerships, enhance resource mobilization, establish mechanisms for sustainable natural resource management, and reduce environmental pollution.","There is no explicit evidence that UNEP was involved in the development, adoption, implementation, or operationalization of the Makueni County Environment and Climate Change Policy 2022.","[""Makueni County Environment and Climate Change Policy 2022"", ""This policy provides a framework for mainstreaming the management and coordination of environmental and climate change efforts across all sectors"", ""The County Government of Makueni shall establish a policy, legal and regulatory framework to fast track the development of the Makueni County environment and climate change sector.""]"
Kenya,2022–2026,1,UNEP programme Kenya ecosystem restoration strategy adopted policy framework law regulation strategy action plan after:2022-01-01 before:2026-01-01,Compilation of existing guidance on ecosystem restoration,https://www.ecologic.eu/sites/default/files/publication/2024/50134-Compilation-of-restoration-guidance_0.pdf,"This document compiles useful sources for MS to inform nature restoration planning. It aims to support MS in the contextualization, design and planning of ...",https://www.ecologic.eu › sites › files › publication,www_ecologic_eu_Compilation_of_existing_guidance_on_ecosystem_rest.txt,False,False,0,0,none,none,unclear,"The document is not about Kenya, but about the EU's Nature Restoration Law and its implementation in EU member states.",There is no explicit link to UNEP in the provided document.,[]
Kenya,2022–2026,1,UNEP programme Kenya ecosystem restoration strategy adopted policy framework law regulation strategy action plan after:2022-01-01 before:2026-01-01,Regional Seas Conventions Drive Coastal Conservation ...,https://www.linkedin.com/posts/nairobi-convention-secretariat_unea7-generationrestoration-beatpollution-activity-7402644706561658880-a8pH,"In our 30-minute exchange we stressed the importance of: • Implementing and enforcing existing marine and nature laws, including effective protection of MPAs ...",10+ reactions,www_linkedin_com_Regional_Seas_Conventions_Drive_Coastal_Conservati.txt,False,False,0,0,none,none,unclear,"The document does not contain explicit evidence related to Kenya or the time window 2022-2026, nor does it discuss institutional frameworks, operational frameworks, policy instruments, legal instruments, positive incentives, or mechanisms for sustainable and inclusive management of biodiversity and land, or prevention of terrestrial, freshwater, and marine ecosystem degradation.",There is no explicit link between UNEP and any nature-related framework/instrument/incentive in Kenya during 2022-2026.,[]
Kenya,2022–2026,1,UNEP programme Kenya ecosystem restoration strategy adopted policy framework law regulation strategy action plan after:2022-01-01 before:2026-01-01,Strategic Plan 2023-2027 MAY 2023,https://panorama.solutions/sites/default/files/strategic_plan.pdf,"The Strategic Plan 2023-2027 provides a solid base upon which the Ministry will accomplish its mandate of management and protection of the environment, ...",https://panorama.solutions › sites › default › files,panorama_solutions_Strategic_Plan_2023_2027_MAY_2023.txt,True,False,80,0,policy instrument,developed,national,"The document outlines the Ministry of Environment, Climate Change and Forestry's Strategic Plan 2023-2027, which includes various policy instruments and frameworks for environmental conservation and management.",There is no explicit mention of UNEP's involvement in strengthening or enabling the SP2.1 framework/instrument/incentive outcomes in Kenya during 2022-2026.,"[""The Ministry’s strategic plan (2023-2027) provides a roadmap that the ministry will pursue within the five years between 2023 and 2027."", ""The plan takes cognizance of the risks and challenges identified during the implementation of the previous plans and considers the country’s aspirations and commitments to excel regionally and globally in environment and natural resources conservation and management."", ""The proposed vision of the Ministry is ‘Clean, Healthy, safe and sustainably managed environment and natural resources that yields low carbon and promotes climate resilient and sustainable development’.""]"
Kenya,2022–2026,1,UNEP programme Kenya ecosystem restoration strategy adopted policy framework law regulation strategy action plan after:2022-01-01 before:2026-01-01,kenya national action plan on marine plastic litter from sea ...,https://oceanlitter.imo.org/site/assets/files/1633/kenya_-_national_action_plan.pdf,"Kenya is also implementing different initiatives to fight plastic pollution including clean-up activities, outreach programs, revision of policies and laws and ...",https://oceanlitter.imo.org › site › assets › files,oceanlitter_imo_org_kenya_national_action_plan_on_marine_plastic_litte.txt,False,False,0,0,none,none,unclear,,,[]
Kenya,2022–2026,1,UNEP programme Kenya ecosystem restoration strategy adopted policy framework law regulation strategy action plan after:2022-01-01 before:2026-01-01,"EU in Kenya on Instagram: ""2025 Highlights #3 A look back at ...",https://www.instagram.com/reel/DSxY6kRCUid/,"He noted encouraging progress in ecosystem restoration, forest cover growth and increasing public awareness on environmental conservation, and emphasized the ...",9 likes · 4 months ago,www_instagram_com_EU_in_Kenya_on_Instagram_2025_Highlights_3_A_look_.txt,True,False,60,0,policy instrument,announced,national,"The document mentions new EU-funded projects strengthening climate action, biodiversity conservation, and inclusive green growth partnerships in Kenya, indicating development of policy instruments for sustainable management.",There is no explicit link between UNEP and the announced projects or policy instruments in Kenya.,"[""new EU funded projects strengthening climate action, biodiversity conservation and inclusive green growth partnerships""]"
Kenya,2022–2026,1,UNEP programme Kenya ecosystem restoration strategy adopted policy framework law regulation strategy action plan after:2022-01-01 before:2026-01-01,The Power of Policy,https://www.nature.org/content/dam/tnc/nature/en/documents/0/9/092925_ThePowerofPolicy_FINAL.pdf,"Identification and assessment of best practice in nature-based solutions for climate action and ecosystem restoration in. Ireland. Trinity College, Dublin ...",https://www.nature.org › tnc › nature › documents,www_nature_org_The_Power_of_Policy.txt,False,False,0,0,none,none,global,"The document does not contain explicit evidence related to Kenya in 2022-2026 about institutional/operational frameworks, policy/legal instruments, positive incentives, sustainable and inclusive management of biodiversity and land, or prevention of terrestrial, freshwater, or marine ecosystem degradation.",There is no explicit link between UNEP and strengthening/enabling the SP2.1 framework/instrument/incentive outcome in Kenya during 2022-2026.,[]
Kenya,2022–2026,1,UNEP programme Kenya ecosystem restoration strategy adopted policy framework law regulation strategy action plan after:2022-01-01 before:2026-01-01,Sustainable recovery strategies for ecosystem restoration and ...,https://journal-iasssf.com/index.php/EVOJES/article/download/1704/1171,"Furthermore, policy frameworks and legal enforcement are essential in regulating mining activities, enforcing land rehabilitation obligations, and promoting ...",https://journal-iasssf.com › article › download,journal-iasssf_com_Sustainable_recovery_strategies_for_ecosystem_rest.txt,False,False,0,0,none,none,global,"The document does not contain explicit evidence related to Kenya in 2022-2026 about institutional/operational frameworks, policy/legal instruments, positive incentives, sustainable and inclusive management of biodiversity and land, or prevention of terrestrial, freshwater, or marine ecosystem degradation.",There is no explicit link between UNEP and strengthening/enabling any nature-related framework/instrument/incentive in Kenya during 2022-2026.,[]
Kenya,2022–2026,1,UNEP programme Kenya ecosystem restoration strategy adopted policy framework law regulation strategy action plan after:2022-01-01 before:2026-01-01,Enhancing Environmental Governance through Law and ...,http://kmco.co.ke/wp-content/uploads/2023/01/Enhancing-Environmental-Governance-through-Law-and-Other-Tools_-Efficacy-of-EMCA-Kariuki-Muigua-January-2023.pdf,"The policies, laws, and regulations in place in Kenya, some of which have already been mentioned, seem to indicate that the State should be in charge of setting ...",http://kmco.co.ke › uploads › 2023/01 › Enhanc...,kmco_co_ke_Enhancing_Environmental_Governance_through_Law_and.txt,True,False,61,0,institutional framework / policy instrument,strengthened,national,"The Environmental Management and Coordination Act (EMCA) of 1999 provides a framework for environmental governance in Kenya. Although it has challenges, it establishes the National Environment Management Authority (NEMA) as the lead agency for environmental coordination.",There is no explicit link between UNEP and the strengthening of Kenya's environmental frameworks or instruments within the provided document.,"[""Environmental Management and Coordination Act (EMCA)"", ""National Environment Management Authority (NEMA)"", ""framework law on environmental governance""]"
Kenya,2022–2026,1,UNEP programme Kenya ecosystem restoration strategy adopted policy framework law regulation strategy action plan after:2022-01-01 before:2026-01-01,Marine plastics and the circular economy: A review of policy ...,https://pmc.ncbi.nlm.nih.gov/articles/PMC12528791/,"The national and county governments of Kenya have implemented various policies, strategies and plans aimed at tackling the challenge of plastic pollution and, ...",https://pmc.ncbi.nlm.nih.gov › articles › PMC12528791,pmc_ncbi_nlm_nih_gov_Marine_plastics_and_the_circular_economy_A_review_.txt,False,False,0,0,none,none,unclear,The document does not contain any relevant information about Kenya or the time window 2022-2026.,The document does not contain any relevant information about UNEP's involvement in Kenya or the time window 2022-2026.,[]
Kenya,2022–2026,1,UNEP programme Kenya ecosystem restoration strategy adopted policy framework law regulation strategy action plan after:2022-01-01 before:2026-01-01,WWF-Kenya,https://www.facebook.com/WWFKenya/posts/lasting-change-requires-strong-laws-and-policies-this-year-we-moved-from-plannin/887576870496464/,"WWF-Kenya supported the adoption of 15 policies and management plans, with 18 now under active implementation, doubling last year's progress. From the Mangrove ...",70+ reactions,www_facebook_com_WWF_Kenya.txt,True,False,80,0,policy instrument,supported the adoption,national,"The document mentions WWF-Kenya supporting the adoption of 15 policies and management plans, with 18 now under active implementation, which indicates strong evidence of development/strengthening/adoption of frameworks or instruments.",There is no explicit link between UNEP and the strengthening/enabling of the SP2.1 framework/instrument/incentive outcome in Kenya during 2022-2026.,"[""WWF-Kenya supported the adoption of 15 policies and management plans, with 18 now under active implementation""]"
Kenya,2022–2026,1,UNEP programme Kenya ecosystem restoration strategy adopted policy framework law regulation strategy action plan after:2022-01-01 before:2026-01-01,"Food Systems, Land Use and Restoration Program ...",https://www.folur.org/sites/default/files/2024-06/16954-WB_FOLUR%20Spring%20Update-WEB_1.pdf,"The objective of these plans is to regulate land use, buildings, and activities in the cities and their surrounding areas, considering such approaches as ...",https://www.folur.org › sites › default › files,www_folur_org_Food_Systems_Land_Use_and_Restoration_Program_.txt,True,False,60,0,policy instrument / institutional framework,developed / strengthened,national,"The document mentions several initiatives related to sustainable land management and biodiversity conservation in Kenya, including the FOLUR Impact Program, which aims to transform agriculture's environmental footprint. However, most of these initiatives are not specifically attributed to Kenya or the time window 2022-2026.",There is no explicit link between UNEP and the strengthening of frameworks or instruments in Kenya during 2022-2026.,"[""FOLUR Africa Regional Dialogue in Nairobi, Kenya"", ""Kenya Forest Service"", ""Coffee Research Institute"", ""Kenyan coffee production had declined significantly—62 percent in the past 30 years—due to climate change""]"
Kenya,2022–2026,1,UNEP programme Kenya ecosystem restoration strategy adopted policy framework law regulation strategy action plan after:2022-01-01 before:2026-01-01,kenya,https://www.biodev2030.org/wp-content/uploads/2025/07/Fiche-KENYA.pdf,"In this framework, Kenya recently published its first Green Growth Index, based on efficient and sustainable resource use, natural capital protection, green ...",https://www.biodev2030.org › Fiche-KENYA,www_biodev2030_org_kenya.txt,True,False,70,0,institutional framework / policy instrument,developed / strengthened / adopted,national,"The document provides evidence of strengthened institutional and operational frameworks, policy and legal instruments for sustainable and inclusive management of biodiversity and land in Kenya. For example, the National Biodiversity Strategy and Action Plan (NBSAP) was revised in 2019, and the government has implemented the Green Economy Strategy and Implementation Plan (GESIP) 2016-2030. Additionally, the National Tree Growing Restoration Campaign was launched in 2022, targeting the planting of 15 billion trees by 2032.",There is no explicit evidence linking UNEP to the development or implementation of these frameworks and instruments in Kenya.,"[""The National Biodiversity Strategy and Action Plan (NBSAP) was revised in 2019, making the mainstreaming of biodiversity in sectoral policies its primary objective."", ""The government is currently implementing the Green Economy Strategy and Implementation Plan (GESIP) 2016-2030, emphasizing low carbon emissions, resource efficiency, and social equity."", ""The President also launched the National Tree Growing Restoration Campaign in 2022, targeting the planting of 15 billion trees by 2032.""]"
Kenya,2022–2026,1,UNEP programme Kenya ecosystem restoration strategy adopted policy framework law regulation strategy action plan after:2022-01-01 before:2026-01-01,Mitigating the Effects of Climate Change in Kenya,https://erepository.uonbi.ac.ke/bitstreams/0b4528df-f73b-48d3-92b2-ee00073b894b/download,The study further found that despite the challenges Kenya is facing climate change mitigation actions are frequently depicted as hindrances to economic growth ...,https://erepository.uonbi.ac.ke › download,erepository_uonbi_ac_ke_Mitigating_the_Effects_of_Climate_Change_in_Kenya.txt,False,False,0,0,none,none,unclear,No evidence found,No evidence found,[]
Kenya,2022–2026,1,UNEP programme Kenya ecosystem restoration strategy adopted policy framework law regulation strategy action plan after:2022-01-01 before:2026-01-01,"Governments commit to forest restoration, but what does it ...",https://iris.unil.ch/bitstreams/379fd063-abb6-44ee-ab20-31f1ce86e00f/download,The world's decision-makers have renewed calls for the restoration of all ecosystems by 2030 with the launch in 2021 of the United Nations Decade on Ecosystem ...,https://iris.unil.ch › bitstreams › download,iris_unil_ch_Governments_commit_to_forest_restoration_but_what_.txt,True,False,60,0,policy instrument / legal instrument / positive incentive,developed / strengthened / adopted,national,"The document mentions Kenya's 2010 constitution setting a 10% minimum forest cover target, 2014 Forest Act to implement forest policy including restoration, and 2005 Forest Policy with participatory forest management. These are examples of policy and legislative frameworks supporting forest restoration.",There is no explicit mention of UNEP's role in strengthening or enabling these frameworks/instruments/incentives in Kenya during 2022-2026.,"[""Kenya: 2010 –new constitution setting a 10% minimum forest cover; 2014 –Forest Act to implement forest policy including restoration"", ""Kenya: 2005 –first amendment to the 1968 forest policy setting an increased role for communities in forest management and benefit-sharing schemes""]"
Kenya,2022–2026,1,UNEP programme Kenya ecosystem restoration strategy adopted policy framework law regulation strategy action plan after:2022-01-01 before:2026-01-01,KENYA FOOD SYSTEMS AND LAND USE ACTION PLAN ( ...,https://agra.org/wp-content/uploads/2025/06/KENYA-FOOD-SYSTEMS-AND-LAND-USE-ACTION-PLAN-OCTOBER-2023_FA-22.11.2023.pdf,"Our Action Plan focuses on five key issues: promoting healthy diets, productive and regenerative agriculture, reducing food loss and waste, gender youth and ...",https://agra.org › wp-content › uploads › 2025/06,agra_org_KENYA_FOOD_SYSTEMS_AND_LAND_USE_ACTION_PLAN_.txt,True,False,60,0,policy instrument,developed,national,"The Kenya Food Systems and Land Use Action Plan (2024-2030) is a policy instrument that aims to transform Kenya's food systems to ensure food and nutritional security for the population. The plan focuses on five key issues: promoting healthy diets, productive and regenerative agriculture, reducing food loss and waste, gender, youth and social inclusion, and protecting and restoring nature. The plan seeks to achieve the goals outlined in the Kenya Vision 2030 and is aligned with the country's Nationally Determined Contribution (NDC) ambition to reduce greenhouse gas emissions.","There is no explicit mention of UNEP's role in strengthening, developing, adopting, implementing, revising, approving, establishing, or operationalizing the Kenya Food Systems and Land Use Action Plan (2024-2030).","[""The Ministry of Agriculture and Livestock Development will lead the implementation of this Program."", ""The other line ministries involved in the implementation are Environment and Natural Resources, Health, Water and Irrigation and Lands."", ""The Monitoring, Evaluation, Accountability and Learning (MEAL) framework will facilitate tracking and evaluation of performance targets.""]"
Kenya,2022–2026,1,UNEP programme Kenya ecosystem restoration strategy adopted policy framework law regulation strategy action plan after:2022-01-01 before:2026-01-01,Danish Organisation Strategy for United Nations ...,https://um.dk/media/lzzo5ww5/unep-2022-2025.pdf,"UNEP works to protect and restore ecosystems and the goods and services they provide. Specifically, UNEP is engaged in major NbS initiatives, including NbS ...",https://um.dk › media › unep-2022-2025,um_dk_Danish_Organisation_Strategy_for_United_Nations_.txt,False,False,0,0,none,none,global,"The document does not contain explicit evidence related to Kenya in 2022-2026 about institutional frameworks, operational frameworks, policy instruments, positive incentives, sustainable and inclusive management of biodiversity and land, or prevention of terrestrial, freshwater, or marine ecosystem degradation.","The document does not explicitly link UNEP to strengthening, developing, adopting, implementing, revising, approving, establishing, or operationalizing nature-related frameworks, instruments, or incentives in Kenya during 2022-2026.",[]
Kenya,2022–2026,1,UNEP programme Kenya ecosystem restoration strategy adopted policy framework law regulation strategy action plan after:2022-01-01 before:2026-01-01,Unlocking private finance for ecosystem restoration,https://www.unep-wcmc.org/en/news/unlocking-private-finance-for-ecosystem-restoration,"For example, the plan included a strategy for crop diversification as a means of safeguarding agricultural activities in the region and boosting resilience in ...",https://www.unep-wcmc.org › news › unlocking-privat...,www_unep-wcmc_org_Unlocking_private_finance_for_ecosystem_restoratio.txt,False,False,0,0,none,none,unclear,"The document does not contain any explicit evidence related to Kenya or the time window 2022-2026, nor does it discuss institutional frameworks, operational frameworks, policy instruments, legal instruments, positive incentives, or mechanisms for sustainable and inclusive management of biodiversity and land, or prevention of ecosystem degradation.","There is no mention of UNEP in relation to any nature-related framework, instrument, or incentive in Kenya for the specified time window.",[]
Kenya,2022–2026,2,United Nations Environment Programme supported Kenya ecosystem degradation prevention strengthened policy framework law regulation strategy action plan after:2022-01-01 before:2026-01-01,UN Environment Assembly opens with calls for stronger ...,https://www.unep.org/news-and-stories/press-release/un-environment-assembly-opens-calls-stronger-multilateral-action,"... degradation and drought, and environmental aspects of minerals and metals ... It meets biennially to set priorities for global environmental policies and develop ...","https://www.unep.org › News, Stories & Speeches",www_unep_org_UN_Environment_Assembly_opens_with_calls_for_stron.txt,False,False,0,0,none,none,global,"The document does not contain explicit evidence related to institutional frameworks, operational frameworks, policy instruments, legal instruments, positive incentives, inclusive participation mechanisms, or ecosystem degradation prevention frameworks/instruments for Kenya in 2022-2026.",The document does not explicitly link UNEP to strengthening/enabling any nature-related framework/instrument/incentive in Kenya during 2022-2026.,[]
Kenya,2022–2026,1,UNEP programme Kenya ecosystem restoration strategy adopted policy framework law regulation strategy action plan after:2022-01-01 before:2026-01-01,Freshwater Strategic Priorities 2022–2025,https://unepdhi.org/wp-content/uploads/sites/2/2022/03/Freshwater_Strategic_Priorities.pdf,"The protection, management and restoration of freshwater ecosystems is fundamental to combating the triple planetary crises of biodiversity loss, pollution and ...",https://unepdhi.org › uploads › sites › 2022/03,unepdhi_org_Freshwater_Strategic_Priorities_2022_2025.txt,True,False,40,0,policy instrument,developed,national,"The document outlines UNEP's freshwater strategic priorities for 2022-2025, which include strengthening institutional frameworks, policy and legal instruments for sustainable management of freshwater ecosystems.","There is no explicit evidence that UNEP directly strengthened, developed, adopted, implemented, revised, approved, established, or operationalized a framework/instrument/incentive in Kenya during 2022-2026.","[""UNEP supports countries to promote the management, protection and restoration of the world’s freshwater ecosystems"", ""UNEP collects and transforms data into actionable information and decision support tools"", ""UNEP helps countries understand and determine the state of freshwater bodies""]"
Kenya,2022–2026,1,UNEP programme Kenya ecosystem restoration strategy adopted policy framework law regulation strategy action plan after:2022-01-01 before:2026-01-01,Enhancing Environmental Governance through Law and ...,http://kmco.co.ke/wp-content/uploads/2023/01/Enhancing-Environmental-Governance-through-Law-and-Other-Tools_-Efficacy-of-EMCA-Kariuki-Muigua-January-2023.pdf,"The policies, laws, and regulations in place in Kenya, some of which have already been mentioned, seem to indicate that the State should be in charge of setting ...",http://kmco.co.ke › uploads › 2023/01 › Enhanc...,kmco_co_ke_Enhancing_Environmental_Governance_through_Law_and.txt,True,False,61,0,policy instrument,developed,national,"The document discusses the Environmental Management and Coordination Act (EMCA) of Kenya, which is a framework law for environmental governance. It provides for the establishment of the National Environment Management Authority (NEMA) and outlines various provisions for environmental protection, including environmental impact assessment, public participation, and penalties for environmental offences.",There is no explicit mention of UNEP's role or support in the development or implementation of the EMCA or any other nature-related framework/instrument/incentive in Kenya during 2022-2026.,"[""The Environmental Management and Coordination Act (EMCA), No. 8 of 1999"", ""framework law on environmental governance in Kenya"", ""establishment of the National Environment Management Authority (NEMA)"", ""provisions for environmental impact assessment"", ""public participation in environmental decision-making"", ""penalties for environmental offences""]"
Kenya,2022–2026,1,UNEP programme Kenya ecosystem restoration strategy adopted policy framework law regulation strategy action plan after:2022-01-01 before:2026-01-01,draft national land reclamation policy 2025,https://www.irrigation.go.ke/sites/default/files/2025-11/June%202025%20NLR%20Policy%20Draft%20NT.pdf,"Government policy documents, Laws of Kenya, rules and regulations ... policy and regulation framework for land reclamation and ecosystem services restoration.",https://www.irrigation.go.ke › sites › default › files,www_irrigation_go_ke_draft_national_land_reclamation_policy_2025.txt,True,False,80,0,policy instrument,developed,national,"The document outlines a comprehensive National Land Reclamation Policy 2025 for Kenya, focusing on measures towards land reclamation and securing land degradation neutrality. It provides a framework for 'curative', 'preventive', and 'management' measures geared towards confronting existing degradation with reclamation measures.",There is no explicit mention of UNEP's involvement in the development or implementation of the National Land Reclamation Policy 2025.,"[""The policy aims to define the scope of land reclamation and land degradation neutrality, bridge institutional and legislative gaps, and provide coordinated guidance to prevent land degradation."", ""The policy proposes measures for accelerated reclamation of various categories of degraded lands; measures for controlling and preventing further land degradation and securing land degradation neutrality."", ""The policy emphasizes preventive and restorative actions to mitigate the risks of land degradation and ensure sustainable land use for the benefit of both present and future generations.""]"
Kenya,2022–2026,2,United Nations Environment Programme supported Kenya ecosystem degradation prevention strengthened policy framework law regulation strategy action plan after:2022-01-01 before:2026-01-01,Kenya,https://www.unep.org/kenya,Kenya has also established a chemical portal with the necessary legal and policy framework established to support the development and sustainability of the ...,https://www.unep.org › kenya,www_unep_org_Kenya.txt,False,False,0,0,none,none,unclear,"The document does not contain explicit evidence related to institutional frameworks, operational frameworks, policy instruments, legal instruments, positive incentives, sustainable and inclusive management of biodiversity and land, or prevention of terrestrial, freshwater, or marine ecosystem degradation in Kenya during 2022-2026.","The document does not explicitly link UNEP to strengthening or enabling any nature-related framework, instrument, or incentive in Kenya during 2022-2026.",[]
Kenya,2022–2026,2,United Nations Environment Programme supported Kenya ecosystem degradation prevention strengthened policy framework law regulation strategy action plan after:2022-01-01 before:2026-01-01,Global leaders meet in Kenya to wrestle with ...,https://www.unep.org/news-and-stories/story/global-leaders-meet-kenya-wrestle-environmental-crises,"“This is also a year in which the world remained off track on efforts to slow climate change, to halt biodiversity loss and land degradation, to deal with ...","https://www.unep.org › News, Stories & Speeches",www_unep_org_Global_leaders_meet_in_Kenya_to_wrestle_with_.txt,False,False,0,0,none,none,global,"The document does not contain explicit evidence related to strengthened institutional and operational frameworks, policy and legal instruments, or positive incentives for sustainable and inclusive management of biodiversity and land, or prevention of terrestrial, freshwater and marine ecosystem degradation in Kenya for the time window 2022–2026.","The document does not explicitly link UNEP to strengthening, developing, adopting, implementing, revising, approving, establishing, or operationalizing any nature-related framework/instrument/incentive in Kenya during 2022–2026.",[]
Kenya,2022–2026,2,United Nations Environment Programme supported Kenya ecosystem degradation prevention strengthened policy framework law regulation strategy action plan after:2022-01-01 before:2026-01-01,Kenya,https://www.unep.org/topics/chemicals-and-pollution-action/chemicals-management/special-programme/special-programme-3,Implementing Kenya's Monitoring Protocol to promote national engagement in science to policy and the linkages to human health and environment. Project Details.,https://www.unep.org › ... › Special Programme,www_unep_org_Kenya.txt,False,False,0,0,none,none,unclear,"The document does not contain explicit evidence related to institutional frameworks, operational frameworks, policy instruments, legal instruments, positive incentives, sustainable and inclusive management of biodiversity and land, or prevention of terrestrial, freshwater, or marine ecosystem degradation in Kenya during 2022-2026.","The document does not explicitly link UNEP to strengthening, developing, adopting, implementing, revising, approving, establishing, or operationalizing any nature-related framework, instrument, or incentive in Kenya during 2022-2026.",[]
Kenya,2022–2026,2,United Nations Environment Programme supported Kenya ecosystem degradation prevention strengthened policy framework law regulation strategy action plan after:2022-01-01 before:2026-01-01,Kenya backs UNEP's new Medium-Term Strategy to steer ...,https://www.kbc.co.ke/kenya-backs-uneps-new-medium-term-strategy-to-steer-global-environmental-action/,"... climate change, biodiversity loss, land degradation, pollution and unsustainable consumption patterns, issues Dr. Barasa described as “unique and deeply ...",https://www.kbc.co.ke › Blog,www_kbc_co_ke_Kenya_backs_UNEP_s_new_Medium_Term_Strategy_to_ste.txt,True,True,80,80,policy instrument,supported,national,"Kenya supports UNEP's new Medium-Term Strategy to steer global environmental action, indicating a strengthened policy instrument for sustainable environmental governance.","Kenya is actively involved with UNEP in developing and approving the Medium-Term Strategy, showing a clear link between UNEP and Kenya's environmental policy actions.","[""Kenya backs UNEP’s new Medium-Term Strategy"", ""Kenya has thrown its full support behind the development and approval of a new global environmental blueprint"", ""Cabinet Secretary for Environment, Climate Change and Forestry Dr. Deborah Barasa said the Assembly is expected to shape the course of international environmental governance""]"
Kenya,2022–2026,2,United Nations Environment Programme supported Kenya ecosystem degradation prevention strengthened policy framework law regulation strategy action plan after:2022-01-01 before:2026-01-01,United Nations Kenya Sustainable ...,https://unsdg.un.org/download/5407/74278,"UNSDCF implementation will be supported by the development of a strategic, coherent and clear data plan building on a wide range of data sources and in some in-.",https://unsdg.un.org › download,unsdg_un_org_United_Nations_Kenya_Sustainable_.txt,True,False,60,0,policy instrument / institutional framework,developed / strengthened,national,"The document outlines the United Nations Sustainable Development Cooperation Framework (UNSDCF) for Kenya 2022-2026, which includes various policy instruments and institutional frameworks aimed at sustainable development, environmental protection, and climate change mitigation. The framework emphasizes strengthening governance, promoting green transition, and supporting sustainable livelihoods.",There is no explicit mention of UNEP's direct involvement or attribution in the development or implementation of the frameworks and instruments mentioned in the document.,"[""The UNSDCF guides the full arc of UN programme planning, implementation, monitoring, reporting and evaluation of UN support on country level for achieving the 2030 Agenda."", ""The UNSDCF emphasizes United Nations Development System normative commitments."", ""The structure of the UNSDCF revolves around the 'five Ps' of the SDGs (People, Peace, Planet, Prosperity and Partnerships) grouped into 2 strategic priorities – People/Peace and Prosperity/Planet – and a third strategic priority as a strategic enabler: Partnerships."", ""Kenya’s national priorities are the UNSDCF’s 'North Star', as expressed in Vision 2030 and Medium-Term Plan IV.""]"
Kenya,2022–2026,2,United Nations Environment Programme supported Kenya ecosystem degradation prevention strengthened policy framework law regulation strategy action plan after:2022-01-01 before:2026-01-01,Evolving UNEP to better face environmental challenges,https://www.unep.org/news-and-stories/speech/evolving-unep-better-face-environmental-challenges,"From Kenya to Mexico to Niue, UNEP built resilience, reduced vulnerability, restored ecosystems and tackled pollution and waste. UNEP remains a great investment ...","https://www.unep.org › News, Stories & Speeches",www_unep_org_Evolving_UNEP_to_better_face_environmental_challen.txt,False,False,0,0,none,none,global,"The document does not contain explicit evidence related to Kenya or the time window 2022-2026 about strengthening institutional and operational frameworks, policy and legal instruments, or positive incentives for sustainable and inclusive management of biodiversity and land, or prevention of terrestrial, freshwater and marine ecosystem degradation.","The document does not explicitly link UNEP to strengthening, developing, adopting, implementing, revising, approving, establishing, or operationalizing any nature-related framework/instrument/incentive in Kenya during 2022-2026.",[]
Kenya,2022–2026,2,United Nations Environment Programme supported Kenya ecosystem degradation prevention strengthened policy framework law regulation strategy action plan after:2022-01-01 before:2026-01-01,IUCN Kenya and partners launch EUR 9 million project to ...,https://iucn.org/news/202511/iucn-kenya-and-partners-launch-eur-9-million-project-build-resilience-northern-central,Drylands and land degradation Ecosystem restoration Ecosystem-based adaptation and resilience Investing in nature and climate. Regions: Eastern and Southern ...,https://iucn.org › news › iucn-kenya-and-partners-launch...,iucn_org_IUCN_Kenya_and_partners_launch_EUR_9_million_proje.txt,True,False,60,0,institutional framework / operational framework / policy instrument,developed,national,"The document mentions the launch of the Resilience for People and Landscapes in Northern Central Kenya Project (REPLAN) which aims to strengthen conservation of high-biodiversity value ecosystems, diversify green economic opportunities, and reinforce inclusive governance systems. This project represents a significant commitment to tackling interconnected challenges in Northern Central Kenya, including biodiversity loss, rangeland degradation, and economic vulnerability of pastoralist communities.",There is no explicit link between UNEP and the strengthening/enabling of the SP2.1 framework/instrument/incentive outcome in Kenya during 2022-2026. The document primarily mentions IUCN Kenya and its partners.,"[""The REPLAN project aims to strengthen the conservation of high-biodiversity value ecosystems while simultaneously diversifying green economic opportunities and reinforcing inclusive governance systems."", ""IUCN Kenya programme, in collaboration with WWF Kenya, the Regional Centre for Mapping of Resources for Development (RCMRD), and Vétérinaires Sans Frontières (VSF), has announced the launch of a new initiative, the Resilience for People and Landscapes in Northern Central Kenya Project (REPLAN).""]"
Kenya,2022–2026,2,United Nations Environment Programme supported Kenya ecosystem degradation prevention strengthened policy framework law regulation strategy action plan after:2022-01-01 before:2026-01-01,2026 PROGRAMME PLAN,https://www.uneca.org/eca-events/sites/default/files/resources/documents/com/2025/presentations/final_draft_com2025_2026ppb4.pdf,*Strengthening resilience through de-risking investments in regional value chains & SEZ. * Mitigating impacts of climate change through sustainable trade.,https://www.uneca.org › com › presentations,www_uneca_org_2026_PROGRAMME_PLAN.txt,False,False,0,0,none,none,unclear,"The document does not contain explicit evidence related to institutional frameworks, operational frameworks, policy instruments, legal instruments, positive incentives, inclusive participation mechanisms, or degradation prevention frameworks/instruments for sustainable and inclusive management of biodiversity and land, or prevention of terrestrial, freshwater and marine ecosystem degradation in Kenya for the time window 2022–2026.",The document does not explicitly link UNEP to any strengthening/enabling of SP2.1 framework/instrument/incentive outcomes in Kenya for the time window 2022–2026.,[]
Kenya,2022–2026,2,United Nations Environment Programme supported Kenya ecosystem degradation prevention strengthened policy framework law regulation strategy action plan after:2022-01-01 before:2026-01-01,UNEP Medium-Term Strategy,https://www.unep.org/resources/unep-medium-term-strategy,The Medium-Term Strategy (MTS) of the United Nations Environment Programme (UNEP) outlines the organization's vision for addressing the triple planetary crisis.,https://www.unep.org › resources › unep-medium-term...,www_unep_org_UNEP_Medium_Term_Strategy.txt,False,False,0,0,none,none,global,The document does not contain explicit evidence related to Kenya or the specific time window of 2022-2026. It primarily focuses on UNEP's general strategies and plans.,There is no explicit link between UNEP and any nature-related framework/instrument/incentive in Kenya for the specified time window.,[]
Kenya,2022–2026,2,United Nations Environment Programme supported Kenya ecosystem degradation prevention strengthened policy framework law regulation strategy action plan after:2022-01-01 before:2026-01-01,"EU in Kenya on Instagram: ""2025 Highlights #3 A look back at ...",https://www.instagram.com/reel/DSxY6kRCUid/,"... programmes that address biodiversity loss, climate change, land degradation, and pollution. He noted that Kenya has implemented over 50 projects in ...",9 likes · 4 months ago,www_instagram_com_EU_in_Kenya_on_Instagram_2025_Highlights_3_A_look_.txt,False,False,0,0,none,none,unclear,"The document does not contain explicit evidence related to institutional frameworks, operational frameworks, policy instruments, legal instruments, positive incentives, inclusive participation mechanisms, or ecosystem degradation prevention frameworks/instruments for Kenya in 2022-2026.",There is no explicit link between UNEP and any nature-related framework/instrument/incentive in Kenya during 2022-2026.,[]
Kenya,2022–2026,2,United Nations Environment Programme supported Kenya ecosystem degradation prevention strengthened policy framework law regulation strategy action plan after:2022-01-01 before:2026-01-01,Kenya Country Strategy,https://www.awf.org/sites/default/files/2023-07/Kenya%20Country%20Strategy%202021%20%E2%80%93%202030.pdf,"Call to Action: Ecosystem degradation and biodiversity loss have a wide range of consequences, including increased vulnerability to climate change and ...",https://www.awf.org › sites › default › files › Ke...,www_awf_org_Kenya_Country_Strategy.txt,True,False,60,0,policy instrument / legal instrument / positive incentive,developed / strengthened / adopted,national,"The document outlines Kenya's progressive legislation and constitution, including Article 42 which states that every person has the right to a clean and healthy environment. Kenya is also a signatory to many multilateral agreements, including MEAs, and has developed policies and laws such as the Climate Change Act, National Policy on Climate Finance, and the Green Economy Strategy Implementation Plan.",There is no explicit mention of UNEP's role in strengthening or enabling the SP2.1 framework/instrument/incentive in Kenya during 2022-2026.,"[""Kenya has progressive legislation and, more fundamentally, a progressive constitution."", ""Article 42 of the Kenya constitution states that every person has the right to a clean and healthy environment."", ""Kenya is also a signatory to many multilateral agreements, including; the 4 Multilateral Environmental Agreements (MEAs);"", ""The Kenya National Biodiversity Strategy & Action Plan recognizes that Kenya’s biological resources are fundamental to her national economic prosperity."", ""Besides being active in global climate processes such as the Paris Agreement, Kenya has, where relevant, domesticated some of these commitments in support of the Sustainable Development Goals.""]"
Kenya,2022–2026,2,United Nations Environment Programme supported Kenya ecosystem degradation prevention strengthened policy framework law regulation strategy action plan after:2022-01-01 before:2026-01-01,"MINISTRY OF ENVIRONMENT, CLIMATE CHANGE AND ...",https://flr.kefri.org/media_root/documents/content/docs/Final_Version_FOLAREP_20052023_.pdf,"worldwide, including Kenyans. Degradation severely impacts essential ecosystem goods and services such as water, food, fuel, fodder, timber, non-wood forest ...",https://flr.kefri.org › documents › content › docs,flr_kefri_org_MINISTRY_OF_ENVIRONMENT_CLIMATE_CHANGE_AND_.txt,True,False,80,0,policy instrument / institutional framework,developed / strengthened,national,"The document outlines a comprehensive Forest and Landscape Restoration Implementation Plan (FOLAREP) for Kenya, which includes strengthening policy and regulatory frameworks, institutional coordination, and resource mobilization for FLR implementation. The plan aims to restore 3.5 million hectares of degraded landscapes by 2027 and contribute to achieving national aspirations and international obligations.",There is no explicit mention of UNEP's role in supporting the development or implementation of FOLAREP in the provided document.,"[""The Ministry of Environment , Climate Change and Forestry (MoE CCF) will set up the requisite structures to address the gaps in Forest and Landscape Restoration (FLR), FLR legislation, regulation, research, incentives , and capacity building as stipulated in this plan, both at the National and County levels."", ""The plan has been developed in a consultative manner . It is expected to augment the existing policy and legal frameworks in accelerating actions to restore deforested and degraded landscapes for sustainable livelihoods and enhanced ecological functioning of targeted forests and landscapes."", ""FOLAREP aims to accelerate actions towards restoring 5.1 million hectares of deforested and degraded landscapes by 2030 and contribute to achieving national aspirations and international obligations.""]"
Kenya,2022–2026,2,United Nations Environment Programme supported Kenya ecosystem degradation prevention strengthened policy framework law regulation strategy action plan after:2022-01-01 before:2026-01-01,Nature-based solutions and carbon credit initiatives in Kenya ...,https://pure.diis.dk/ws/files/28455239/2025_Nature_based_Solutions_and_carbon_credit_initiatives_in_Kenya.pdf,This included government efforts to halt and reverse land degradation and restore degraded ecosystems for sustainable land use. Initial approaches were top-down ...,https://pure.diis.dk › files › 2025_Nature_based_S...,pure_diis_dk_Nature_based_solutions_and_carbon_credit_initiativ.txt,False,False,0,0,none,none,unclear,,,[]
Kenya,2022–2026,2,United Nations Environment Programme supported Kenya ecosystem degradation prevention strengthened policy framework law regulation strategy action plan after:2022-01-01 before:2026-01-01,WORKSHOP REPORT - Kenya-UK PACT Nature Based ...,https://7376512.fs1.hubspotusercontent-na1.net/hubfs/7376512/CP%20Images/Project%20listings/Kenya/Kenya-UK%20PACT%20Workshop%20Report.pdf?hsCtaTracking=2412dae8-7d5e-461f-bc4c-6b08cee88d94%7C7a510e67-105f-433d-9f35-d3c186f933a1,This in-person one day workshop was attended by 69 participants drawn from various stakeholders including the project teams as per the breakdown below.,https://7376512.fs1.hubspotusercontent-na1.net › ...,7376512_fs1_hubspotusercontent-na1_net_WORKSHOP_REPORT_Kenya_UK_PACT_Nature_Based_.txt,True,False,80,0,institutional framework / operational framework / policy instrument / positive incentive,developed / strengthened / adopted,national,"The document discusses various projects and initiatives related to nature-based solutions (NbS) and forest management in Kenya, including the development and implementation of frameworks, policies, and institutional capacities.",There is no explicit mention of UNEP's role in strengthening or enabling the SP2.1 framework/instrument/incentive outcomes in Kenya during 2022-2026.,"[""UK PACT Kenya NbS portfolio"", ""Nature-based Solutions (NbS) projects"", ""forest protection methods"", ""REDD+ readiness"", ""carbon markets"", ""Kenya's Climate Change Policy"", ""Nationally Determined Contribution (NDC) goals"", ""Improving Measurement for Payments to Reduce Emissions and Strengthen Sinks (IMPRESS)"", ""Accelerating REDD+ in Kenya for equitable climate mitigation and benefits (ClimateARK)"", ""Promoting nature-based solutions for land restoration"", ""Strengthened policy implementation, institutional capacity, monitoring and reporting of forest and landscape restoration"", ""Unlocking private investment in commercial forestry""]"
Kenya,2022–2026,2,United Nations Environment Programme supported Kenya ecosystem degradation prevention strengthened policy framework law regulation strategy action plan after:2022-01-01 before:2026-01-01,English,https://www.undp.org/sites/g/files/zskgke326/files/2023-07/dpdcpGNQ-4_FINAL.docx,"... strategy and action plan. 11. Responding directly to ICPE ... climate change mitigation and adaptation, and land degradation. The Ministry ...",https://www.undp.org › dpdcpGNQ-4_FINAL,www_undp_org_English.txt,False,False,0,0,none,none,unclear,,,[]
Kenya,2022–2026,2,United Nations Environment Programme supported Kenya ecosystem degradation prevention strengthened policy framework law regulation strategy action plan after:2022-01-01 before:2026-01-01,USAID Kenya Environment Strategy 2022-2027 | PDF,https://www.scribd.com/document/906263711/USAID-Kenya-Environment-Strategy-2022-2027,"the COVID 19 Economic Stimulus program ameliorated reduce ecosystem degradation, biodiversity loss, and the long-term effects of the pandemic, climate ...",https://www.scribd.com › document › USAID-Kenya-E...,www_scribd_com_USAID_Kenya_Environment_Strategy_2022_2027_PDF.txt,True,False,60,0,policy instrument / institutional framework,developed / strengthened,national,"The document outlines a comprehensive approach to enhance environmental governance, sustainable management of land and seascapes, and promote inclusive economic growth in Kenya for 2022-2027. It includes objectives such as locally led environmental governance, enforcement, and planning strengthened; sustainable management of critical land and seascapes improved; and sustainable, inclusive, and resilient economic growth catalyzed.","There is no explicit mention of UNEP's role or support in strengthening, developing, adopting, implementing, revising, approving, establishing, or operationalizing the nature-related frameworks, instruments, or incentives in Kenya during 2022-2026.","[""USAID/Kenya Environment Sector Strategy for 2022-2027 outlines a comprehensive approach to enhance environmental governance, sustainable management of land and seascapes, and promote inclusive economic growth"", ""Development Objective 1: Locally led environmental governance, enforcement, and planning strengthened"", ""Development Objective 2: Sustainable management of critical land and seascapes in a changing climatic context improved""]"
Kenya,2022–2026,2,United Nations Environment Programme supported Kenya ecosystem degradation prevention strengthened policy framework law regulation strategy action plan after:2022-01-01 before:2026-01-01,The Future Of Kenya's Environmental Diplomacy,https://masharikirpc.org/the-future-of-kenyas-environmental-diplomacy/,"Its key provisions include championing the strengthening of the United Nations Environmental Programme (UNEP) ... Apart from environmental degradation, climate ...",https://masharikirpc.org › ... › Environmental Security,masharikirpc_org_The_Future_Of_Kenya_s_Environmental_Diplomacy.txt,True,False,60,0,policy instrument / legal instrument,developed / strengthened / adopted,national,"The document mentions several policy and legal frameworks related to environmental management and climate change in Kenya, such as the National Climate Change Action Plan (2013), the Climate Change Act (2016), and the National Adaptation Plan (2017-2030). These frameworks demonstrate Kenya's efforts to strengthen its environmental governance and management.","Although UNEP is mentioned in the document, there is no explicit link between UNEP and the development or implementation of Kenya's environmental frameworks and instruments.","[""The Government of Kenya (GoK) with the support of relevant stakeholders has increased climate change action initiatives. It has also developed needed legal and policy frameworks such as the National Climate Change Action Plan (2013), the Climate Change Act (2016) and the National Adaptation Plan (2017-2030)."", ""Kenya’s environmental diplomacy should not only enhance Kenya’s participation in global fora like the United Nations Framework Convention on Climate Change (UNFCCC), but also provide a comprehensive structure for spearheading regional climate initiatives that address Africa’s unique vulnerabilities to climate change."", ""The environmental diplomacy pillar of the Kenya’s foreign policy focuses on promoting sustainable environmental governance and natural resources management, including addressing issues related to climate change, pollution and natural resource degradation""]"
Kenya,2022–2026,2,United Nations Environment Programme supported Kenya ecosystem degradation prevention strengthened policy framework law regulation strategy action plan after:2022-01-01 before:2026-01-01,Environmental and Natural Resource Governance in Kenya,https://nema.go.ke/wp-content/uploads/2025/03/State-of-Environment-Report-SOEs-2019-2021.pdf,"resources and preventing environmental degradation and pollution. The legal framework on this is from the 2010 Kenya Constitution, Chapter 4 on the Bill of.",https://nema.go.ke › uploads › 2025/03 › State-o...,nema_go_ke_Environmental_and_Natural_Resource_Governance_in_K.txt,False,False,0,0,none,none,national,"The document is not about Kenya's environmental policies or frameworks for the time window 2022-2026. It appears to be a State of Environment Report for Kenya, but it covers the period 2019-2021.",There is no explicit link between UNEP and any environmental framework or instrument in Kenya for the time window 2022-2026.,"[""The document does not contain relevant evidence for the assessment.""]"
Kenya,2022–2026,2,United Nations Environment Programme supported Kenya ecosystem degradation prevention strengthened policy framework law regulation strategy action plan after:2022-01-01 before:2026-01-01,Medium-Term Strategy 2022—2025 | Global Seaweed,https://globalseaweed.org/wp-content/uploads/2024/12/freecompress-UNEP-Medium-Term-Strategy-2022-2025.pdf,"climate, biodiversity loss, ecosystem degradation, desertification, land ... It will use advanced tools to support restoration of degraded ecosystems and.",https://globalseaweed.org › uploads › 2024/12,globalseaweed_org_Medium_Term_Strategy_2022_2025_Global_Seaweed.txt,False,False,0,0,none,none,unclear,,,[]
Lebanon,2018–2022,1,in partnership with UNEP Lebanon land ecosystem policy instrument strengthened policy framework law regulation strategy action plan after:2018-01-01 before:2022-01-01,Promoting Sustainable Finance and Climate ...,https://www.unepfi.org/wordpress/wp-content/uploads/2021/01/Sustainable-Arab-Finance-Report-Jan-2021.pdf,"To enhance the role of NBFIs in promoting sustainable finance and in funding Egypt's sustainable development goals, the FRA issued a comprehensive strategy for ...",https://www.unepfi.org › uploads › 2021/01 › S...,www_unepfi_org_Promoting_Sustainable_Finance_and_Climate_.txt,False,False,0,0,none,none,global,"The document does not contain explicit evidence related to Lebanon in 2018-2022 about institutional/operational frameworks, policy/legal instruments, positive incentives, sustainable and inclusive management of biodiversity and land, or prevention of terrestrial, freshwater, or marine ecosystem degradation.",The document does not explicitly link UNEP to strengthening/enabling any nature-related framework/instrument/incentive in Lebanon during 2018-2022.,"[""No relevant phrases""]"
Lebanon,2018–2022,1,in partnership with UNEP Lebanon land ecosystem policy instrument strengthened policy framework law regulation strategy action plan after:2018-01-01 before:2022-01-01,Combating marine plastic litter and microplast,https://apps1.unep.org/resolutions/uploads/unep_aheg_2018_inf3_full_assessment_en.pdf,"UN Environment, 2017. Combating marine plastic litter and microplastics: An assessment of the effectiveness of relevant international, regional and subregional ...",https://apps1.unep.org › resolutions › uploads › u...,apps1_unep_org_Combating_marine_plastic_litter_and_microplast.txt,False,False,0,0,none,none,global,"The document is a comprehensive report on marine plastic litter and microplastics, focusing on international, regional, and subregional governance strategies and approaches. It does not specifically mention Lebanon or provide explicit evidence related to the country's institutional frameworks, policy instruments, or positive incentives for sustainable management of biodiversity and land.","The document does not explicitly link UNEP to strengthening or enabling any specific framework, instrument, or incentive in Lebanon related to sustainable management of biodiversity and land or prevention of ecosystem degradation.","[""The document does not contain specific phrases related to Lebanon or UNEP's activities in Lebanon.""]"
Lebanon,2018–2022,1,in partnership with UNEP Lebanon land ecosystem policy instrument strengthened policy framework law regulation strategy action plan after:2018-01-01 before:2022-01-01,Lebanon 🇱🇧 and its international 🌎 partners presenting the ...,https://www.facebook.com/UNDPLebanon/posts/lebanon-and-its-international-partners-presenting-the-way-forward-on-ndc-impleme/2936336089720378/,"CBIT has three aims: * Strengthening national institutions for transparency- related activities; * Providing relevant tools, training, and assistance; * ...",10+ reactions,www_facebook_com_Lebanon_and_its_international_partners_presenting_.txt,False,False,0,0,none,none,unclear,"The document does not contain explicit evidence related to institutional frameworks, operational frameworks, policy instruments, legal instruments, positive incentives, inclusive participation mechanisms, or ecosystem degradation prevention in Lebanon during 2018-2022.","There is no explicit link between UNEP and any nature-related framework, instrument, or incentive in Lebanon during 2018-2022.",[]
Lebanon,2018–2022,1,in partnership with UNEP Lebanon land ecosystem policy instrument strengthened policy framework law regulation strategy action plan after:2018-01-01 before:2022-01-01,Ecosystem restoration for the future we want in ...,https://www.unep.org/unepmap/news/news/world-environment-ocean-days-2021,The Mediterranean Action Plan (MAP) is a platform for regional cooperation in protecting and enhancing the marine and coastal environment while promoting ...,https://www.unep.org › unepmap › news › news › worl...,www_unep_org_Ecosystem_restoration_for_the_future_we_want_in_.txt,True,True,80,80,"policy instrument, institutional framework, operational framework","developed, strengthened, implemented",regional,"The document describes the development and implementation of various policy instruments, institutional frameworks, and operational frameworks for ecosystem management and restoration in the Mediterranean region, including the Ecosystem Approach, the Integrated Monitoring and Assessment Programme (IMAP), and several Regional Strategies and Plans.","The document explicitly links UNEP to the development, implementation, and strengthening of various frameworks and instruments for ecosystem management and restoration in the Mediterranean region, including the Ecosystem Approach, IMAP, and several Regional Strategies and Plans.","[""The Ecosystem Approach refers to an overarching principle embedded in the work of the UNEP/MAP-Barcelona Convention system."", ""UNEP/MAP and the Contracting Parties have adopted eleven Ecological Objectives that address key elements of the Mediterranean marine and coastal environment."", ""IMAP has transformed the way in which monitoring and assessment of the status of the marine and coastal environment are conducted."", ""UNEP/MAP support Mediterranean countries in this endeavor by providing technical expertise and capacity building, as well as through the delivery of demonstrative projects."", ""The UNEP/MAP-Barcelona Convention system has made significant progress in building a robust legal framework that underpins restoration and ensures healthy marine and coastal ecosystems.""]"
Lebanon,2018–2022,1,in partnership with UNEP Lebanon land ecosystem policy instrument strengthened policy framework law regulation strategy action plan after:2018-01-01 before:2022-01-01,State of the Environment and Development in ...,https://planbleu.org/wp-content/uploads/2020/11/SoED-Full-Report.pdf,"The report's findings warrant radical policy changes in production and consumption patterns, as well as land and sea use. The UNEP/MAP-Barcelona Convention ...",https://planbleu.org › 2020/11 › SoED-Full-Report,planbleu_org_State_of_the_Environment_and_Development_in_.txt,False,False,0,0,none,none,global,"The document does not contain explicit evidence related to Lebanon in 2018-2022 about institutional frameworks, policy/legal instruments, positive incentives, sustainable and inclusive management of biodiversity and land, or prevention of terrestrial, freshwater, or marine ecosystem degradation.",The document does not explicitly link UNEP to strengthening/enabling any nature-related framework/instrument/incentive in Lebanon during 2018-2022.,[]
Lebanon,2018–2022,1,in partnership with UNEP Lebanon land ecosystem policy instrument strengthened policy framework law regulation strategy action plan after:2018-01-01 before:2022-01-01,UNEP.pdf,https://www.un.org/Depts/los/general_assembly/contributions_2019/UNEP.pdf,"The project engages national and local governments, plastic producers and retailers, and civil society to develop inclusive and equitable market-based solutions ...",https://www.un.org › los › contributions_2019,www_un_org_UNEP_pdf.txt,True,False,81,0,policy instrument,implemented,national,"The document mentions the implementation of the UN Environment/MAP Regional Plan on Marine Litter Management in the Mediterranean, which includes Lebanon. This plan involves the development of national regulatory frameworks, technical assistance, and pilot implementation of measures to minimize marine litter.",There is no explicit link between UNEP and the strengthening of frameworks or instruments in Lebanon.,"[""Implementation of the UN Environment/MAP Regional Plan on Marine Litter Management in the Mediterranean"", ""national regulatory framework related to non-single use of plastic bags and to promote Extended Producer Responsibility (EPR) was carried out for Algeria, Egypt, Lebanon, Morocco and Tunisia"", ""pilot implementation of 'Fishing-for-Litter' and 'Adopt-a-Beach' measures (clean-up campaigns) is ongoing in Algeria, Egypt, Israel, Libya, Morocco and Tunisia"", ""Lebanon to join in the implementation of the said pilots""]"
Lebanon,2018–2022,1,in partnership with UNEP Lebanon land ecosystem policy instrument strengthened policy framework law regulation strategy action plan after:2018-01-01 before:2022-01-01,THE LEGAL FRAMEWORK FOR MARINE PROTECTED ...,https://www.rac-spa.org/sites/default/files/doc_medmpa_network/lebanon/amp_fact_sheets_lebanon.pdf,"The fact sheet synthesizes the national legal framework and is structured around five fundamental questions: which laws apply to MPAs, which authorities are.",https://www.rac-spa.org › amp_fact_sheets_lebanon,www_rac-spa_org_THE_LEGAL_FRAMEWORK_FOR_MARINE_PROTECTED_.txt,True,False,80,0,policy instrument / legal instrument,developed / strengthened / adopted,national,"The document provides detailed information on the legal framework for marine protected areas in Lebanon, including the adoption of the 'Protected Areas Framework Law' in 2019, which unified the legal framework for designation and management of marine protected areas.",There is no explicit link between UNEP and the strengthening of the nature-related framework/instrument/incentive in Lebanon during 2018-2022.,"[""The legal framework applied to the existing MPAs has been recently modified, with the adoption of the 'Protected Areas Framework Law' issued in April 2019."", ""The new law provides a common framework for four of these categories."", ""Lebanon has 2 declared MPAs, and 19 areas are proposed for future designation.""]"
Lebanon,2018–2022,1,in partnership with UNEP Lebanon land ecosystem policy instrument strengthened policy framework law regulation strategy action plan after:2018-01-01 before:2022-01-01,Understanding-and-Increasing-Finance-for- ...,https://climatepolicyinitiative.org/wp-content/uploads/2018/12/Understanding-and-Increasing-Finance-for-Climate-Adaptation-in-Developing-Countries-1.pdf,"About CPI. With deep expertise in policy and finance, CPI works to improve the most important energy and land use practices around the world.",https://climatepolicyinitiative.org › 2018/12 › Un...,climatepolicyinitiative_org_Understanding_and_Increasing_Finance_for_.txt,False,False,0,0,none,none,none,"The document does not contain explicit evidence related to Lebanon in 2018-2022 about institutional/operational frameworks, policy/legal instruments, positive incentives, sustainable and inclusive management of biodiversity and land, or prevention of terrestrial, freshwater, or marine ecosystem degradation.",There is no explicit link between UNEP and any nature-related framework/instrument/incentive in Lebanon during 2018-2022.,[]
Lebanon,2018–2022,1,in partnership with UNEP Lebanon land ecosystem policy instrument strengthened policy framework law regulation strategy action plan after:2018-01-01 before:2022-01-01,UNEP ENV LAW PRESENTATION | PPTX,https://www.slideshare.net/slideshow/unep-env-law-presentation/74661620,"UNEP works to assess environmental conditions, develop international agreements, strengthen environmental management institutions, and address issues like ...",https://www.slideshare.net › Environment,www_slideshare_net_UNEP_ENV_LAW_PRESENTATION_PPTX.txt,False,False,0,0,none,none,unclear,"The document does not contain explicit evidence related to Lebanon or the time window 2018-2022 about institutional frameworks, operational frameworks, policy instruments, legal instruments, positive incentives, sustainable and inclusive management of biodiversity and land, or prevention of terrestrial, freshwater, or marine ecosystem degradation.","The document does not explicitly link UNEP to strengthening, developing, adopting, implementing, revising, approving, establishing, or operationalizing any nature-related framework, instrument, or incentive in Lebanon during 2018-2022.",[]
Lebanon,2018–2022,1,in partnership with UNEP Lebanon land ecosystem policy instrument strengthened policy framework law regulation strategy action plan after:2018-01-01 before:2022-01-01,First Global Report,https://environmentalmigration.iom.int/sites/g/files/tmzbdl1411/files/documents/2023-11/environmental_rule_of_law.pdf,"This new report on the Environmental. Rule of Law will help us improve compliance with environmental law, which is essential to ensuring protection of ...",https://environmentalmigration.iom.int › files › e...,environmentalmigration_iom_int_First_Global_Report.txt,False,False,0,0,none,none,global,"The document does not contain explicit evidence related to Lebanon in 2018-2022 about institutional frameworks, operational frameworks, policy instruments, legal instruments, positive incentives, sustainable and inclusive management of biodiversity and land, or prevention of terrestrial, freshwater, or marine ecosystem degradation.","The document does not explicitly link UNEP to strengthening or enabling any nature-related framework, instrument, or incentive in Lebanon during 2018-2022.",[]
Lebanon,2018–2022,1,in partnership with UNEP Lebanon land ecosystem policy instrument strengthened policy framework law regulation strategy action plan after:2018-01-01 before:2022-01-01,Education for Sustainable Development Goals: learning ...,https://unesdoc.unesco.org/ark:/48223/pf0000247444,"The most recent comprehensive national policy instrument on climate change, the National Strategy on Climate Change (Estrategia Nacional de Cambio Climático) ...",https://unesdoc.unesco.org › ark:,unesdoc_unesco_org_Education_for_Sustainable_Development_Goals_learni.txt,False,False,0,0,none,none,unclear,"The document is not relevant to the task as it does not discuss environmental policy, Lebanon, or the time window 2018-2022.",There is no mention of UNEP or any environmental policy evaluation related to Lebanon.,[]
Lebanon,2018–2022,1,in partnership with UNEP Lebanon land ecosystem policy instrument strengthened policy framework law regulation strategy action plan after:2018-01-01 before:2022-01-01,FROM POLLUTION TO SOLUTION,https://www.gdr-po.cnrs.fr/docs/UNEP_2021.pdf,United Nations Environment Programme (2021). From Pollution to. Solution. A global assessment of marine litter and plastic pollution Nairobi. Production. United ...,https://www.gdr-po.cnrs.fr › docs › UNEP_2021,www_gdr-po_cnrs_fr_FROM_POLLUTION_TO_SOLUTION.txt,False,False,0,0,none,none,unclear,"The document could not be fetched due to an SSL error, resulting in no evidence being available for evaluation.","The document could not be fetched due to an SSL error, resulting in no evidence being available for evaluation.",[]
Lebanon,2018–2022,1,in partnership with UNEP Lebanon land ecosystem policy instrument strengthened policy framework law regulation strategy action plan after:2018-01-01 before:2022-01-01,United Nations Environment Programme Implementation of ...,https://gefcrew.org/carrcu/18IGM/4LBSCOP/Info-Docs/gpa_igr4_inf8-en.pdf,"Develop and Strengthen national policies, laws and regulations on pollution and marine biodiversity; ... Legal Framework for Land Based Activities: N/A. Adoption/ ...",https://gefcrew.org › Info-Docs › gpa_igr4_inf8-en,gefcrew_org_United_Nations_Environment_Programme_Implementatio.txt,True,False,60,0,policy instrument,developed,national,"The document provides evidence of strengthened institutional and operational frameworks, policy and legal instruments for sustainable and inclusive management of biodiversity and land in Lebanon during 2018-2022. Specifically, it mentions the Barcelona Convention and its protocols, including the Protocol for the Protection of the Mediterranean Sea against Pollution from Land-Based Sources and Activities (LBS Protocol), which Lebanon is a part of.",There is no explicit link between UNEP and the strengthening of the nature-related framework/instrument/incentive in Lebanon during 2018-2022.,"[""The Barcelona Convention as well as each of its Protocols (LBS, Hazardous Waste, Dumping and Offshore) Contracting Parties/ Member States: Albania, Algeria, Bosnia and Herzegovina, Croatia, Cyprus, Egypt, France, Greece, Israel, Italy, Lebanon, Libya, Malta, Monaco, Montenegro, Morocco, Slovenia, Spain, Syrian Arab Republic, Tunisia, Turkey, and the European Union."", ""Protocol for the Protection of the Mediterranean Sea against Pollution from Land-Based Sources and Activities (LBS Protocol) Adoption/Timeframe Adopted March 1996; Entered into force May 2006.""]"
Lebanon,2018–2022,1,in partnership with UNEP Lebanon land ecosystem policy instrument strengthened policy framework law regulation strategy action plan after:2018-01-01 before:2022-01-01,Sustainable Development Goal 6 Synthesis Report on ...,https://www.unwater.org/sites/default/files/app/uploads/2018/12/SDG6_SynthesisReport2018_WaterandSanitation_04122018.pdf,"New partnerships are needed, involving stakeholders within and beyond the water and sanitation sectors, to address these fundamental issues, balance competing ...",https://www.unwater.org › uploads › 2018/12,www_unwater_org_Sustainable_Development_Goal_6_Synthesis_Report_on.txt,False,False,0,0,none,none,global,"The document is a global report on Sustainable Development Goal 6 (SDG 6) on Water and Sanitation, and does not contain specific information about Lebanon or the time window 2018-2022.","There is no explicit link between UNEP and any specific framework, instrument, or incentive in Lebanon for SDG 6.",[]
Lebanon,2018–2022,1,in partnership with UNEP Lebanon land ecosystem policy instrument strengthened policy framework law regulation strategy action plan after:2018-01-01 before:2022-01-01,Council for Development Republic of Lebanon National ...,https://www.urbanagendaplatform.org/sites/default/files/2022-04/NUA%20Draft%20Report.pdf,UN agencies have established response plans and supported the Lebanese. Government in developing the Lebanon Crisis Response Plan 2015-16 (LCRP) that aims to ...,https://www.urbanagendaplatform.org › sites › files,www_urbanagendaplatform_org_Council_for_Development_Republic_of_Lebanon_Nation.txt,True,False,40,0,policy instrument / legal instrument / institutional framework,developed / strengthened,national,"The document discusses various policy instruments and institutional frameworks related to sustainable urban development, social inclusion, and environmental sustainability in Lebanon. However, there is no explicit mention of UNEP's involvement in these efforts.","There is no explicit mention of UNEP's involvement in the development or implementation of the frameworks, policies, or instruments discussed in the document.","[""The document mentions various initiatives and programs related to sustainable urban development, social inclusion, and environmental sustainability in Lebanon, such as the National Poverty Targeting Program (NPTP), the Emergency Social Safety Net (ESSN), and the Lebanon Crisis Response Plan (LCRP).""]"
Lebanon,2018–2022,1,in partnership with UNEP Lebanon land ecosystem policy instrument strengthened policy framework law regulation strategy action plan after:2018-01-01 before:2022-01-01,DPDCPSYR4_Final.docx,https://www.undp.org/sites/g/files/zskgke326/files/DPDCPSYR4_Final.docx,"UNDP will explore partnerships with the United Nations Department of Economic and Social Affairs, the Economic and Social Commission for Western Asia, UNICEF ...",https://www.undp.org › files › zskgke326 › files,www_undp_org_DPDCPSYR4_Final_docx.txt,False,False,0,0,none,none,unclear,,,[]
Lebanon,2018–2022,1,in partnership with UNEP Lebanon land ecosystem policy instrument strengthened policy framework law regulation strategy action plan after:2018-01-01 before:2022-01-01,Environmental policy in Lebanon,https://en.wikipedia.org/wiki/Environmental_policy_in_Lebanon,"The MOE addresses climate change and sustainability in its policy planning, and is solely responsible for producing environmental laws at the national level.",https://en.wikipedia.org › wiki › Environmental_policy...,en_wikipedia_org_Environmental_policy_in_Lebanon.txt,True,False,60,0,institutional framework / policy instrument,developed / strengthened,national,"The Ministry of Environment (MOE) was established in 1992 and is solely responsible for producing environmental laws at the national level. Lebanon has ratified several international agreements, including the UNFCCC and the Kyoto Protocol. The MOE collaborates with local and national authorities to implement environmental laws and policies.",There is no explicit link between UNEP and the strengthening of environmental frameworks or instruments in Lebanon during 2018-2022.,"[""The Ministry of Environment (MOE) is solely responsible for producing environmental laws at the national level."", ""Lebanon has ratified several international agreements since 1992, including the United Nations Framework Convention on Climate Change (UNFCCC) and the Kyoto Protocol."", ""The MOE collaborates with local and national authorities when implementing these laws.""]"
Lebanon,2018–2022,1,in partnership with UNEP Lebanon land ecosystem policy instrument strengthened policy framework law regulation strategy action plan after:2018-01-01 before:2022-01-01,"(PDF) UNEP 2021, Sustainable Public Procurement",https://www.researchgate.net/publication/355889107_UNEP_2021_Sustainable_Public_Procurement_How_to_Wake_the_Sleeping_Giant_Introducing_the_United_Nations_Environment_Programme's_Approach,"The Sustainable Public Procurement Implementation Guidelines give direction to SPP policy makers, experts and consultants on designing Sustainable Public ...",https://www.researchgate.net › ... › Public Procurement,www_researchgate_net__PDF_UNEP_2021_Sustainable_Public_Procurement.txt,False,False,0,0,none,none,unclear,,,[]
Lebanon,2018–2022,1,in partnership with UNEP Lebanon land ecosystem policy instrument strengthened policy framework law regulation strategy action plan after:2018-01-01 before:2022-01-01,Suggested policy and legislation reforms to reduce ...,https://www.sciencedirect.com/science/article/pii/S2405844020323677,"Recommendations to reduce pesticide risk through a combination of reforms at the policy level and its tools, particularly legislation, are proposed.",https://www.sciencedirect.com › science › article › pii,www_sciencedirect_com_Suggested_policy_and_legislation_reforms_to_reduce.txt,False,False,0,0,none,none,unclear,The document does not contain any relevant information about Lebanon or environmental policy evaluations from 2018-2022.,There is no mention of UNEP or any environmental policy evaluations in the document.,[]
Lebanon,2018–2022,1,in partnership with UNEP Lebanon land ecosystem policy instrument strengthened policy framework law regulation strategy action plan after:2018-01-01 before:2022-01-01,Report on the Impact of Climate Change on Migration,https://bidenwhitehouse.archives.gov/wp-content/uploads/2021/10/Report-on-the-Impact-of-Climate-Change-on-Migration.pdf,"Activities include building local community and government capacity to develop risk assessments and manage disaster response, as well as supporting national and ...",https://bidenwhitehouse.archives.gov › 2021/10,bidenwhitehouse_archives_gov_Report_on_the_Impact_of_Climate_Change_on_Migratio.txt,False,False,0,0,none,none,none,"The document does not contain explicit evidence related to Lebanon in 2018-2022 about institutional frameworks, operational frameworks, policy instruments, positive incentives, sustainable and inclusive management of biodiversity and land, or prevention of terrestrial, freshwater, or marine ecosystem degradation.",There is no explicit link between UNEP and any nature-related framework/instrument/incentive in Lebanon during 2018-2022.,[]
Lebanon,2018–2022,1,in partnership with UNEP Lebanon land ecosystem policy instrument strengthened policy framework law regulation strategy action plan after:2018-01-01 before:2022-01-01,ipcc_90_92_assessments_far_fu...,https://www.ipcc.ch/site/assets/uploads/2018/05/ipcc_90_92_assessments_far_full_report.pdf,"The IPCC First Assessment Report was completed in August 1990 and consists of: the Overview, the IPCC Scientific. Assessment, the IPCC Impacts Assessment, the ...",https://www.ipcc.ch › assets › uploads › 2018/05,www_ipcc_ch_ipcc_90_92_assessments_far_fu_.txt,False,False,0,0,none,none,global,"The document does not contain explicit evidence related to Lebanon in 2018-2022 about institutional/operational frameworks, policy/legal instruments, positive incentives, sustainable and inclusive management of biodiversity and land, or prevention of terrestrial, freshwater, or marine ecosystem degradation.",There is no explicit link between UNEP and any nature-related framework/instrument/incentive in Lebanon during 2018-2022.,[]
Lebanon,2018–2022,1,in partnership with UNEP Lebanon land ecosystem policy instrument strengthened policy framework law regulation strategy action plan after:2018-01-01 before:2022-01-01,SOER REPORT,https://www.unicef.org/lebanon/media/7161/file/SOER_Report_EN.pdf,"The report ultimately seeks to make data and analysis available to the public, policy makers and humanitarian and development partners to support evidence-.",https://www.unicef.org › lebanon › media › file,www_unicef_org_SOER_REPORT.txt,False,False,0,0,none,none,unclear,,,[]
Lebanon,2018–2022,1,in partnership with UNEP Lebanon land ecosystem policy instrument strengthened policy framework law regulation strategy action plan after:2018-01-01 before:2022-01-01,Motions,https://portals.iucn.org/library/sites/library/files/documents/WCC-7th-008-En.pdf,"environmental law, as revealed by the European Union's 7th Environment Action Plan, demanding specific indicators to control environmental legislation or ...",https://portals.iucn.org › library › files › documents,portals_iucn_org_Motions.txt,False,False,0,0,none,none,global,"The document does not contain explicit evidence related to Lebanon in 2018-2022 about institutional frameworks, operational frameworks, policy instruments, positive incentives, sustainable and inclusive management of biodiversity and land, or prevention of terrestrial, freshwater, and marine ecosystem degradation.",There is no explicit link between UNEP and strengthening/enabling any nature-related framework/instrument/incentive in Lebanon during 2018-2022.,[]
Lebanon,2018–2022,1,in partnership with UNEP Lebanon land ecosystem policy instrument strengthened policy framework law regulation strategy action plan after:2018-01-01 before:2022-01-01,GREEN ECONOMY TRANSITION APPROACH 2021-2025,https://www.ebrd.com/content/dam/ebrd_dxp/assets/pdfs/green-economy-transition/ebrds-green-economy-transition-approach/Green-Economy-Transition-Approach-2021-2025.pdf,"• Policy engagement: Strategies, legislation, regulations and standards are a powerful tool to drive systemic change that goes beyond individual investments ...",https://www.ebrd.com › ebrd_dxp › assets › pdfs,www_ebrd_com_GREEN_ECONOMY_TRANSITION_APPROACH_2021_2025.txt,False,False,0,0,none,none,none,"The document does not contain explicit evidence related to Lebanon in 2018-2022 about institutional frameworks, operational frameworks, policy instruments, positive incentives, sustainable and inclusive management of biodiversity and land, or prevention of terrestrial, freshwater, and marine ecosystem degradation.","There is no explicit link between UNEP and any nature-related framework, instrument, or incentive in Lebanon during 2018-2022.",[]
Lebanon,2018–2022,1,in partnership with UNEP Lebanon land ecosystem policy instrument strengthened policy framework law regulation strategy action plan after:2018-01-01 before:2022-01-01,land-governance-natural-resources-and-climate-change-in ...,https://unhabitat.org/sites/default/files/2022/11/land-governance-natural-resources-and-climate-change-in-the-arab-region_report_en.pdf,"Its core mission is to produce and advocate policies that improve governance in Lebanon and the Arab region. This research report on “Land. Governance, Natural ...",https://unhabitat.org › default › files › 2022/11 › l...,unhabitat_org_land_governance_natural_resources_and_climate_chan.txt,False,False,0,0,none,none,global,"The document does not contain explicit evidence related to Lebanon in 2018-2022 about institutional/operational frameworks, policy/legal instruments, positive incentives, sustainable and inclusive management of biodiversity and land, or prevention of terrestrial, freshwater, or marine ecosystem degradation.",There is no explicit link between UNEP and strengthening/enabling any nature-related framework/instrument/incentive in Lebanon during 2018-2022.,[]
Lebanon,2018–2022,1,in partnership with UNEP Lebanon land ecosystem policy instrument strengthened policy framework law regulation strategy action plan after:2018-01-01 before:2022-01-01,Achieving land degradation neutrality targets through ...,https://www.thegef.org/sites/default/files/web-documents/10528_LD_PIF.pdf,... strengthening of the policy environment for existing land use planning with bio-physical considerations. • Identification of gaps and constraints related to ...,https://www.thegef.org › files › 10528_LD_PIF,www_thegef_org_Achieving_land_degradation_neutrality_targets_thro.txt,False,False,0,0,none,none,none,"The document does not contain explicit evidence related to Lebanon during 2018-2022 about institutional/operational frameworks, policy/legal instruments, positive incentives, sustainable and inclusive management of biodiversity and land, or prevention of terrestrial, freshwater, or marine ecosystem degradation.",There is no explicit link between UNEP and strengthening/enabling the SP2.1 framework/instrument/incentive in Lebanon during 2018-2022.,[]
Lebanon,2018–2022,1,in partnership with UNEP Lebanon land ecosystem policy instrument strengthened policy framework law regulation strategy action plan after:2018-01-01 before:2022-01-01,Lebanon BUR4 2021.pdf,https://unfccc.int/sites/default/files/resource/Lebanon%20BUR4%202021.pdf,"Beirut, Lebanon. MoE/UNEP/GEF, (2016). Lebanon's National Biodiversity Strategy and Action Plan. Ministry of Environment,. Beirut, Lebanon. MoE/UOB (2018) ...",https://unfccc.int › sites › default › files › resource,unfccc_int_Lebanon_BUR4_2021_pdf.txt,False,False,0,0,none,none,none,"The document does not contain explicit evidence related to institutional/operational frameworks, policy/legal instruments, positive incentives, sustainable and inclusive management of biodiversity and land, or prevention of terrestrial, freshwater, or marine ecosystem degradation in Lebanon during 2018-2022.",There is no explicit link between UNEP and any nature-related framework/instrument/incentive in Lebanon during 2018-2022.,[]
Lebanon,2018–2022,1,in partnership with UNEP Lebanon land ecosystem policy instrument strengthened policy framework law regulation strategy action plan after:2018-01-01 before:2022-01-01,Final National Report on Land Degradation Neutrality Target ...,http://data.infopro.com.lb/file/Final%20National%20Report%20on%20Land%20Degradation%20Neutrality%20Target%20Setting%20Programme%202018%20MoA.pdf,The Land Degradation Neutrality (LDN) framework offers an opportunity tool for decision makers in Lebanon to plan development that does not contribute to ...,http://data.infopro.com.lb › file › Final National R...,data_infopro_com_lb_Final_National_Report_on_Land_Degradation_Neutrali.txt,True,False,81,0,policy instrument,developed,national,"The document provides evidence of strengthened institutional and operational frameworks for sustainable management of biodiversity and land in Lebanon during 2018-2022. It outlines the country's efforts to achieve Land Degradation Neutrality (LDN) through various policies, strategies, and programs.",There is no explicit evidence linking UNEP to the development or implementation of the LDN framework in Lebanon during 2018-2022.,"[""The document mentions the support of the Land Degradation Neutrality Target Setting Programme (LDN TSP), a partnership initiative implemented by the Secretariat and the Global Mechanism of the UNCCD, with support from various partners including France, Germany, Luxembourg, Republic of Korea, Spain, Trinidad and Tobago, Turkey, European Space Agency, Food and Agriculture Organization of the United Nations, Global Environment Facility, ISRIC – World Soil Information, International Union for Conservation of Nature, Joint Research Centre of the European Commission, Soil Leadership Academy, United Nations Development Programme, United Nations Environment Programme, and World Resources Institute."", ""The Government of Lebanon, under the leadership of the Ministry of Agriculture, has declared and adopted the official voluntary LDN Targets."", ""Lebanon’s LDN targets follow closely the identified losses in forests, rangelands and agricultural zones.""]"
Lebanon,2018–2022,1,in partnership with UNEP Lebanon land ecosystem policy instrument strengthened policy framework law regulation strategy action plan after:2018-01-01 before:2022-01-01,German Sustainable Development Strategy,https://www.bundesregierung.de/resource/blob/974430/1940716/1c63c8739d10011eb116fda1aecb61ca/german-sustainable-development-strategy-en-data.pdf,"With its 17 Sustainable Development. Goals (SDGs), the 2030 Agenda provides the basis for the. German Government's sustainable development policy. ... stronger ...",https://www.bundesregierung.de › resource › blob,www_bundesregierung_de_German_Sustainable_Development_Strategy.txt,False,False,0,0,none,none,none,The document is about the German Sustainable Development Strategy and does not contain any information related to Lebanon or UNEP's activities in Lebanon.,There is no mention of UNEP or its activities in Lebanon.,[]
Lebanon,2018–2022,1,in partnership with UNEP Lebanon land ecosystem policy instrument strengthened policy framework law regulation strategy action plan after:2018-01-01 before:2022-01-01,INSTITUTIONAL CAPACITIES FOR NDC IMPLEMENTATION,https://transparency-partnership.net/system/files/document/UNEP%20DTUP%202018_%20Institutional%20Capacities%20For%20NDC%20Implementation.pdf,"These laws introduce broad policy directions and principles, and thus represent the framework within which that government's executive power operates.",https://transparency-partnership.net › document,transparency-partnership_net_INSTITUTIONAL_CAPACITIES_FOR_NDC_IMPLEMENTATION.txt,False,False,0,0,none,none,none,"The document is a guidance document on institutional capacities for NDC implementation and does not contain explicit evidence related to Lebanon or the time window 2018-2022 about institutional frameworks, operational frameworks, policy instruments, positive incentives, or mechanisms for sustainable and inclusive management of biodiversity and land, or prevention of terrestrial, freshwater, and marine ecosystem degradation.",There is no explicit link between UNEP and strengthening/enabling the SP2.1 framework/instrument/incentive outcome in Lebanon during 2018-2022.,[]
Lebanon,2018–2022,1,in partnership with UNEP Lebanon land ecosystem policy instrument strengthened policy framework law regulation strategy action plan after:2018-01-01 before:2022-01-01,International efforts using Space for Climate Action,https://www.unoosa.org/documents/pdf/Space4SDGs/Space_for_Climate_Action_-ebook.pdf,The Strategic Mapping Exercise was made possible through the generous support of the Government of the United Kingdom of. Great Britain and Northern Ireland.,https://www.unoosa.org › documents › pdf › Spac...,www_unoosa_org_International_efforts_using_Space_for_Climate_Acti.txt,False,False,0,0,none,none,global,"The document does not contain explicit evidence related to Lebanon in 2018-2022 about institutional/operational frameworks, policy/legal instruments, positive incentives, sustainable and inclusive management of biodiversity and land, or prevention of terrestrial, freshwater, or marine ecosystem degradation.",There is no explicit link between UNEP and strengthening/enabling any nature-related framework/instrument/incentive in Lebanon during 2018-2022.,[]
Lebanon,2018–2022,1,in partnership with UNEP Lebanon land ecosystem policy instrument strengthened policy framework law regulation strategy action plan after:2018-01-01 before:2022-01-01,What makes internationally-financed climate change ...,https://www.sciencedirect.com/science/article/pii/S0959378019308362,This study systematically assesses conditions that influence the focus on vulnerable local communities in internationally-financed adaptation projects.,https://www.sciencedirect.com › science › article › pii,www_sciencedirect_com_What_makes_internationally_financed_climate_change.txt,False,False,0,0,none,none,unclear,,,[]
Lebanon,2018–2022,1,in partnership with UNEP Lebanon land ecosystem policy instrument strengthened policy framework law regulation strategy action plan after:2018-01-01 before:2022-01-01,The Global E-waste Monitor 2020,https://ewastemonitor.info/wp-content/uploads/2020/11/GEM_2020_def_july1_low.pdf,"... strategy to achieve a sustainable e-waste management system (EACO 2017). The strategy prioritizes a) strengthening the policy, legal, and regulatory framework.",https://ewastemonitor.info › uploads › 2020/11,ewastemonitor_info_The_Global_E_waste_Monitor_2020.txt,False,False,0,0,none,none,global,"The document does not contain explicit evidence related to Lebanon during 2018-2022 about institutional/operational frameworks, policy/legal instruments, positive incentives, sustainable and inclusive management of biodiversity and land, or prevention of terrestrial, freshwater, or marine ecosystem degradation.",There is no explicit link between UNEP and any nature-related framework/instrument/incentive in Lebanon during 2018-2022.,[]
Lebanon,2018–2022,1,in partnership with UNEP Lebanon land ecosystem policy instrument strengthened policy framework law regulation strategy action plan after:2018-01-01 before:2022-01-01,"Environmental, Social and Governance",https://greenfinancelac.org/wp-content/uploads/2020/06/Environmental_Social_Governance.2.pdf,"government policy and legal regulation in the fields of exploration, use, reproduction and protection of Natural Resources … environmental monitoring, and ...",https://greenfinancelac.org › uploads › 2020/06,greenfinancelac_org_Environmental_Social_and_Governance.txt,False,False,0,0,none,none,none,"The document does not contain any explicit evidence related to Lebanon during 2018-2022 about institutional frameworks, operational frameworks, policy instruments, positive incentives, sustainable and inclusive management of biodiversity and land, or prevention of terrestrial, freshwater, or marine ecosystem degradation.",The document does not mention UNEP or any explicit link to UNEP's activities in Lebanon during 2018-2022.,[]
Lebanon,2018–2022,1,in partnership with UNEP Lebanon land ecosystem policy instrument strengthened policy framework law regulation strategy action plan after:2018-01-01 before:2022-01-01,IUCN's Regional Office for West Asia in collaboration with ...,https://www.instagram.com/p/CI0BSPnAlGH/,IUCN's Regional Office for West Asia in collaboration with the Ministry of Environment in Lebanon is organizing a workshop to present the main findings for ...,20+ likes,www_instagram_com_IUCN_s_Regional_Office_for_West_Asia_in_collaborat.txt,True,True,60,40,policy instrument,developed,national,The document mentions a project 'Market policy and legislative development for mainstreaming sustainable management of marine and coastal ecosystems in Lebanon' which is funded by GEF and executed by IUCN in cooperation with the Lebanese Ministry of Environment and UNEP. This project indicates development of policy and legislative instruments for sustainable management of marine and coastal ecosystems.,"UNEP is mentioned as a cooperating entity in the project 'Market policy and legislative development for mainstreaming sustainable management of marine and coastal ecosystems in Lebanon', indicating some level of involvement in the development of policy and legislative instruments.","[""project 'Market policy and legislative development for mainstreaming sustainable management of marine and coastal ecosystems in Lebanon'"", ""funded by GEF and executed by IUCN in cooperation with the Lebanese Ministry of Environment and UNEP""]"
Lebanon,2018–2022,1,in partnership with UNEP Lebanon land ecosystem policy instrument strengthened policy framework law regulation strategy action plan after:2018-01-01 before:2022-01-01,LESSONS IN MULTILATERAL EFFECTIVENESS,https://www.mopan.org/content/dam/mopan/en/publications/our-work/insights/lme-climate/mopan-lme-climate-change-volume2.pdf,"This study was conducted by the Multilateral Organisation Performance. Assessment Network (MOPAN) under the overall strategic guidance of. Suzanne Steensen, ...",https://www.mopan.org › insights › lme-climate,www_mopan_org_LESSONS_IN_MULTILATERAL_EFFECTIVENESS.txt,False,False,0,0,none,none,unclear,,,[]
Lebanon,2018–2022,1,in partnership with UNEP Lebanon land ecosystem policy instrument strengthened policy framework law regulation strategy action plan after:2018-01-01 before:2022-01-01,climate-change-conflict-displacement-and-irregular- ...,https://um.dk/media/lkmpaiev/climate-change-conflict-displacement-and-irregular-migration-in-sahel.pdf,The programme will support four thematic areas: • Promoting and consolidating a more climate-sensitive approach in peace and stabilization initiatives in crisis.,https://um.dk › media › lkmpaiev › climate-chan...,um_dk_climate_change_conflict_displacement_and_irregular.txt,False,False,0,0,none,none,none,"The document does not contain explicit evidence related to Lebanon in 2018-2022 about institutional frameworks, policy/legal instruments, positive incentives, sustainable and inclusive management of biodiversity and land, or prevention of terrestrial, freshwater, or marine ecosystem degradation.",There is no explicit link between UNEP and strengthening/enabling the SP2.1 framework/instrument/incentive outcome in Lebanon during 2018-2022.,[]
Lebanon,2018–2022,1,in partnership with UNEP Lebanon land ecosystem policy instrument strengthened policy framework law regulation strategy action plan after:2018-01-01 before:2022-01-01,Linking Integrated Coastal Zone Management to Maritime ...,https://link.springer.com/chapter/10.1007/978-3-319-98696-8_12,This chapter illustrates the policy frame supporting Maritime Spatial Planning (MSP) implementation in the entire Mediterranean Sea.,https://link.springer.com › Maritime Spatial Planning,link_springer_com_Linking_Integrated_Coastal_Zone_Management_to_Mari.txt,False,False,0,0,none,none,global,"The document does not contain explicit evidence related to Lebanon in 2018-2022 about institutional/operational frameworks, policy/legal instruments, positive incentives, sustainable and inclusive management of biodiversity and land, or prevention of terrestrial, freshwater, or marine ecosystem degradation.",There is no explicit link between UNEP and strengthening/enabling any nature-related framework/instrument/incentive in Lebanon during 2018-2022.,[]
Lebanon,2018–2022,2,with UNEP support Lebanon ecosystem degradation prevention implemented policy framework law regulation strategy action plan after:2018-01-01 before:2022-01-01,There has been a huge growth 🔼 in the number of laws to ...,https://www.facebook.com/unep/posts/there-has-been-a-huge-growth-in-the-number-of-laws-to-protect-the-environment-bu/10157185100655712/,"There has been a huge growth in the number of laws to protect the environment , but the problem lies in the implementation of these laws, which has been very ...",210+ reactions,www_facebook_com_There_has_been_a_huge_growth_in_the_number_of_laws.txt,False,False,0,0,none,none,unclear,,,[]
Lebanon,2018–2022,1,in partnership with UNEP Lebanon land ecosystem policy instrument strengthened policy framework law regulation strategy action plan after:2018-01-01 before:2022-01-01,Ref,https://www.bpbes.net.br/wp-content/uploads/2019/03/GEO6-SPM_EN.pdf,1. What is the Global Environment Outlook? Mainstreaming environmental considerations into social and economic decisions at all levels is of vital importance.,https://www.bpbes.net.br › GEO6-SPM_EN,www_bpbes_net_br_Ref.txt,False,False,0,0,none,none,global,"The document does not contain explicit evidence related to Lebanon in 2018-2022 about institutional frameworks, operational frameworks, policy instruments, positive incentives, sustainable and inclusive management of biodiversity and land, or prevention of terrestrial, freshwater, or marine ecosystem degradation.",There is no explicit link between UNEP and any nature-related framework/instrument/incentive in Lebanon during 2018-2022.,[]
Lebanon,2018–2022,2,with UNEP support Lebanon ecosystem degradation prevention implemented policy framework law regulation strategy action plan after:2018-01-01 before:2022-01-01,UNEP.pdf,https://www.un.org/Depts/los/general_assembly/contributions_2019/UNEP.pdf,"The project engages national and local governments, plastic producers and retailers, and civil society to develop inclusive and equitable market-based solutions ...",https://www.un.org › los › contributions_2019,www_un_org_UNEP_pdf.txt,True,False,61,0,policy instrument,developed,national,"The document mentions the Mediterranean Action Plan (MAP) and the implementation of the Regional Plan on Marine Litter Management in the Mediterranean, which includes Lebanon. This indicates that there is a policy instrument in place for managing marine litter in the Mediterranean region, including Lebanon.",There is no explicit mention of UNEP's direct involvement in strengthening or enabling the SP2.1 framework/instrument/incentive outcome in Lebanon during 2018-2022.,"[""Implementation of the UN Environment/MAP Regional Plan on Marine Litter Management in the Mediterranean"", ""UN Environment/MAP is providing support to the Southern Mediterranean Counties, Contracting Parties to the Barcelona Convention (i.e. Algeria, Egypt, Israel, Lebanon, Libya, Morocco and Tunisia), to implement the Regional Plan on Marine Litter Management"", ""The national regulatory framework related to non-single use of plastic bags and to promote Extended Producer Responsibility (EPR) was carried out for Algeria, Egypt, Lebanon, Morocco and Tunisia.""]"
Lebanon,2018–2022,2,with UNEP support Lebanon ecosystem degradation prevention implemented policy framework law regulation strategy action plan after:2018-01-01 before:2022-01-01,UNDP and UNEP partner to further support Lebanon's ...,https://www.undp.org/arab-states/press-releases/undp-and-unep-partner-further-support-lebanons-environmental-agenda,"The cooperation between UNDP and UNEP will serve to enhance the effectiveness of support to Lebanon on issues related to climate and environment, affirming the ...",https://www.undp.org › arab-states › press-releases › und...,www_undp_org_UNDP_and_UNEP_partner_to_further_support_Lebanon_s.txt,True,True,40,60,institutional framework,strengthening,national,"The document mentions UNDP and UNEP's partnership to support Lebanon's environmental agenda, particularly in natural resource management, climate change, biodiversity conservation, waste management, and pollution abatement. This partnership aims to strengthen the identification of national priorities on environment and climate issues, enhance coordination on environmental programmes, promote joint resource mobilization, and enhance knowledge sharing and joint advocacy.","The document explicitly mentions UNEP's involvement in supporting Lebanon's environmental agenda through a partnership with UNDP. UNEP's Regional Director and Representative for West Asia, Sami Dimassi, is quoted, highlighting UNEP's enthusiasm for the collaboration to address environmental challenges through sound natural resources management and governance.","[""strengthen their support to Lebanon on environment; particularly natural resource management, climate change, biodiversity conservation, waste management and abatement of pollution"", ""UNDP and UNEP partner to further support Lebanon's environmental agenda"", ""UNEP Regional Office for West Asia"", ""Sami Dimassi, UNEP Regional Director and Representative for West Asia""]"
Lebanon,2018–2022,1,in partnership with UNEP Lebanon land ecosystem policy instrument strengthened policy framework law regulation strategy action plan after:2018-01-01 before:2022-01-01,Achieving land degradation neutrality targets through ...,https://www.thegef.org/sites/default/files/web-documents/10528_LD_PIF.pdf,... strengthening of the policy environment for existing land use planning with bio-physical considerations. • Identification of gaps and constraints related to ...,https://www.thegef.org › files › 10528_LD_PIF,www_thegef_org_Achieving_land_degradation_neutrality_targets_thro.txt,False,False,0,0,none,none,national,"The document does not contain explicit evidence related to Lebanon in 2018-2022 about institutional/operational frameworks, policy/legal instruments, positive incentives, sustainable and inclusive management of biodiversity and land, or prevention of terrestrial, freshwater, or marine ecosystem degradation.",There is no explicit link between UNEP and strengthening/enabling the SP2.1 framework/instrument/incentive outcome in Lebanon during 2018-2022.,[]
Lebanon,2018–2022,2,with UNEP support Lebanon ecosystem degradation prevention implemented policy framework law regulation strategy action plan after:2018-01-01 before:2022-01-01,State of the Environment and Development in ...,https://planbleu.org/wp-content/uploads/2020/11/SoED-Full-Report.pdf,"The UNEP/MAP-Barcelona Convention system continues to offer the enabling legal and implementation framework to enact the required changes. In fact, much remains ...",https://planbleu.org › 2020/11 › SoED-Full-Report,planbleu_org_State_of_the_Environment_and_Development_in_.txt,False,False,0,0,none,none,global,"The document does not contain explicit evidence related to Lebanon in 2018-2022 about institutional/operational frameworks, policy/legal instruments, positive incentives, sustainable and inclusive management of biodiversity and land, or prevention of terrestrial, freshwater, or marine ecosystem degradation.",There is no explicit link between UNEP and strengthening/enabling the SP2.1 framework/instrument/incentive in Lebanon during 2018-2022.,[]
Lebanon,2018–2022,2,with UNEP support Lebanon ecosystem degradation prevention implemented policy framework law regulation strategy action plan after:2018-01-01 before:2022-01-01,Contributions of Regional Seas Conventions and Action ...,https://gefcrew.org/carrcu/IGM/Regional_Seas_Conventions.pdf,"This report was compiled by contributors from regional seas conventions and action plans, the United. Nations Environment Programme (UNEP) and the United ...",https://gefcrew.org › carrcu › IGM › Regional_Se...,gefcrew_org_Contributions_of_Regional_Seas_Conventions_and_Act.txt,False,False,0,0,none,none,none,"The document does not contain explicit evidence related to Lebanon in 2018-2022 about institutional frameworks, operational frameworks, policy instruments, positive incentives, sustainable and inclusive management of biodiversity and land, or prevention of terrestrial, freshwater, or marine ecosystem degradation.","The document does not explicitly link UNEP to strengthening, developing, adopting, implementing, revising, approving, establishing, or operationalizing the nature-related framework/instrument/incentive in Lebanon during 2018-2022.",[]
Lebanon,2018–2022,2,with UNEP support Lebanon ecosystem degradation prevention implemented policy framework law regulation strategy action plan after:2018-01-01 before:2022-01-01,"(PDF) UNEP 2021, Sustainable Public Procurement",https://www.researchgate.net/publication/355889107_UNEP_2021_Sustainable_Public_Procurement_How_to_Wake_the_Sleeping_Giant_Introducing_the_United_Nations_Environment_Programme's_Approach,"The Sustainable Public Procurement Implementation Guidelines give direction to SPP policy makers, experts and consultants on designing Sustainable Public ...",https://www.researchgate.net › ... › Public Procurement,www_researchgate_net__PDF_UNEP_2021_Sustainable_Public_Procurement.txt,False,False,0,0,none,none,unclear,,,[]
Lebanon,2018–2022,2,with UNEP support Lebanon ecosystem degradation prevention implemented policy framework law regulation strategy action plan after:2018-01-01 before:2022-01-01,United Nations Environment Assembly of the ...,https://apps1.unep.org/resolutions/uploads/unep_aheg_2018_1_inf_4_unea2_edited.pdf,Our distribution policy aims to reduce UNEP's carbon footprint. Recommended citation: UNEP (2016). Marine plastic debris and microplastics – Global ...,https://apps1.unep.org › resolutions › uploads › u...,apps1_unep_org_United_Nations_Environment_Assembly_of_the_.txt,False,False,0,0,none,none,none,"The document does not contain explicit evidence related to Lebanon in 2018-2022 about institutional frameworks, policy/legal instruments, positive incentives, sustainable and inclusive management of biodiversity and land, or prevention of terrestrial, freshwater, or marine ecosystem degradation.",There is no explicit link between UNEP and strengthening/enabling any nature-related framework/instrument/incentive in Lebanon during 2018-2022.,[]
Lebanon,2018–2022,2,with UNEP support Lebanon ecosystem degradation prevention implemented policy framework law regulation strategy action plan after:2018-01-01 before:2022-01-01,Promoting Sustainable Finance and Climate ...,https://www.unepfi.org/wordpress/wp-content/uploads/2021/01/Sustainable-Arab-Finance-Report-Jan-2021.pdf,"NESAP provides a strategic reference for: ◾ developing and implementing environmental policy, plans and action programs,. ◾ identifying priorities, problem ...",https://www.unepfi.org › uploads › 2021/01 › S...,www_unepfi_org_Promoting_Sustainable_Finance_and_Climate_.txt,False,False,0,0,none,none,none,"The document does not contain explicit evidence related to Lebanon in 2018-2022 about institutional/operational frameworks, policy/legal instruments, positive incentives, sustainable and inclusive management of biodiversity and land, or prevention of terrestrial, freshwater, or marine ecosystem degradation.",The document does not explicitly link UNEP to strengthening/enabling any nature-related framework/instrument/incentive in Lebanon during 2018-2022.,[]
Lebanon,2018–2022,2,with UNEP support Lebanon ecosystem degradation prevention implemented policy framework law regulation strategy action plan after:2018-01-01 before:2022-01-01,First Global Report,https://environmentalmigration.iom.int/sites/g/files/tmzbdl1411/files/documents/2023-11/environmental_rule_of_law.pdf,"This new report on the Environmental. Rule of Law will help us improve compliance with environmental law, which is essential to ensuring protection of ...",https://environmentalmigration.iom.int › files › e...,environmentalmigration_iom_int_First_Global_Report.txt,False,False,0,0,none,none,global,"The document does not contain explicit evidence related to Lebanon in 2018-2022 about institutional frameworks, policy/legal instruments, positive incentives, sustainable and inclusive management of biodiversity and land, or prevention of terrestrial, freshwater, or marine ecosystem degradation.","The document does not explicitly link UNEP to strengthening, developing, adopting, implementing, revising, approving, establishing, or operationalizing nature-related frameworks/instruments/incentives in Lebanon during 2018-2022.",[]
Lebanon,2018–2022,2,with UNEP support Lebanon ecosystem degradation prevention implemented policy framework law regulation strategy action plan after:2018-01-01 before:2022-01-01,SOER REPORT,https://www.unicef.org/lebanon/media/7161/file/SOER_Report_EN.pdf,"Welcome to the “Lebanon – State of the Environment and Future Outlook: Turning the Crises into. Opportunities” (SOER 2020), prepared by the United Nations ...",https://www.unicef.org › lebanon › media › file,www_unicef_org_SOER_REPORT.txt,False,False,0,0,none,none,unclear,,,[]
Lebanon,2018–2022,2,with UNEP support Lebanon ecosystem degradation prevention implemented policy framework law regulation strategy action plan after:2018-01-01 before:2022-01-01,Guidebook for Monitoring and Evaluating Ecosystem- ...,https://www.adaptationcommunity.net/download/ME-Guidebook_EbA.pdf,The Guidebook for Monitoring and Evaluating Ecosystem-based Adaptation Interventions pro- vides an overview of the process needed for designing and implementing ...,https://www.adaptationcommunity.net › download,www_adaptationcommunity_net_Guidebook_for_Monitoring_and_Evaluating_Ecosystem_.txt,False,False,0,0,none,none,none,"The document is a guidebook for monitoring and evaluating ecosystem-based adaptation interventions and does not contain specific information about Lebanon or explicit evidence related to the country's institutional frameworks, policy instruments, or positive incentives for sustainable and inclusive management of biodiversity and land.",There is no explicit link between UNEP and any nature-related framework/instrument/incentive in Lebanon during 2018-2022.,"[""No relevant evidence found.""]"
Lebanon,2018–2022,2,with UNEP support Lebanon ecosystem degradation prevention implemented policy framework law regulation strategy action plan after:2018-01-01 before:2022-01-01,Module 1: A recap - The structure of UNEP and UNEA,https://stakeholderforum.org/wp-content/uploads/2021/12/UNEP-Asia-Pacific-Region-CB-Webninar-Presentation-2-Dec-2021-Website.pdf,Enhanced support for ecosystem-based policies and restorative and ... • action plan for the implementation of paragraph 88. • providing options for ...,https://stakeholderforum.org › uploads › 2021/12,stakeholderforum_org_Module_1_A_recap_The_structure_of_UNEP_and_UNEA.txt,False,False,0,0,none,none,global,"The document does not contain explicit evidence related to Lebanon in 2018-2022 about strengthening institutional and operational frameworks, policy and legal instruments, or positive incentives for sustainable and inclusive management of biodiversity and land, or prevention of terrestrial, freshwater and marine ecosystem degradation.",The document does not explicitly link UNEP to strengthening/enabling any nature-related framework/instrument/incentive in Lebanon during 2018-2022.,"[""No relevant phrases found""]"
Lebanon,2018–2022,2,with UNEP support Lebanon ecosystem degradation prevention implemented policy framework law regulation strategy action plan after:2018-01-01 before:2022-01-01,MEDITERRANEAN ACTION PLAN (MAP) REGIONAL ...,https://www.rempec.org/en/knowledge-centre/online-catalogue/wg-51-5-med-strategy-2022-2031.pdf,"These results have been achieved in particular through the adoption of regional and international regulatory framework, through the UNEP/MAP Barcelona ...",https://www.rempec.org › online-catalogue › wg...,www_rempec_org_MEDITERRANEAN_ACTION_PLAN_MAP_REGIONAL_.txt,True,False,80,0,policy instrument,developed,regional,"The document outlines a comprehensive strategy for preventing and responding to marine pollution from ships in the Mediterranean region, including specific objectives, guiding principles, and an action plan. It involves multiple stakeholders and Contracting Parties to the Barcelona Convention.","There is no explicit mention of UNEP's direct involvement in the development or implementation of the Mediterranean Strategy for the Prevention, Preparedness, and Response to Marine Pollution from Ships (2022-2031).","[""Mediterranean Strategy for the Prevention, Preparedness, and Response to Marine Pollution from Ships (2022-2031)"", ""Barcelona Convention"", ""UNEP/MAP Medium-Term Strategy 2022-2027"", ""IMO's GHG Strategy""]"
Lebanon,2018–2022,2,with UNEP support Lebanon ecosystem degradation prevention implemented policy framework law regulation strategy action plan after:2018-01-01 before:2022-01-01,An Overview of Green Reforms in Country Procurement Systems,https://documents1.worldbank.org/curated/en/157141636056129273/pdf/Green-Public-Procurement-An-Overview-of-Green-Reforms-in-Country-Procurement-Systems.pdf,"The goal of the guidelines is “to create a policy framework that legitimizes the SPP actions and, in turn, informs the market of the objectives and priority ...",https://documents1.worldbank.org › curated › pdf,documents1_worldbank_org_An_Overview_of_Green_Reforms_in_Country_Procuremen.txt,False,False,0,0,none,none,none,"The document does not contain explicit evidence related to Lebanon during 2018-2022 about institutional/operational frameworks, policy/legal instruments, positive incentives, sustainable and inclusive management of biodiversity and land, or prevention of terrestrial, freshwater, or marine ecosystem degradation.",There is no explicit link between UNEP and any nature-related framework/instrument/incentive in Lebanon during 2018-2022.,[]
Lebanon,2018–2022,2,with UNEP support Lebanon ecosystem degradation prevention implemented policy framework law regulation strategy action plan after:2018-01-01 before:2022-01-01,Achieving land degradation neutrality targets through ...,https://www.thegef.org/sites/default/files/web-documents/10528_LD_PIF.pdf,LDN mainstreamed in national policy/regulatory and institutional frameworks and land use planning processes. LDN principles will be integrated into the ...,https://www.thegef.org › files › 10528_LD_PIF,www_thegef_org_Achieving_land_degradation_neutrality_targets_thro.txt,False,False,0,0,none,none,national,"The document does not contain explicit evidence related to Lebanon during 2018-2022 about institutional/operational frameworks, policy/legal instruments, positive incentives, sustainable and inclusive management of biodiversity and land, or prevention of terrestrial, freshwater, or marine ecosystem degradation.",There is no explicit link between UNEP and strengthening/enabling the SP2.1 framework/instrument/incentive in Lebanon during 2018-2022.,[]
Lebanon,2018–2022,2,with UNEP support Lebanon ecosystem degradation prevention implemented policy framework law regulation strategy action plan after:2018-01-01 before:2022-01-01,Environmental and Social Impact Assessment (ESIA) ...,https://www.epa.gov.et/images/licencing/National%20ESIA-IRM%20guideline.pdf,2030 Agenda for Sustainable Development and related policy frameworks such as the Strategic. Plan for Biodiversity at United Nation Environmental Program.,https://www.epa.gov.et › images › licencing,www_epa_gov_et_Environmental_and_Social_Impact_Assessment_ESIA_.txt,False,False,0,0,none,none,national,"The document is not related to Lebanon and does not discuss environmental policy or frameworks for sustainable management of biodiversity and land, or prevention of ecosystem degradation.",There is no mention of UNEP's role in strengthening or enabling any nature-related framework/instrument/incentive in Lebanon.,"[""The document is an Environmental and Social Impact Assessment Guideline for Ethiopia.""]"
Lebanon,2018–2022,2,with UNEP support Lebanon ecosystem degradation prevention implemented policy framework law regulation strategy action plan after:2018-01-01 before:2022-01-01,UNEP ENV LAW PRESENTATION | PPTX,https://www.slideshare.net/slideshow/unep-env-law-presentation/74661620,"UNEP works to assess environmental conditions, develop international agreements, strengthen environmental management institutions, and address issues like ...",https://www.slideshare.net › Environment,www_slideshare_net_UNEP_ENV_LAW_PRESENTATION_PPTX.txt,False,False,0,0,none,none,unclear,,,[]
Lebanon,2018–2022,2,with UNEP support Lebanon ecosystem degradation prevention implemented policy framework law regulation strategy action plan after:2018-01-01 before:2022-01-01,Rooting for the environment in times of conflict and war,https://www.unep.org/news-and-stories/story/rooting-environment-times-conflict-and-war,The initiative is also meant to strengthen the government's capacity in responding to future environmental emergencies that may result from attacks against ...,"https://www.unep.org › News, Stories & Speeches",www_unep_org_Rooting_for_the_environment_in_times_of_conflict_a.txt,False,False,0,0,none,none,global,,,[]
Lebanon,2018–2022,2,with UNEP support Lebanon ecosystem degradation prevention implemented policy framework law regulation strategy action plan after:2018-01-01 before:2022-01-01,Nature-based solutions (NBS) and water,https://unesdoc.unesco.org/ark:/48223/pf0000261605,"This report proposes an innovative response that has, in fact, been around for thousands of years: nature-based solutions.",https://unesdoc.unesco.org › ark:,unesdoc_unesco_org_Nature_based_solutions_NBS_and_water.txt,False,False,0,0,none,none,unclear,"The document is not related to Lebanon or the time window 2018-2022, and does not contain explicit evidence about institutional frameworks, operational frameworks, policy instruments, legal instruments, positive incentives, inclusive participation mechanisms, or ecosystem degradation prevention frameworks/instruments.",There is no explicit link between UNEP and any nature-related framework/instrument/incentive in Lebanon during 2018-2022.,[]
Lebanon,2018–2022,2,with UNEP support Lebanon ecosystem degradation prevention implemented policy framework law regulation strategy action plan after:2018-01-01 before:2022-01-01,Lebanon BUR4 2021.pdf,https://unfccc.int/sites/default/files/resource/Lebanon%20BUR4%202021.pdf,"Beirut, Lebanon. MoE/UNEP/GEF, (2016). Lebanon's National Biodiversity Strategy and Action Plan. Ministry of Environment,. Beirut, Lebanon. MoE/UOB (2018) ...",https://unfccc.int › sites › default › files › resource,unfccc_int_Lebanon_BUR4_2021_pdf.txt,False,False,0,0,none,none,national,"The document does not contain explicit evidence related to institutional/operational frameworks, policy/legal instruments, positive incentives, sustainable and inclusive management of biodiversity and land, or prevention of terrestrial, freshwater, or marine ecosystem degradation in Lebanon during 2018-2022.",There is no explicit link between UNEP and strengthening/enabling any nature-related framework/instrument/incentive in Lebanon during 2018-2022.,[]
Lebanon,2018–2022,2,with UNEP support Lebanon ecosystem degradation prevention implemented policy framework law regulation strategy action plan after:2018-01-01 before:2022-01-01,Barcelona Convention for the Protection of ...,https://archive.iwlearn.net/internationalwatersgovernance.com/barcelona-convention-for-the-protection-of-the-mediterranean-sea-against-pollution.html,"Through MED POL, UNEP monitors and studies pollution in the Mediterranean Sea area, and facilitates National Action Plans to prevent and remedy pollution as ...",https://archive.iwlearn.net › barcelona-convention-for-th...,archive_iwlearn_net_Barcelona_Convention_for_the_Protection_of_.txt,True,True,81,81,international framework / policy instrument,developed / strengthened / amended,international,"The document provides detailed information about the Barcelona Convention for the Protection of the Mediterranean Sea Against Pollution, which Lebanon is a party to. The Convention has been amended and strengthened over the years, with UNEP playing a significant role in its development and implementation.","UNEP is explicitly mentioned as the Secretariat of the Barcelona Convention, and it has played a significant role in the development and implementation of the Convention and its Protocols. UNEP's Mediterranean Action Plan (MAP) Coordinating Unit is based in Athens, Greece, and UNEP has provided technical assistance and support to the Contracting Parties.","[""The Barcelona Convention was born out of an intergovernmental congress initiated by the United Nations Environment Program (“UNEP”) in 1975."", ""The UNEP acts through the Mediterranean Action Plan Coordinating Unit, based in Athens, Greece."", ""The functions of the Barcelona Convention structure, which includes the Protocols, are described in the MAP II. These include: integration of environmental priorities and economic development in national policy; assessment, prevention, and elimination of pollution; conservation of nature, landscapes and sites of ecological or cultural value; and broadening both public awareness of threats to the Mediterranean and public participation in conservation and remedial measures.""]"
Lebanon,2018–2022,2,with UNEP support Lebanon ecosystem degradation prevention implemented policy framework law regulation strategy action plan after:2018-01-01 before:2022-01-01,FROM POLLUTION TO SOLUTION,https://www.gdr-po.cnrs.fr/docs/UNEP_2021.pdf,United Nations Environment Programme (2021). From Pollution to. Solution. A global assessment of marine litter and plastic pollution Nairobi. Production. United ...,https://www.gdr-po.cnrs.fr › docs › UNEP_2021,www_gdr-po_cnrs_fr_FROM_POLLUTION_TO_SOLUTION.txt,False,False,0,0,none,none,unclear,Document not available due to fetch error.,Document not available due to fetch error.,[]
Lebanon,2018–2022,2,with UNEP support Lebanon ecosystem degradation prevention implemented policy framework law regulation strategy action plan after:2018-01-01 before:2022-01-01,Annual Report - 2021,https://unhabitat.org/sites/default/files/2022/05/2021_annual_report.pdf,"The National Urban Policy Programme supports legal, financial and implementation frameworks integrated into government planning, policy and financing ...",https://unhabitat.org › default › files › 2022/05,unhabitat_org_Annual_Report_2021.txt,False,False,0,0,none,none,none,"The document does not contain explicit evidence related to Lebanon in 2018-2022 about institutional frameworks, policy/legal instruments, positive incentives, sustainable and inclusive management of biodiversity and land, or prevention of terrestrial, freshwater, and marine ecosystem degradation.",There is no explicit link between UNEP and any nature-related framework/instrument/incentive in Lebanon during 2018-2022.,[]
Lebanon,2018–2022,2,with UNEP support Lebanon ecosystem degradation prevention implemented policy framework law regulation strategy action plan after:2018-01-01 before:2022-01-01,Guidelines on the Protection of the Natural Environment ...,https://www.icrc.org/sites/default/files/document_new/file_list/guidelines_on_the_protection_of_the_natural_environment_in_armed_conflict_advance-copy.pdf,"to help identify the zones concerned, including within the framework of international environmental law. Examples include sites of major environmental ...",https://www.icrc.org › document_new › file_list,www_icrc_org_Guidelines_on_the_Protection_of_the_Natural_Enviro.txt,False,False,0,0,none,none,global,"The document does not contain explicit evidence related to Lebanon in 2018-2022 about institutional frameworks, operational frameworks, policy instruments, legal instruments, positive incentives, sustainable and inclusive management of biodiversity and land, or prevention of terrestrial, freshwater, or marine ecosystem degradation.","The document does not explicitly link UNEP to strengthening, developing, adopting, implementing, revising, approving, establishing, or operationalizing nature-related frameworks, instruments, or incentives in Lebanon in 2018-2022.",[]
Lebanon,2018–2022,2,with UNEP support Lebanon ecosystem degradation prevention implemented policy framework law regulation strategy action plan after:2018-01-01 before:2022-01-01,Protected Planet Report 2018,https://protectedplanetreport2020.protectedplanet.net/pdf/Protected_Planet_Report_2018.pdf,"Restoration of degraded forest in such areas may also provide significant benefits for biodiversity conservation and ecosystem services, such as erosion control ...",https://protectedplanetreport2020.protectedplanet.net › ...,protectedplanetreport2020_protectedplanet_net_Protected_Planet_Report_2018.txt,False,False,0,0,none,none,global,"The document does not contain explicit evidence related to Lebanon during 2018-2022 about institutional/operational frameworks, policy/legal instruments, positive incentives, sustainable and inclusive management of biodiversity and land, or prevention of terrestrial, freshwater, or marine ecosystem degradation.",The document does not explicitly link UNEP to strengthening/enabling any nature-related framework/instrument/incentive in Lebanon during 2018-2022.,[]
Lebanon,2018–2022,2,with UNEP support Lebanon ecosystem degradation prevention implemented policy framework law regulation strategy action plan after:2018-01-01 before:2022-01-01,Fusion and confusion with the ecosystem services approach,https://www.sciencedirect.com/science/article/pii/S0048969718339068,"This review presents concepts and approaches used in, and for, PA and ES, and their use in environmental management.",https://www.sciencedirect.com › science › article › pii,www_sciencedirect_com_Fusion_and_confusion_with_the_ecosystem_services_a.txt,False,False,0,0,none,none,unclear,The document does not contain any information related to environmental policy or frameworks for Lebanon in 2018-2022.,The document does not mention UNEP or any related activities.,[]
Lebanon,2018–2022,2,with UNEP support Lebanon ecosystem degradation prevention implemented policy framework law regulation strategy action plan after:2018-01-01 before:2022-01-01,Council for Development Republic of Lebanon National ...,https://www.urbanagendaplatform.org/sites/default/files/2022-04/NUA%20Draft%20Report.pdf,UN agencies have established response plans and supported the Lebanese. Government in developing the Lebanon Crisis Response Plan 2015-16 (LCRP) that aims to ...,https://www.urbanagendaplatform.org › sites › files,www_urbanagendaplatform_org_Council_for_Development_Republic_of_Lebanon_Nation.txt,True,False,40,0,policy instrument / institutional framework,developed / strengthened,national,"The document discusses various policy instruments and institutional frameworks related to sustainable urban development, social inclusion, and environmental protection in Lebanon. However, there is no explicit mention of UNEP's involvement in strengthening or developing these frameworks.","There is no explicit link between UNEP and the development or strengthening of the nature-related frameworks, instruments, or incentives mentioned in the document.","[""Lebanon public institutions are part of what is called the Lebanese State, a unitary parliamentarian republic form of government."", ""The National Poverty Targeting Program (NPTP) uncovered that poverty rates are the highest in North Lebanon (41%) and the Bekaa (29%)."", ""In 2020, the World Bank estimated that 55% of the Lebanese population was trapped in poverty and struggling to meet bare necessities."", ""The Lebanese government has developed several schemes aiming to improve middle class access to housing, such as the creation of the Ministry of Housing and Cooperatives, the housing bank in 1977, and the Independent Housing Fund in 1980.""]"
Lebanon,2018–2022,2,with UNEP support Lebanon ecosystem degradation prevention implemented policy framework law regulation strategy action plan after:2018-01-01 before:2022-01-01,ENVIRONMENTAL EDUCATION,https://www.isdb.org/sites/default/files/media/documents/2021-03/Evnvironmental%20Education%20in%20Arab%20Countries.pdf,"The flagship contribution of AFED is an annual report written and edited by experts on the state of Arab environment, tracking developments and proposing policy ...",https://www.isdb.org › files › media › documents,www_isdb_org_ENVIRONMENTAL_EDUCATION.txt,,,,,,,,"[ERROR] Error code: 400 - {'error': {'message': ""Failed to generate JSON. Please adjust your prompt. See 'failed_generation' for more details."", 'type': 'invalid_request_error', 'code': 'json_validate_failed', 'failed_generation': '{\np e c i f i c a l l y Environmental Education (EE) and Education for Sustainable Development (ESD), their evolution and global trends; key changes and milestones in the history of EE and ESD; and current trends in EE/ESD. I. Evolution of EE: This chapter presents the historical background of EE and its evolution over the years. The term “Environmental Education” was used for the ﬁrst time in 1948. From the 1960s until 1989, EE gained popularity through policies, conferences, and national responses. Major events included: Stockholm Declaration on human environment (1972), UNESCO-UNEP’s Tbilisi Declaration on EE (1977), and UN’s major international conference on “Human Environment” (1972). The history and development of EE are brieﬂy presented. II. Evolution of ESD: A detailed account of the evolution of ESD since its initiation in the late 1980s/early 20120s and major milestones in its history is provided. The chapter discusses the global trends related to EE and ESD. This chapter presents the evolution of EE and ESD, their incorporation in education systems as well as current trends. The chapter also presents the key changes and milestones in the history of EE and ESD. The evolution of EE started several decades ago, while the evolution of ESD started in the late 1980s. The history of EE started with environmental experiences through nature, which began several decades ago. Today, EE is considered a multidisciplinary ﬁeld of learning.18 CHAPTER 1 ENVIRONMENTAL EDUCATION IN ARAB COUNTRIES Over the years, EE started to be understood more broadly and its scope expanded. EE was initially focused on environmental issues related to natural resources. However, its scope expanded later to socio-cultural and economic issues. Similarly, ESD started initially with a focus on environmental issues and then expanded to incorporate socio-cultural and economic issues. The evolution of EE and ESD has gone through several changes and milestones. The major changes and milestones discussed are: I. Integration of EE: EE was initially taught as a standalone subject; however, later on, efforts were made to integrate it into other subjects. II. Incorporation of ESD: In recent years, EE has started to incorporate ESD concepts, which aim at developing attitudes and skills to live in harmony with the environment. Today, ESD is considered an integral part of EE. Today, a distinction is rarely made between EE and ESD. Over the recent years, EE/ESD started to gain popularity; EE/ESD started to get more attention; and EE/ESD started to evolve. Key changes and milestones in the history of EE/ESD are discussed. EE/ESD started to incorporate current trends; environmental problems, socio-cultural issues and economic issues; and current events. EE/ESD started to expand; EE/assistant<|header_end|>\n}'}}",,[]
Lebanon,2018–2022,2,with UNEP support Lebanon ecosystem degradation prevention implemented policy framework law regulation strategy action plan after:2018-01-01 before:2022-01-01,The Natural Resource Degradation and Vulnerability Nexus,https://ieg.worldbankgroup.org/sites/default/files/Data/Evaluation/files/NaturalResourceDegradationVulnerabilityNexus.pdf,2021. The Natural Resource Degradation and Vulnerability. Nexus: An Evaluation of the World Bank's Support for Sustainable and Inclusive Natural Resource.,https://ieg.worldbankgroup.org › Evaluation › files,ieg_worldbankgroup_org_The_Natural_Resource_Degradation_and_Vulnerability.txt,False,False,0,0,none,none,global,"The document does not contain explicit evidence related to Lebanon in 2018-2022 about institutional frameworks, policy instruments, positive incentives, or mechanisms for sustainable and inclusive management of biodiversity and land, or prevention of terrestrial, freshwater, and marine ecosystem degradation.",There is no explicit link between UNEP and strengthening/enabling any nature-related framework/instrument/incentive in Lebanon during 2018-2022.,[]
Lebanon,2018–2022,2,with UNEP support Lebanon ecosystem degradation prevention implemented policy framework law regulation strategy action plan after:2018-01-01 before:2022-01-01,Legal Aspects of Climate Change Adaptation,https://www.ibanet.org/document?id=Climate-Change-Adaptation-Report-2021,"With respect to mitigation, the IBA convened an Expert Working Group to evaluate approaches for resolving obstacles to citizen claims to compel government ...",https://www.ibanet.org › document,www_ibanet_org_Legal_Aspects_of_Climate_Change_Adaptation.txt,False,False,0,0,none,none,none,"The document does not contain explicit evidence related to Lebanon in 2018-2022 about institutional frameworks, policy/legal instruments, positive incentives, sustainable and inclusive management of biodiversity and land, or prevention of terrestrial, freshwater, or marine ecosystem degradation.",There is no explicit link between UNEP and any nature-related framework/instrument/incentive in Lebanon during 2018-2022.,[]
Lebanon,2018–2022,2,with UNEP support Lebanon ecosystem degradation prevention implemented policy framework law regulation strategy action plan after:2018-01-01 before:2022-01-01,Fusion and confusion with the ecosystem services approach,https://www.sciencedirect.com/science/article/pii/S0048969718339068,"This review presents concepts and approaches used in, and for, PA and ES, and their use in environmental management.",https://www.sciencedirect.com › science › article › pii,www_sciencedirect_com_Fusion_and_confusion_with_the_ecosystem_services_a.txt,False,False,0,0,none,none,unclear,The document does not contain any information related to environmental policy or frameworks for Lebanon or any other country.,There is no mention of UNEP or any environmental policy evaluation.,[]
Lebanon,2018–2022,2,with UNEP support Lebanon ecosystem degradation prevention implemented policy framework law regulation strategy action plan after:2018-01-01 before:2022-01-01,Climate change and displacement,https://www.unhcr.org/what-we-do/build-better-futures/climate-change-and-displacement,"UNHCR is working to protect displaced people and strengthen their resilience to the effects of climate change, while reducing our environmental footprint.",https://www.unhcr.org › ... › Build better futures,www_unhcr_org_Climate_change_and_displacement.txt,False,False,0,0,none,none,unclear,The document does not contain any information related to environmental policy or UNEP.,The document does not mention UNEP or any related activities.,[]
Lebanon,2018–2022,2,with UNEP support Lebanon ecosystem degradation prevention implemented policy framework law regulation strategy action plan after:2018-01-01 before:2022-01-01,The Blue Economy–Cultural Livelihood–Ecosystem ...,https://www.frontiersin.org/journals/marine-science/articles/10.3389/fmars.2020.00586/full,The concept of Blue Economy (BE) is recognised as central for sustainable development that incorporates socio-economic benefits and ecological conservation.,https://www.frontiersin.org › fmars.2020.00586 › full,www_frontiersin_org_The_Blue_Economy_Cultural_Livelihood_Ecosystem_.txt,False,False,0,0,none,none,none,"The document does not contain explicit evidence related to Lebanon in 2018-2022 about strengthening institutional and operational frameworks, policy and legal instruments, or positive incentives for sustainable and inclusive management of biodiversity and land, or prevention of terrestrial, freshwater and marine ecosystem degradation.",There is no explicit link between UNEP and any nature-related framework/instrument/incentive in Lebanon during 2018-2022.,[]
Lebanon,2018–2022,2,with UNEP support Lebanon ecosystem degradation prevention implemented policy framework law regulation strategy action plan after:2018-01-01 before:2022-01-01,Environmental policy in Lebanon,https://en.wikipedia.org/wiki/Environmental_policy_in_Lebanon,"Environmental policy in Lebanon falls within the jurisdiction of the Ministry of Environment (MOE), established in 1992.",https://en.wikipedia.org › wiki › Environmental_policy...,en_wikipedia_org_Environmental_policy_in_Lebanon.txt,True,False,60,0,institutional framework / policy instrument,developed / strengthened,national,"The document provides evidence of the Ministry of Environment (MOE) in Lebanon, established in 1992, which is responsible for producing environmental laws at the national level. The MOE collaborates with other ministries and NGOs to implement environmental policies. Lebanon has ratified several international agreements, including the UNFCCC and the Kyoto Protocol.",There is no explicit link between UNEP and the strengthening or development of environmental frameworks or instruments in Lebanon during 2018-2022.,"[""The Ministry of Environment (MOE) is solely responsible for producing environmental laws at the national level."", ""Lebanon has ratified several international agreements since 1992, including the United Nations Framework Convention on Climate Change (UNFCCC) and the Kyoto Protocol.""]"
Lebanon,2018–2022,2,with UNEP support Lebanon ecosystem degradation prevention implemented policy framework law regulation strategy action plan after:2018-01-01 before:2022-01-01,Report of the United Nations Environment Assembly of the ...,https://docs.un.org/en/A/74/25,"(c) To advance sustainable consumption and production patterns, including, but not only, through circular economy and other sustainable economic models and the ...",https://docs.un.org › ...,docs_un_org_Report_of_the_United_Nations_Environment_Assembly_.txt,False,False,0,0,none,none,unclear,,,[]
Lebanon,2018–2022,2,with UNEP support Lebanon ecosystem degradation prevention implemented policy framework law regulation strategy action plan after:2018-01-01 before:2022-01-01,Resilient Coastal Cities for Enhancing Tourism Economy,https://www.adb.org/sites/default/files/publication/541031/adbi-wp1043.pdf,"This paper shares some successful policy examples aimed at harmonizing city planning and the protection of ecosystems across countries, including creating ...",https://www.adb.org › publication › adbi-wp1043,www_adb_org_Resilient_Coastal_Cities_for_Enhancing_Tourism_Eco.txt,False,False,0,0,none,none,none,"The document does not contain explicit evidence related to Lebanon in 2018-2022 about institutional frameworks, operational frameworks, policy instruments, positive incentives, sustainable and inclusive management of biodiversity and land, or prevention of terrestrial, freshwater, or marine ecosystem degradation.",There is no explicit link between UNEP and any nature-related framework/instrument/incentive in Lebanon during 2018-2022.,[]
Lebanon,2018–2022,2,with UNEP support Lebanon ecosystem degradation prevention implemented policy framework law regulation strategy action plan after:2018-01-01 before:2022-01-01,Impact of climate change on the coast of Lebanon,https://portals.iucn.org/library/sites/library/files/documents/2021-024-En.pdf,This publication was developed through the project “Market policy and legislative development for mainstreaming sustainable management of marine and coastal ...,https://portals.iucn.org › library › files › documents,portals_iucn_org_Impact_of_climate_change_on_the_coast_of_Lebanon.txt,True,False,60,0,policy instrument,developed,national,"The document mentions the development of the Protocol on Integrated Coastal Zone Management (ICZM) and its ratification by Lebanon, which indicates a policy instrument for sustainable management of coastal natural resources.",There is no explicit mention of UNEP's direct involvement in strengthening or enabling the SP2.1 framework/instrument/incentive outcome in Lebanon during 2018-2022.,"[""The Protocol on Integrated Coastal Zone Management (ICZM) was launched under the Barcelona Convention for the Protection of the Mediterranean Sea against pollution in order to guarantee the sustainable management of coastal natural resources."", ""The ICZM Protocol was signed in Madrid on January 21, 2008, and entered into force on March 24, 2011, and the Lebanese Government ratified it on September 18, 2014.""]"
Lebanon,2018–2022,2,with UNEP support Lebanon ecosystem degradation prevention implemented policy framework law regulation strategy action plan after:2018-01-01 before:2022-01-01,ipcc_90_92_assessments_far_fu...,https://www.ipcc.ch/site/assets/uploads/2018/05/ipcc_90_92_assessments_far_full_report.pdf,"The IPCC First Assessment Report was completed in August 1990 and consists of: the Overview, the IPCC Scientific. Assessment, the IPCC Impacts Assessment, the ...",https://www.ipcc.ch › assets › uploads › 2018/05,www_ipcc_ch_ipcc_90_92_assessments_far_fu_.txt,False,False,0,0,none,none,global,"The document does not contain explicit evidence related to Lebanon in 2018-2022 about institutional/operational frameworks, policy/legal instruments, positive incentives, sustainable and inclusive management of biodiversity and land, or prevention of terrestrial, freshwater, or marine ecosystem degradation.",The document does not explicitly link UNEP to strengthening/enabling any nature-related framework/instrument/incentive in Lebanon during 2018-2022.,[]
Lebanon,2018–2022,2,with UNEP support Lebanon ecosystem degradation prevention implemented policy framework law regulation strategy action plan after:2018-01-01 before:2022-01-01,"Protecting 30% of the planet for nature: costs, benefits and ...",https://www.conservation.cam.ac.uk/files/waldron_report_30_by_30_publish.pdf,"Some of the largest ecosystem service values (particularly those for regulating services) relate to avoided costs, defined as the likely future cost of ...",https://www.conservation.cam.ac.uk › files › wal...,www_conservation_cam_ac_uk_Protecting_30_of_the_planet_for_nature_costs_benef.txt,False,False,0,0,none,none,none,"The document does not contain explicit evidence related to Lebanon in 2018-2022 about institutional/operational frameworks, policy/legal instruments, positive incentives, sustainable and inclusive management of biodiversity and land, or prevention of terrestrial, freshwater, or marine ecosystem degradation.",There is no explicit link between UNEP and strengthening/enabling any framework/instrument/incentive related to SP2.1 in Lebanon during 2018-2022.,[]
Lebanon,2022–2026,1,UNEP implemented Lebanon ecosystem restoration strategy adopted policy framework law regulation strategy action plan after:2022-01-01 before:2026-01-01,SwitchMed in Lebanon,https://www.unep.org/resources/policy-and-strategy/switchmed-lebanon,The Lebanese Sustainable Consumption and Production National Action Plan (SCP-NAP) was developed under the coordination of the Ministry of Environment (MoE) ...,https://www.unep.org › resources › policy-and-strategy,www_unep_org_SwitchMed_in_Lebanon.txt,True,True,80,80,policy instrument,developed,national,The Lebanese Sustainable Consumption and Production National Action Plan (SCP-NAP) was developed under the coordination of the Ministry of Environment (MoE) with advisory services and technical support from the United Nations Environment Programme (UNEP).,UNEP provided advisory services and technical support for the development of the Lebanese Sustainable Consumption and Production National Action Plan (SCP-NAP).,"[""The Lebanese Sustainable Consumption and Production National Action Plan (SCP-NAP) was developed under the coordination of the Ministry of Environment (MoE) in close collaboration with the Ministry of Industry (MoI) and other key partners under the EU funded SwitchMed programme. with advisory services and technical support from the United Nations Environment Programme (UNEP)."", ""Under SwitchMed II, UNEP worked with Lebanese NGO - Nusaned on a community-based pilot in the Mar Mikhael - Gemmayze area in Beirut which seeks to address the challenges of reduction and prevention of food waste and packaging waste to divert them from landfills using concepts of SCP and circular economy.""]"
Lebanon,2018–2022,2,with UNEP support Lebanon ecosystem degradation prevention implemented policy framework law regulation strategy action plan after:2018-01-01 before:2022-01-01,The Global E-waste Monitor 2020,https://ewastemonitor.info/wp-content/uploads/2020/11/GEM_2020_def_july1_low.pdf,"... strategy to achieve a sustainable e-waste management system (EACO 2017). The strategy prioritizes a) strengthening the policy, legal, and regulatory framework.",https://ewastemonitor.info › uploads › 2020/11,ewastemonitor_info_The_Global_E_waste_Monitor_2020.txt,False,False,0,0,none,none,global,"The provided document does not contain any specific information about Lebanon or the time window 2018-2022. It appears to be a global report on e-waste management, and does not mention any country-specific policies, frameworks, or incentives related to sustainable and inclusive management of biodiversity and land, or prevention of terrestrial, freshwater, and marine ecosystem degradation.","There is no mention of UNEP's involvement or attribution in any country-specific framework, instrument, incentive, or governance mechanism related to nature conservation or e-waste management in Lebanon during 2018-2022.",[]
Lebanon,2022–2026,1,UNEP implemented Lebanon ecosystem restoration strategy adopted policy framework law regulation strategy action plan after:2022-01-01 before:2026-01-01,Lebanon's Motion Adopted at the IUCN World ...,https://www.facebook.com/CNRSLebanon/posts/lebanons-motion-adopted-at-the-iucn-world-conservation-congress-abu-dhabi-2025mo/1120292940283830/,"The motion opens a joint fundraising avenue of USD 12 million to support restoration of forests, soils, coasts, and biodiversity across affected regions.",10+ reactions,www_facebook_com_Lebanon_s_Motion_Adopted_at_the_IUCN_World_.txt,True,False,80,0,policy instrument,adopted,national,"The document mentions the adoption of Motion 148, which supports the recovery and restoration of war-impacted ecosystems in Lebanon, indicating a policy instrument for sustainable and inclusive management of biodiversity and land.",There is no explicit link between UNEP and the adoption or implementation of the motion or any other framework/instrument/incentive mentioned in the document.,"[""Motion 148 – “Supporting the Recovery and Restoration of War-Impacted Ecosystems in Lebanon” was adopted"", ""opens a joint fundraising avenue of USD 12 million to support restoration of forests, soils, coasts, and biodiversity across affected regions""]"
Lebanon,2022–2026,1,UNEP implemented Lebanon ecosystem restoration strategy adopted policy framework law regulation strategy action plan after:2022-01-01 before:2026-01-01,The United Nations Decade on Ecosystem Restoration,https://globalseaweed.org/wp-content/uploads/2024/12/UN-Decade-on-Ecosystem-Restoration-Strategy.pdf,"The purpose of the strategy is threefold: firstly to catalyse a new approach to national development, with ecosystem restoration being central to development.",https://globalseaweed.org › uploads › 2024/12,globalseaweed_org_The_United_Nations_Decade_on_Ecosystem_Restoration.txt,False,False,0,0,none,none,unclear,,,[]
Lebanon,2022–2026,1,UNEP implemented Lebanon ecosystem restoration strategy adopted policy framework law regulation strategy action plan after:2022-01-01 before:2026-01-01,Breathing new life into Lebanon's parched rangelands,https://www.unep.org/news-and-stories/story/breathing-new-life-lebanons-parched-rangelands,The aim of the project is to restore the landscapes and ecosystems of semi-arid lands to not only improve and conserve this vital ecosystem but to also help ...,"https://www.unep.org › News, Stories & Speeches",www_unep_org_Breathing_new_life_into_Lebanon_s_parched_rangelan.txt,True,True,80,80,operational framework / positive incentive / inclusive participation mechanism,developed / implemented,national,"The document describes a specific project, 'Shade for Life', implemented in Lebanon's Beqaa Valley, which aims to restore landscapes and ecosystems, improve and conserve vital ecosystems, and help shepherds and their livestock. The project involves planting native tree species, forage species, and engaging local communities and shepherds in the planning and implementation process.","The document explicitly mentions UNEP's involvement in the 'Shade for Life' project, including funding and partnership with the Lebanon Reforestation Initiative. UNEP is also mentioned as leading the UN Decade on Ecosystem Restoration.","[""In 2021, the United Nations Environment Programme (UNEP), in partnership with the Lebanon Reforestation Initiative, worked with local municipalities to launch an innovative pilot project called 'Shade for Life' in the villages of Mdoukha and Khirbet Rouha in Rashaya district in the Beqaa Valley."", ""The project has focused on planting clusters of up to 150 large trees, including oak, fig, and wild almond trees as well as forage species that support water infiltration and sustain long-term grazing."", ""The Shade for Life project is funded under the UN Decade on Ecosystem Restoration led by UNEP and the Food and Agriculture Organization of the United Nations (FAO) to halt the degradation of ecosystems and enhance people’s livelihoods, counteract climate change, and stop the collapse of biodiversity."", ""“This project adopted a participatory approach that engaged the shepherds, the local authorities and civil society organizations,” said Sami Dimassi, UNEP Representative and Regional Director for West Asia.""]"
Lebanon,2022–2026,1,UNEP implemented Lebanon ecosystem restoration strategy adopted policy framework law regulation strategy action plan after:2022-01-01 before:2026-01-01,lebanon-national-biodiversity-strategy-and-action-plan- ...,https://cdn.climatepolicyradar.org/navigator/LBN/2026/lebanon-national-biodiversity-strategy-and-action-plan-nbsap-2025_841ceda49e07e2c32fb64942e23b38a1.pdf,"Goal A – Protect and Restore: Maintain, enhance, and restore ecosystem integrity and species diversity. • Goal B – Prosper with Nature: Ensure the ...",https://cdn.climatepolicyradar.org › LBN › lebano...,cdn_climatepolicyradar_org_lebanon_national_biodiversity_strategy_and_action_.txt,True,False,80,0,policy instrument,developed,national,"The document provides a comprehensive National Biodiversity Strategy and Action Plan (NBSAP) for Lebanon, aligning with the Kunming-Montreal Global Biodiversity Framework (GBF). It outlines a clear vision, targets, and actions for biodiversity conservation and sustainable use, demonstrating a strong policy framework.",There is no explicit mention of UNEP's direct involvement or support in the development or implementation of Lebanon's NBSAP within the provided document.,"[""The project was implemented by the United Nations Development Programme (UNDP) in partnership with the Lebanese Ministry of Environment (MoE)."", ""Executed by: Ministry of Environment (MoE) Funded by: The Global Environment Facility (GEF) Managed by: United Nations Development Programme (UNDP)""]"
Lebanon,2022–2026,1,UNEP implemented Lebanon ecosystem restoration strategy adopted policy framework law regulation strategy action plan after:2022-01-01 before:2026-01-01,Lebanon launches climate policy package to advance ...,https://www.adaptation-undp.org/lebanon-launches-climate-policy-package-advance-paris-agreement-goals-and-accelerate-low-carbon,"The Ministry of Environment launched its landmark Climate Policy Package under the patronage of H.E. Mr. Nawaf Salam, with UNDP support.",https://www.adaptation-undp.org › lebanon-launches-cli...,www_adaptation-undp_org_Lebanon_launches_climate_policy_package_to_advance.txt,True,False,80,0,policy instrument,developed,national,"The document describes the launch of Lebanon's Climate Policy Package, which includes the National Adaptation Plan (NAP 2025–2035), the updated Nationally Determined Contribution (NDC 3.0), and the Long-Term Low Emission Development Strategy (LT-LEDS). These strategies provide a comprehensive climate roadmap for Lebanon, aiming to reduce emissions, expand renewable energy, and strengthen resilience to climate shocks.","There is no explicit link between UNEP and the development or implementation of Lebanon's Climate Policy Package. The document mentions UNDP as the supporting organization, not UNEP.","[""Lebanon launches climate policy package to advance Paris Agreement goals and accelerate low-carbon transition"", ""The package brings together three national strategies, the National Adaptation Plan (NAP 2025–2035), the updated Nationally Determined Contribution (NDC 3.0), and the Long-Term Low Emission Development Strategy (LT-LEDS)"", ""With support from the United Nations Development Programme (UNDP)""]"
Lebanon,2022–2026,1,UNEP implemented Lebanon ecosystem restoration strategy adopted policy framework law regulation strategy action plan after:2022-01-01 before:2026-01-01,Mission for Natural Heritage (M4N) POLICY ...,https://natural-heritage.interreg-euro-med.eu/wp-content/uploads/sites/5/policy-recommendations-on-restoration_31012025.pdf,"The purpose of this document is to share a unified stance on the accomplishment of Target 2 of the. GBF —restore 30% of all degraded ecosystems by 2030— and, ...",https://natural-heritage.interreg-euro-med.eu › sites,natural-heritage_interreg-euro-med_eu_Mission_for_Natural_Heritage_M4N_POLICY_.txt,False,False,0,0,none,none,global,"The document does not contain explicit evidence related to Lebanon in 2022-2026 about institutional/operational frameworks, policy/legal instruments, positive incentives, sustainable and inclusive management of biodiversity and land, or prevention of terrestrial, freshwater, or marine ecosystem degradation.",There is no explicit link between UNEP and strengthening/enabling the SP2.1 framework/instrument/incentive outcome in Lebanon during 2022-2026.,[]
Lebanon,2022–2026,1,UNEP implemented Lebanon ecosystem restoration strategy adopted policy framework law regulation strategy action plan after:2022-01-01 before:2026-01-01,Mediterranean wetland restoration: an urgent priority,https://ufmsecretariat.org/wp-content/uploads/2022/03/Restoration-policy-paper_LongVersion.pdf,"The EU Green Deal and its 2030 Biodiversity strategy, including a strong EU restoration plan to reverse the degradation of land and sea ecosystems. Page 15 ...",https://ufmsecretariat.org › uploads › 2022/03 › R...,ufmsecretariat_org_Mediterranean_wetland_restoration_an_urgent_priori.txt,False,False,0,0,none,none,unclear,,,[]
Lebanon,2022–2026,1,UNEP implemented Lebanon ecosystem restoration strategy adopted policy framework law regulation strategy action plan after:2022-01-01 before:2026-01-01,Breathing new life into Lebanon's parched rangelands,https://www.unep.org/news-and-stories/story/breathing-new-life-lebanons-parched-rangelands,The aim of the project is to restore the landscapes and ecosystems of semi-arid lands to not only improve and conserve this vital ecosystem but to also help ...,"https://www.unep.org › News, Stories & Speeches",www_unep_org_Breathing_new_life_into_Lebanon_s_parched_rangelan.txt,True,True,80,80,operational framework / positive incentive,developed / implemented,national,"The document describes a specific project called 'Shade for Life' implemented in Lebanon's Beqaa Valley, which aims to restore landscapes and ecosystems through planting native tree species and improving land management practices. This project demonstrates the development and implementation of an operational framework for sustainable land management and ecosystem restoration.","The document explicitly mentions that UNEP, in partnership with the Lebanon Reforestation Initiative, worked with local municipalities to launch the 'Shade for Life' project. UNEP is also mentioned as leading the UN Decade on Ecosystem Restoration, which funded the project. The document highlights UNEP's role in supporting the project's development and implementation.","[""In 2021, the United Nations Environment Programme (UNEP), in partnership with the Lebanon Reforestation Initiative, worked with local municipalities to launch an innovative pilot project called 'Shade for Life'"", ""The project is funded under the UN Decade on Ecosystem Restoration led by UNEP and the Food and Agriculture Organization of the United Nations (FAO)"", ""“This project adopted a participatory approach that engaged the shepherds, the local authorities and civil society organizations,” said Sami Dimassi, UNEP Representative and Regional Director for West Asia.""]"
Lebanon,2022–2026,1,UNEP implemented Lebanon ecosystem restoration strategy adopted policy framework law regulation strategy action plan after:2022-01-01 before:2026-01-01,2023-2025 - Lebanon,https://unsdg.un.org/sites/default/files/2022-11/UNSDCF_Lebanon_2023-2025.pdf,CHAPTER 3: COOPERATION FRAMEWORK IMPLEMENTATION PLAN. The UN will implement the CF in a coherent and coordinated manner through joint/joined up analysis and.,https://unsdg.un.org › sites › default › files › UNS...,unsdg_un_org_2023_2025_Lebanon.txt,True,False,40,0,policy instrument,developed,national,"The document mentions the UN's support for Lebanon in addressing environmental challenges, including the development of environmental strategies, laws, and legislations. However, there is no explicit evidence of strengthened institutional and operational frameworks, policy and legal instruments, or positive incentives for sustainable and inclusive management of biodiversity and land, or prevention of terrestrial, freshwater and marine ecosystem degradation.",There is no explicit link between UNEP and the development of nature-related frameworks or instruments in Lebanon. The document mentions UNEP as part of the UN development system but does not provide specific attribution to UNEP for any nature-related outcomes.,"[""The UN will support Lebanon to prevent further deterioration, degradation and misuse of its natural resources for economic activities to ensure future sustainability."", ""The UN will invest in enhancing capacities for climate change adaptation and mitigation, climate change communication, research, and development and climate financing."", ""Achieving this goal in the longer term will be highly contingent on the progress and acceleration of issuance and implementation of key environmental laws and legislations.""]"
Lebanon,2022–2026,1,UNEP implemented Lebanon ecosystem restoration strategy adopted policy framework law regulation strategy action plan after:2022-01-01 before:2026-01-01,Summary report 2–5 December 2025,https://enb.iisd.org/barcelona-convention-cop24-summary,"With a focus on promoting a sustainable blue economy to address these persistent and emerging challenges, the 24th Meeting of the Contracting Parties (COP 24) ...",https://enb.iisd.org › barcelona-convention-cop24-sum...,enb_iisd_org_Summary_report_2_5_December_2025.txt,False,False,0,0,none,none,none,"The document does not contain explicit evidence related to Lebanon in 2022-2026 about institutional/operational frameworks, policy/legal instruments, positive incentives, sustainable and inclusive management of biodiversity and land, or prevention of terrestrial, freshwater, or marine ecosystem degradation.",The document does not explicitly link UNEP to strengthening/enabling any nature-related framework/instrument/incentive in Lebanon during 2022-2026.,[]
Lebanon,2022–2026,1,UNEP implemented Lebanon ecosystem restoration strategy adopted policy framework law regulation strategy action plan after:2022-01-01 before:2026-01-01,Action Plan for the UN Decade on Ecosystem Restoration,https://iris.unibas.it/retrieve/65cc01ee-5b65-40df-b978-8a9c93003e09/UNDecade_ActionPlan.pdf,Establish a policy and regulatory framework and private-public sector cooperation to create a market for restoration and other nature- based solutions ...,https://iris.unibas.it › retrieve › UNDecade_Actio...,iris_unibas_it_Action_Plan_for_the_UN_Decade_on_Ecosystem_Restora.txt,False,False,0,0,none,none,unclear,,,[]
Lebanon,2022–2026,1,UNEP implemented Lebanon ecosystem restoration strategy adopted policy framework law regulation strategy action plan after:2022-01-01 before:2026-01-01,PROPOSAL FOR LEBANON,https://www.adaptation-fund.org/wp-content/uploads/2025/03/3_AFB.PPRC_.35.15-Proposal-for-Lebanon.pdf,The HOW: (i) design and adopt policy regulations to inform and guide municipal councils about the climate risk- reduction and adaptation role of the ...,https://www.adaptation-fund.org › 2025/03 › 3_...,www_adaptation-fund_org_PROPOSAL_FOR_LEBANON.txt,False,False,0,0,none,none,none,,,[]
Lebanon,2022–2026,1,UNEP implemented Lebanon ecosystem restoration strategy adopted policy framework law regulation strategy action plan after:2022-01-01 before:2026-01-01,Promoting Nature-based Solutions and Sustainable ...,https://unece.org/sites/default/files/2025-11/NbS%202515391E_WEB.pdf,It supports initiatives to develop and implement NbS adapted to national and local circumstances to accelerate the transition to sustainable infrastructure in ...,https://unece.org › sites › default › files,unece_org_Promoting_Nature_based_Solutions_and_Sustainable_.txt,False,False,0,0,none,none,unclear,,,[]
Lebanon,2022–2026,1,UNEP implemented Lebanon ecosystem restoration strategy adopted policy framework law regulation strategy action plan after:2022-01-01 before:2026-01-01,United Nations Environment Programme Mediterranean ...,https://rac-spa.org/meetings/cormon0323/docs/eng/23wg547_inf_4.pdf,"Policies exist at a sub-regional and regional level as well as at EU level for the conservation and management of marine ecosystems, habitats and species. These ...",https://rac-spa.org › cormon0323 › docs › eng,rac-spa_org_United_Nations_Environment_Programme_Mediterranean.txt,False,False,0,0,none,none,global,"The document does not contain explicit evidence related to Lebanon in 2022-2026 about institutional/operational frameworks, policy/legal instruments, positive incentives, sustainable and inclusive management of biodiversity and land, or prevention of terrestrial, freshwater, or marine ecosystem degradation.",There is no explicit link between UNEP and strengthening/enabling any nature-related framework/instrument/incentive in Lebanon during 2022-2026.,[]
Lebanon,2022–2026,1,UNEP implemented Lebanon ecosystem restoration strategy adopted policy framework law regulation strategy action plan after:2022-01-01 before:2026-01-01,Summary report 2–5 December 2025,https://enb.iisd.org/barcelona-convention-cop24-summary,Six main issues constituted the backbone of the agenda: consolidating the evidence base for the pursuit of Good Environmental Status in the Mediterranean; ...,https://enb.iisd.org › barcelona-convention-cop24-sum...,enb_iisd_org_Summary_report_2_5_December_2025.txt,False,False,0,0,none,none,global,"The document does not contain explicit evidence related to Lebanon in 2022-2026 about institutional/operational frameworks, policy/legal instruments, positive incentives, sustainable and inclusive management of biodiversity and land, or prevention of terrestrial, freshwater, or marine ecosystem degradation.",The document does not explicitly link UNEP to strengthening/enabling any nature-related framework/instrument/incentive in Lebanon during 2022-2026.,[]
Lebanon,2022–2026,1,UNEP implemented Lebanon ecosystem restoration strategy adopted policy framework law regulation strategy action plan after:2022-01-01 before:2026-01-01,Reducing wildfire risk through sustainable forest management,https://documents1.worldbank.org/curated/en/099091423111014258/pdf/P1794350610b210cd082df0ed2c2d79c757.pdf,The implementation of the proposed actions will help to protect Lebanon's forest landscapes and enhance the robustness of the forest sector in the context of.,https://documents1.worldbank.org › curated › pdf,documents1_worldbank_org_Reducing_wildfire_risk_through_sustainable_forest_.txt,True,False,60,0,institutional framework / policy instrument,developed / strengthened / adopted,national,"The document discusses the National Forest Program (NFP) 2015-2025, which provides a framework for development of the forestry sector in Lebanon. It also mentions the National Forest Fire Management Strategy (NFFMS) and the need for community involvement in sustainable forest management.",There is no explicit mention of UNEP's role in strengthening or enabling the SP2.1 framework/instrument/incentive in Lebanon during 2022-2026.,"[""The World Bank aims to support client countries’ efforts to implement priority actions linked to forests and their development priorities"", ""The Lebanese government approved the National Forest Program (NFP) 2015-2025"", ""A National Forest Fire Management Strategy (NFFMS) was developed in 2009 and updated in 2023""]"
Lebanon,2022–2026,1,UNEP implemented Lebanon ecosystem restoration strategy adopted policy framework law regulation strategy action plan after:2022-01-01 before:2026-01-01,Guidelines for Urban Ecosystem-based Adaptation in the ...,https://unhabitat.org/sites/default/files/2024/11/eba_guidelines_for_the_web01_1_1.pdf,"National environmental strategies, exemplified by those of Saudi. Arabia and the UAE, provide the necessary policy support and funding to guide these efforts.",https://unhabitat.org › default › files › 2024/11,unhabitat_org_Guidelines_for_Urban_Ecosystem_based_Adaptation_in.txt,True,False,61,0,policy instrument,developed,national,"The document provides guidelines for urban ecosystem-based adaptation in the Arab region, including case studies and examples from various countries, but does not specifically mention Lebanon's strengthened institutional and operational frameworks, policy and legal instruments, or positive incentives for sustainable and inclusive management of biodiversity and land.",There is no explicit mention of UNEP's role in strengthening or enabling the SP2.1 framework/instrument/incentive in Lebanon during 2022-2026.,"[""Guidelines for Urban Ecosystem-Based Adaptation in the Arab Region"", ""Ecosystem-based Adaptation (EbA) approach"", ""Nature-based Solutions (NbS)""]"
Lebanon,2022–2026,1,UNEP implemented Lebanon ecosystem restoration strategy adopted policy framework law regulation strategy action plan after:2022-01-01 before:2026-01-01,BioConnect,https://www.etc.uma.es/bioconnect/,This 45-month project is a joint effort between 4 Lebanese partners working together towards enhancing the management and governance of sites of ecological ...,https://www.etc.uma.es › bioconnect,www_etc_uma_es_BioConnect.txt,False,False,0,0,none,none,unclear,,,[]
Lebanon,2022–2026,1,UNEP implemented Lebanon ecosystem restoration strategy adopted policy framework law regulation strategy action plan after:2022-01-01 before:2026-01-01,THE BLUE CARBON HANDBOOK,https://oceanpanel.org/wp-content/uploads/2023/06/Ocean_Panel_Blue_Carbon_Handbook-1.pdf,"It offers key information and direction to decision-makers considering topics ranging from the sequestration potential of blue carbon ecosystems, to adaptation ...",https://oceanpanel.org › uploads › 2023/06 › Oc...,oceanpanel_org_THE_BLUE_CARBON_HANDBOOK.txt,False,False,0,0,none,none,global,"The document does not contain explicit evidence related to Lebanon in 2022-2026 about institutional/operational frameworks, policy/legal instruments, positive incentives, sustainable and inclusive management of biodiversity and land, or prevention of terrestrial, freshwater, or marine ecosystem degradation.",There is no explicit link between UNEP and strengthening/enabling any nature-related framework/instrument/incentive in Lebanon during 2022-2026.,[]
Lebanon,2022–2026,1,UNEP implemented Lebanon ecosystem restoration strategy adopted policy framework law regulation strategy action plan after:2022-01-01 before:2026-01-01,Finance for nature: how to improve funding for the ...,https://www.bruegel.org/policy-brief/finance-nature-how-improve-funding-protection-biodiversity,"Key elements of the strategy include the Nature Restoration Law, Forest Monitoring Framework and Soil Health Law, but only the Nature Restoration Law has so far ...",https://www.bruegel.org › policy-brief › finance-nature...,www_bruegel_org_Finance_for_nature_how_to_improve_funding_for_the_.txt,False,False,0,0,none,none,global,"The document does not contain explicit evidence related to Lebanon in 2022-2026 about institutional/operational frameworks, policy/legal instruments, positive incentives, sustainable and inclusive management of biodiversity and land, or prevention of terrestrial, freshwater, or marine ecosystem degradation.",There is no explicit link between UNEP and any nature-related framework/instrument/incentive in Lebanon during 2022-2026.,[]
Lebanon,2022–2026,1,UNEP implemented Lebanon ecosystem restoration strategy adopted policy framework law regulation strategy action plan after:2022-01-01 before:2026-01-01,Compilation of Existing Guidance on Ecosystem Restoration,https://www.ecologic.eu/19738,This regulation sets legally binding targets to restore at least 20% of the EU's degraded land and sea areas by 2030 and all ecosystems in need of restoration ...,https://www.ecologic.eu › ...,www_ecologic_eu_Compilation_of_Existing_Guidance_on_Ecosystem_Rest.txt,False,False,0,0,none,none,global,"The document is not about Lebanon and does not discuss the country's institutional frameworks, operational frameworks, policy instruments, legal instruments, positive incentives, or mechanisms for sustainable and inclusive management of biodiversity and land, or prevention of terrestrial, freshwater, and marine ecosystem degradation.","There is no explicit link between UNEP and any framework, instrument, or incentive in Lebanon during 2022-2026.",[]
Lebanon,2022–2026,1,UNEP implemented Lebanon ecosystem restoration strategy adopted policy framework law regulation strategy action plan after:2022-01-01 before:2026-01-01,United Nations Environment Programme Mediterranean ...,https://rac-spa.org/meetings/cormon0323/docs/eng/23wg547_inf_4.pdf,"Policies exist at a sub-regional and regional level as well as at EU level for the conservation and management of marine ecosystems, habitats and species. These ...",https://rac-spa.org › cormon0323 › docs › eng,rac-spa_org_United_Nations_Environment_Programme_Mediterranean.txt,False,False,0,0,none,none,global,"The document does not contain explicit evidence related to Lebanon in 2022-2026 about institutional frameworks, operational frameworks, policy instruments, positive incentives, sustainable and inclusive management of biodiversity and land, or prevention of terrestrial, freshwater, or marine ecosystem degradation.",There is no explicit link between UNEP and strengthening/enabling any nature-related framework/instrument/incentive in Lebanon during 2022-2026.,"[""Not applicable""]"
Lebanon,2022–2026,1,UNEP implemented Lebanon ecosystem restoration strategy adopted policy framework law regulation strategy action plan after:2022-01-01 before:2026-01-01,Finance for nature: how to improve funding for the ...,https://www.bruegel.org/policy-brief/finance-nature-how-improve-funding-protection-biodiversity,"Key elements of the strategy include the Nature Restoration Law, Forest Monitoring Framework and Soil Health Law, but only the Nature Restoration Law has so far ...",https://www.bruegel.org › policy-brief › finance-nature...,www_bruegel_org_Finance_for_nature_how_to_improve_funding_for_the_.txt,False,False,0,0,none,none,global,"The document does not contain explicit evidence related to Lebanon in 2022-2026 about institutional/operational frameworks, policy/legal instruments, positive incentives, sustainable and inclusive management of biodiversity and land, or prevention of terrestrial, freshwater, or marine ecosystem degradation.",There is no explicit link between UNEP and any nature-related framework/instrument/incentive in Lebanon during 2022-2026.,[]
Lebanon,2022–2026,1,UNEP implemented Lebanon ecosystem restoration strategy adopted policy framework law regulation strategy action plan after:2022-01-01 before:2026-01-01,(PDF) United Nations Environment Program (UNEP),https://www.researchgate.net/publication/363258265_United_Nations_Environment_Program_UNEP,"UNEP's work has been categorized into thematic areas such as: climate change, disasters and conflicts, ecosystem management, environmental management, chemical ...",https://www.researchgate.net › publication › 36325826...,www_researchgate_net__PDF_United_Nations_Environment_Program_UNEP_.txt,False,False,0,0,none,none,unclear,,,[]
Lebanon,2022–2026,1,UNEP implemented Lebanon ecosystem restoration strategy adopted policy framework law regulation strategy action plan after:2022-01-01 before:2026-01-01,Nature-based solutions and ecosystem-based adaptation ...,https://planbleu.org/wp-content/uploads/2025/03/MedP_SCCF_Report_NbS-and-EbA-in-the-Mediterranean.pdf,"The application of EbA in these areas consists of the restoration, conservation and management of ecosystems to protect coastal communities from sea-level rise,.",https://planbleu.org › uploads › 2025/03 › MedP...,planbleu_org_Nature_based_solutions_and_ecosystem_based_adaptat.txt,False,False,0,0,none,none,global,"The document does not contain explicit evidence related to Lebanon in 2022-2026 about institutional frameworks, policy/legal instruments, positive incentives, sustainable and inclusive management of biodiversity and land, or prevention of terrestrial, freshwater, or marine ecosystem degradation.",There is no explicit link between UNEP and strengthening/enabling any nature-related framework/instrument/incentive in Lebanon during 2022-2026.,"[""No relevant evidence found.""]"
Lebanon,2022–2026,1,UNEP implemented Lebanon ecosystem restoration strategy adopted policy framework law regulation strategy action plan after:2022-01-01 before:2026-01-01,"Lebanon's National ICZM Strategy, Legislation, and Plan ...",https://gefmed.paprac.org/wp-content/uploads/2025/09/Lebanon-ICZM-Strategy-Integrated-Diagnostic-Analysis-Report.pdf,"This document was developed through the project “Lebanon's National Integrated Coastal. Zone Management (ICZM) Strategy, Legislation, and Plan Development” ...",https://gefmed.paprac.org › uploads › 2025/09,gefmed_paprac_org_Lebanon_s_National_ICZM_Strategy_Legislation_and_P.txt,True,False,80,0,policy instrument,developed,national,"The document discusses the development of Lebanon's National ICZM Strategy, Legislation, and Plan, which includes a comprehensive analysis of the country's coastal zone management, environmental, social, and economic diagnosis, and proposed mitigation measures.","There is no explicit mention of UNEP's direct involvement in the development of Lebanon's National ICZM Strategy, Legislation, and Plan.","[""Lebanon’s National ICZM Strategy, Legislation, and Plan Development"", ""Integrated Diagnostic Analysis Report"", ""PAP/RAC"", ""GEF MedProgramme"", ""Ministry of Environment in Lebanon""]"
Lebanon,2022–2026,1,UNEP implemented Lebanon ecosystem restoration strategy adopted policy framework law regulation strategy action plan after:2022-01-01 before:2026-01-01,Economic Recovery in Conflict-Affected Areas of Lebanon,https://um.dk/media/yp2gdij1/economic-recovery-in-conflict-affected-areas-of-lebanon-2026-2030.pdf,Key results: • Climate-smart agricultural and eco-system restoration practices in conflict-affected areas are adopted and contribute to.,https://um.dk › media › economic-recovery-in-c...,um_dk_Economic_Recovery_in_Conflict_Affected_Areas_of_Le.txt,True,False,60,0,institutional framework / policy instrument,developed / strengthened,national,"The document outlines a project aimed at supporting Lebanon's recovery in conflict-affected areas through environmental restoration, agricultural livelihoods, employability and entrepreneurship, as well as local and national governance capacities. This aligns with the criteria for nature relevance, particularly in terms of institutional frameworks and policy instruments for sustainable management of biodiversity and land.","There is no explicit mention of UNEP's involvement or support in the provided document. The project is funded by Denmark, EU, and AFD, but UNEP is not credited or mentioned as having a role in the development or implementation of the project.","[""The project seeks to simultaneously support early recovery in conflict-affected areas in the South and the Bekaa through environmental restoration initiatives, improved access to agricultural livelihoods, targeted employability and entrepreneurship support, as well as the strengthening of local and national governance capacities, aligned to governmental recovery priorities."", ""Strengthening the capacity and legitimacy of public institutions is essential for ensuring that recovery efforts translate into sustainable improvements in governance and service delivery."", ""The project will therefore engage key ministries and authorities throughout the project cycle. The main institutions include the Office of the Prime Minister, Ministry of Agriculture (incl. Green Plan, LARI, GDA, GDC), Ministry of Environment (incl. CNRS), Ministry of Social Development (incl. SDCs), Ministry of Education and Higher Education (incl. DG TVET), Ministry of Interior and Municipalities (incl. DG LAC and Civil Defense), Ministry of Energy and Water (incl. water authorities), Ministry of Industry, Lebanese Armed Forces (incl. LMAC), as well as relevant municipalities and Unions of Municipalities.""]"
Lebanon,2022–2026,1,UNEP implemented Lebanon ecosystem restoration strategy adopted policy framework law regulation strategy action plan after:2022-01-01 before:2026-01-01,2023 PAGE Annual Report - UN PAGE,https://www.un-page.org/2023-annual-report/,"At its core, PAGE helps governments create and implement policies that promote green economic activities, through integrated technical advice, analysis and ...",https://www.un-page.org › 2023-annual-report,www_un-page_org_2023_PAGE_Annual_Report_UN_PAGE.txt,False,False,0,0,none,none,global,"The document does not contain explicit evidence related to Lebanon in 2022-2026 about institutional frameworks, operational frameworks, policy instruments, legal instruments, positive incentives, inclusive participation mechanisms, or ecosystem degradation prevention frameworks/instruments.",The document does not explicitly link UNEP to strengthening/enabling any SP2.1 framework/instrument/incentive outcome in Lebanon during 2022-2026.,[]
Lebanon,2022–2026,1,UNEP implemented Lebanon ecosystem restoration strategy adopted policy framework law regulation strategy action plan after:2022-01-01 before:2026-01-01,Findings from the Consultation Meetings for Lebanon's ...,https://www.aub.edu.lb/natureconservation/Pages/LHMM%20Final%20Report_AUB-NCC.pdf,"The last consultation meeting tackled Sustainable Tourism policies, strategies, and initiatives. Participant input focused on the need for a comprehensive ...",https://www.aub.edu.lb › Pages,www_aub_edu_lb_Findings_from_the_Consultation_Meetings_for_Lebano.txt,True,False,60,0,institutional framework / policy instrument,developed / strengthened,national,"The document discusses the development of a High Mountains Masterplan for Lebanon, which includes strengthening institutional and operational frameworks for sustainable management of biodiversity and land. It outlines various studies, consultations, and recommendations for environmental conservation and sustainable development in Lebanon's high mountains.",There is no explicit mention of UNEP's role in supporting or enabling the SP2.1 framework/instrument/incentive outcomes in Lebanon during 2022-2026.,"[""Findings from the Consultation Meetings for Lebanon’s High Mountains Masterplan"", ""Implemented by: United Nations Development Programme (UNDP) Funded by: Global Environment Facility (GEF)"", ""The Lebanese high mountains are defined as areas above 1500 m in elevation."", ""Several studies including the National Physical Master Plan of the Lebanese Territory (NPMPLT) produced in 2005, mapped out the Lebanese high mountains.""]"
Lebanon,2022–2026,1,UNEP implemented Lebanon ecosystem restoration strategy adopted policy framework law regulation strategy action plan after:2022-01-01 before:2026-01-01,PROPOSAL FOR LEBANON,https://www.adaptation-fund.org/wp-content/uploads/2025/03/3_AFB.PPRC_.35.15-Proposal-for-Lebanon.pdf,The HOW: (i) design and adopt policy regulations to inform and guide municipal councils about the climate risk- reduction and adaptation role of the ...,https://www.adaptation-fund.org › 2025/03 › 3_...,www_adaptation-fund_org_PROPOSAL_FOR_LEBANON.txt,False,False,0,0,none,none,global,"The document does not contain explicit evidence related to institutional/operational frameworks, policy/legal instruments, positive incentives, sustainable and inclusive management of biodiversity and land, or prevention of terrestrial, freshwater, or marine ecosystem degradation in Lebanon during 2022-2026.",There is no explicit link between UNEP and strengthening/enabling any nature-related framework/instrument/incentive in Lebanon during 2022-2026.,[]
Lebanon,2022–2026,1,UNEP implemented Lebanon ecosystem restoration strategy adopted policy framework law regulation strategy action plan after:2022-01-01 before:2026-01-01,report of the global environment facility,https://www.thegef.org/sites/default/files/documents/2024-10/UNCCD_COP16_GEF_report_Council.pdf,"The LDFA strategy is fully in line with the. UNCCD Strategic Framework 2018 – 2030 which has the vision “for a future that avoids, minimizes, and reverses ...",https://www.thegef.org › sites › files › documents,www_thegef_org_report_of_the_global_environment_facility.txt,False,False,0,0,none,none,none,"The document does not contain explicit evidence related to Lebanon in 2022-2026 about institutional/operational frameworks, policy/legal instruments, positive incentives, sustainable and inclusive management of biodiversity and land, or prevention of terrestrial, freshwater, or marine ecosystem degradation.",There is no explicit link between UNEP and any nature-related framework/instrument/incentive in Lebanon during 2022-2026.,[]
Lebanon,2022–2026,1,UNEP implemented Lebanon ecosystem restoration strategy adopted policy framework law regulation strategy action plan after:2022-01-01 before:2026-01-01,SOER REPORT,https://www.opendatalebanon.org/wp-content/uploads/2022/03/SOER_Report_EN.pdf,"Starting with a brief introduction and methodology, the SOER 2020 takes us through the state of environmental governance, that of the four natural resources ( ...",https://www.opendatalebanon.org › 2022/03 › S...,www_opendatalebanon_org_SOER_REPORT.txt,False,False,0,0,none,none,unclear,,,[]
Lebanon,2022–2026,1,UNEP implemented Lebanon ecosystem restoration strategy adopted policy framework law regulation strategy action plan after:2022-01-01 before:2026-01-01,Stakeholder participation and crisis- responsive strategies ...,https://www.frontiersin.org/journals/marine-science/articles/10.3389/fmars.2025.1618637/full,"This paper presents findings from a Mediterranean pilot site located in Lebanon, showing how collaborative tools such as SWOT analyses can guide integrated ...",https://www.frontiersin.org › fmars.2025.1618637 › full,www_frontiersin_org_Stakeholder_participation_and_crisis_responsive_st.txt,True,False,60,0,institutional framework / operational framework / policy instrument / positive incentive,developed / strengthened / adopted,national,"The document discusses the Co-Evolve4BG project in Lebanon, which aims to improve coastal tourism sustainability through stakeholder participation and integrated coastal zone management. It highlights the country's efforts to address environmental challenges, such as pollution and habitat degradation, and promote sustainable tourism practices.",There is no explicit mention of UNEP's role in supporting or enabling the SP2.1 framework/instrument/incentive in Lebanon during 2022-2026.,"[""The Co-Evolve4BG project funded by the ENI CBC Med Program"", ""Integrated Coastal Zone Management (ICZM) and blue bioeconomy governance frameworks"", ""Participatory approach involving multi-stakeholder workshops, focus groups, and SWOT analyses"", ""Action plan for sustainable tourism in Batroun, Lebanon""]"
Lebanon,2022–2026,1,UNEP implemented Lebanon ecosystem restoration strategy adopted policy framework law regulation strategy action plan after:2022-01-01 before:2026-01-01,PRACTICAL GUIDE,https://www.unodc.org/documents/alternative-development/Practical_Guide_Report_web.pdf,This new Practical Guide on Alternative Development and the Environment is another step in our efforts to provide guidance on how we can mainstream envi-.,https://www.unodc.org › alternative-development,www_unodc_org_PRACTICAL_GUIDE.txt,False,False,0,0,none,none,none,"The document does not contain explicit evidence related to Lebanon in 2022-2026 about strengthening, developing, adopting, implementing, revising, approving, establishing, or operationalizing institutional frameworks, policy and legal instruments, or positive incentives for sustainable and inclusive management of biodiversity and land, or prevention of terrestrial, freshwater and marine ecosystem degradation.",There is no explicit link between UNEP and any nature-related framework/instrument/incentive in Lebanon during 2022-2026.,[]
Lebanon,2022–2026,1,UNEP implemented Lebanon ecosystem restoration strategy adopted policy framework law regulation strategy action plan after:2022-01-01 before:2026-01-01,"Lebanon's National ICZM Strategy, Legislation, and Plan ...",https://gefmed.paprac.org/wp-content/uploads/2025/09/Lebanon-ICZM-Strategy-Integrated-Diagnostic-Analysis-Report.pdf,"This document was developed through the project “Lebanon's National Integrated Coastal. Zone Management (ICZM) Strategy, Legislation, and Plan Development” ...",https://gefmed.paprac.org › uploads › 2025/09,gefmed_paprac_org_Lebanon_s_National_ICZM_Strategy_Legislation_and_P.txt,True,False,61,0,policy instrument,developed,national,"The document discusses the development of Lebanon's National ICZM Strategy, legislation, and plan, which is a policy instrument for sustainable and inclusive management of the coastal zone. The draft ICZM Law (2015) and the ICZM Protocol (2008) are mentioned, indicating progress in developing frameworks for ICZM.","There is no explicit mention of UNEP's direct involvement in strengthening, developing, adopting, implementing, revising, approving, establishing, or operationalizing the nature-related framework/instrument/incentive in Lebanon during 2022-2026.","[""Lebanon's National ICZM Strategy, Legislation, and Plan Development"", ""draft ICZM Law (2015)"", ""ICZM Protocol (2008)"", ""integrated diagnostic analysis report""]"
Lebanon,2022–2026,1,UNEP implemented Lebanon ecosystem restoration strategy adopted policy framework law regulation strategy action plan after:2022-01-01 before:2026-01-01,National Greening Education Strategy in Lebanon,https://www.crdp.org/sites/default/files/2025-12/Strategy%20Greening%20Education%28EN%29%20%281%29.pdf,"It empowers learners, educators, and communities with the skills, values, and leadership needed to shape a greener and more prosperous future. More than a ...",https://www.crdp.org › sites › default › files › Stra...,www_crdp_org_National_Greening_Education_Strategy_in_Lebanon.txt,True,False,80,0,policy instrument,developed,national,"The document outlines a comprehensive National Greening Education Strategy in Lebanon, which includes policy instruments, strategies, and action plans for greening education and promoting Education for Sustainable Development (ESD).",There is no explicit mention of UNEP's role in supporting or enabling the greening education strategy in Lebanon.,"[""The Lebanese Strategy on Greening Education aims to align policy, legislation, and operational frameworks to bolster support for greening education."", ""The strategy was developed with the support of UNESCO Regional Office in Beirut, MEHE, and CRDP."", ""The strategy includes objectives and actions for advancing policies, transforming learning environments, and empowering youth.""]"
Lebanon,2022–2026,1,UNEP implemented Lebanon ecosystem restoration strategy adopted policy framework law regulation strategy action plan after:2022-01-01 before:2026-01-01,Review of National Water Sector Governance in Lebanon,https://www.pseau.org/outils/ouvrages/lcps_review_of_national_water_sector_governance_in_lebanon_2025.pdf,Objective of this Review. The main objective of this review is to compile the most relevant and recent laws that govern the water sector along with sector.,https://www.pseau.org › outils › ouvrages › lcps...,www_pseau_org_Review_of_National_Water_Sector_Governance_in_Leba.txt,True,False,80,0,institutional framework / policy instrument,strengthened / adopted,national,"The document provides detailed information on Lebanon's water sector governance, including institutional frameworks, policy instruments, and laws governing the sector. It highlights the existence of the Ministry of Energy and Water (MEW), Regional Water Establishments (RWEs), and the Litani River Authority (LRA) as key players in water management. The document also mentions various strategies and plans, such as the National Water Sector Strategy (NWSS) and the Water Code, aimed at improving the water sector's performance and sustainability.",There is no explicit mention of UNEP's involvement or support in strengthening Lebanon's water sector governance within the provided document.,"[""The current water management structure in Lebanon evolved from administrative reforms implemented in 2000."", ""The primary governmental body overseeing water and sanitation issues is the Ministry of Energy and Water (MEW)."", ""Lebanon established four Regional Water Establishments (RWEs) through a series of laws in 2000."", ""The Lebanese Government formally adopted the National Water Sector Strategy (NWSS) through Resolution 2 on March 9, 2012."", ""Lebanon promulgated the Water Code under Law 77 on April 13, 2018.""]"
Lebanon,2022–2026,1,UNEP implemented Lebanon ecosystem restoration strategy adopted policy framework law regulation strategy action plan after:2022-01-01 before:2026-01-01,Leading the UN Decade on Ecosystem Restoration 2021–2030,https://mptf.undp.org/sites/default/files/documents/2024-04/un_decade_5_year_programme_mptf_signed_ma_redacted.pdf,This document proposes a five-year global Multi-Partner Trust Fund (the “5- year programme”) led by the United Nations Environment Programme (UNEP) and the Food ...,https://mptf.undp.org › default › files › documents,mptf_undp_org_Leading_the_UN_Decade_on_Ecosystem_Restoration_202.txt,False,False,0,0,none,none,global,"The document does not contain explicit evidence related to Lebanon in 2022-2026 about institutional frameworks, operational frameworks, policy instruments, positive incentives, sustainable and inclusive management of biodiversity and land, or prevention of terrestrial, freshwater, or marine ecosystem degradation.","The document does not explicitly link UNEP to strengthening, developing, adopting, implementing, revising, approving, establishing, or operationalizing any nature-related framework/instrument/incentive in Lebanon in 2022-2026.",[]
Lebanon,2022–2026,2,in collaboration with UNEP Lebanon biodiversity strategy established policy framework law regulation strategy action plan after:2022-01-01 before:2026-01-01,SwitchMed in Lebanon,https://www.unep.org/resources/policy-and-strategy/switchmed-lebanon,The Lebanese Sustainable Consumption and Production National Action Plan (SCP-NAP) was developed under the coordination of the Ministry of Environment (MoE) ...,https://www.unep.org › resources › policy-and-strategy,www_unep_org_SwitchMed_in_Lebanon.txt,True,True,80,80,policy instrument,developed,national,The Lebanese Sustainable Consumption and Production National Action Plan (SCP-NAP) was developed under the coordination of the Ministry of Environment (MoE) with advisory services and technical support from the United Nations Environment Programme (UNEP).,UNEP provided advisory services and technical support for the development of the Lebanese Sustainable Consumption and Production National Action Plan (SCP-NAP).,"[""The Lebanese Sustainable Consumption and Production National Action Plan (SCP-NAP) was developed under the coordination of the Ministry of Environment (MoE) in close collaboration with the Ministry of Industry (MoI) and other key partners under the EU funded SwitchMed programme. with advisory services and technical support from the United Nations Environment Programme (UNEP)."", ""UNEP worked with Lebanese NGO - Nusaned on a community-based pilot in the Mar Mikhael - Gemmayze area in Beirut which seeks to address the challenges of reduction and prevention of food waste and packaging waste to divert them from landfills using concepts of SCP and circular economy.""]"
Lebanon,2022–2026,2,in collaboration with UNEP Lebanon biodiversity strategy established policy framework law regulation strategy action plan after:2022-01-01 before:2026-01-01,Biodiversity Strategy for 2030 - EU Environment,https://environment.ec.europa.eu/strategy/biodiversity-strategy-2030_en,"The EU's biodiversity strategy for 2030 is a comprehensive, ambitious and long-term plan to protect nature and reverse the degradation of ecosystems.",https://environment.ec.europa.eu › Home › Strategy,environment_ec_europa_eu_Biodiversity_Strategy_for_2030_EU_Environment.txt,False,False,0,0,none,none,global,"The document is not about Lebanon and does not contain explicit evidence related to Lebanon's institutional and operational frameworks, policy and legal instruments, or positive incentives for sustainable and inclusive management of biodiversity and land, or prevention of terrestrial, freshwater and marine ecosystem degradation during 2022-2026.",There is no explicit link between UNEP and any nature-related framework/instrument/incentive in Lebanon during 2022-2026.,[]
Lebanon,2022–2026,2,in collaboration with UNEP Lebanon biodiversity strategy established policy framework law regulation strategy action plan after:2022-01-01 before:2026-01-01,lebanon-national-biodiversity-strategy-and-action-plan- ...,https://cdn.climatepolicyradar.org/navigator/LBN/2026/lebanon-national-biodiversity-strategy-and-action-plan-nbsap-2025_841ceda49e07e2c32fb64942e23b38a1.pdf,"(2025). National Biodiversity Strategy and Action Plan – NBSAP. Global Biodiversity. Framework Early Action Support (GBF-EAS). Beirut, Lebanon.",https://cdn.climatepolicyradar.org › LBN › lebano...,cdn_climatepolicyradar_org_lebanon_national_biodiversity_strategy_and_action_.txt,True,False,80,0,policy instrument,developed,national,"The document provides detailed information on Lebanon's National Biodiversity Strategy and Action Plan (NBSAP) 2025, which is aligned with the Kunming-Montreal Global Biodiversity Framework (GBF). The NBSAP includes 26 national targets and actions to conserve and sustainably manage biodiversity.",There is no explicit mention of UNEP's direct involvement in the development or implementation of Lebanon's NBSAP in the provided document.,"[""The project was implemented by the United Nations Development Programme (UNDP) in partnership with the Lebanese Ministry of Environment (MoE)."", ""The Global Environment Facility (GEF) funded the project.""]"
Lebanon,2022–2026,1,UNEP implemented Lebanon ecosystem restoration strategy adopted policy framework law regulation strategy action plan after:2022-01-01 before:2026-01-01,COASTAL AND MARINE ECOSYSTEMS AS NATURE- ...,https://ocean-climate.org/wp-content/uploads/2023/10/NDC_Analysis_2023.pdf,"Adopted at the fifth session of the United Nations Environment Assembly (UNEA-5) in. 2022, this internationally-agreed definition recognises the important role ...",https://ocean-climate.org › NDC_Analysis_2023,ocean-climate_org_COASTAL_AND_MARINE_ECOSYSTEMS_AS_NATURE_.txt,False,False,0,0,none,none,global,"The document does not contain explicit evidence related to Lebanon in 2022-2026 about institutional/operational frameworks, policy/legal instruments, positive incentives, sustainable and inclusive management of biodiversity and land, or prevention of terrestrial, freshwater, or marine ecosystem degradation.",There is no explicit link between UNEP and strengthening/enabling any nature-related framework/instrument/incentive outcomes in Lebanon during 2022-2026.,[]
Lebanon,2022–2026,2,in collaboration with UNEP Lebanon biodiversity strategy established policy framework law regulation strategy action plan after:2022-01-01 before:2026-01-01,Lebanon Launches “Climate Policy Package ...,https://www.facebook.com/MinistryOfEnvironment/posts/lebanon-launches-climate-policy-package-to-strengthen-paris-agreement-commitment/1111813894416201/,The package brings together three national strategies: • The National Adaptation Plan (NAP 2025–2035) • The updated Nationally Determined Contribution (NDC ...,10+ reactions,www_facebook_com_Lebanon_Launches_Climate_Policy_Package_.txt,True,False,80,0,policy instrument,launched,national,"The document describes the launch of Lebanon's Climate Policy Package, which includes three national strategies: National Adaptation Plan (NAP 2025–2035), updated Nationally Determined Contribution (NDC 3.0), and Long-Term Low Emission Development Strategy (LT-LEDS).","There is no explicit mention of UNEP's role in developing, adopting, implementing, or operationalizing the Climate Policy Package or its components.","[""Lebanon Launches “Climate Policy Package” to Strengthen Paris Agreement Commitments and Cut Emissions"", ""The package brings together three national strategies: The National Adaptation Plan (NAP 2025–2035), The updated Nationally Determined Contribution (NDC 3.0), The Long-Term Low Emission Development Strategy (LT-LEDS)""]"
Lebanon,2022–2026,2,in collaboration with UNEP Lebanon biodiversity strategy established policy framework law regulation strategy action plan after:2022-01-01 before:2026-01-01,National Biodiversity Strategy and Action Plan to 2030,https://era.org.mt/wp-content/uploads/2024/09/NBSAP-to-2030_final_compressed.pdf,"A comprehensive national policy framework is developed to protect and enhance soil and its biodiversity, and to improve monitoring, thus contributing to ...",https://era.org.mt › uploads › 2024/09 › NBSAP-...,era_org_mt_National_Biodiversity_Strategy_and_Action_Plan_to_.txt,False,False,0,0,none,none,unclear,,,[]
Lebanon,2022–2026,2,in collaboration with UNEP Lebanon biodiversity strategy established policy framework law regulation strategy action plan after:2022-01-01 before:2026-01-01,United Nations Environment Programme Mediterranean ...,https://rac-spa.org/meetings/cormon0323/docs/eng/23wg547_inf_4.pdf,"These generate national actions, enhance strategic action plans and the implementation of national regulations in favour of marine resource sustainable ...",https://rac-spa.org › cormon0323 › docs › eng,rac-spa_org_United_Nations_Environment_Programme_Mediterranean.txt,False,False,0,0,none,none,global,"The document does not contain explicit evidence related to Lebanon in 2022-2026 about institutional/operational frameworks, policy/legal instruments, positive incentives, sustainable and inclusive management of biodiversity and land, or prevention of terrestrial, freshwater, or marine ecosystem degradation.",There is no explicit link between UNEP and any nature-related framework/instrument/incentive in Lebanon during 2022-2026.,[]
Lebanon,2022–2026,2,in collaboration with UNEP Lebanon biodiversity strategy established policy framework law regulation strategy action plan after:2022-01-01 before:2026-01-01,Seminar on Updating the National Biodiversity Strategy ...,https://www.undp.org/turkmenistan/press-releases/seminar-updating-national-biodiversity-strategy-and-action-plan-held-turkmenistan-undp-support,The main goal of the project is to support countries in reviewing and updating their National Biodiversity Strategies and Action Plans to align them with the ...,https://www.undp.org › turkmenistan › press-releases › s...,www_undp_org_Seminar_on_Updating_the_National_Biodiversity_Stra.txt,False,False,0,0,none,none,unclear,The document is not about Lebanon and does not contain any information related to the country's biodiversity or environmental policies.,There is no mention of UNEP in relation to Lebanon's environmental policies or biodiversity.,[]
Lebanon,2022–2026,2,in collaboration with UNEP Lebanon biodiversity strategy established policy framework law regulation strategy action plan after:2022-01-01 before:2026-01-01,2023-2025 - Lebanon,https://unsdg.un.org/sites/default/files/2022-11/UNSDCF_Lebanon_2023-2025.pdf,"The joint financing strategy will be anchored around the CF funding framework, which will be developed at the operationalization phase. The joint financing ...",https://unsdg.un.org › sites › default › files › UNS...,unsdg_un_org_2023_2025_Lebanon.txt,True,False,40,0,policy instrument,developed,national,"The document mentions the UN's support for Lebanon in addressing environmental challenges, but does not provide explicit evidence of strengthened institutional and operational frameworks, policy and legal instruments, or positive incentives for sustainable and inclusive management of biodiversity and land, or prevention of terrestrial, freshwater and marine ecosystem degradation.",There is no explicit link between UNEP and the nature-related framework/instrument/incentive in Lebanon during 2022-2026.,"[""The UN will support Lebanon to prevent further deterioration, degradation and misuse of its natural resources for economic activities to ensure future sustainability."", ""The UN will invest in enhancing capacities for climate change adaptation and mitigation, climate change communication, research, and development and climate financing.""]"
Lebanon,2022–2026,2,in collaboration with UNEP Lebanon biodiversity strategy established policy framework law regulation strategy action plan after:2022-01-01 before:2026-01-01,Lebanon's Motion Adopted at the IUCN World ...,https://www.facebook.com/CNRSLebanon/posts/lebanons-motion-adopted-at-the-iucn-world-conservation-congress-abu-dhabi-2025mo/1120292940283830/,"The motion opens a joint fundraising avenue of USD 12 million to support restoration of forests, soils, coasts, and biodiversity across affected regions.",10+ reactions,www_facebook_com_Lebanon_s_Motion_Adopted_at_the_IUCN_World_.txt,True,False,80,0,policy instrument,adopted,national,"The document mentions the adoption of Motion 148, which supports the recovery and restoration of war-impacted ecosystems in Lebanon, and opens a joint fundraising avenue of USD 12 million to support restoration of forests, soils, coasts, and biodiversity across affected regions.",There is no explicit link between UNEP and the adoption of Motion 148 or the fundraising efforts for ecosystem restoration in Lebanon.,"[""Motion 148 – 'Supporting the Recovery and Restoration of War-Impacted Ecosystems in Lebanon' was adopted"", ""opens a joint fundraising avenue of USD 12 million to support restoration of forests, soils, coasts, and biodiversity across affected regions""]"
Lebanon,2022–2026,2,in collaboration with UNEP Lebanon biodiversity strategy established policy framework law regulation strategy action plan after:2022-01-01 before:2026-01-01,Mediterranean Action Plan (MAP) - Barcelona Convention,https://www.unep.org/mediterranean-action-plan-map-barcelona-convention,The UNEP/MAP Medium-Term Strategy (MTS) for 2022-2027 has been developed fully in line with global initiatives and their objectives. It is aligned with the Rio+ ...,https://www.unep.org › mediterranean-action-plan-map...,www_unep_org_Mediterranean_Action_Plan_MAP_Barcelona_Convention.txt,True,True,80,60,institutional framework / policy instrument / legal instrument,strengthened / developed / adopted,regional,"The document provides detailed information about the Mediterranean Action Plan (MAP) and its various components, including the Barcelona Convention and its Protocols. These frameworks are aimed at protecting the marine and coastal environment of the Mediterranean, which includes Lebanon. The MAP has several institutional and operational frameworks, policy instruments, and legal tools in place for the conservation and sustainable use of marine biodiversity and ecosystems.","UNEP is directly linked to the development and implementation of the MAP and its various components. The document mentions that UNEP provides secretariat services to the Contracting Parties through the UNEP/MAP Coordinating Unit. Additionally, UNEP has supported the development of various projects and initiatives under the MAP, such as the MedProgramme, which is a GEF-funded initiative implemented in Lebanon and other Mediterranean countries.","[""The Mediterranean Action Plan (MAP) of the United Nations Environment Programme was established in 1975 by Mediterranean governments as the first regional action plan under the UNEP Regional Seas Programme."", ""UNEP provides secretariat services to the Contracting Parties through the UNEP/MAP Coordinating Unit, hosted in Athens since 1982 based on a Host Country Agreement between Greece and UNEP."", ""The MedProgramme funded by the Global Environment Facility (GEF), epitomizes MAP accomplishments in the field of partnerships. The MedProgramme is a collaboration of regional and global partners focusing on the health and environmental security of the coastal ecosystems in the Mediterranean.""]"
Lebanon,2022–2026,2,in collaboration with UNEP Lebanon biodiversity strategy established policy framework law regulation strategy action plan after:2022-01-01 before:2026-01-01,Reducing wildfire risk through sustainable forest management,https://documents1.worldbank.org/curated/en/099091423111014258/pdf/P1794350610b210cd082df0ed2c2d79c757.pdf,"This provides a framework for development of the forestry sector in Lebanon, aligns national goals with international agreements, and modernizes the existing ...",https://documents1.worldbank.org › curated › pdf,documents1_worldbank_org_Reducing_wildfire_risk_through_sustainable_forest_.txt,True,False,60,0,institutional framework / policy instrument,developed / strengthened,national,"The document discusses the National Forest Program (NFP) 2015-2025, which provides a framework for development of the forestry sector in Lebanon. It also mentions the National Forest Fire Management Strategy (NFFMS) and the National Forest Fire Emergency Plan. The document highlights the importance of community involvement in sustainable forest management and the need for improving governance and local capacity.",There is no explicit mention of UNEP's role in strengthening or enabling the SP2.1 framework/instrument/incentive in Lebanon during 2022-2026.,"[""The National Forest Program (NFP) 2015-2025 provides a framework for development of the forestry sector in Lebanon."", ""The National Forest Fire Management Strategy (NFFMS) was developed in 2009 and updated in 2023."", ""The document highlights the importance of community involvement in sustainable forest management.""]"
Lebanon,2022–2026,2,in collaboration with UNEP Lebanon biodiversity strategy established policy framework law regulation strategy action plan after:2022-01-01 before:2026-01-01,Finance for nature: how to improve funding for the ...,https://www.bruegel.org/policy-brief/finance-nature-how-improve-funding-protection-biodiversity,"The strategy's goal is to foster the recovery of biodiversity, protect natural areas and restore degraded ecosystems in the EU by 2030. The strategy called for ...",https://www.bruegel.org › policy-brief › finance-nature...,www_bruegel_org_Finance_for_nature_how_to_improve_funding_for_the_.txt,False,False,0,0,none,none,global,"The document does not contain explicit evidence related to Lebanon in 2022-2026 about institutional/operational frameworks, policy/legal instruments, positive incentives, sustainable and inclusive management of biodiversity and land, or prevention of terrestrial, freshwater, or marine ecosystem degradation.",There is no explicit link between UNEP and any nature-related framework/instrument/incentive in Lebanon during 2022-2026.,[]
Lebanon,2022–2026,2,in collaboration with UNEP Lebanon biodiversity strategy established policy framework law regulation strategy action plan after:2022-01-01 before:2026-01-01,PROPOSAL FOR LEBANON,https://www.adaptation-fund.org/wp-content/uploads/2025/03/3_AFB.PPRC_.35.15-Proposal-for-Lebanon.pdf,National Biodiversity Strategy and Action Plan. NCE. National Council for ... indicators developed in the Gender Action Plan and results framework. More ...,https://www.adaptation-fund.org › 2025/03 › 3_...,www_adaptation-fund_org_PROPOSAL_FOR_LEBANON.txt,False,False,0,0,none,none,none,"The document does not contain explicit evidence related to institutional frameworks, policy/legal instruments, positive incentives, sustainable and inclusive management of biodiversity and land, or prevention of terrestrial, freshwater, or marine ecosystem degradation in Lebanon during 2022-2026.",There is no explicit link between UNEP and strengthening/enabling the nature-related framework/instrument/incentive in Lebanon during 2022-2026.,[]
Lebanon,2022–2026,2,in collaboration with UNEP Lebanon biodiversity strategy established policy framework law regulation strategy action plan after:2022-01-01 before:2026-01-01,Promoting Nature-based Solutions and Sustainable ...,https://unece.org/sites/default/files/2025-11/NbS%202515391E_WEB.pdf,"It provides a roadmap for scaling up NbS across sectors and regions, contributing to climate and biodiversity targets, improved health outcomes and enhanced ...",https://unece.org › sites › default › files,unece_org_Promoting_Nature_based_Solutions_and_Sustainable_.txt,False,False,0,0,none,none,unclear,,,[]
Lebanon,2022–2026,2,in collaboration with UNEP Lebanon biodiversity strategy established policy framework law regulation strategy action plan after:2022-01-01 before:2026-01-01,THE BLUE CARBON HANDBOOK,https://oceanpanel.org/wp-content/uploads/2023/06/Ocean_Panel_Blue_Carbon_Handbook-1.pdf,"Global Biodiversity. Framework (2022). National biodiversity strategy and action plans (NBSAPs). ▫ Protection, restoration and sustainable use of coastal and ...",https://oceanpanel.org › uploads › 2023/06 › Oc...,oceanpanel_org_THE_BLUE_CARBON_HANDBOOK.txt,False,False,0,0,none,none,none,"The document does not contain explicit evidence related to Lebanon in 2022-2026 about institutional/operational frameworks, policy/legal instruments, positive incentives, or sustainable and inclusive management of biodiversity and land, or prevention of terrestrial, freshwater, or marine ecosystem degradation.",There is no explicit link between UNEP and strengthening/enabling any nature-related framework/instrument/incentive in Lebanon during 2022-2026.,[]
Lebanon,2022–2026,2,in collaboration with UNEP Lebanon biodiversity strategy established policy framework law regulation strategy action plan after:2022-01-01 before:2026-01-01,Jordan's national biodiversity strategy and action plan,http://icsfarchives.net/21467/,"Ensure a transparent and adaptive national policy framework that integrates biodiversity and ecosystem services into all sectors supports economic, social ...",http://icsfarchives.net › ...,icsfarchives_net_Jordan_s_national_biodiversity_strategy_and_action.txt,False,False,0,0,none,none,none,,,[]
Lebanon,2022–2026,2,in collaboration with UNEP Lebanon biodiversity strategy established policy framework law regulation strategy action plan after:2022-01-01 before:2026-01-01,National report on Compliance - Lebanon,https://openknowledge.fao.org/server/api/core/bitstreams/169090d8-ebbd-4215-b844-c493a2c080bd/content,"In this context, the main goals of the strategy are the following: a) to ensure the conservation of PGRFA as a basis for food security, sustainable agriculture ...",https://openknowledge.fao.org › core › content,openknowledge_fao_org_National_report_on_Compliance_Lebanon.txt,True,False,80,0,policy instrument / institutional framework,developed / implemented,national,"The document provides detailed information on Lebanon's policies and laws related to plant genetic resources, including the ratification of the International Treaty on Plant Genetic Resources for Food and Agriculture (ITPGRFA) and the development of a national strategy for conservation and management of plant genetic resources.",There is no explicit mention of UNEP's role in supporting or enabling the development of these frameworks and instruments.,"[""Ratification Law of the International Treaty on Plant Genetic Resources for Food and Agriculture (Law No. 559 dated 11/2/2004)"", ""National draft law on The Management of Plant Genetic Resources for Food and Agriculture"", ""National Strategy for Conservation and Management of Plant Genetic Resources for Food and Agriculture in Lebanon (2015 -2035)""]"
Lebanon,2022–2026,2,in collaboration with UNEP Lebanon biodiversity strategy established policy framework law regulation strategy action plan after:2022-01-01 before:2026-01-01,Mission for Natural Heritage (M4N) POLICY ...,https://natural-heritage.interreg-euro-med.eu/wp-content/uploads/sites/5/policy-recommendations-on-restoration_31012025.pdf,➔ The Interreg Euro-MED MPA4Change project enhances the role of Marine Protected Areas. (MPAs) and restoration as nature based solutions for climate change ...,https://natural-heritage.interreg-euro-med.eu › sites,natural-heritage_interreg-euro-med_eu_Mission_for_Natural_Heritage_M4N_POLICY_.txt,False,False,0,0,none,none,global,"The document does not contain explicit evidence related to Lebanon in 2022-2026 about institutional/operational frameworks, policy/legal instruments, positive incentives, sustainable and inclusive management of biodiversity and land, or prevention of terrestrial, freshwater, or marine ecosystem degradation.",There is no explicit link between UNEP and strengthening/enabling any nature-related framework/instrument/incentive in Lebanon during 2022-2026.,[]
Lebanon,2022–2026,2,in collaboration with UNEP Lebanon biodiversity strategy established policy framework law regulation strategy action plan after:2022-01-01 before:2026-01-01,BiodivProtect Kick-off meeting “Supporting the protection of ...,https://www.biodiversa.eu/wp-content/uploads/2023/04/BiodivProtect_KickOff_Slides.pdf,"Biodiversity and the ecological integrity of ecosystems are valuable, as defined by international policy frameworks. • Area-based and species-based conservation ...",https://www.biodiversa.eu › uploads › 2023/04,www_biodiversa_eu_BiodivProtect_Kick_off_meeting_Supporting_the_prot.txt,False,False,0,0,none,none,global,"The document does not contain explicit evidence related to Lebanon in 2022-2026 about institutional/operational frameworks, policy/legal instruments, positive incentives, sustainable and inclusive management of biodiversity and land, or prevention of terrestrial, freshwater, or marine ecosystem degradation.",There is no explicit link between UNEP and any nature-related framework/instrument/incentive in Lebanon during 2022-2026.,[]
Lebanon,2022–2026,2,in collaboration with UNEP Lebanon biodiversity strategy established policy framework law regulation strategy action plan after:2022-01-01 before:2026-01-01,Integrating Nature-based Solutions into Urban &Territorial ...,https://unhabitat.org/sites/default/files/2025/12/nbs_integration_into_urban_and_territorial_planning_-_final.pdf,"Legal instruments, such as laws, regulations, and ordinances, can mandate or incentivize the integration of NbS into urban development projects. These ...",https://unhabitat.org › default › files › 2025/12,unhabitat_org_Integrating_Nature_based_Solutions_into_Urban_Terr.txt,False,False,0,0,none,none,global,"The document does not contain explicit evidence related to Lebanon in 2022-2026 about institutional/operational frameworks, policy/legal instruments, positive incentives, sustainable and inclusive management of biodiversity and land, or prevention of terrestrial, freshwater, or marine ecosystem degradation.","The document does not explicitly link UNEP to strengthening, developing, adopting, implementing, revising, approving, establishing, or operationalizing nature-related frameworks/instruments/incentives in Lebanon (in 2022-2026).",[]
Lebanon,2022–2026,2,in collaboration with UNEP Lebanon biodiversity strategy established policy framework law regulation strategy action plan after:2022-01-01 before:2026-01-01,50 years of the Mediterranean Action Plan,https://www.iddri.org/en/publications-and-events/blog-post/50-years-mediterranean-action-plan-honoring-achievements-driving,This blog post is based on a report commissioned by UNEP to IDDRI and the Varda Group on the occasion of the 50th anniversary of the Mediterranean Action Plan.1 ...,https://www.iddri.org › blog-post › 50-years-mediterra...,www_iddri_org_50_years_of_the_Mediterranean_Action_Plan.txt,False,False,0,0,none,none,global,"The document does not contain explicit evidence related to Lebanon or the time window 2022-2026. It discusses the Mediterranean Action Plan (MAP) and its achievements, but does not provide specific information about Lebanon's institutional frameworks, operational frameworks, policy instruments, or positive incentives for sustainable and inclusive management of biodiversity and land, or prevention of terrestrial, freshwater, and marine ecosystem degradation.","The document mentions UNEP as the organization under which the MAP is a flagship initiative, but it does not provide explicit evidence of UNEP's involvement in strengthening, developing, adopting, implementing, revising, approving, establishing, or operationalizing nature-related frameworks, instruments, or incentives in Lebanon during 2022-2026.",[]
Lebanon,2022–2026,2,in collaboration with UNEP Lebanon biodiversity strategy established policy framework law regulation strategy action plan after:2022-01-01 before:2026-01-01,Stakeholder participation and crisis- responsive strategies ...,https://www.frontiersin.org/journals/marine-science/articles/10.3389/fmars.2025.1618637/full,"This paper presents findings from a Mediterranean pilot site located in Lebanon, showing how collaborative tools such as SWOT analyses can guide integrated ...",https://www.frontiersin.org › fmars.2025.1618637 › full,www_frontiersin_org_Stakeholder_participation_and_crisis_responsive_st.txt,True,False,80,0,institutional framework / operational framework / policy instrument / positive incentive,developed / strengthened / adopted,national,"The document discusses the Co-Evolve4BG project which aims to enhance socio-ecological resilience in coastal areas of Lebanon, specifically in Batroun. It focuses on integrated coastal zone management (ICZM), stakeholder participation, and sustainable tourism practices. The project includes a SWOT analysis, a toolkit for assessing sustainability performance, and an action plan for sustainable tourism. These elements represent strengthened institutional and operational frameworks for sustainable management of biodiversity and land.","There is no explicit mention of UNEP's direct involvement or support in the development, adoption, implementation, or operationalization of the frameworks or instruments discussed in the document.","[""The Co-Evolve4BG project funded by the ENI CBC Med Program"", ""application of the Co-Evolve4BG Toolkit"", ""SWOT analysis workshops"", ""action plan for sustainable tourism in Batroun""]"
Lebanon,2022–2026,2,in collaboration with UNEP Lebanon biodiversity strategy established policy framework law regulation strategy action plan after:2022-01-01 before:2026-01-01,National Biodiversity Strategy 2030,https://www.ecologie.gouv.fr/sites/default/files/documents/National-Biodiversity-Strategy-2030.pdf,"Contributions to environmental process regulation: creation and maintenance of habitats, pollination and seed dispersal, regulation of air quality, climate, ...",https://www.ecologie.gouv.fr › files › documents,www_ecologie_gouv_fr_National_Biodiversity_Strategy_2030.txt,False,False,0,0,none,none,none,The document is about France's National Biodiversity Strategy 2030 and does not mention Lebanon or the time window 2022-2026.,There is no mention of UNEP in relation to the National Biodiversity Strategy 2030 for France.,"[""The document does not contain any relevant phrases for Lebanon or UNEP attribution.""]"
Lebanon,2022–2026,2,in collaboration with UNEP Lebanon biodiversity strategy established policy framework law regulation strategy action plan after:2022-01-01 before:2026-01-01,National Greening Education Strategy in Lebanon,https://www.crdp.org/sites/default/files/2025-12/Strategy%20Greening%20Education%28EN%29%20%281%29.pdf,"A remarkable action plan is The National Biodiversity · Strategy and Action Plan (2016)31 developed by. MOE, with the collaboration of other ministries and.",https://www.crdp.org › sites › default › files › Stra...,www_crdp_org_National_Greening_Education_Strategy_in_Lebanon.txt,True,False,80,0,policy instrument,developed,national,"The document outlines a comprehensive National Greening Education Strategy in Lebanon, which includes policy instruments, strategies, and action plans for greening education and promoting Education for Sustainable Development (ESD).",There is no explicit mention of UNEP's role in supporting or enabling the development of the National Greening Education Strategy in Lebanon.,"[""The Lebanese Strategy on Greening Education aims to align policy, legislation, and operational frameworks to bolster support for greening education."", ""The strategy includes a comprehensive framework for curriculum development, teacher training, school operations, youth participation, and community engagement."", ""The strategy was developed with the support of UNESCO Regional Office in Beirut, MEHE, and CRDP.""]"
Lebanon,2022–2026,2,in collaboration with UNEP Lebanon biodiversity strategy established policy framework law regulation strategy action plan after:2022-01-01 before:2026-01-01,Using International Environmental Law to Enhance ...,https://academic.oup.com/jicj/article/20/5/1155/6957064,This article assesses the potential of the main biodiversity and nature conservation treaties to offer further environmental protection during armed conflict.,https://academic.oup.com › jicj › article,academic_oup_com_Using_International_Environmental_Law_to_Enhance_.txt,False,False,0,0,none,none,unclear,,,[]
Lebanon,2022–2026,2,in collaboration with UNEP Lebanon biodiversity strategy established policy framework law regulation strategy action plan after:2022-01-01 before:2026-01-01,PROPOSAL FOR LEBANON,https://www.adaptation-fund.org/wp-content/uploads/2025/03/3_AFB.PPRC_.35.15-Proposal-for-Lebanon.pdf,National Biodiversity Strategy and Action Plan. NCE. National Council for ... indicators developed in the Gender Action Plan and results framework. More ...,https://www.adaptation-fund.org › 2025/03 › 3_...,www_adaptation-fund_org_PROPOSAL_FOR_LEBANON.txt,True,False,60,0,institutional framework / policy instrument,developed,national,"The document discusses a project proposal for Lebanon titled 'Climate Change Resilience and Ecosystem Connectivity (CC-REC)' which aims to restore climate-smart landscapes and support resilient livelihoods. The project proposal outlines components such as capacity development and policies for resilient landscapes and livelihoods, nature-based solutions for environmental, social, and economic sustainability, and climate resilience assessment, knowledge management, and awareness raising.","There is no explicit mention of UNEP's role in strengthening, developing, adopting, implementing, revising, approving, establishing, or operationalizing the nature-related framework/instrument/incentive in Lebanon during 2022–2026.","[""The project 'Climate Change Resilience and Ecosystem Connectivity (CC-REC)' aims to restore climate-smart landscapes and support resilient livelihoods in the Shouf-West Beqaa-Mount Hermon corridor through the adoption of nature-based solutions."", ""The project proposal was submitted by the International Fund Agricultural Dev (IFAD) for Lebanon.""]"
Lebanon,2022–2026,2,in collaboration with UNEP Lebanon biodiversity strategy established policy framework law regulation strategy action plan after:2022-01-01 before:2026-01-01,Reducing wildfire risk through sustainable forest management,https://documents1.worldbank.org/curated/en/099091423111014258/pdf/P1794350610b210cd082df0ed2c2d79c757.pdf,"This provides a framework for development of the forestry sector in Lebanon, aligns national goals with international agreements, and modernizes the existing ...",https://documents1.worldbank.org › curated › pdf,documents1_worldbank_org_Reducing_wildfire_risk_through_sustainable_forest_.txt,True,False,60,0,institutional framework / policy instrument,developed / strengthened,national,"The document outlines several policies and strategies related to sustainable forest management in Lebanon, including the National Forest Program (NFP) 2015-2025, the National Forest Fire Management Strategy (NFFMS), and the National Forest Fire Emergency Plan. These frameworks aim to improve governance, increase community engagement, and promote sustainable forest management practices.",There is no explicit mention of UNEP's direct involvement or support in the development or implementation of these frameworks and strategies in the provided document.,"[""The National Forest Program (NFP) 2015-2025 provides a framework for development of the forestry sector in Lebanon"", ""A National Forest Fire Management Strategy (NFFMS) was developed in 2009 and updated in 2023"", ""The World Bank aims to support client countries’ efforts to implement priority actions linked to forests and their development priorities""]"
Lebanon,2022–2026,2,in collaboration with UNEP Lebanon biodiversity strategy established policy framework law regulation strategy action plan after:2022-01-01 before:2026-01-01,Mediterranean Action Plan (MAP) - Barcelona Convention,https://www.unep.org/mediterranean-action-plan-map-barcelona-convention,The UNEP/MAP Medium-Term Strategy (MTS) for 2022-2027 has been developed fully in line with global initiatives and their objectives. It is aligned with the Rio+ ...,https://www.unep.org › mediterranean-action-plan-map...,www_unep_org_Mediterranean_Action_Plan_MAP_Barcelona_Convention.txt,True,False,80,0,institutional framework / policy instrument / legal instrument,strengthened / developed / adopted,regional,"The document describes the Mediterranean Action Plan (MAP) and its legal framework, including the Barcelona Convention and its Protocols, which provide a comprehensive framework for the protection of the marine and coastal environment in the Mediterranean region, including Lebanon. The MAP has been strengthened and developed over time, with new protocols and action plans adopted, such as the Post-2020 Strategic Action Programme for the Conservation of Biodiversity and Sustainable Management of Natural Resources in the Mediterranean Region.","There is no explicit link between UNEP and the strengthening of the nature-related framework/instrument/incentive in Lebanon during 2022-2026. The document mentions UNEP as the organization that provides secretariat services to the Contracting Parties through the UNEP/MAP Coordinating Unit, but it does not explicitly attribute the development or implementation of the framework to UNEP.","[""The Mediterranean Action Plan (MAP) of the United Nations Environment Programme was established in 1975 by Mediterranean governments as the first regional action plan under the UNEP Regional Seas Programme."", ""The Barcelona Convention and its Protocols constitute a unique and advanced multilateral legal framework for the protection of the marine and coastal environment and sustainable use of their resources in the Mediterranean."", ""The 22 Contracting Parties to the Barcelona Convention are Albania, Algeria, Bosnia and Herzegovina, Croatia, Cyprus, Egypt, France, Greece, Israel, Italy, Lebanon, Libya, Malta, Monaco, Montenegro, Morocco, Slovenia, Spain, Syrian Arab Republic, Tunisia, Türkiye, and the European Union."", ""The UNEP/MAP Medium-Term Strategy (MTS) for 2022-2027 has been developed fully in line with global initiatives and their objectives.""]"
Lebanon,2022–2026,2,in collaboration with UNEP Lebanon biodiversity strategy established policy framework law regulation strategy action plan after:2022-01-01 before:2026-01-01,Promoting Nature-based Solutions and Sustainable ...,https://unece.org/sites/default/files/2025-11/NbS%202515391E_WEB.pdf,"It provides a roadmap for scaling up NbS across sectors and regions, contributing to climate and biodiversity targets, improved health outcomes and enhanced ...",https://unece.org › sites › default › files,unece_org_Promoting_Nature_based_Solutions_and_Sustainable_.txt,False,False,0,0,none,none,unclear,,,[]
Lebanon,2022–2026,2,in collaboration with UNEP Lebanon biodiversity strategy established policy framework law regulation strategy action plan after:2022-01-01 before:2026-01-01,"Lebanon's National ICZM Strategy, Legislation, and Plan ...",https://gefmed.paprac.org/wp-content/uploads/2025/09/Lebanon-ICZM-Strategy-Integrated-Diagnostic-Analysis-Report.pdf,"This document was developed through the project “Lebanon's National Integrated Coastal. Zone Management (ICZM) Strategy, Legislation, and Plan Development” ...",https://gefmed.paprac.org › uploads › 2025/09,gefmed_paprac_org_Lebanon_s_National_ICZM_Strategy_Legislation_and_P.txt,True,False,60,0,policy instrument,developed,national,"The document discusses the development of Lebanon's National ICZM Strategy, legislation, and plan, which indicates a moderate evidence of strengthening frameworks for sustainable and inclusive management of biodiversity and land.","There is no explicit link between UNEP and the development of Lebanon's National ICZM Strategy, legislation, and plan.","[""Lebanon's National ICZM Strategy, Legislation, and Plan Development"", ""Integrated Diagnostic Analysis Report"", ""The project is part of the Mediterranean Sea Programme (MedProgramme): 'Enhancing Environmental Security' and its Child Project (CP) 2.1 'Mediterranean Coastal Zones: Water Security, Climate Resilience and Habitat Protection'""]"
Lebanon,2022–2026,2,in collaboration with UNEP Lebanon biodiversity strategy established policy framework law regulation strategy action plan after:2022-01-01 before:2026-01-01,1 United Nations Environment Programme UNEP/ ...,https://www.oneplanetnetwork.org/sites/default/files/2022-09/4th%20Draft%20Global%20Strategy%20for%20SCP_CLEAN_DISTRIB.pdf,This draft has been prepared by the United Nations Environment Programme (UNEP) serving as the. 10YFP/One Planet Network Secretariat at the request of its Board ...,https://www.oneplanetnetwork.org › default › files,www_oneplanetnetwork_org_1_United_Nations_Environment_Programme_UNEP_.txt,False,False,0,0,none,none,unclear,,,[]
Lebanon,2022–2026,2,in collaboration with UNEP Lebanon biodiversity strategy established policy framework law regulation strategy action plan after:2022-01-01 before:2026-01-01,Integrating Nature-based Solutions into Urban &Territorial ...,https://unhabitat.org/sites/default/files/2025/12/nbs_integration_into_urban_and_territorial_planning_-_final.pdf,"Legal instruments, such as laws, regulations, and ordinances, can mandate or incentivize the integration of NbS into urban development projects. These ...",https://unhabitat.org › default › files › 2025/12,unhabitat_org_Integrating_Nature_based_Solutions_into_Urban_Terr.txt,False,False,0,0,none,none,global,"The document does not contain explicit evidence related to Lebanon in 2022-2026 about institutional/operational frameworks, policy/legal instruments, positive incentives, sustainable and inclusive management of biodiversity and land, or prevention of terrestrial, freshwater, or marine ecosystem degradation.",There is no explicit link between UNEP and strengthening/enabling the SP2.1 framework/instrument/incentive outcome in Lebanon during 2022-2026.,[]
Lebanon,2022–2026,2,in collaboration with UNEP Lebanon biodiversity strategy established policy framework law regulation strategy action plan after:2022-01-01 before:2026-01-01,"Environment, climate change and security",https://www.nato.int/en/what-we-do/wider-activities/environment-climate-change-and-security,"In 2021, NATO adopted an ambitious Climate Change and Security Action Plan to mainstream climate change considerations into NATO's political and military agenda ...",https://www.nato.int › ... › What we do › Wider activities,www_nato_int_Environment_climate_change_and_security.txt,False,False,0,0,none,none,unclear,,,[]
Lebanon,2022–2026,2,in collaboration with UNEP Lebanon biodiversity strategy established policy framework law regulation strategy action plan after:2022-01-01 before:2026-01-01,(PDF) United Nations Environment Program (UNEP),https://www.researchgate.net/publication/363258265_United_Nations_Environment_Program_UNEP,"The article emphasizes UNEP' s efforts to address pressing global challenges such as climate change, biodiversity loss, and pollution. Desai illustrates how ...",https://www.researchgate.net › publication › 36325826...,www_researchgate_net__PDF_United_Nations_Environment_Program_UNEP_.txt,False,False,0,0,none,none,unclear,,,[]
Lebanon,2022–2026,2,in collaboration with UNEP Lebanon biodiversity strategy established policy framework law regulation strategy action plan after:2022-01-01 before:2026-01-01,Nature-based solutions and ecosystem-based adaptation ...,https://planbleu.org/wp-content/uploads/2025/03/MedP_SCCF_Report_NbS-and-EbA-in-the-Mediterranean.pdf,"While there are laws to protect the environment, biodiversity and Integrated Coastal Zone Management, these are dispersed and do not cover all the environmental ...",https://planbleu.org › uploads › 2025/03 › MedP...,planbleu_org_Nature_based_solutions_and_ecosystem_based_adaptat.txt,False,False,0,0,none,none,none,"The document does not contain explicit evidence related to Lebanon in 2022-2026 about institutional frameworks, policy/legal instruments, positive incentives, sustainable and inclusive management of biodiversity and land, or prevention of terrestrial, freshwater, or marine ecosystem degradation.",There is no explicit link between UNEP and strengthening/enabling any nature-related framework/instrument/incentive in Lebanon during 2022-2026.,[]
Lebanon,2022–2026,2,in collaboration with UNEP Lebanon biodiversity strategy established policy framework law regulation strategy action plan after:2022-01-01 before:2026-01-01,2030 Targets (with Guidance Notes),https://www.cbd.int/gbf/targets,The Kunming-Montreal Global Biodiversity Framework has 23 action-oriented global targets for urgent action over the decade to 2030.,https://www.cbd.int › gbf › targets,www_cbd_int_2030_Targets_with_Guidance_Notes_.txt,False,False,0,0,none,none,global,The document does not contain explicit evidence related to Lebanon or the time window 2022-2026. It appears to be a general guide to the Kunming-Montreal Global Biodiversity Framework and its targets.,There is no explicit link to UNEP in the provided document.,[]
Lebanon,2022–2026,2,in collaboration with UNEP Lebanon biodiversity strategy established policy framework law regulation strategy action plan after:2022-01-01 before:2026-01-01,The United Nations Decade on Ecosystem Restoration,https://globalseaweed.org/wp-content/uploads/2024/12/UN-Decade-on-Ecosystem-Restoration-Strategy.pdf,"The purpose of the strategy is threefold: firstly to catalyse a new approach to national development, with ecosystem restoration being central to development.",https://globalseaweed.org › uploads › 2024/12,globalseaweed_org_The_United_Nations_Decade_on_Ecosystem_Restoration.txt,False,False,0,0,none,none,unclear,,,[]
Lebanon,2022–2026,2,in collaboration with UNEP Lebanon biodiversity strategy established policy framework law regulation strategy action plan after:2022-01-01 before:2026-01-01,Integrating Food Systems in National Biodiversity ...,https://wwfint.awsassets.panda.org/downloads/foodforwardnbsaps.pdf,"Ensure that people are encouraged and enabled to make sustainable consumption choices including by establishing supportive policy, legislative or regulatory ...",https://wwfint.awsassets.panda.org › downloads,wwfint_awsassets_panda_org_Integrating_Food_Systems_in_National_Biodiversity_.txt,False,False,0,0,none,none,none,"The document does not contain explicit evidence related to Lebanon in 2022-2026 about institutional frameworks, operational frameworks, policy instruments, positive incentives, sustainable and inclusive management of biodiversity and land, or prevention of terrestrial, freshwater, and marine ecosystem degradation.",There is no explicit link between UNEP and strengthening/enabling any nature-related framework/instrument/incentive in Lebanon during 2022-2026.,[]
Lebanon,2022–2026,2,in collaboration with UNEP Lebanon biodiversity strategy established policy framework law regulation strategy action plan after:2022-01-01 before:2026-01-01,GLOBAL FOOD SYSTEMS TRANSFORMATION 2025:,https://www.unfoodsystemshub.org/docs/unfoodsystemslibraries/unfss-4/global-food-systems-transformation-2025.pdf,Countries are accelerating the implementation of national food systems pathways by integrating food systems into national development plans and policy.,https://www.unfoodsystemshub.org › unfss-4 › g...,www_unfoodsystemshub_org_GLOBAL_FOOD_SYSTEMS_TRANSFORMATION_2025_.txt,False,False,0,0,none,none,global,"The document does not contain explicit evidence related to Lebanon's institutional, operational frameworks, policy/legal instruments, positive incentives, sustainable and inclusive management of biodiversity and land, or prevention of terrestrial, freshwater, or marine ecosystem degradation during 2022-2026.",There is no explicit link between UNEP and strengthening/enabling any nature-related framework/instrument/incentive in Lebanon during 2022-2026.,[]
Ghana,2018–2022,1,in partnership with UNEP Ghana ecosystem restoration strategy adopted policy framework law regulation strategy action plan after:2018-01-01 before:2022-01-01,Action Plan for the Decade on Ecosystem Restoration in ...,https://clmeplus.org/app/uploads/2021/02/ActionPlan_Restoration_LAC.pdf,"In 2019, the UN General assembly declared the 2021-. 2030 as the Decade of Ecosystem Restoration. The motivation is the understanding that none of the.",https://clmeplus.org › app › uploads › 2021/02,clmeplus_org_Action_Plan_for_the_Decade_on_Ecosystem_Restoratio.txt,False,False,0,0,none,none,unclear,,,[]
Lebanon,2022–2026,2,in collaboration with UNEP Lebanon biodiversity strategy established policy framework law regulation strategy action plan after:2022-01-01 before:2026-01-01,Regulating for the planet: OECD Regulatory Policy Outlook ...,https://www.oecd.org/en/publications/2025/04/oecd-regulatory-policy-outlook-2025_a754bf4c/full-report/regulating-for-the-planet_a5fdd03c.html,It has three main objectives: 1) conserving biodiversity; 2) using biological resources sustainably; and 3) sharing the benefits of genetic resources fairly.,https://www.oecd.org › ... › Full Report,www_oecd_org_Regulating_for_the_planet_OECD_Regulatory_Policy_O.txt,False,False,0,0,none,none,global,"The document does not contain explicit evidence related to Lebanon in 2022-2026 about institutional/operational frameworks, policy/legal instruments, positive incentives, sustainable and inclusive management of biodiversity and land, or prevention of terrestrial, freshwater, or marine ecosystem degradation.",The document does not explicitly link UNEP to strengthening/enabling any nature-related framework/instrument/incentive in Lebanon during 2022-2026.,[]
Ghana,2018–2022,1,in partnership with UNEP Ghana ecosystem restoration strategy adopted policy framework law regulation strategy action plan after:2018-01-01 before:2022-01-01,New UN Decade on Ecosystem Restoration to inspire bold ...,https://www.unep.org/news-and-stories/story/new-un-decade-ecosystem-restoration-inspire-bold-un-environment-assembly,"... Partnership on Forest and Landscape Restoration. Ecosystem restoration is fundamental to achieving the Sustainable Development Goals, mainly those related ...","https://www.unep.org › News, Stories & Speeches",www_unep_org_New_UN_Decade_on_Ecosystem_Restoration_to_inspire_.txt,False,False,0,0,none,none,global,"The document does not contain explicit evidence related to Ghana or specific actions taken by Ghana between 2018-2022 regarding institutional frameworks, operational frameworks, policy instruments, legal instruments, positive incentives, or mechanisms for sustainable and inclusive management of biodiversity and land, or prevention of terrestrial, freshwater and marine ecosystem degradation.","The document does not explicitly link UNEP to strengthening, developing, adopting, implementing, revising, approving, establishing, or operationalizing any nature-related framework/instrument/incentive in Ghana during 2018-2022.",[]
Ghana,2018–2022,1,in partnership with UNEP Ghana ecosystem restoration strategy adopted policy framework law regulation strategy action plan after:2018-01-01 before:2022-01-01,Launch of the expanded Low Carbon Development ...,https://www.facebook.com/mnrgy/posts/launch-of-the-expanded-low-carbon-development-strategysustainableforestry-lowcar/4841261389227277/,"The plan also highlighted the five key result areas that include: environment, climate change, forestry and coordination, conservation, protection, restoration ...",10+ reactions,www_facebook_com_Launch_of_the_expanded_Low_Carbon_Development_.txt,False,False,0,0,none,none,unclear,"The document is not about Ghana and does not contain any relevant information about institutional frameworks, operational frameworks, policy instruments, legal instruments, positive incentives, inclusive participation mechanisms, or ecosystem degradation prevention frameworks/instruments for Ghana during 2018-2022.",There is no explicit link between UNEP and any nature-related framework/instrument/incentive in Ghana during 2018-2022.,[]
Ghana,2018–2022,1,in partnership with UNEP Ghana ecosystem restoration strategy adopted policy framework law regulation strategy action plan after:2018-01-01 before:2022-01-01,Pan-African Action Agenda on Ecosystem Restoration for ...,https://www.cbd.int/doc/c/274b/80e7/34d341167178fe08effd0900/cop-14-afr-hls-04-final-en.pdf,"In 2016, the CBD COP in its decision XIII/5 adopted a short-term action plan on ecosystem restoration, as a flexible framework and adaptable to national ...",https://www.cbd.int › cop-14-afr-hls-04-final-en,www_cbd_int_Pan_African_Action_Agenda_on_Ecosystem_Restoration.txt,False,False,0,0,none,none,global,"The document does not contain explicit evidence related to Ghana in 2018-2022 about institutional/operational frameworks, policy/legal instruments, positive incentives, sustainable and inclusive management of biodiversity and land, or prevention of terrestrial, freshwater, or marine ecosystem degradation.",There is no explicit link between UNEP and strengthening/enabling the SP2.1 framework/instrument/incentive outcome in Ghana during 2018-2022.,[]
Ghana,2018–2022,1,in partnership with UNEP Ghana ecosystem restoration strategy adopted policy framework law regulation strategy action plan after:2018-01-01 before:2022-01-01,ECOWAS ENVIRONMENTAL ACTION PLAN 2020-2026,https://ecowap.ecowas.int/media/ecowap/file_document/2020_ECOWAS_ECOWAS_ENVIRONMENTAL_ACTION_PLAN_Final_Version_-_ENG.pdf,"This study makes a comparative analysis of legal mechanisms for the management of forest ecosystems in ECOWAS Member States and conflict resolution mechanisms, ...",https://ecowap.ecowas.int › ecowap › file_document,ecowap_ecowas_int_ECOWAS_ENVIRONMENTAL_ACTION_PLAN_2020_2026.txt,False,False,0,0,none,none,none,"The document does not contain explicit evidence related to Ghana in 2018-2022 about institutional/operational frameworks, policy/legal instruments, positive incentives, sustainable and inclusive management of biodiversity and land, or prevention of terrestrial, freshwater, or marine ecosystem degradation.",There is no explicit link between UNEP and strengthening/enabling any nature-related framework/instrument/incentive in Ghana during 2018-2022.,[]
Ghana,2018–2022,1,in partnership with UNEP Ghana ecosystem restoration strategy adopted policy framework law regulation strategy action plan after:2018-01-01 before:2022-01-01,Science-based ecosystem restoration for the 2020s and ...,https://portals.iucn.org/library/sites/library/files/documents/2021-032-En.pdf,"▫ Develop and enforce laws, accountability frameworks, metrics and transparency mechanisms that regulate and restrict activities that drive ecosystem ...",https://portals.iucn.org › library › files › documents,portals_iucn_org_Science_based_ecosystem_restoration_for_the_2020s_.txt,False,False,0,0,none,none,global,"The document does not contain explicit evidence related to Ghana or the time window 2018-2022. It is a general publication about ecosystem restoration and does not provide specific information about institutional frameworks, policy instruments, or positive incentives for sustainable management of biodiversity and land in Ghana.",There is no explicit link between UNEP and any framework/instrument/incentive in Ghana during 2018-2022. The document does not mention UNEP as a supporter or implementer of any specific project or initiative in Ghana.,[]
Ghana,2018–2022,1,in partnership with UNEP Ghana ecosystem restoration strategy adopted policy framework law regulation strategy action plan after:2018-01-01 before:2022-01-01,Forest landscape restoration pathways to achieving the ...,https://unece.org/fileadmin/DAM/timber/meetings/2019/20191216/Forest_landscape_restoration_pathways_to_achieving_the_SDGs.pdf,Ecosystems and Landscapes (EN-REP) and National Action Plan for Ecosystems and Landscapes (PA-REP) ... regulatory frameworks and clear legal arrangements for land ...,https://unece.org › DAM › timber › meetings › Fo...,unece_org_Forest_landscape_restoration_pathways_to_achieving.txt,False,False,0,0,none,none,unclear,,,[]
Ghana,2018–2022,1,in partnership with UNEP Ghana ecosystem restoration strategy adopted policy framework law regulation strategy action plan after:2018-01-01 before:2022-01-01,UNEP.pdf,https://www.un.org/Depts/los/general_assembly/contributions_2019/UNEP.pdf,"The project engages national and local governments, plastic producers and retailers, and civil society to develop inclusive and equitable market-based solutions ...",https://www.un.org › los › contributions_2019,www_un_org_UNEP_pdf.txt,False,False,0,0,none,none,global,"The document does not contain explicit evidence related to Ghana in 2018-2022 about institutional/operational frameworks, policy/legal instruments, positive incentives, sustainable and inclusive management of biodiversity and land, or prevention of terrestrial, freshwater, or marine ecosystem degradation.",The document does not explicitly link UNEP to strengthening/enabling any nature-related framework/instrument/incentive in Ghana during 2018-2022.,[]
Ghana,2018–2022,1,in partnership with UNEP Ghana ecosystem restoration strategy adopted policy framework law regulation strategy action plan after:2018-01-01 before:2022-01-01,Engaging the Private Sector in National Adaptation ...,https://napglobalnetwork.org/wp-content/uploads/2019/04/napgn-en-2019-engaging-the-private-sector-in-national-adaptation-planning-processes.pdf,"Governments must ensure that there is stability in domestic laws, policies, and regulations that will influence adaptation investment decisions, and that.",https://napglobalnetwork.org › uploads › 2019/04,napglobalnetwork_org_Engaging_the_Private_Sector_in_National_Adaptation.txt,False,False,0,0,none,none,none,"The document does not contain explicit evidence related to Ghana during 2018-2022 about institutional frameworks, operational frameworks, policy instruments, positive incentives, sustainable and inclusive management of biodiversity and land, or prevention of terrestrial, freshwater, or marine ecosystem degradation.",There is no explicit link between UNEP and any nature-related framework/instrument/incentive in Ghana during 2018-2022.,[]
Ghana,2018–2022,1,in partnership with UNEP Ghana ecosystem restoration strategy adopted policy framework law regulation strategy action plan after:2018-01-01 before:2022-01-01,THE STRATEGIC PLAN 2020-2023,https://unhabitat.org/sites/default/files/documents/2019-09/strategic_plan_2020-2023.pdf,With a focus on achieving its four interconnected and mutually reinforcing goals or domains of change – spatial inequality and poverty; shared prosperity; ...,https://unhabitat.org › default › files › documents,unhabitat_org_THE_STRATEGIC_PLAN_2020_2023.txt,False,False,0,0,none,none,none,"The document does not contain explicit evidence related to Ghana during 2018-2022 about institutional/operational frameworks, policy/legal instruments, positive incentives, sustainable and inclusive management of biodiversity and land, or prevention of terrestrial, freshwater, or marine ecosystem degradation.",The document does not explicitly link UNEP to any framework/instrument/incentive in Ghana during 2018-2022.,[]
Ghana,2018–2022,1,in partnership with UNEP Ghana ecosystem restoration strategy adopted policy framework law regulation strategy action plan after:2018-01-01 before:2022-01-01,GHANA COCOA & FORESTS INITIATIVE NATIONAL ...,https://www.idhsustainabletrade.com/uploaded/2018/08/Implementation_Plan_CFI_Ghana_070818_printversion_final2.pdf,"Development of action plans for forest protection, restoration ... Joint Framework for Action, which was developed into this National Implementation Plan.",https://www.idhsustainabletrade.com › 2018/08,www_idhsustainabletrade_com_GHANA_COCOA_FORESTS_INITIATIVE_NATIONAL_.txt,True,False,80,0,policy instrument,developed,national,"The document outlines a comprehensive National Implementation Plan (NIP) for Ghana's Cocoa and Forests Initiative (CFI), which aims to address deforestation and forest degradation related to cocoa production. The plan includes commitments, actions, and activities across three themes: Forest Protection and Restoration, Sustainable Cocoa Production and Farmer Livelihoods, and Community Engagement and Social Inclusion. The plan was developed through a participatory approach involving government, industry, civil society, and other stakeholders.",There is no explicit evidence linking UNEP to the development or implementation of the Ghana Cocoa and Forests Initiative or its National Implementation Plan.,"[""The government of Ghana values any initiative which promotes cocoa and forest resources and the Ministry of Lands and Natural Resources is leading this process with great anticipation."", ""The Cocoa and Forests Initiative (CFI) aims at providing the enabling environment for the cocoa sector players to positively contribute to the preservation of forests in Ghana and the country’s economy."", ""A participatory approach was adopted to involve a wide range of stakeholders in the development of the National Implementation Plan.""]"
Ghana,2018–2022,1,in partnership with UNEP Ghana ecosystem restoration strategy adopted policy framework law regulation strategy action plan after:2018-01-01 before:2022-01-01,Law and National Biodiversity Strategies and Action Plans,https://www.unep.org/resources/publication/law-and-national-biodiversity-strategies-and-action-plans,This paper provides an overview of current thinking and the experience of countries in using legal frameworks to implement the Convention on Biological ...,https://www.unep.org › resources › publication › law-a...,www_unep_org_Law_and_National_Biodiversity_Strategies_and_Actio.txt,False,False,0,0,none,none,unclear,"The document does not contain explicit evidence related to Ghana or the time window 2018-2022, nor does it discuss institutional frameworks, operational frameworks, policy instruments, legal instruments, positive incentives, or mechanisms for sustainable and inclusive management of biodiversity and land, or prevention of terrestrial, freshwater and marine ecosystem degradation.",There is no explicit link between UNEP and any nature-related framework/instrument/incentive in Ghana during 2018-2022.,[]
Ghana,2018–2022,1,in partnership with UNEP Ghana ecosystem restoration strategy adopted policy framework law regulation strategy action plan after:2018-01-01 before:2022-01-01,Adaptation Gap Report 2020,https://unepccc.org/wp-content/uploads/2021/01/adaptation-gap-report-2020.pdf,"• National-level adaptation plans, strategies, frameworks or laws are in place ... strategies, plans, policies, laws, regulations and directives. While.",https://unepccc.org › uploads › 2021/01 › adapta...,unepccc_org_Adaptation_Gap_Report_2020.txt,False,False,0,0,none,none,global,The document does not contain explicit evidence related to Ghana or the time window 2018–2022.,The document does not explicitly link UNEP to any nature-related framework/instrument/incentive in Ghana during 2018–2022.,[]
Ghana,2018–2022,1,in partnership with UNEP Ghana ecosystem restoration strategy adopted policy framework law regulation strategy action plan after:2018-01-01 before:2022-01-01,"In Western Africa, a push for eco-friendly appliances",https://www.unep.org/news-and-stories/story/western-africa-push-eco-friendly-appliances,The initiative was started to help make new energy efficient fridges and air conditioners affordable to consumers and to combat the dumping of energy ...,"https://www.unep.org › News, Stories & Speeches",www_unep_org_In_Western_Africa_a_push_for_eco_friendly_applianc.txt,True,True,80,80,policy instrument / positive incentive,developed / implemented,national,"The document describes the ECOWAS Refrigerators and Air Conditioners Initiative (ECOFRIDGES) launched in Ghana in October 2020, which aims to make energy-efficient fridges and air conditioners affordable to consumers and combat the dumping of energy-inefficient products in Africa. This initiative includes policy instruments and positive incentives such as interest-free loans and trade-in programs for old appliances.","The document explicitly mentions that the United Nations Environment Programme (UNEP) supports the ECOFRIDGES initiative, providing financing and technical assistance. UNEP's Programme Management Officer is quoted, and UNEP's United for Efficiency (U4E) initiative is leading the effort to make energy-efficient appliances affordable and accessible in Ghana and Senegal.","[""The ECOWAS Refrigerators and Air Conditioners Initiative (ECOFRIDGES) was launched in Ghana in October 2020, with Senegal following shortly after."", ""With a grant from the Clean Cooling Collaborative, UNEP and the Basel Agency for Sustainable Energy are partnering with government agencies, local banks and vendors to offer interest-free loans to ensure that wage earners can purchase the most energy efficient and climate-friendly fridges and air conditioners."", ""UNEP-led Cool Coalition recently produced a policy brief to underscore the challenges and opportunities of cooling devices in Africa."", ""United for Energy Efficiency (U4E) is a global effort supporting developing countries and emerging economies to move their markets to energy-efficient appliances and equipment. Under the leadership of the United Nations Environment Programme (UNEP), U4E brings together all key stakeholders in the area of product efficiency to inform policymakers, promote global best practices and provide tailored assistance to governments.""]"
Ghana,2018–2022,1,in partnership with UNEP Ghana ecosystem restoration strategy adopted policy framework law regulation strategy action plan after:2018-01-01 before:2022-01-01,Regional Nutrient Pollution Reduction Strategy and Action ...,https://gefcrew.org/carrcu/19IGM/LBSCOP5/Info-Docs/WG.41INF.10Rev.1-en.pdf,"Under the Global Programme of Action for the Protection of the Marine Environment from Land-based. Activities (GPA), the Global Partnership on Nutrient ...",https://gefcrew.org › LBSCOP5 › Info-Docs,gefcrew_org_Regional_Nutrient_Pollution_Reduction_Strategy_and.txt,False,False,0,0,none,none,global,"The document does not contain explicit evidence related to Ghana in 2018-2022 about institutional frameworks, operational frameworks, policy instruments, positive incentives, sustainable and inclusive management of biodiversity and land, or prevention of terrestrial, freshwater, or marine ecosystem degradation.",There is no explicit link between UNEP and strengthening/enabling the SP2.1 framework/instrument/incentive outcome in Ghana during 2018-2022.,[]
Ghana,2018–2022,1,in partnership with UNEP Ghana ecosystem restoration strategy adopted policy framework law regulation strategy action plan after:2018-01-01 before:2022-01-01,AEWA Plan of Action for Africa 2019-2027,https://www.unep-aewa.org/sites/default/files/uploads/PoAA%202019_2027_web_en_200618_fin.pdf,"This plan aims to provide practical guidance to Parties, the bodies of the Agreement, the UNEP/AEWA Secretariat, and partners to assist the enhanced ...",https://www.unep-aewa.org › sites › files › uploads,www_unep-aewa_org_AEWA_Plan_of_Action_for_Africa_2019_2027.txt,False,False,0,0,none,none,global,"The document does not contain explicit evidence related to Ghana in 2018-2022 about institutional frameworks, policy/legal instruments, positive incentives, sustainable and inclusive management of biodiversity and land, or prevention of terrestrial, freshwater, or marine ecosystem degradation.",There is no explicit link between UNEP and strengthening/enabling any nature-related framework/instrument/incentive in Ghana during 2018-2022.,[]
Ghana,2018–2022,1,in partnership with UNEP Ghana ecosystem restoration strategy adopted policy framework law regulation strategy action plan after:2018-01-01 before:2022-01-01,Siaran Office of the President,https://m.facebook.com/OPGuyana/posts/statement-of-his-excellency-dr-mohamed-irfaan-ali-president-of-the-cooperative-r/4347926338601127/?locale=ms_MY&_rdr,"The revised strategy will expand into environmental services, water resources management, climate resilience, biodiversity, and marine economy. As a testament ...",50+ reactions,m_facebook_com_Siaran_Office_of_the_President.txt,False,False,0,0,none,none,unclear,"The document is not about Ghana and is about Guyana, therefore it does not meet the country scope requirement.",There is no explicit link to UNEP in the document.,[]
Ghana,2018–2022,1,in partnership with UNEP Ghana ecosystem restoration strategy adopted policy framework law regulation strategy action plan after:2018-01-01 before:2022-01-01,Environmental Governance Update - December 2019,https://www.unep.org/resources/report/environmental-governance-update-december-2019,This update is designed to inform you of the work United Nations Environment Programme (UNEP) and our partners are doing to advance sound environmental ...,https://www.unep.org › resources › report › environme...,www_unep_org_Environmental_Governance_Update_December_2019.txt,False,False,0,0,none,none,unclear,,,[]
Ghana,2018–2022,1,in partnership with UNEP Ghana ecosystem restoration strategy adopted policy framework law regulation strategy action plan after:2018-01-01 before:2022-01-01,"Report of the African Ministerial Summit on Biodiversity, ...",https://www.cbd.int/doc/c/d7da/119e/0c6a0a8d4de9ad16e45e7121/cop-14-inf-50-en.pdf,The ecosystem restoration target in the Strategic Plan for Biodiversity 2011–2020 (Aichi Biodiversity Target 15) called for further commitments and initiatives.,https://www.cbd.int › doc › cop-14-inf-50-en,www_cbd_int_Report_of_the_African_Ministerial_Summit_on_Biodiv.txt,False,False,0,0,none,none,none,"The document does not contain explicit evidence related to Ghana during 2018-2022. It appears to be a report from the Conference of the Parties to the Convention on Biological Diversity, specifically the 14th meeting, held in Sharm El-Sheikh, Egypt, from 17-29 November 2018. The document focuses on the African Ministerial Summit on Biodiversity and ecosystem restoration in Africa, but does not provide specific information about Ghana's institutional frameworks, policy instruments, or positive incentives for sustainable and inclusive management of biodiversity and land.",There is no explicit link between UNEP and strengthening/enabling any framework/instrument/incentive in Ghana during 2018-2022 mentioned in the document.,[]
Ghana,2018–2022,1,in partnership with UNEP Ghana ecosystem restoration strategy adopted policy framework law regulation strategy action plan after:2018-01-01 before:2022-01-01,STRENGTHENING TENURE AND RESOURCE RIGHTS ...,https://www.unccd.int/sites/default/files/2022-03/UNCCD%20GLO%20WP%20tenure.pdf,"The implementation of restoration involves strategic decision-making that makes avoiding land degradation the highest priority, followed by reducing degradation ...",https://www.unccd.int › sites › default › files,www_unccd_int_STRENGTHENING_TENURE_AND_RESOURCE_RIGHTS_.txt,True,False,80,0,policy instrument,strengthened,national,"The document discusses the importance of tenure rights in land restoration and provides case studies from 12 countries, including Ghana. It highlights the need for secure land tenure to encourage investment in land improvement and restoration. The document also mentions the use of public-private partnerships to restore degraded forest reserves in Ghana.",There is no explicit mention of UNEP in the provided document text.,"[""The case studies show that it is necessary to tackle a range of tenure challenges in restoration efforts"", ""Ghana, encroacher farmers in forest reserves were allocated 5-year intercropping guarantee contracts upon their acceptance to move to a replacement land in the host community"", ""The document discusses the importance of tenure rights in land restoration and provides case studies from 12 countries, including Ghana""]"
Ghana,2018–2022,1,in partnership with UNEP Ghana ecosystem restoration strategy adopted policy framework law regulation strategy action plan after:2018-01-01 before:2022-01-01,AEWA Plan of Action for Africa 2019-2027,https://www.unep-aewa.org/sites/default/files/uploads/PoAA%202019_2027_web_en_200618_fin.pdf,"This plan aims to provide practical guidance to Parties, the bodies of the Agreement, the UNEP/AEWA Secretariat, and partners to assist the enhanced ...",https://www.unep-aewa.org › sites › files › uploads,www_unep-aewa_org_AEWA_Plan_of_Action_for_Africa_2019_2027.txt,True,False,60,0,policy instrument,developed,national,"The document outlines the AEWA Plan of Action for Africa 2019-2027, which includes various policy instruments and frameworks for the conservation and management of migratory waterbirds and their habitats in Africa. The plan provides a series of prioritized actions to be conducted for the prescribed activities under each SP Objective and Target.","There is no explicit evidence that UNEP directly supported or led the development of the AEWA Plan of Action for Africa 2019-2027. However, UNEP is mentioned as administering the AEWA Agreement and providing support through the UNEP/AEWA Secretariat.","[""The AEWA Plan of Action for Africa 2019-2027 follows the structure and operational period of the current AEWA Strategic Plan 2019-2027."", ""The PoAA provides practical guidance to Parties, the bodies of the Agreement, the UNEP/AEWA Secretariat, and partners to assist the enhanced implementation of the AEWA Strategic Plan in Africa."", ""The AEWA Action Plan specifies different measures to be undertaken by Parties to warrant the conservation of migratory waterbirds within their national boundaries.""]"
Ghana,2018–2022,1,in partnership with UNEP Ghana ecosystem restoration strategy adopted policy framework law regulation strategy action plan after:2018-01-01 before:2022-01-01,Biodiversity as a Human Right and its implications for the EU's ...,https://www.europarl.europa.eu/RegData/etudes/STUD/2020/603491/EXPO_STU(2020)603491_EN.pdf,This study provides an in-depth and accessible analysis on biodiversity as a human right to inform the European Parliament's work on how the European ...,https://www.europarl.europa.eu › etudes › STUD,www_europarl_europa_eu_Biodiversity_as_a_Human_Right_and_its_implications.txt,False,False,0,0,none,none,global,"The document does not contain explicit evidence related to Ghana during 2018-2022 about institutional frameworks, operational frameworks, policy instruments, legal instruments, positive incentives, sustainable and inclusive management of biodiversity and land, or prevention of terrestrial, freshwater, and marine ecosystem degradation.",There is no explicit link between UNEP and any nature-related framework/instrument/incentive in Ghana during 2018-2022.,[]
Ghana,2018–2022,1,in partnership with UNEP Ghana ecosystem restoration strategy adopted policy framework law regulation strategy action plan after:2018-01-01 before:2022-01-01,Siaran Office of the President,https://m.facebook.com/OPGuyana/posts/statement-of-his-excellency-dr-mohamed-irfaan-ali-president-of-the-cooperative-r/4347926338601127/?locale=ms_MY&_rdr,"The revised strategy will expand into environmental services, water resources management, climate resilience, biodiversity, and marine economy. As a testament ...",50+ reactions,m_facebook_com_Siaran_Office_of_the_President.txt,False,False,0,0,none,none,unclear,"The document is not about Ghana and does not contain explicit evidence related to institutional/operational frameworks, policy/legal instruments, positive incentives, sustainable and inclusive management of biodiversity and land, or prevention of terrestrial, freshwater, or marine ecosystem degradation for Ghana during 2018-2022.",There is no explicit link between UNEP and any nature-related framework/instrument/incentive in Ghana during 2018-2022.,[]
Ghana,2018–2022,1,in partnership with UNEP Ghana ecosystem restoration strategy adopted policy framework law regulation strategy action plan after:2018-01-01 before:2022-01-01,THE STRATEGIC PLAN 2020-2023,https://unhabitat.org/sites/default/files/documents/2019-09/strategic_plan_2020-2023.pdf,With a focus on achieving its four interconnected and mutually reinforcing goals or domains of change – spatial inequality and poverty; shared prosperity; ...,https://unhabitat.org › default › files › documents,unhabitat_org_THE_STRATEGIC_PLAN_2020_2023.txt,False,False,0,0,none,none,global,"The document does not contain explicit evidence related to Ghana during 2018-2022 about institutional/operational frameworks, policy/legal instruments, positive incentives, sustainable and inclusive management of biodiversity and land, or prevention of terrestrial, freshwater, or marine ecosystem degradation.",There is no explicit link between UNEP and strengthening/enabling any nature-related framework/instrument/incentive outcomes in Ghana during 2018-2022.,[]
Ghana,2018–2022,1,in partnership with UNEP Ghana ecosystem restoration strategy adopted policy framework law regulation strategy action plan after:2018-01-01 before:2022-01-01,Land Restoration for Achieving the Sustainable ...,https://commonland.com/wp-content/uploads/2020/01/ThinkPieceIRP-1.pdf,It provides science-based policy options on how to decouple economic growth from environmental degradation while enhancing human well-being. With more than 20 ...,https://commonland.com › ThinkPieceIRP-1,commonland_com_Land_Restoration_for_Achieving_the_Sustainable_.txt,False,False,0,0,none,none,unclear,,,[]
Ghana,2018–2022,1,in partnership with UNEP Ghana ecosystem restoration strategy adopted policy framework law regulation strategy action plan after:2018-01-01 before:2022-01-01,Chapter 4 — Global Warming of 1.5 ºC,https://www.ipcc.ch/sr15/chapter/chapter-4/,"The global response to warming of 1.5°C comprises transitions in land and ecosystem, energy, urban and infrastructure, and industrial systems.",https://www.ipcc.ch › chapter › chapter-4,www_ipcc_ch_Chapter_4_Global_Warming_of_1_5_C.txt,False,False,0,0,none,none,global,The document does not contain explicit evidence related to Ghana or the time window 2018-2022. It appears to be a general report on global warming and does not provide specific information on Ghana's environmental policies or frameworks.,There is no explicit link between UNEP and any environmental framework or instrument in Ghana during 2018-2022.,[]
Ghana,2018–2022,1,in partnership with UNEP Ghana ecosystem restoration strategy adopted policy framework law regulation strategy action plan after:2018-01-01 before:2022-01-01,DEFORESTATION FRONTS,https://www.wwf.ch/sites/default/files/doc-2021-01/Deforestation%20fronts%20-%20drivers%20and%20responses%20in%20a%20changing%20world%20-%20full%20report.pdf,"The mismanagement of the world's forests is ramping up carbon emissions, ravaging biodiversity, destroying vital ecosystems, and affecting the livelihoods and ...",https://www.wwf.ch › sites › files › doc-2021-01,www_wwf_ch_DEFORESTATION_FRONTS.txt,False,False,0,0,none,none,none,"The document does not contain explicit evidence related to Ghana during 2018-2022 about institutional frameworks, operational frameworks, policy instruments, positive incentives, sustainable and inclusive management of biodiversity and land, or prevention of terrestrial, freshwater, or marine ecosystem degradation.",There is no explicit link between UNEP and any nature-related framework/instrument/incentive in Ghana during 2018-2022.,[]
Ghana,2018–2022,1,in partnership with UNEP Ghana ecosystem restoration strategy adopted policy framework law regulation strategy action plan after:2018-01-01 before:2022-01-01,STRENGTHENING TENURE AND RESOURCE RIGHTS ...,https://www.unccd.int/sites/default/files/2022-03/UNCCD%20GLO%20WP%20tenure.pdf,"The implementation of restoration involves strategic decision-making that makes avoiding land degradation the highest priority, followed by reducing degradation ...",https://www.unccd.int › sites › default › files,www_unccd_int_STRENGTHENING_TENURE_AND_RESOURCE_RIGHTS_.txt,True,False,80,0,policy instrument,developed,national,"The document discusses the importance of tenure rights in land restoration and provides case studies from 12 countries, including Ghana. It highlights the need for secure tenure to encourage investment in land protection and restoration.",There is no explicit mention of UNEP's role in supporting or enabling the tenure and restoration efforts in Ghana or any other country.,"[""The case studies show that it is necessary to tackle a range of tenure challenges in restoration efforts"", ""Ghana: encroacher farmers in forest reserves were allocated 5-year intercropping guarantee contracts upon their acceptance to move to a replacement land in the host community"", ""Tenure arrangements can be understood as a bundle of rights and responsibilities""]"
Ghana,2018–2022,1,in partnership with UNEP Ghana ecosystem restoration strategy adopted policy framework law regulation strategy action plan after:2018-01-01 before:2022-01-01,For people and planet: the UNEP strategy for 2022–2025,https://www.unep.org/resources/key-documents/people-and-planet-unep-strategy-2022-2025,"The strategy outlines how UNEP will strengthen the environmental dimension of the 2030 Agenda during the period 2022‒2025, supporting countries to deliver on ...",https://www.unep.org › resources › key-documents › p...,www_unep_org_For_people_and_planet_the_UNEP_strategy_for_2022_2.txt,False,False,0,0,none,none,global,"The document does not contain explicit evidence related to Ghana or the specific time window of 2018-2022. It primarily discusses UNEP's strategy for 2022-2025 and does not provide information on institutional frameworks, operational frameworks, policy instruments, legal instruments, positive incentives, or mechanisms for sustainable and inclusive management of biodiversity and land, or prevention of ecosystem degradation in Ghana.","The document does not explicitly link UNEP to strengthening, developing, adopting, implementing, revising, approving, establishing, or operationalizing any nature-related framework/instrument/incentive in Ghana during 2018-2022. It presents a general strategy for UNEP's work but does not provide specific examples or evidence of UNEP's activities in Ghana.",[]
Ghana,2018–2022,1,in partnership with UNEP Ghana ecosystem restoration strategy adopted policy framework law regulation strategy action plan after:2018-01-01 before:2022-01-01,Progress on Integrated Water Resources Management,https://www.unwater.org/sites/default/files/app/uploads/2021/09/SDG6_Indicator_Report_651_Progress-on-Integrated-Water-Resources-Management_2021_EN.pdf,"Legal frameworks: Develop or update laws to reflect progressive, coordinated water resources management approaches, and ensure policy alignment between existing ...",https://www.unwater.org › uploads › 2021/09,www_unwater_org_Progress_on_Integrated_Water_Resources_Management.txt,False,False,0,0,none,none,global,"The document does not contain explicit evidence related to Ghana or the time window 2018–2022 about institutional frameworks, operational frameworks, policy instruments, positive incentives, sustainable and inclusive management of biodiversity and land, or prevention of terrestrial, freshwater, or marine ecosystem degradation.","The document does not explicitly link UNEP to strengthening, developing, adopting, implementing, revising, approving, establishing, or operationalizing any nature-related framework/instrument/incentive in Ghana during 2018–2022.",[]
Ghana,2018–2022,1,in partnership with UNEP Ghana ecosystem restoration strategy adopted policy framework law regulation strategy action plan after:2018-01-01 before:2022-01-01,Understanding the value and limits of nature-based solutions ...,https://royalsocietypublishing.org/rstb/article/375/1794/20190120/30543/Understanding-the-value-and-limits-of-nature-based,"Abstract. There is growing awareness that 'nature-based solutions' (NbS) can help to protect us from climate change impacts while slowing further warming,",https://royalsocietypublishing.org › rstb › article › Und...,royalsocietypublishing_org_Understanding_the_value_and_limits_of_nature_based.txt,False,False,0,0,none,none,unclear,,,[]
Ghana,2018–2022,1,in partnership with UNEP Ghana ecosystem restoration strategy adopted policy framework law regulation strategy action plan after:2018-01-01 before:2022-01-01,Cross-sectoral Perspectives,https://www.ipcc.ch/report/ar6/wg3/downloads/report/IPCC_AR6_WGIII_Chapter12.pdf,"To enable policy coordination, a national food strategy was adopted in 2017 called. Food2030 (Government of Finland 2017). Food2030 embodies a holistic food ...",https://www.ipcc.ch › report › downloads › report,www_ipcc_ch_Cross_sectoral_Perspectives.txt,False,False,0,0,none,none,global,"The document does not contain explicit evidence related to Ghana during 2018-2022 about institutional/operational frameworks, policy/legal instruments, positive incentives, sustainable and inclusive management of biodiversity and land, or prevention of terrestrial, freshwater, or marine ecosystem degradation.",There is no explicit link between UNEP and strengthening/enabling any nature-related framework/instrument/incentive in Ghana during 2018-2022.,[]
Ghana,2018–2022,1,in partnership with UNEP Ghana ecosystem restoration strategy adopted policy framework law regulation strategy action plan after:2018-01-01 before:2022-01-01,DEFORESTATION FRONTS,https://www.wwf.ch/sites/default/files/doc-2021-01/Deforestation%20fronts%20-%20drivers%20and%20responses%20in%20a%20changing%20world%20-%20full%20report.pdf,"The mismanagement of the world's forests is ramping up carbon emissions, ravaging biodiversity, destroying vital ecosystems, and affecting the livelihoods and ...",https://www.wwf.ch › sites › files › doc-2021-01,www_wwf_ch_DEFORESTATION_FRONTS.txt,False,False,0,0,none,none,none,"The document does not contain explicit evidence related to Ghana during 2018-2022 about institutional frameworks, operational frameworks, policy instruments, positive incentives, or mechanisms for sustainable and inclusive management of biodiversity and land, or prevention of terrestrial, freshwater, and marine ecosystem degradation.",There is no explicit link between UNEP and any nature-related framework/instrument/incentive in Ghana during 2018-2022.,[]
Ghana,2018–2022,1,in partnership with UNEP Ghana ecosystem restoration strategy adopted policy framework law regulation strategy action plan after:2018-01-01 before:2022-01-01,Land Restoration for Achieving the Sustainable ...,https://commonland.com/wp-content/uploads/2020/01/ThinkPieceIRP-1.pdf,It provides science-based policy options on how to decouple economic growth from environmental degradation while enhancing human well-being. With more than 20 ...,https://commonland.com › ThinkPieceIRP-1,commonland_com_Land_Restoration_for_Achieving_the_Sustainable_.txt,False,False,0,0,none,none,unclear,,,[]
Ghana,2018–2022,1,in partnership with UNEP Ghana ecosystem restoration strategy adopted policy framework law regulation strategy action plan after:2018-01-01 before:2022-01-01,Jamaica,https://habitats.oceanplus.org/jamaica,"Target 15. Ecosystem resilience and the contribution of biodiversity to carbon stocks has been enhanced, through conservation and restoration, including ...",https://habitats.oceanplus.org › jamaica,habitats_oceanplus_org_Jamaica.txt,False,False,0,0,none,none,none,"The document does not contain information about Ghana or the time window 2018-2022. It appears to be about Jamaica's marine and coastal habitats, with no relevance to Ghana or the specified time frame.","There is no explicit link between UNEP and any nature-related framework/instrument/incentive in Ghana during 2018-2022, as the document primarily focuses on Jamaica.",[]
Ghana,2018–2022,1,in partnership with UNEP Ghana ecosystem restoration strategy adopted policy framework law regulation strategy action plan after:2018-01-01 before:2022-01-01,Towards Ocean Equity,https://oceanpanel.org/wp-content/uploads/2022/05/Towards-Ocean-Equity.pdf,"The development approaches and policy strategies designed within a sustainable ocean economy must also shape existing ocean sectors (e.g., fisheries, maritime ...",https://oceanpanel.org › uploads › 2022/05 › To...,oceanpanel_org_Towards_Ocean_Equity.txt,False,False,0,0,none,none,global,"The document does not contain explicit evidence related to Ghana in 2018-2022 about institutional frameworks, operational frameworks, policy instruments, positive incentives, sustainable and inclusive management of biodiversity and land, or prevention of terrestrial, freshwater, or marine ecosystem degradation.",There is no explicit link between UNEP and strengthening/enabling the SP2.1 framework/instrument/incentive outcome in Ghana during 2018-2022.,[]
Ghana,2018–2022,1,in partnership with UNEP Ghana ecosystem restoration strategy adopted policy framework law regulation strategy action plan after:2018-01-01 before:2022-01-01,Biodiversity as a Human Right and its implications for the EU's ...,https://www.europarl.europa.eu/RegData/etudes/STUD/2020/603491/EXPO_STU(2020)603491_EN.pdf,This study provides an in-depth and accessible analysis on biodiversity as a human right to inform the European Parliament's work on how the European ...,https://www.europarl.europa.eu › etudes › STUD,www_europarl_europa_eu_Biodiversity_as_a_Human_Right_and_its_implications.txt,False,False,0,0,none,none,none,"The document does not contain explicit evidence related to Ghana during 2018-2022 about institutional frameworks, operational frameworks, policy instruments, positive incentives, sustainable and inclusive management of biodiversity and land, or prevention of terrestrial, freshwater, or marine ecosystem degradation.",There is no explicit link between UNEP and any nature-related framework/instrument/incentive in Ghana during 2018-2022.,[]
Ghana,2018–2022,1,in partnership with UNEP Ghana ecosystem restoration strategy adopted policy framework law regulation strategy action plan after:2018-01-01 before:2022-01-01,STRENGTHENING TENURE AND RESOURCE RIGHTS ...,https://www.unccd.int/sites/default/files/2022-03/UNCCD%20GLO%20WP%20tenure.pdf,"The implementation of restoration involves strategic decision-making that makes avoiding land degradation the highest priority, followed by reducing degradation ...",https://www.unccd.int › sites › default › files,www_unccd_int_STRENGTHENING_TENURE_AND_RESOURCE_RIGHTS_.txt,True,False,80,0,policy instrument,developed,national,"The document discusses the importance of tenure rights in land restoration, including case studies from Ghana. It highlights the need for secure land tenure to encourage investment in land improvement and restoration. The document also mentions the use of public-private partnerships to restore degraded forest reserves in Ghana.","There is no explicit mention of UNEP's role in supporting the development or implementation of the frameworks, instruments, or incentives discussed in the document.","[""The case studies show that it is necessary to tackle a range of tenure challenges in restoration efforts"", ""Secure tenure provides enabling conditions for the prevention of degradation and biodiversity loss"", ""Insecure tenure leads to a weak enabling environment for scaling up restoration"", ""Ghana: public–private partnership to restore degraded forest reserves""]"
Ghana,2018–2022,1,in partnership with UNEP Ghana ecosystem restoration strategy adopted policy framework law regulation strategy action plan after:2018-01-01 before:2022-01-01,"Food Systems, Land Use and Restoration (FOLUR) Impact ...",https://www.thegef.org/sites/default/files/web-documents/10201_IP_FOLUR_PFD.pdf,"... strategies, laws and action plans. This encodes the global commitments discussed in this section into national priorities, strategies laws and budgets.",https://www.thegef.org › 10201_IP_FOLUR_PFD,www_thegef_org_Food_Systems_Land_Use_and_Restoration_FOLUR_Impact.txt,False,False,0,0,none,none,unclear,,,[]
Ghana,2018–2022,1,in partnership with UNEP Ghana ecosystem restoration strategy adopted policy framework law regulation strategy action plan after:2018-01-01 before:2022-01-01,AEWA Plan of Action for Africa 2019-2027,https://www.unep-aewa.org/sites/default/files/uploads/PoAA%202019_2027_web_en_200618_fin.pdf,"This plan aims to provide practical guidance to Parties, the bodies of the Agreement, the UNEP/AEWA Secretariat, and partners to assist the enhanced ...",https://www.unep-aewa.org › sites › files › uploads,www_unep-aewa_org_AEWA_Plan_of_Action_for_Africa_2019_2027.txt,True,False,60,0,policy instrument,developed,national,"The document outlines the AEWA Plan of Action for Africa 2019-2027, which includes various policy instruments and strategies for the conservation of migratory waterbirds and their habitats in Africa. The plan involves the development of national AEWA implementation plans, updating domestic legislation, and promoting sustainable use of waterbirds.",There is no explicit mention of UNEP's direct involvement in strengthening or enabling the SP2.1 framework/instrument/incentive outcomes in Ghana during 2018-2022.,"[""The AEWA Plan of Action for Africa 2019-2027 aims to provide practical guidance to Parties, the bodies of the Agreement, the UNEP/AEWA Secretariat, and partners to assist the enhanced implementation of the AEWA Strategic Plan in Africa."", ""The PoAA does not generally specify named partners, projects, programmes or initiatives, because circumstances and modes of implementation will vary significantly between countries.""]"
Ghana,2018–2022,2,UNEP project Ghana land ecosystem policy instrument established policy framework law regulation strategy action plan after:2018-01-01 before:2022-01-01,ECOWAS ENVIRONMENTAL ACTION PLAN 2020-2026,https://ecowap.ecowas.int/media/ecowap/file_document/2020_ECOWAS_ECOWAS_ENVIRONMENTAL_ACTION_PLAN_Final_Version_-_ENG.pdf,"This study makes a comparative analysis of legal mechanisms for the management of forest ecosystems in ECOWAS Member States and conflict resolution mechanisms, ...",https://ecowap.ecowas.int › ecowap › file_document,ecowap_ecowas_int_ECOWAS_ENVIRONMENTAL_ACTION_PLAN_2020_2026.txt,False,False,0,0,none,none,none,"The document does not contain explicit evidence related to Ghana in 2018-2022 about institutional/operational frameworks, policy/legal instruments, positive incentives, sustainable and inclusive management of biodiversity and land, or prevention of terrestrial, freshwater, or marine ecosystem degradation.",There is no explicit link between UNEP and strengthening/enabling the SP2.1 framework/instrument/incentive outcome in Ghana during 2018-2022.,[]
Ghana,2018–2022,2,UNEP project Ghana land ecosystem policy instrument established policy framework law regulation strategy action plan after:2018-01-01 before:2022-01-01,Publications & Knowledge,https://www.unep.org/publications-data,"Our purpose: UNEP Annual Report 2025. The 2025 Annual Report explores UNEP's results and impacts across climate action, nature and land action, pollution action ...",https://www.unep.org › publications-data,www_unep_org_Publications_Knowledge.txt,False,False,0,0,none,none,unclear,,,[]
Ghana,2018–2022,2,UNEP project Ghana land ecosystem policy instrument established policy framework law regulation strategy action plan after:2018-01-01 before:2022-01-01,UNEP.pdf,https://www.un.org/Depts/los/general_assembly/contributions_2019/UNEP.pdf,"The project engages national and local governments, plastic producers and retailers, and civil society to develop inclusive and equitable market-based solutions ...",https://www.un.org › los › contributions_2019,www_un_org_UNEP_pdf.txt,False,False,0,0,none,none,global,"The document does not contain explicit evidence related to Ghana during 2018-2022 about institutional frameworks, operational frameworks, policy instruments, positive incentives, sustainable and inclusive management of biodiversity and land, or prevention of terrestrial, freshwater, or marine ecosystem degradation.",The document does not explicitly link UNEP to strengthening/enabling any nature-related framework/instrument/incentive in Ghana during 2018-2022.,[]
Ghana,2018–2022,2,UNEP project Ghana land ecosystem policy instrument established policy framework law regulation strategy action plan after:2018-01-01 before:2022-01-01,Adaptation Gap Report 2020,https://unepccc.org/wp-content/uploads/2021/01/adaptation-gap-report-2020.pdf,"planning instrument (for example, a plan, strategy, policy or law), and some countries (9 per cent) that do not currently have such an instrument in place ...",https://unepccc.org › uploads › 2021/01 › adapta...,unepccc_org_Adaptation_Gap_Report_2020.txt,False,False,0,0,none,none,global,"The document does not contain explicit evidence related to Ghana or the time window 2018-2022 about institutional frameworks, operational frameworks, policy instruments, positive incentives, or mechanisms for sustainable and inclusive management of biodiversity and land, or prevention of terrestrial, freshwater, and marine ecosystem degradation.","The document does not explicitly link UNEP to strengthening, developing, adopting, implementing, revising, approving, establishing, or operationalizing nature-related frameworks, instruments, or incentives in Ghana during 2018-2022.",[]
Ghana,2018–2022,2,UNEP project Ghana land ecosystem policy instrument established policy framework law regulation strategy action plan after:2018-01-01 before:2022-01-01,Action Plan for the Decade on Ecosystem Restoration in ...,https://clmeplus.org/app/uploads/2021/02/ActionPlan_Restoration_LAC.pdf,"In 2019, the UN General assembly declared the 2021-. 2030 as the Decade of Ecosystem Restoration. The motivation is the understanding that none of the.",https://clmeplus.org › app › uploads › 2021/02,clmeplus_org_Action_Plan_for_the_Decade_on_Ecosystem_Restoratio.txt,False,False,0,0,none,none,unclear,,,[]
Ghana,2018–2022,2,UNEP project Ghana land ecosystem policy instrument established policy framework law regulation strategy action plan after:2018-01-01 before:2022-01-01,Ghana's Adaptation Strategy and Action Plan for the ...,https://napglobalnetwork.org/wp-content/uploads/2020/06/napgn-en-2020-Ghana%E2%80%99s-Adaptation-Strategy-and-Action-Plan-for-the-Infrastructure-Sector.pdf,"There is a broad legal and policy framework already in place to support the successful implementation of adaptation actions for Ghana's water, energy, and ...",https://napglobalnetwork.org › uploads › 2020/06,napglobalnetwork_org_Ghana_s_Adaptation_Strategy_and_Action_Plan_for_th.txt,True,False,80,0,policy instrument,developed,national,"The document provides detailed evidence of Ghana's Adaptation Strategy and Action Plan for the Infrastructure Sector (Water, Energy, and Transport Sectors) developed in 2020. The plan aims to increase the resilience of Ghana's infrastructure to climate change impacts. It outlines specific adaptation actions for the water, energy, and transport sectors, and identifies the institutional frameworks for implementation.",There is no explicit mention of UNEP's role in supporting the development or implementation of Ghana's Adaptation Strategy and Action Plan for the Infrastructure Sector.,"[""Ghana's Adaptation Strategy and Action Plan for the Infrastructure Sector (Water, Energy, and Transport Sectors) Developed by the Environmental Protection Agency May 2020"", ""The strategy presented here focuses on increasing the resilience of Ghana’s water, energy, and transport infrastructure to climate change and covers all levels of decision making."", ""The Environmental Protection Agency (EPA), on behalf of the Ministry of Environment, Science, Technology and Innovation (MESTI), Ghana, would like to acknowledge the financial and technical support received to develop the infrastructure sector adaptation plan from the United States (U.S.) In-country Support Program""]"
Ghana,2018–2022,2,UNEP project Ghana land ecosystem policy instrument established policy framework law regulation strategy action plan after:2018-01-01 before:2022-01-01,Workshop to develop tools for compliance monitoring ...,https://www.facebook.com/EUinGhana/posts/workshop-to-develop-tools-for-compliance-monitoringarap-is-providing-support-to-/952839251550620/,"The Directive establishes the legal framework for the ECOWAS Policy for Gender Mainstreaming in Energy Access, which was adopted by the ECOWAS Heads of ...",10+ reactions,www_facebook_com_Workshop_to_develop_tools_for_compliance_monitorin.txt,True,False,40,0,institutional framework,developed,national,"The document mentions a workshop to develop tools for compliance monitoring, specifically for risk-based compliance monitoring in Ghana, which indicates some institutional steps towards strengthening environmental management.",There is no explicit link between UNEP and the development or implementation of the tools for compliance monitoring mentioned in the document.,"[""Workshop to develop tools for compliance monitoring"", ""ARAP is providing support to Environmental Protection Agency to stablish eletronic and standartised templates and tools""]"
Ghana,2018–2022,2,UNEP project Ghana land ecosystem policy instrument established policy framework law regulation strategy action plan after:2018-01-01 before:2022-01-01,Combating marine plastic litter and microplast,https://apps1.unep.org/resolutions/uploads/unep_aheg_2018_inf3_full_assessment_en.pdf,"UN Environment, 2017. Combating marine plastic litter and microplastics: An assessment of the effectiveness of relevant international, regional and subregional ...",https://apps1.unep.org › resolutions › uploads › u...,apps1_unep_org_Combating_marine_plastic_litter_and_microplast.txt,False,False,0,0,none,none,none,"The document does not contain explicit evidence related to Ghana during 2018-2022 about institutional/operational frameworks, policy/legal instruments, positive incentives, sustainable and inclusive management of biodiversity and land, or prevention of terrestrial, freshwater, or marine ecosystem degradation.",There is no explicit link between UNEP and strengthening/enabling any nature-related framework/instrument/incentive in Ghana during 2018-2022.,[]
Ghana,2018–2022,2,UNEP project Ghana land ecosystem policy instrument established policy framework law regulation strategy action plan after:2018-01-01 before:2022-01-01,Pan-African Action Agenda on Ecosystem Restoration for ...,https://www.cbd.int/doc/c/274b/80e7/34d341167178fe08effd0900/cop-14-afr-hls-04-final-en.pdf,"This Pan-African Action Agenda on Ecosystem Restoration for Increased Resilience proposes policy measures, strategic actions, cooperation mechanisms and on-the- ...",https://www.cbd.int › cop-14-afr-hls-04-final-en,www_cbd_int_Pan_African_Action_Agenda_on_Ecosystem_Restoration.txt,False,False,0,0,none,none,global,"The document does not contain explicit evidence related to Ghana in 2018-2022 about institutional frameworks, operational frameworks, policy instruments, positive incentives, sustainable and inclusive management of biodiversity and land, or prevention of terrestrial, freshwater, or marine ecosystem degradation.","The document does not explicitly link UNEP to strengthening, developing, adopting, implementing, revising, approving, establishing, or operationalizing nature-related frameworks, instruments, or incentives in Ghana during 2018-2022.",[]
Ghana,2018–2022,2,UNEP project Ghana land ecosystem policy instrument established policy framework law regulation strategy action plan after:2018-01-01 before:2022-01-01,Regional Nutrient Pollution Reduction Strategy and Action ...,https://gefcrew.org/carrcu/19IGM/LBSCOP5/Info-Docs/WG.41INF.10Rev.1-en.pdf,"Under the Global Programme of Action for the Protection of the Marine Environment from Land-based. Activities (GPA), the Global Partnership on Nutrient ...",https://gefcrew.org › LBSCOP5 › Info-Docs,gefcrew_org_Regional_Nutrient_Pollution_Reduction_Strategy_and.txt,False,False,0,0,none,none,global,"The document does not contain explicit evidence related to Ghana in 2018-2022 about institutional/operational frameworks, policy/legal instruments, positive incentives, sustainable and inclusive management of biodiversity and land, or prevention of terrestrial, freshwater, or marine ecosystem degradation.",There is no explicit link between UNEP and strengthening/enabling any nature-related framework/instrument/incentive in Ghana during 2018-2022.,[]
Ghana,2018–2022,2,UNEP project Ghana land ecosystem policy instrument established policy framework law regulation strategy action plan after:2018-01-01 before:2022-01-01,Driving Finance Today for the Climate Resilient Society of ...,https://www.unepfi.org/wordpress/wp-content/uploads/2019/07/GCA-Adaptation-Finance.pdf,This report was prepared by Climate Finance Advisors for the United Nations Environment Programme Finance Initiative. (UNEP FI) and the Global Commission on ...,https://www.unepfi.org › GCA-Adaptation-Finance,www_unepfi_org_Driving_Finance_Today_for_the_Climate_Resilient_So.txt,False,False,0,0,none,none,global,"The document does not contain explicit evidence related to Ghana or the time window 2018-2022. It primarily focuses on general climate finance and resilience topics, without specific reference to Ghana's institutional frameworks, policy instruments, or positive incentives for sustainable management of biodiversity and land.","There is no explicit link between UNEP and any specific framework, instrument, or incentive in Ghana during 2018-2022. The document mentions UNEP FI, but in a general context related to climate finance and not specifically tied to Ghana or SP2.1 outcomes.",[]
Ghana,2018–2022,2,UNEP project Ghana land ecosystem policy instrument established policy framework law regulation strategy action plan after:2018-01-01 before:2022-01-01,Regional Nutrient Pollution Reduction Strategy and Action ...,https://gefcrew.org/carrcu/19IGM/LBSCOP5/Info-Docs/WG.41INF.10Rev.1-en.pdf,"Under the Global Programme of Action for the Protection of the Marine Environment from Land-based. Activities (GPA), the Global Partnership on Nutrient ...",https://gefcrew.org › LBSCOP5 › Info-Docs,gefcrew_org_Regional_Nutrient_Pollution_Reduction_Strategy_and.txt,False,False,0,0,none,none,global,"The document does not contain explicit evidence related to Ghana in 2018-2022 about institutional/operational frameworks, policy/legal instruments, positive incentives, sustainable and inclusive management of biodiversity and land, or prevention of terrestrial, freshwater, or marine ecosystem degradation.",There is no explicit link between UNEP and strengthening/enabling the SP2.1 framework/instrument/incentive in Ghana during 2018-2022.,[]
Ghana,2018–2022,2,UNEP project Ghana land ecosystem policy instrument established policy framework law regulation strategy action plan after:2018-01-01 before:2022-01-01,Environmental and Social Management Framework Africa ...,https://nema.go.ke/wp-content/uploads/2024/09/Environmental-and-Social-Management-Framework-Africa-Environmental-Health-and-Pollution-Management-Program.pdf,Plan aims to mainstream environmental management activities ... The Project is being developed in a legal or regulatory environment where there is uncertainty or.,https://nema.go.ke › uploads › 2024/09 › Enviro...,nema_go_ke_Environmental_and_Social_Management_Framework_Afri.txt,True,False,61,0,institutional framework / policy instrument,developed / strengthened,national,"The document provides evidence of strengthened institutional and operational frameworks for sustainable and inclusive management of biodiversity and land in Ghana during 2018-2022. The Environmental Health and Pollution Management Program (EHPMP) supported by the Global Environment Facility (GEF) focuses on reduction of environmental health risks associated with mercury, e-waste, and POPs. The program includes components for institutional strengthening, knowledge and capacity building, policy dialogue and regulatory enhancements, and demonstration of technological tools and economic approaches.",There is no explicit evidence that UNEP directly supported or funded the development of the frameworks and instruments mentioned in the document.,"[""The Environmental Health and Pollution Management Program (EHPMP) supported by the Global Environment Facility (GEF) focuses on reduction of environmental health risks associated with mercury, e-waste, and POPs."", ""Ministry of Environment Science Technology & Innovation (MESTI) has the oversight responsibility to provide leadership and guidance for Environment, Science, Technology and Innovation within the broad sector of the economy."", ""Environmental Protection Agency (EPA) was established under the Environmental Protection Agency Act (Act 490 of 1994) as the leading public body responsible for the protection and improvement of the environment in Ghana.""]"
Ghana,2018–2022,2,UNEP project Ghana land ecosystem policy instrument established policy framework law regulation strategy action plan after:2018-01-01 before:2022-01-01,An Overview of Green Reforms in Country Procurement Systems,https://documents1.worldbank.org/curated/en/157141636056129273/pdf/Green-Public-Procurement-An-Overview-of-Green-Reforms-in-Country-Procurement-Systems.pdf,"The goal of the guidelines is “to create a policy framework that legitimizes the SPP actions and, in turn, informs the market of the objectives and priority ...",https://documents1.worldbank.org › curated › pdf,documents1_worldbank_org_An_Overview_of_Green_Reforms_in_Country_Procuremen.txt,False,False,0,0,none,none,global,"The document does not contain explicit evidence related to Ghana during 2018-2022 about institutional/operational frameworks, policy/legal instruments, positive incentives, sustainable and inclusive management of biodiversity and land, or prevention of terrestrial, freshwater, or marine ecosystem degradation.",There is no explicit link between UNEP and strengthening/enabling any SP2.1 framework/instrument/incentive outcome in Ghana during 2018-2022.,[]
Ghana,2018–2022,2,UNEP project Ghana land ecosystem policy instrument established policy framework law regulation strategy action plan after:2018-01-01 before:2022-01-01,"(PDF) UNEP 2021, Sustainable Public Procurement",https://www.researchgate.net/publication/355889107_UNEP_2021_Sustainable_Public_Procurement_How_to_Wake_the_Sleeping_Giant_Introducing_the_United_Nations_Environment_Programme's_Approach,"The Sustainable Public Procurement Implementation Guidelines give direction to SPP policy makers, experts and consultants on designing Sustainable Public ...",https://www.researchgate.net › ... › Public Procurement,www_researchgate_net__PDF_UNEP_2021_Sustainable_Public_Procurement.txt,False,False,0,0,none,none,unclear,,,[]
Ghana,2018–2022,2,UNEP project Ghana land ecosystem policy instrument established policy framework law regulation strategy action plan after:2018-01-01 before:2022-01-01,Government of the Islamic Republic of Afghanistan ...,https://unfccc.int/ttclear/TNA/AFG-TNA-AFG_TNA_Adaptation_2020.pdf,"The national environmental action plan was drafted by NEPA and UNEP in 2009, as per the legal requirement of Article 9 of the Environment Law, and builds off ...",https://unfccc.int › ttclear › TNA › AFG-TNA-A...,unfccc_int_Government_of_the_Islamic_Republic_of_Afghanistan_.txt,False,False,0,0,none,none,none,"The document is not about Ghana during 2018-2022, but rather about Afghanistan's climate change adaptation and technology needs assessment.",There is no explicit link between UNEP and any nature-related framework/instrument/incentive in Ghana during 2018-2022.,[]
Ghana,2018–2022,2,UNEP project Ghana land ecosystem policy instrument established policy framework law regulation strategy action plan after:2018-01-01 before:2022-01-01,Progress on Integrated Water Resources Management,https://www.unwater.org/sites/default/files/app/uploads/2021/09/SDG6_Indicator_Report_651_Progress-on-Integrated-Water-Resources-Management_2021_EN.pdf,"Legal frameworks: Develop or update laws to reflect progressive, coordinated water resources management approaches, and ensure policy alignment between existing ...",https://www.unwater.org › uploads › 2021/09,www_unwater_org_Progress_on_Integrated_Water_Resources_Management.txt,False,False,0,0,none,none,global,"The document does not contain explicit evidence related to Ghana or the time window 2018–2022. It is a global report on integrated water resources management and does not focus on a specific country's framework, instrument, incentive, or governance related to biodiversity, land, terrestrial, freshwater, or marine ecosystem management.",There is no explicit link between UNEP and any framework/instrument/incentive in Ghana during 2018–2022.,[]
Ghana,2018–2022,2,UNEP project Ghana land ecosystem policy instrument established policy framework law regulation strategy action plan after:2018-01-01 before:2022-01-01,Options under International Law to Increase Resource ...,https://www.umweltbundesamt.de/system/files/medien/5750/publikationen/2021-06-29_texte_102-2021_voeress.pdf,The study provides a legal and political science perspective to anchoring RE more strongly at the international level. We assess how public international law ...,https://www.umweltbundesamt.de › publikationen,www_umweltbundesamt_de_Options_under_International_Law_to_Increase_Resour.txt,False,False,0,0,none,none,none,"The document does not contain explicit evidence related to Ghana during 2018-2022 about institutional frameworks, operational frameworks, policy instruments, positive incentives, sustainable and inclusive management of biodiversity and land, or prevention of terrestrial, freshwater, and marine ecosystem degradation.",There is no explicit link between UNEP and strengthening/enabling any nature-related framework/instrument/incentive in Ghana during 2018-2022.,[]
Ghana,2018–2022,2,UNEP project Ghana land ecosystem policy instrument established policy framework law regulation strategy action plan after:2018-01-01 before:2022-01-01,Module 1: A recap - The structure of UNEP and UNEA,https://stakeholderforum.org/wp-content/uploads/2021/12/UNEP-Asia-Pacific-Region-CB-Webninar-Presentation-2-Dec-2021-Website.pdf,How was the Medium-Term Strategy (MTS) and Programme of Work (PoW) developed? Medium Term Strategy 2022-2025. • Context analysis. • Overall Strategic Focus.,https://stakeholderforum.org › uploads › 2021/12,stakeholderforum_org_Module_1_A_recap_The_structure_of_UNEP_and_UNEA.txt,False,False,0,0,none,none,none,"The document does not contain explicit evidence related to Ghana's strengthened institutional and operational frameworks, policy and legal instruments, or positive incentives for sustainable and inclusive management of biodiversity and land, or prevention of terrestrial, freshwater, and marine ecosystem degradation during 2018-2022.","The document does not explicitly link UNEP to strengthening, developing, adopting, implementing, revising, approving, establishing, or operationalizing any nature-related framework/instrument/incentive in Ghana during 2018-2022.",[]
Ghana,2018–2022,2,UNEP project Ghana land ecosystem policy instrument established policy framework law regulation strategy action plan after:2018-01-01 before:2022-01-01,THE STRATEGIC PLAN 2020-2023,https://unhabitat.org/sites/default/files/documents/2019-09/strategic_plan_2020-2023.pdf,With a focus on achieving its four interconnected and mutually reinforcing goals or domains of change – spatial inequality and poverty; shared prosperity; ...,https://unhabitat.org › default › files › documents,unhabitat_org_THE_STRATEGIC_PLAN_2020_2023.txt,False,False,0,0,none,none,none,"The document does not contain explicit evidence related to Ghana during 2018-2022 about institutional/operational frameworks, policy/legal instruments, positive incentives, sustainable and inclusive management of biodiversity and land, or prevention of terrestrial, freshwater, or marine ecosystem degradation.",The document does not explicitly link UNEP to any nature-related framework/instrument/incentive in Ghana during 2018-2022.,[]
Ghana,2018–2022,2,UNEP project Ghana land ecosystem policy instrument established policy framework law regulation strategy action plan after:2018-01-01 before:2022-01-01,First Global Report,https://environmentalmigration.iom.int/sites/g/files/tmzbdl1411/files/documents/2023-11/environmental_rule_of_law.pdf,The. Environmental Rule of Law is now an established concept. There is an urgent need for it to be applied in a practical and effective way by courts and ...,https://environmentalmigration.iom.int › files › e...,environmentalmigration_iom_int_First_Global_Report.txt,False,False,0,0,none,none,global,"The document does not contain explicit evidence related to Ghana during 2018-2022 about institutional frameworks, policy/legal instruments, positive incentives, sustainable and inclusive management of biodiversity and land, or prevention of terrestrial, freshwater, or marine ecosystem degradation.",The document does not explicitly link UNEP to strengthening or enabling any nature-related framework/instrument/incentive in Ghana during 2018-2022.,[]
Ghana,2018–2022,2,UNEP project Ghana land ecosystem policy instrument established policy framework law regulation strategy action plan after:2018-01-01 before:2022-01-01,Chapter 4 — Global Warming of 1.5 ºC,https://www.ipcc.ch/sr15/chapter/chapter-4/,"The global response to warming of 1.5°C comprises transitions in land and ecosystem, energy, urban and infrastructure, and industrial systems.",https://www.ipcc.ch › chapter › chapter-4,www_ipcc_ch_Chapter_4_Global_Warming_of_1_5_C.txt,False,False,0,0,none,none,global,"The document does not contain explicit evidence related to Ghana during 2018-2022 about institutional/operational frameworks, policy/legal instruments, positive incentives, sustainable and inclusive management of biodiversity and land, or prevention of terrestrial, freshwater, or marine ecosystem degradation.",There is no explicit link between UNEP and any nature-related framework/instrument/incentive in Ghana during 2018-2022.,[]
Ghana,2018–2022,2,UNEP project Ghana land ecosystem policy instrument established policy framework law regulation strategy action plan after:2018-01-01 before:2022-01-01,GHANA:,https://ndpc.gov.gh/media/Voluntary_National_Review_Report_on_the_Implementation_of_the_SDGs_2019.pdf,"Sector-based policies, action plans and regulations are consistent with the SDGs, and reflect the dimensions of sustainable development. Key government flagship ...",https://ndpc.gov.gh › media › Voluntary_Nation...,ndpc_gov_gh_GHANA_.txt,True,False,60,0,policy instrument,developed,national,"The document outlines Ghana's efforts to implement the SDGs through various national development plans and policies, including the Coordinated Programme of Economic and Social Development Policies (2017-2024) and the Agenda for Jobs (2018-2021). These plans aim to address critical development challenges and are linked to achieving one or more of the SDGs.",There is no explicit mention of UNEP's involvement in supporting Ghana's SDG implementation efforts in the provided document.,"[""The government’s Coordinated Programme of Economic and Social Development Policies – The Agenda for Jobs: Creating Prosperity and Equal Opportunity for All, 2017-2024 serves as the basis for the preparation of the medium-term national development policy framework, which contained strategies consistent with the SDGs targets."", ""Ghana’s Budget has been aligned with the SDGs, with budget codes linked to one or more of the SDGs targets."", ""The Ministry of Finance has developed a tool that helps track government allocations and expenditure on each SDG target.""]"
Ghana,2018–2022,2,UNEP project Ghana land ecosystem policy instrument established policy framework law regulation strategy action plan after:2018-01-01 before:2022-01-01,Protecting the Marine Environment From Land-based ...,https://www.iisd.org/system/files/2021-01/still-one-earth-GPA.pdf,"Rather, it is a programme housed at UNEP that supports countries to make their own plans to curb land-based pollution of the marine environment. Countries are ...",https://www.iisd.org › files › still-one-earth-GPA,www_iisd_org_Protecting_the_Marine_Environment_From_Land_based_.txt,True,True,80,60,policy instrument / institutional framework,developed / strengthened / implemented,global / national,"The document provides evidence of strengthened institutional and operational frameworks, policy and legal instruments for sustainable management of marine environment from land-based activities in Ghana during 2018-2022. The Global Programme of Action for the Protection of the Marine Environment from Land-Based Activities (GPA) has been implemented in Ghana, with UNEP providing support.","UNEP has been explicitly linked to the development and implementation of the GPA in Ghana. UNEP provided technical assistance, supported the development of national plans of action, and funded projects through the Global Environment Facility (GEF).","[""The GPA was adopted by 108 countries and the European Commission in 1995 in Washington, DC. The GPA is not a legally binding agreement. Rather, it is a programme housed at UNEP that supports countries to make their own plans to curb land-based pollution of the marine environment."", ""In 2009, the GPA and its partners, including governments, the Food and Agricultural Organization of the UN (FAO), and industry and civil society groups such as the Federation of Free Farmers and the International Fertilizer Industry Association, launched the Global Partnership on Nutrient Management."", ""The Global Wastewater Initiative is the third GPA multi-stakeholder platform for action. The initiative, launched in 2013, conducts economic valuation studies on the environmental costs and benefits of nutrient management and has published guidance and good practices for regulating wastewater management."", ""Pilot projects such as a Waste Stock Exchange Management System in Ghana have helped popularize the idea of 'one person's waste, another person's raw material' and diverted pollutants away from the marine environment.""]"
Ghana,2018–2022,2,UNEP project Ghana land ecosystem policy instrument established policy framework law regulation strategy action plan after:2018-01-01 before:2022-01-01,NATIONAL URBAN POLICY,https://urbanpolicyplatform.org/wp-content/uploads/2018/04/NUP_Report_Africa.pdf,"Policy choices made to manage rapid urbanization will determine the future of cities there, and to a certain extent, the path of national development. Investing ...",https://urbanpolicyplatform.org › 2018/04 › NUP...,urbanpolicyplatform_org_NATIONAL_URBAN_POLICY.txt,False,False,0,0,none,none,none,"The document does not contain explicit evidence related to Ghana's institutional/operational frameworks, policy/legal instruments, positive incentives, sustainable and inclusive management of biodiversity and land, or prevention of terrestrial, freshwater, or marine ecosystem degradation during 2018-2022.",There is no explicit link between UNEP and strengthening/enabling any nature-related framework/instrument/incentive in Ghana during 2018-2022.,[]
Ghana,2018–2022,2,UNEP project Ghana land ecosystem policy instrument established policy framework law regulation strategy action plan after:2018-01-01 before:2022-01-01,Governance,https://moef.gov.in/uploads/2019/10/SpecialEdition_Journal-of-Governance.pdf,The IC Centre for Governance has been set up with the objective of collective thinking and acting on important issues of governance.,https://moef.gov.in › uploads › 2019/10 › Special...,moef_gov_in_Governance.txt,False,False,0,0,none,none,none,The document does not contain explicit evidence related to Ghana during 2018-2022. It appears to be a special issue of a journal focused on environmental governance in India.,There is no mention of UNEP in relation to Ghana or any specific framework/instrument/incentive during 2018-2022.,[]
Ghana,2018–2022,2,UNEP project Ghana land ecosystem policy instrument established policy framework law regulation strategy action plan after:2018-01-01 before:2022-01-01,Integrated water resources management in action,https://unesdoc.unesco.org/ark:/48223/pf0000181891,Integrated water resources management in action ; Corporate author. DHI Water Policy (Denmark); UNEP-DHI Centre for Water and Environment (Denmark); UNESCO World ...,https://unesdoc.unesco.org › ark:,unesdoc_unesco_org_Integrated_water_resources_management_in_action.txt,False,False,0,0,none,none,unclear,"The document is not about Ghana and is outside the time window of 2018-2022. It also does not contain explicit evidence related to institutional/operational frameworks, policy/legal instruments, positive incentives, sustainable and inclusive management of biodiversity and land, or prevention of terrestrial, freshwater, or marine ecosystem degradation.",There is no explicit link between UNEP and any nature-related framework/instrument/incentive in Ghana during 2018-2022.,[]
Ghana,2018–2022,2,UNEP project Ghana land ecosystem policy instrument established policy framework law regulation strategy action plan after:2018-01-01 before:2022-01-01,Ghana Country Environmental Analysis - Documents & Reports,https://documents1.worldbank.org/curated/en/419871588578973802/pdf/Ghana-Country-Environmental-Analysis.pdf,The legal framework governing land management in Ghana is com- plex and is ... National Environmental Sanitation Strategy and Action Plan. (NESSAP): ...,https://documents1.worldbank.org › curated › pdf,documents1_worldbank_org_Ghana_Country_Environmental_Analysis_Documents_Rep.txt,True,False,60,0,policy instrument,developed,national,"The document discusses environmental policies and institutions in Ghana, including the development of environmental regulations and laws.",There is no explicit mention of UNEP's role in strengthening environmental frameworks or instruments in Ghana.,"[""The Environmental Protection Agency (EPA) suffers from institutional weaknesses, which include: a weak policy environment; weak enforcement and compliance system; declining budget and resources for program implementation; limited decentralization and low budget allocations to local levels, as well as poor accountability of resources by departments and field offices in terms of performance (results, outputs, and outcomes); poor staff remuneration and performance management, inadequate planning, monitoring and evaluation, and knowledge management systems; suboptimal coordination with partner organizations; and poor client service orientation."", ""MESTI suffers from budgetary issues that adversely affect program implementation. Monitoring and evaluation (M&E) of environmental indicators, both internally and externally, is weak with no comprehensive database available to track inputs, outputs, outcomes, and impacts.""]"
Ghana,2018–2022,2,UNEP project Ghana land ecosystem policy instrument established policy framework law regulation strategy action plan after:2018-01-01 before:2022-01-01,Module 1: A recap - The structure of UNEP and UNEA,https://stakeholderforum.org/wp-content/uploads/2021/12/UNEP-Asia-Pacific-Region-CB-Webninar-Presentation-2-Dec-2021-Website.pdf,How was the Medium-Term Strategy (MTS) and Programme of Work (PoW) developed? Medium Term Strategy 2022-2025. • Context analysis. • Overall Strategic Focus.,https://stakeholderforum.org › uploads › 2021/12,stakeholderforum_org_Module_1_A_recap_The_structure_of_UNEP_and_UNEA.txt,False,False,0,0,none,none,none,"The document does not contain explicit evidence related to Ghana in 2018-2022 about institutional frameworks, operational frameworks, policy instruments, positive incentives, sustainable and inclusive management of biodiversity and land, or prevention of terrestrial, freshwater, or marine ecosystem degradation.","The document does not explicitly link UNEP to strengthening, developing, adopting, implementing, revising, approving, establishing, or operationalizing any nature-related framework/instrument/incentive in Ghana during 2018-2022.",[]
Ghana,2018–2022,2,UNEP project Ghana land ecosystem policy instrument established policy framework law regulation strategy action plan after:2018-01-01 before:2022-01-01,Sustainable Energy Fund for Africa (SEFA) 2,https://um.dk/media/1tmef0wd/03-sefarev2.pdf,The OC role is to establish the overall strategy and priorities of SEFA and approve the SEFA Technical Unit's work program and resourcing plans accordingly. In ...,https://um.dk › media › 03-sefarev2,um_dk_Sustainable_Energy_Fund_for_Africa_SEFA_2.txt,False,False,0,0,none,none,none,"The document does not contain explicit evidence related to Ghana during 2018-2022 about institutional frameworks, operational frameworks, policy instruments, positive incentives, sustainable and inclusive management of biodiversity and land, or prevention of terrestrial, freshwater, and marine ecosystem degradation.","The document does not explicitly link UNEP to strengthening, developing, adopting, implementing, revising, approving, establishing, or operationalizing nature-related frameworks, instruments, or incentives in Ghana during 2018-2022.",[]
Ghana,2018–2022,2,UNEP project Ghana land ecosystem policy instrument established policy framework law regulation strategy action plan after:2018-01-01 before:2022-01-01,Combating marine plastic litter and microplast,https://apps1.unep.org/resolutions/uploads/unep_aheg_2018_inf3_full_assessment_en.pdf,"UN Environment, 2017. Combating marine plastic litter and microplastics: An assessment of the effectiveness of relevant international, regional and subregional ...",https://apps1.unep.org › resolutions › uploads › u...,apps1_unep_org_Combating_marine_plastic_litter_and_microplast.txt,False,False,0,0,none,none,none,"The document does not contain explicit evidence related to Ghana in 2018-2022 about institutional frameworks, operational frameworks, policy instruments, positive incentives, or mechanisms for sustainable and inclusive management of biodiversity and land, or prevention of terrestrial, freshwater, and marine ecosystem degradation.","The document does not explicitly link UNEP to strengthening or enabling any nature-related framework, instrument, or incentive in Ghana during 2018-2022.",[]
Ghana,2018–2022,2,UNEP project Ghana land ecosystem policy instrument established policy framework law regulation strategy action plan after:2018-01-01 before:2022-01-01,AEWA Plan of Action for Africa 2019-2027,https://www.unep-aewa.org/sites/default/files/uploads/PoAA%202019_2027_web_en_200618_fin.pdf,"The AEWA Strategic Plan (SP) 2019-2027 provides the framework for implementation of the Agreement by the. Contracting Parties, Standing Committee, Technical.",https://www.unep-aewa.org › sites › files › uploads,www_unep-aewa_org_AEWA_Plan_of_Action_for_Africa_2019_2027.txt,True,False,60,0,policy instrument,developed,national,"The document outlines the AEWA Plan of Action for Africa 2019-2027, which includes various policy instruments and frameworks for the conservation and management of migratory waterbirds and their habitats in Africa. The plan was developed through a consultative process with Contracting Parties (CPs) and AEWA partners, and it provides a series of prioritized actions to be conducted under each Strategic Plan (SP) Objective and Target.","There is no explicit link between UNEP and the strengthening, development, adoption, implementation, revision, approval, establishment, or operationalization of the nature-related framework/instrument/incentive in Ghana during 2018-2022. The document mentions UNEP as the administrator of AEWA, but it does not provide evidence of UNEP's direct involvement in the development of the AEWA Plan of Action for Africa.","[""The AEWA Action Plan, which constitutes an integral part of the Agreement (Annex 3), is legally binding for all Contracting Parties."", ""The AEWA Strategic Plan (SP) 2019-2027 provides the framework for implementation of the Agreement by the Contracting Parties, Standing Committee, Technical Committee, UNEP/AEWA Secretariat and Partners."", ""The AEWA Plan of Action for Africa (PoAA) is the operational guideline for implementation of the AEWA Strategic Plan in Africa.""]"
Ghana,2018–2022,2,UNEP project Ghana land ecosystem policy instrument established policy framework law regulation strategy action plan after:2018-01-01 before:2022-01-01,AEWA Plan of Action for Africa 2019-2027,https://www.unep-aewa.org/sites/default/files/uploads/PoAA%202019_2027_web_en_200618_fin.pdf,"The AEWA Strategic Plan (SP) 2019-2027 provides the framework for implementation of the Agreement by the. Contracting Parties, Standing Committee, Technical.",https://www.unep-aewa.org › sites › files › uploads,www_unep-aewa_org_AEWA_Plan_of_Action_for_Africa_2019_2027.txt,True,False,60,0,policy instrument,developed,national,"The document outlines the AEWA Plan of Action for Africa 2019-2027, which includes various policy instruments and frameworks for the conservation and management of migratory waterbirds and their habitats in Africa. The plan provides practical guidance to Parties, the bodies of the Agreement, the UNEP/AEWA Secretariat, and partners to assist the enhanced implementation of the AEWA Strategic Plan in Africa.","There is no explicit evidence that UNEP directly supported or led the development of the AEWA Plan of Action for Africa 2019-2027. However, UNEP is mentioned as the administrator of the AEWA Agreement.","[""The AEWA Plan of Action for Africa 2019-2027 provides practical guidance to Parties, the bodies of the Agreement, the UNEP/AEWA Secretariat, and partners to assist the enhanced implementation of the AEWA Strategic Plan in Africa."", ""The Agreement on the Conservation of African-Eurasian Migratory Waterbirds (AEWA) is an intergovernmental treaty dedicated to the conservation of migratory waterbirds and their habitats in the African-Eurasian region."", ""The AEWA Action Plan specifies different measures to be undertaken by Parties to warrant the conservation of migratory waterbirds within their national boundaries.""]"
Ghana,2018–2022,2,UNEP project Ghana land ecosystem policy instrument established policy framework law regulation strategy action plan after:2018-01-01 before:2022-01-01,Environmental Justice Impacts of Marine Litter and Plastic ...,https://www.eli.org/sites/default/files/files-general/UNEP%20Report-%20Neglected-%20Environmental%20Justice%20Impacts%20of%20Marine%20Litter%20and%20Plastic%20Pollution.pdf,"This publication was developed by the United Nations Environment Programme (UNEP), through the generous funding of the Norwegian Agency for. Development ...",https://www.eli.org › default › files › files-general,www_eli_org_Environmental_Justice_Impacts_of_Marine_Litter_and.txt,False,False,0,0,none,none,global,"The document does not contain explicit evidence related to Ghana, nor does it discuss institutional frameworks, policy/legal instruments, positive incentives, sustainable and inclusive management of biodiversity and land, or prevention of terrestrial, freshwater, or marine ecosystem degradation in Ghana during 2018-2022.",The document does not explicitly link UNEP to any framework/instrument/incentive in Ghana during 2018-2022.,[]
Ghana,2018–2022,2,UNEP project Ghana land ecosystem policy instrument established policy framework law regulation strategy action plan after:2018-01-01 before:2022-01-01,Disaster Risk Reduction and Climate Change Adaptation,https://www.undrr.org/media/47688/download,"Countries have different ways to name DRR strategy documents. Some call it a strategy, other call it a framework or a strategic plan of action. But there ...",https://www.undrr.org › media › download,www_undrr_org_Disaster_Risk_Reduction_and_Climate_Change_Adaptat.txt,False,False,0,0,none,none,unclear,,,[]
Ghana,2018–2022,2,UNEP project Ghana land ecosystem policy instrument established policy framework law regulation strategy action plan after:2018-01-01 before:2022-01-01,Ghana's Adaptation Strategy and Action Plan for the ...,https://napglobalnetwork.org/wp-content/uploads/2020/06/napgn-en-2020-Ghana%E2%80%99s-Adaptation-Strategy-and-Action-Plan-for-the-Infrastructure-Sector.pdf,"There is a broad legal and policy framework already in place to support the successful implementation of adaptation actions for Ghana's water, energy, and ...",https://napglobalnetwork.org › uploads › 2020/06,napglobalnetwork_org_Ghana_s_Adaptation_Strategy_and_Action_Plan_for_th.txt,True,False,80,0,policy instrument,developed,national,"The document provides detailed information on Ghana's Adaptation Strategy and Action Plan for the Infrastructure Sector (Water, Energy, and Transport Sectors), which was developed by the Environmental Protection Agency (EPA) with financial and technical support from the NAP Global Network. The strategy aims to increase the resilience of Ghana's water, energy, and transport infrastructure to climate change. It outlines specific adaptation actions for the water, energy, and transport sectors and highlights the existing policy framework, including the National Climate Change Policy (2013), the National Climate Change Adaptation Strategy (2012), and the Nationally Determined Contributions (2015).",There is no explicit mention of UNEP's involvement in the development or implementation of the adaptation strategy and action plan.,"[""Ghana's Adaptation Strategy and Action Plan for the Infrastructure Sector (Water, Energy, and Transport Sectors) Developed by the Environmental Protection Agency"", ""The NAP Global Network was created in 2014 to support developing countries in advancing their NAP processes"", ""Financial support for the Network has been provided by Austria, Canada, Germany and the United States"", ""The Environmental Protection Agency (EPA), on behalf of the Ministry of Environment, Science, Technology and Innovation (MESTI), Ghana, would like to acknowledge the financial and technical support received to develop the infrastructure sector adaptation plan from the United States (U.S.) In-country Support Program""]"
Ghana,2018–2022,2,UNEP project Ghana land ecosystem policy instrument established policy framework law regulation strategy action plan after:2018-01-01 before:2022-01-01,A conceptual framework for the uptake of the green ...,https://www.sciencedirect.com/science/article/pii/S2468227619307525,A conceptual framework for the uptake of the green building concepts (GBC) in the Ghana construction industry to facilitate the understanding of a stakeholder' ...,https://www.sciencedirect.com › science › article › pii,www_sciencedirect_com_A_conceptual_framework_for_the_uptake_of_the_green.txt,False,False,0,0,none,none,unclear,The document does not contain any relevant information about Ghana or environmental policy evaluation for the time window 2018–2022.,The document does not contain any relevant information about UNEP's involvement in environmental policy evaluation for Ghana or any other country.,[]
Ghana,2018–2022,2,UNEP project Ghana land ecosystem policy instrument established policy framework law regulation strategy action plan after:2018-01-01 before:2022-01-01,A GLOBAL TREATY ON PLASTIC POLLUTION,https://au.int/sites/default/files/documents/41658-doc-WWF_AUC_Africa_Regional_Plastic_Policy_Report.pdf,Review progress made towards establishing a legally binding global treaty to address plastic pollution and explore potential elements from an African ...,https://au.int › sites › default › files › documents,au_int_A_GLOBAL_TREATY_ON_PLASTIC_POLLUTION.txt,False,False,0,0,none,none,global,"The document does not contain explicit evidence related to Ghana in 2018-2022 about institutional/operational frameworks, policy/legal instruments, positive incentives, sustainable and inclusive management of biodiversity and land, or prevention of terrestrial, freshwater, or marine ecosystem degradation.",The document does not explicitly link UNEP to strengthening/enabling any framework/instrument/incentive in Ghana during 2018-2022.,"[""No relevant evidence found""]"
Ghana,2022–2026,1,UNEP provided technical assistance Ghana land restoration policy adopted policy framework law regulation strategy action plan after:2022-01-01 before:2026-01-01,UNITED NATIONS United Nations Environment ...,https://docs.un.org/en/UNEP/EA.7/19,"UNEP actively promotes wastewater reuse to combat land degradation and build drought resilience, with projects that focus on technical assistance, advocacy, ...",https://docs.un.org › UNEP,docs_un_org_UNITED_NATIONS_United_Nations_Environment_.txt,False,False,0,0,none,none,unclear,,,[]
Ghana,2018–2022,2,UNEP project Ghana land ecosystem policy instrument established policy framework law regulation strategy action plan after:2018-01-01 before:2022-01-01,United Nations Environment Assembly of the ...,https://apps1.unep.org/resolutions/uploads/unep_aheg_2018_1_inf_4_unea2_edited.pdf,Global Programme of Action for the Protection of the Environment from Land-based Activities ... – policy/regulation implementation; Econ./Market ...,https://apps1.unep.org › resolutions › uploads › u...,apps1_unep_org_United_Nations_Environment_Assembly_of_the_.txt,False,False,0,0,none,none,none,"The document does not contain explicit evidence related to Ghana in 2018-2022 about institutional/operational frameworks, policy/legal instruments, positive incentives, sustainable and inclusive management of biodiversity and land, or prevention of terrestrial, freshwater, or marine ecosystem degradation.",The document does not explicitly link UNEP to strengthening/enabling any framework/instrument/incentive in Ghana during 2018-2022.,[]
Ghana,2018–2022,2,UNEP project Ghana land ecosystem policy instrument established policy framework law regulation strategy action plan after:2018-01-01 before:2022-01-01,The Renewable Energy Transition in Africa,https://www.irena.org/-/media/Files/IRENA/Agency/Publication/2021/March/Renewable_Energy_Transition_Africa_2021.pdf,Policy instruments and regulations need to be created or adapted to achieve these targets. As a point of departure for a consolidated approach to ener- gy ...,https://www.irena.org › Publication › March › R...,www_irena_org_The_Renewable_Energy_Transition_in_Africa.txt,False,False,0,0,none,none,global,"The document does not contain explicit evidence related to Ghana, nor does it discuss institutional frameworks, policy/legal instruments, positive incentives, sustainable and inclusive management of biodiversity and land, or prevention of terrestrial, freshwater, and marine ecosystem degradation.",There is no explicit link between UNEP and any nature-related framework/instrument/incentive in Ghana during 2018-2022.,[]
Ghana,2022–2026,1,UNEP provided technical assistance Ghana land restoration policy adopted policy framework law regulation strategy action plan after:2022-01-01 before:2026-01-01,National Policy Guiding Principles for Forest Landscape ...,https://unece.org/sites/default/files/2023-03/NPGP-general-version2022%20_0.pdf,"The principles are broadly based on the Ecosystem. Approach and the Short-Term Action Plan for Ecosystem. Restoration, both adopted by the Parties to the CBD;.",https://unece.org › sites › default › files,unece_org_National_Policy_Guiding_Principles_for_Forest_Land.txt,False,False,0,0,none,none,unclear,,,[]
Ghana,2022–2026,1,UNEP provided technical assistance Ghana land restoration policy adopted policy framework law regulation strategy action plan after:2022-01-01 before:2026-01-01,Managing the challenges of climate change mitigation and ...,https://www.sciencedirect.com/science/article/pii/S2405844023026981,This research reviews the impact of climate change and some interventions made toward its management.,https://www.sciencedirect.com › science › article › pii,www_sciencedirect_com_Managing_the_challenges_of_climate_change_mitigati.txt,False,False,0,0,none,none,unclear,"The document does not contain any information related to Ghana or the time window 2022-2026, nor does it discuss environmental policy or frameworks.",There is no mention of UNEP or any related activities in the document.,[]
Ghana,2022–2026,1,UNEP provided technical assistance Ghana land restoration policy adopted policy framework law regulation strategy action plan after:2022-01-01 before:2026-01-01,Roadmap for Resilient Infrastructure in a Changing Climate,https://gca.org/wp-content/uploads/2022/03/Ghana_Roadmap-for-Resilient-Infrastructure-in-a-Changing-Climate.pdf,The preparation of this resilient infrastructure roadmap has benefited greatly from the expertise provided by the Government of Ghana through its Technical ...,https://gca.org › wp-content › uploads › 2022/03,gca_org_Roadmap_for_Resilient_Infrastructure_in_a_Changing.txt,True,False,60,0,institutional framework / policy instrument,developed / strengthened,national,"The document provides evidence of a strengthened institutional framework for infrastructure development in Ghana, including the establishment of a Technical Working Group and the involvement of various Ministries, agencies, and organisations. However, there is no explicit evidence of strengthened frameworks, policies, or laws specifically for sustainable and inclusive management of biodiversity and land, or prevention of ecosystem degradation.","There is no explicit link between UNEP and the strengthening of frameworks, policies, or laws for sustainable and inclusive management of biodiversity and land, or prevention of ecosystem degradation in Ghana.","[""The preparation of this resilient infrastructure roadmap has benefited greatly from the expertise provided by the Government of Ghana through its Technical Working Group for this study."", ""This group comprised experts and stakeholders across a wide range of professions, knowledge and practice communities who participated in consultations, meetings, and workshops, while providing the data and information required to achieve this final output."", ""The study team is grateful for the contributions of representatives of the following Ministries, agencies, and organisations in Ghana: Ministry of Environment, Science, Technology and Innovation (MESTI); Ministry of Energy; Ministry of Finance; Ministry of Roads and Highways; Ministry of Transport; Ministry of Railways Development; Ministry of Sanitation and Water Resources; Ministry of Works and Housing; Ghana Water Company (GWCL); Ghana Environmental Protection Agency (EPA); Land Use and Spatial Planning Authority (LUSPA); Ghana Meteorological Agency; National Development Planning Commission (NDPC); National Disaster Management Organization (NADMO); Ghana Statistical Services (GSS); CSIR-Water Research Institute; Water Resources Commission (WRC); United Nations Development Programme (UNDP); ABANTU for Development; Kwame Nkrumah University of Science and Technology (KNUST); and the University of Ghana.""]"
Ghana,2022–2026,1,UNEP provided technical assistance Ghana land restoration policy adopted policy framework law regulation strategy action plan after:2022-01-01 before:2026-01-01,Ghana unveils $20bn plan to strengthen climate adaptation ...,https://www.facebook.com/Diamond93.7/posts/ghana-unveils-20bn-plan-to-strengthen-climate-adaptationghana-has-officially-lau/1475635417896294/,"Ghana unveils $20bn plan to strengthen climate adaptation Ghana has officially launched its National Adaptation Plan (NAP), a key step in the country's efforts ...",5 reactions,www_facebook_com_Ghana_unveils_20bn_plan_to_strengthen_climate_adap.txt,True,True,80,80,policy instrument,developed,national,"The document mentions Ghana's National Adaptation Plan (NAP) which is a policy instrument for climate change adaptation and resilience, developed with support from UNEP.",UNEP is explicitly mentioned as the delivery partner in the development of Ghana's National Adaptation Plan (NAP).,"[""Ghana unveils $20bn plan to strengthen climate adaptation"", ""Developed by the Environmental Protection Authority (EPA) under the Ministry of Environment, Science and Technology, the NAP was created with support from the Green Climate Fund (GCF) and the United Nations Environment Programme (UNEP) as the delivery partner.""]"
Ghana,2022–2026,1,UNEP provided technical assistance Ghana land restoration policy adopted policy framework law regulation strategy action plan after:2022-01-01 before:2026-01-01,Promoting synergies between land degradation neutrality ...,https://www.unccd.int/sites/default/files/2024-12/LDN%20climate%20synergies.pdf,The national adaptation plan (NAP) process was established under the United Nations Framework Convention on Climate. Change (UNFCCC) to enable countries to ...,https://www.unccd.int › sites › default › files,www_unccd_int_Promoting_synergies_between_land_degradation_neutr.txt,False,False,0,0,none,none,none,"The document does not contain explicit evidence related to Ghana in 2022-2026 about institutional/operational frameworks, policy/legal instruments, positive incentives, sustainable and inclusive management of biodiversity and land, or prevention of terrestrial, freshwater, or marine ecosystem degradation.",There is no explicit link between UNEP and strengthening/enabling the SP2.1 framework/instrument/incentive outcome in Ghana during 2022-2026.,[]
Ghana,2022–2026,1,UNEP provided technical assistance Ghana land restoration policy adopted policy framework law regulation strategy action plan after:2022-01-01 before:2026-01-01,Ghana - Green Growth PASA : CCDR AFOLU Background Note,https://documents1.worldbank.org/curated/en/099205110162231409/pdf/P17598909706d00209477090f387ca35f1.pdf,"Rightly so, Ghana's NDC Implementation and Investment plan lists conservation agriculture, post-harvest management and resilience fisheries and aquaculture.",https://documents1.worldbank.org › curated › pdf,documents1_worldbank_org_Ghana_Green_Growth_PASA_CCDR_AFOLU_Background_Note.txt,True,False,60,0,institutional framework / policy instrument,developed / strengthened,national,"The document discusses Ghana's efforts to promote climate-smart agriculture, operationalize zero deforestation, and adopt an integrated approach to AFOLU. It highlights the development of policies and plans, such as the National Climate Change Policy (NCCP), the Forest and Wildlife Policy (FWP), and the Forestry Development Master Plan (2016-2036). These frameworks aim to enhance ecological integrity, promote sustainable forest management, and address climate change impacts.",There is no explicit mention of UNEP's involvement in supporting or enabling the development of these frameworks and policies in Ghana.,"[""National Climate Change Policy (NCCP)"", ""Forest and Wildlife Policy (FWP)"", ""Forestry Development Master Plan (2016-2036)"", ""Climate-Smart Agriculture (CSA) interventions"", ""Payment for Ecosystem Services (PES)""]"
Ghana,2022–2026,1,UNEP provided technical assistance Ghana land restoration policy adopted policy framework law regulation strategy action plan after:2022-01-01 before:2026-01-01,Sustainable land management policy to address ...,https://www.frontiersin.org/journals/environmental-science/articles/10.3389/fenvs.2023.1088726/full,This paper explores the way REDD + initiative could play a role in consolidating land management strategies in non-forested area.,https://www.frontiersin.org › fenvs.2023.1088726 › full,www_frontiersin_org_Sustainable_land_management_policy_to_address_.txt,False,False,0,0,none,none,national,"The document does not contain explicit evidence related to Ghana in 2022-2026 about institutional/operational frameworks, policy/legal instruments, positive incentives, sustainable and inclusive management of biodiversity and land, or prevention of terrestrial, freshwater, or marine ecosystem degradation.",There is no explicit link between UNEP and strengthening/enabling any nature-related framework/instrument/incentive in Ghana during 2022-2026.,"[""The document is about Senegal, not Ghana.""]"
Ghana,2022–2026,1,UNEP provided technical assistance Ghana land restoration policy adopted policy framework law regulation strategy action plan after:2022-01-01 before:2026-01-01,Tanzania TRI_Project Document.pdf,https://tz.chm-cbd.net/sites/tz/files/2022-10/Tanzania%20TRI_Project%20Document.pdf,"The component aims to establish national landscape restoration governance and regulatory structure, and mainstream landscape restoration and sustainable land ...",https://tz.chm-cbd.net › sites › files,tz_chm-cbd_net_Tanzania_TRI_Project_Document_pdf.txt,False,False,0,0,none,none,none,"The document does not contain explicit evidence related to Ghana in 2022-2026. It appears to be a project document for Tanzania, not Ghana.",There is no explicit link between UNEP and any framework/instrument/incentive in Ghana during 2022-2026.,"[""The document is about a project in Tanzania, not Ghana.""]"
Ghana,2022–2026,1,UNEP provided technical assistance Ghana land restoration policy adopted policy framework law regulation strategy action plan after:2022-01-01 before:2026-01-01,Strategic Framework - Tropical Forests Initiative for Climate ...,https://um.dk/media/yxydv3z5/rev-strategic-framework-for-the-tropical-forests-initiative-for-climate-and-sustainable-development.pdf,The initiative will address deforestation and support transformative and sustained change through long- term engagements in existing and new projects on forest ...,https://um.dk › media › rev-strategic-framework-...,um_dk_Strategic_Framework_Tropical_Forests_Initiative_fo.txt,False,False,0,0,none,none,global,"The document does not contain explicit evidence related to Ghana in 2022-2026 about institutional/operational frameworks, policy/legal instruments, positive incentives, sustainable and inclusive management of biodiversity and land, or prevention of terrestrial, freshwater, or marine ecosystem degradation.",There is no explicit link between UNEP and strengthening/enabling any nature-related framework/instrument/incentive in Ghana during 2022-2026.,"[""No relevant evidence found""]"
Ghana,2022–2026,1,UNEP provided technical assistance Ghana land restoration policy adopted policy framework law regulation strategy action plan after:2022-01-01 before:2026-01-01,Agroforestry Development in Ghana: A Participatory ...,https://www.i4policy.org/wp-content/uploads/2025/11/CERF-Agroforestry-Development-in-Ghana-A-Participatory-Approach-to-Progress-2025.pdf,Establishing a unified national agroforestry policy framework aligns with Ghana's broader environmental and agricultural strategies. This framework should ...,https://www.i4policy.org › uploads › 2025/11,www_i4policy_org_Agroforestry_Development_in_Ghana_A_Participatory_.txt,True,False,80,0,policy instrument / institutional framework,developed / strengthened,national,"The document provides detailed information on Ghana's agroforestry sector, including policies, programs, and initiatives. It highlights the government's efforts to promote sustainable forest management, agroforestry, and community participation. The Forestry Development Master Plans (1996-2020 and 2016-2036) and the Ghana Tree Crop Diversification Project (GTCDP) are examples of government-led initiatives that focus on agroforestry and sustainable forest management.",There is no explicit mention of UNEP's involvement in the development or implementation of Ghana's agroforestry policies or programs in the provided document.,"[""The Forestry Development Master Plans (1996 –2020 and 2016 –2036) focused on sustainable forest management, agroforestry, community participation, and benefit-sharing mechanisms."", ""The Ghana Tree Crop Diversification Project (GTCDP) aims to strengthen the resilience of cocoa, coconut, cashew, and rubber value chains using agroforestry practices."", ""The National Cocoa Rehabilitation Programme integrates agroforestry practices with disease-resistant cocoa varieties to rehabilitate farms affected by the Cocoa Swollen Shoot Virus Disease (CSSVD).""]"
Ghana,2022–2026,1,UNEP provided technical assistance Ghana land restoration policy adopted policy framework law regulation strategy action plan after:2022-01-01 before:2026-01-01,The Role of the United Nations Environment Programme ...,https://digitalcommons.wcl.american.edu/context/auilr/article/1585/viewcontent/5_2_7.pdf,"Once its core legal and technical positions have coalesced,. UNEP begins consolidating its political support. It identifies key con- stituencies such as ...",https://digitalcommons.wcl.american.edu › article,digitalcommons_wcl_american_edu_The_Role_of_the_United_Nations_Environment_Program.txt,False,False,0,0,none,none,unclear,,,[]
Ghana,2022–2026,1,UNEP provided technical assistance Ghana land restoration policy adopted policy framework law regulation strategy action plan after:2022-01-01 before:2026-01-01,Used Lead Acid Batteries (ULAB),https://www.unep.org/topics/chemicals-and-pollution-action/pollution-and-health/heavy-metals/used-lead-acid-batteries,"To address this pressing issue, this project aimed to establish the basis for the ESM of ULABs in Bangladesh through the provision of technical assistance and ...",https://www.unep.org › ... › Heavy metals,www_unep_org_Used_Lead_Acid_Batteries_ULAB_.txt,True,True,80,80,policy instrument,developed,national,The document provides evidence of UNEP's involvement in developing policy instruments for the environmentally sound management of waste lead-acid batteries in Ghana and other African countries.,"UNEP is explicitly credited with supporting the development of national strategies and policy instruments for the environmentally sound management of waste lead-acid batteries in Ghana, Burkina Faso, and Tanzania.","[""UNEP Africa Office with the support of Pure Earth has concluded a project conducting a Baseline Assessment of waste lead-acid batteries collection, storage and transportation practices in Ghana."", ""UNEP, in collaboration with Pure Earth, has developed a Guidance Manual for Policy Makers and Regulators for the Environmentally Sound Management of Waste or Used Lead Acid Batteries in Africa."", ""The Governments of Burkina Faso and Tanzania welcomed the national strategies on Environmentally Sound Management of Waste or Used Lead Acid Batteries (WLAB) developed by Pure Earth a Partner of UNEP and funded by the European Commission.""]"
Ghana,2022–2026,1,UNEP provided technical assistance Ghana land restoration policy adopted policy framework law regulation strategy action plan after:2022-01-01 before:2026-01-01,Green-Taxonomy-Framework-for-Ghana_V3.pdf,https://www.mofep.gov.gh/sites/default/files/reports/economic/Green-Taxonomy-Framework-for-Ghana_V3.pdf,The Ghana Green Finance Taxonomy is a strategic framework designed to guide investments toward a sustainable and climate-resilient economy. As West Africa's ...,https://www.mofep.gov.gh › reports › economic,www_mofep_gov_gh_Green_Taxonomy_Framework_for_Ghana_V3_pdf.txt,True,False,85,0,policy instrument,developed,national,"The document outlines a comprehensive Green Finance Taxonomy for Ghana, which includes institutional frameworks, policy instruments, and positive incentives for sustainable and inclusive management of biodiversity and land. The taxonomy provides a clear framework for identifying and classifying environmentally sustainable economic activities, guiding investments toward projects aligned with Ghana's environmental, social, and economic objectives.",There is no explicit mention of UNEP's role in supporting or enabling the development of the Green Finance Taxonomy in Ghana. The document does not provide evidence of UNEP's involvement in the development or implementation of the taxonomy.,"[""The Ghana Green Finance Taxonomy is a strategic framework designed to guide investments toward a sustainable and climate-resilient economy."", ""The taxonomy establishes clear criteria for identifying environmentally sustainable economic activities, providing financial institutions, investors, businesses, and policymakers with a structured approach to direct capital toward projects aligned with Ghana’s environmental, social, and economic objectives."", ""The development of this Taxonomy has been a journey of collaboration and innovation. It is the product of extensive cooperation between government agencies, industry experts, civil society organizations, and our development partners.""]"
Ghana,2022–2026,1,UNEP provided technical assistance Ghana land restoration policy adopted policy framework law regulation strategy action plan after:2022-01-01 before:2026-01-01,"Governments commit to forest restoration, but what does it ...",https://iris.unil.ch/bitstreams/379fd063-abb6-44ee-ab20-31f1ce86e00f/download,"Our analysis identified 15 motivat- ing factors for forest restoration, including the desire to mitigate land degradation, droughts or floods or to contribute ...",https://iris.unil.ch › bitstreams › download,iris_unil_ch_Governments_commit_to_forest_restoration_but_what_.txt,False,False,0,0,none,none,global,"The document does not contain explicit evidence related to Ghana in 2022-2026 about institutional/operational frameworks, policy/legal instruments, positive incentives, sustainable and inclusive management of biodiversity and land, or prevention of terrestrial, freshwater, or marine ecosystem degradation.",There is no explicit link between UNEP and any nature-related framework/instrument/incentive in Ghana during 2022-2026.,[]
Ghana,2022–2026,1,UNEP provided technical assistance Ghana land restoration policy adopted policy framework law regulation strategy action plan after:2022-01-01 before:2026-01-01,Emissions Gap Report 2023: Broken Record,https://www.unep.org/interactives/emissions-gap-report/2023/,"It provides an annual, independent science-based assessment of the gap between the pledged greenhouse gas (GHG) emissions reductions and the reductions required ...",https://www.unep.org › interactives › emissions-gap-rep...,www_unep_org_Emissions_Gap_Report_2023_Broken_Record.txt,False,False,0,0,none,none,global,"The document does not contain explicit evidence related to Ghana, nor does it discuss institutional frameworks, operational frameworks, policy instruments, legal instruments, positive incentives, sustainable and inclusive management of biodiversity and land, or prevention of terrestrial, freshwater, or marine ecosystem degradation.",There is no mention of UNEP's involvement in supporting or enabling SP2.1 outcomes in Ghana during 2022-2026.,[]
Ghana,2022–2026,1,UNEP provided technical assistance Ghana land restoration policy adopted policy framework law regulation strategy action plan after:2022-01-01 before:2026-01-01,Community Resilience: Integrating Local Approaches into ...,https://afripoli.org/community-resilience-integrating-local-approaches-into-ghanas-climate-change-adaptation-agenda,"The brief starts by highlighting the key findings of the mapping of policies, strategies, and actions related to climate change in Ghana. It finds that the ...",https://afripoli.org › community-resilience-integrating-l...,afripoli_org_Community_Resilience_Integrating_Local_Approaches_.txt,True,False,80,0,policy instrument / legal instrument / positive incentive,developed / strengthened / adopted,national,"The document discusses Ghana's climate change policies, strategies, and actions, including the National Climate Change Policy (NCCP), the National Climate Change Adaptation Strategy (NCCAS), the Nationally Determined Contributions (NDCs), and other initiatives. These frameworks aim to enhance adaptive capacities, promote low-carbon development pathways, and support sustainable development. The document highlights the importance of locally-led adaptation and community-based initiatives in addressing climate change impacts.","There is no explicit mention of UNEP's role in supporting or enabling the development, adoption, implementation, or operationalization of Ghana's climate change policies, strategies, or actions.","[""Ghana's updated NDC identifies several priority areas for adaptation, reflecting the nation's intent to tackle climate challenges comprehensively."", ""The National Climate Change Policy (NCCP), the 2012 National Climate Change Adaptation Strategy (NCCAS), the 2015 NDCs, the National Climate Change Master Plan Action Programmes for Implementation (2015–2020), and the National Adaptation Policy Framework (2018) guide climate actions and initiatives."", ""Key implementation strategies to build adaptive capacities at the local level include climate information services, integrated landscape planning, sea defence walls, early warning and disaster risk management, integrated water resource management, resilient community infrastructure, crop insurance, and promoting opportunities for improving the livelihoods and resilience of women and vulnerable groups.""]"
Ghana,2022–2026,1,UNEP provided technical assistance Ghana land restoration policy adopted policy framework law regulation strategy action plan after:2022-01-01 before:2026-01-01,2025_VNR_Report.pdf,https://ndpc.gov.gh/media/2025_VNR_Report.pdf,"Ghana's Medium-Term. National Development Policy Framework (2022–2025) continues to align with the 2030 Agenda, ensuring that policies and programs drive ...",https://ndpc.gov.gh › media › 2025_VNR_Report,ndpc_gov_gh_2025_VNR_Report_pdf.txt,False,False,0,0,none,none,national,"The document does not contain explicit evidence related to institutional/operational frameworks, policy/legal instruments, positive incentives, sustainable and inclusive management of biodiversity and land, or prevention of terrestrial, freshwater, or marine ecosystem degradation in Ghana during 2022-2026.",There is no explicit link between UNEP and any nature-related framework/instrument/incentive in Ghana during 2022-2026.,[]
Ghana,2022–2026,1,UNEP provided technical assistance Ghana land restoration policy adopted policy framework law regulation strategy action plan after:2022-01-01 before:2026-01-01,ECOWAS Regional Climate Strategy (RCS) And Action ...,https://disasterdisplacement.org/wp-content/uploads/2022/10/ECOWAS-Regional-Climate-Strategy_FINAL_compressed.pdf,... policy (ECOWAP) adopted in 2005 by the Conference of Heads of. States has provided the region with a policy framework to guide and support the desired.,https://disasterdisplacement.org › 2022/10 › ECO...,disasterdisplacement_org_ECOWAS_Regional_Climate_Strategy_RCS_And_Action_.txt,False,False,0,0,none,none,global,"The document is about the ECOWAS Regional Climate Strategy, which is not specific to Ghana and does not contain explicit evidence related to SP2.1 for Ghana in 2022-2026.",There is no explicit link between UNEP and the climate strategy or actions in Ghana for 2022-2026.,"[""No relevant phrases""]"
Ghana,2022–2026,1,UNEP provided technical assistance Ghana land restoration policy adopted policy framework law regulation strategy action plan after:2022-01-01 before:2026-01-01,Climate Action Roadmaps For Buildings and Construction ...,https://globalabc.org/sites/default/files/2024-11/Climate%20Action%20Roadmap_GHANA.pdf,"It includes a brief summary of the current and projected country emissions, context on national climate commitments, policy framework and international.",https://globalabc.org › sites › default › files › Clim...,globalabc_org_Climate_Action_Roadmaps_For_Buildings_and_Construc.txt,True,False,80,0,policy instrument,developed,national,"The document outlines several policy instruments and frameworks for sustainable building and construction in Ghana, including the Climate Action Roadmap for Buildings and Construction, the Nationally Determined Contribution (NDC), and the Long-term National Development Plan (2018-2057). These frameworks aim to reduce greenhouse gas emissions, promote energy efficiency, and increase the use of local low-carbon materials in building construction.",There is no explicit mention of UNEP's direct involvement in the development or implementation of the frameworks and instruments mentioned in the document.,"[""The Climate Action Roadmap for Buildings and Construction aims to support Ghana, through the Ministry of Works and Housing, in reducing building emissions across the construction value chain and increase climate goals within the industry."", ""Ghana’s updated Nationally Determined Contribution (NDC) under the Paris Agreement (2020 to 2030) covers 19 policy areas, translating into 47 adaptation and mitigation programmes of action."", ""The Long-term National Development Plan (2018-2057) goal one seeks to create an equitable, healthy and prosperous society while goal three aims to build well planned and safe communities, while protecting the natural environment.""]"
Ghana,2022–2026,1,UNEP provided technical assistance Ghana land restoration policy adopted policy framework law regulation strategy action plan after:2022-01-01 before:2026-01-01,English,https://www.undp.org/sites/g/files/zskgke326/files/2023-07/dpdcpGNQ-4_FINAL.docx,Simplification of the legal and regulatory framework for start-ups and ... High level policy advice and technical assistance will create opportunities ...,https://www.undp.org › dpdcpGNQ-4_FINAL,www_undp_org_English.txt,False,False,0,0,none,none,unclear,,,[]
Ghana,2022–2026,1,UNEP provided technical assistance Ghana land restoration policy adopted policy framework law regulation strategy action plan after:2022-01-01 before:2026-01-01,The Role of the United Nations Environment Programme ...,https://digitalcommons.wcl.american.edu/context/auilr/article/1585/viewcontent/5_2_7.pdf,"Once its core legal and technical positions have coalesced,. UNEP begins consolidating its political support. It identifies key con- stituencies such as ...",https://digitalcommons.wcl.american.edu › article,digitalcommons_wcl_american_edu_The_Role_of_the_United_Nations_Environment_Program.txt,False,False,0,0,none,none,unclear,,,[]
Ghana,2022–2026,1,UNEP provided technical assistance Ghana land restoration policy adopted policy framework law regulation strategy action plan after:2022-01-01 before:2026-01-01,AFRICAN UNION CLIMATE CHANGE AND RESILIENT ...,https://au.int/sites/default/files/documents/41959-doc-CC_Strategy_and_Action_Plan_2022-2032_08_02_23_Single_Print_Ready.pdf,"this Strategy and Action Plan provides an outline for a harmonized and coordinated approach to respond to climate change, setting out common principles ...",https://au.int › sites › default › files › documents,au_int_AFRICAN_UNION_CLIMATE_CHANGE_AND_RESILIENT_.txt,False,False,0,0,none,none,unclear,,,[]
Ghana,2022–2026,1,UNEP provided technical assistance Ghana land restoration policy adopted policy framework law regulation strategy action plan after:2022-01-01 before:2026-01-01,"A rapid review of effective financing for policy, implementation ...",https://openknowledge.fao.org/server/api/core/bitstreams/d4cd42d7-84c4-4ff1-9123-867982719440/content,"Since the formulation of projects for GCF is technically demanding, the GCF Readiness. Programme provides grants and technical assistance to National Designated ...",https://openknowledge.fao.org › core › content,openknowledge_fao_org_A_rapid_review_of_effective_financing_for_policy_i.txt,False,False,0,0,none,none,none,"The document does not contain explicit evidence related to Ghana in 2022-2026 about institutional/operational frameworks, policy/legal instruments, positive incentives, sustainable and inclusive management of biodiversity and land, or prevention of terrestrial, freshwater, or marine ecosystem degradation.",There is no explicit link between UNEP and strengthening/enabling any nature-related framework/instrument/incentive in Ghana during 2022-2026.,[]
Ghana,2022–2026,1,UNEP provided technical assistance Ghana land restoration policy adopted policy framework law regulation strategy action plan after:2022-01-01 before:2026-01-01,Case of Ghana - CGSpace,https://cgspace.cgiar.org/bitstreams/5ab5efe2-307d-41bd-aab1-4b78402006af/download,"Thanks to the major policy reforms, country has attracted foreign investment for the Information and. Communication Technology (ICT) industry, including ...",https://cgspace.cgiar.org › bitstreams › download,cgspace_cgiar_org_Case_of_Ghana_CGSpace.txt,False,False,0,0,none,none,unclear,,,[]
Ghana,2022–2026,1,UNEP provided technical assistance Ghana land restoration policy adopted policy framework law regulation strategy action plan after:2022-01-01 before:2026-01-01,WPB 2025-2026 Compendium of Business Plans,https://gggi.org/wp-content/uploads/2024/09/Compendium-of-Business-Plans.pdf,"... activities, resulting in 8 green policies adopted, 28 policy advisory outputs and 35 knowledge products. To conclude the year 2023, Africa mobilized US ...",https://gggi.org › wp-content › uploads › 2024/09,gggi_org_WPB_2025_2026_Compendium_of_Business_Plans.txt,False,False,0,0,none,none,unclear,No evidence found due to document fetch error.,No evidence found due to document fetch error.,[]
Ghana,2022–2026,1,UNEP provided technical assistance Ghana land restoration policy adopted policy framework law regulation strategy action plan after:2022-01-01 before:2026-01-01,"Food Systems, Land Use and Restoration Program ...",https://www.folur.org/sites/default/files/2024-06/16954-WB_FOLUR%20Spring%20Update-WEB_1.pdf,The FOLUR Policy Accelerator was successfully launched for policymakers looking to design or improve incentive programs for landscape restoration in forests and ...,https://www.folur.org › sites › default › files,www_folur_org_Food_Systems_Land_Use_and_Restoration_Program_.txt,True,False,61,0,institutional framework / policy instrument,developed / strengthened,national,"The document mentions the FOLUR Impact Program, which works across landscapes in 27 countries, including Ghana. In Ghana, the project focuses on strengthening integrated natural resource management and increasing benefits to communities in targeted savannah and cocoa forest landscapes. The project development objective of the FOLUR-supported Landscape Restoration and Small-Scale Mining Project in Ghana is to strengthen integrated natural resource management and increase benefits to communities in targeted savannah and cocoa forest landscapes.","There is no explicit mention of UNEP's direct involvement in strengthening, developing, adopting, implementing, revising, approving, establishing, or operationalizing the nature-related framework/instrument/incentive in Ghana during 2022-2026.","[""The FOLUR Impact Program works across landscapes in 27 countries, including Ghana."", ""In Ghana, the project focuses on strengthening integrated natural resource management and increasing benefits to communities in targeted savannah and cocoa forest landscapes."", ""The project development objective of the FOLUR-supported Landscape Restoration and Small-Scale Mining Project is to strengthen integrated natural resource management and increase benefits to communities in targeted savannah and cocoa forest landscapes.""]"
Ghana,2022–2026,1,UNEP provided technical assistance Ghana land restoration policy adopted policy framework law regulation strategy action plan after:2022-01-01 before:2026-01-01,ECOWAS Regional Climate Strategy (RCS) And Action ...,https://disasterdisplacement.org/wp-content/uploads/2022/10/ECOWAS-Regional-Climate-Strategy_FINAL_compressed.pdf,... policy (ECOWAP) adopted in 2005 by the Conference of Heads of. States has provided the region with a policy framework to guide and support the desired.,https://disasterdisplacement.org › 2022/10 › ECO...,disasterdisplacement_org_ECOWAS_Regional_Climate_Strategy_RCS_And_Action_.txt,False,False,0,0,none,none,global,"The document does not contain explicit evidence related to Ghana's strengthened institutional and operational frameworks, policy and legal instruments, or positive incentives for sustainable and inclusive management of biodiversity and land, or prevention of terrestrial, freshwater and marine ecosystem degradation during 2022-2026.",There is no explicit link between UNEP and any nature-related framework/instrument/incentive in Ghana during 2022-2026.,[]
Ghana,2022–2026,1,UNEP provided technical assistance Ghana land restoration policy adopted policy framework law regulation strategy action plan after:2022-01-01 before:2026-01-01,Ghana,https://afr100.org/country/ghana,"Ghana stands to gain from LDN's multiple environmental and societal benefits, which help to address issues of land degradation.",https://afr100.org › country › ghana,afr100_org_Ghana.txt,False,False,0,0,none,none,unclear,No evidence found due to document fetch error.,No evidence found due to document fetch error.,[]
Ghana,2022–2026,1,UNEP provided technical assistance Ghana land restoration policy adopted policy framework law regulation strategy action plan after:2022-01-01 before:2026-01-01,"Governments commit to forest restoration, but what does it ...",https://iris.unil.ch/bitstreams/379fd063-abb6-44ee-ab20-31f1ce86e00f/download,"Our analysis identified 15 motivat- ing factors for forest restoration, including the desire to mitigate land degradation, droughts or floods or to contribute ...",https://iris.unil.ch › bitstreams › download,iris_unil_ch_Governments_commit_to_forest_restoration_but_what_.txt,False,False,0,0,none,none,global,"The document does not contain explicit evidence related to Ghana in 2022-2026 about institutional/operational frameworks, policy/legal instruments, positive incentives, sustainable and inclusive management of biodiversity and land, or prevention of terrestrial, freshwater, or marine ecosystem degradation.",There is no explicit link between UNEP and strengthening/enabling the SP2.1 framework/instrument/incentive outcome in Ghana during 2022-2026.,"[""The document does not mention Ghana or any specific actions related to Ghana in 2022-2026.""]"
Ghana,2022–2026,1,UNEP provided technical assistance Ghana land restoration policy adopted policy framework law regulation strategy action plan after:2022-01-01 before:2026-01-01,implementing-the-global-action-plan-on-antimicrobial- ...,https://www.woah.org/app/uploads/2024/01/implementing-the-global-action-plan-on-antimicrobial-resistance.pdf,"All reasonable precautions have been taken by WHO, FAO, UNEP and World Organisation for Animal. Health to verify the information contained in this publication.",https://www.woah.org › app › uploads › 2024/01,www_woah_org_implementing_the_global_action_plan_on_antimicrobi.txt,False,False,0,0,none,none,none,"The document does not contain explicit evidence related to institutional frameworks, operational frameworks, policy instruments, positive incentives, sustainable and inclusive management of biodiversity and land, or prevention of terrestrial, freshwater, or marine ecosystem degradation in Ghana during 2022-2026.","There is no explicit link between UNEP and any framework, instrument, or incentive related to sustainable and inclusive management of biodiversity and land, or prevention of ecosystem degradation in Ghana during 2022-2026.",[]
Ghana,2022–2026,1,UNEP provided technical assistance Ghana land restoration policy adopted policy framework law regulation strategy action plan after:2022-01-01 before:2026-01-01,UNDP GHANA,https://www.undp.org/sites/g/files/zskgke326/files/2024-02/undp_ghana_cpd-2023-2027-_designed.pdf,"UNDP will support and provide technical assistance to the National Development Planning. Commission (NDPC) to support routine data collection, surveys and ...",https://www.undp.org › files › zskgke326 › files,www_undp_org_UNDP_GHANA.txt,True,False,60,0,institutional framework / operational framework / policy instrument,developed / strengthened,national,"The document mentions several initiatives related to environmental conservation and sustainable development in Ghana, including the restoration of degraded landscapes, promoting sustainable environmental production, and enhancing institutional capacities for good governance and environmental stewardship.",There is no explicit mention of UNEP's role in supporting or enabling the environmental initiatives and frameworks in Ghana.,"[""The UNDP Ghana country programme takes its priorities from the UNSDCF vision that is inspired by a cohesive, innovative, responsive, and agile UNDS, and aims to promote and support SDG implementation for an inclusive and resilient Ghana."", ""UNDP will provide investment expertise, including catalytic financial structuring, de-risking, and capital deployment to drive resource mobilization for climate financing and achieving SDG impact."", ""The country programme will ensure the use of a human rights-based approach across programme activities, including the principle of ‘leave no one behind’ to ensure all human rights (economic, social and environmental) are upheld.""]"
Ghana,2022–2026,1,UNEP provided technical assistance Ghana land restoration policy adopted policy framework law regulation strategy action plan after:2022-01-01 before:2026-01-01,Review of Environmental Policy and Legal Framework ...,https://www.jetir.org/papers/JETIR2506871.pdf,The primary aim of this study is to provide an in- depth understanding of various environmental legal and policy frameworks governing oil and gas production in ...,https://www.jetir.org › papers › JETIR2506871,www_jetir_org_Review_of_Environmental_Policy_and_Legal_Framework.txt,False,False,0,0,none,none,none,"The document is about South Sudan, not Ghana, and does not contain any information about Ghana's environmental policy or legal framework.",There is no mention of UNEP in relation to Ghana's environmental policy or legal framework.,[]
Ghana,2022–2026,1,UNEP provided technical assistance Ghana land restoration policy adopted policy framework law regulation strategy action plan after:2022-01-01 before:2026-01-01,"Desertification, Land Degradation and Drought A Polic",https://www.ohchr.org/sites/default/files/documents/issues/environment/srenvironment/activities/SR-Environment-PolicyBrief-4.pdf,"To prevent further land degradation, reverse desertification, protect human rights, restore healthy ecosystems, and combat the planetary environmental crisis, ...",https://www.ohchr.org › srenvironment › activities,www_ohchr_org_Desertification_Land_Degradation_and_Drought_A_Pol.txt,False,False,0,0,none,none,none,"The document does not contain explicit evidence related to Ghana in 2022-2026 about institutional/operational frameworks, policy/legal instruments, positive incentives, sustainable and inclusive management of biodiversity and land, or prevention of terrestrial, freshwater, or marine ecosystem degradation.",There is no explicit link between UNEP and any nature-related framework/instrument/incentive in Ghana during 2022-2026.,[]
Ghana,2022–2026,1,UNEP provided technical assistance Ghana land restoration policy adopted policy framework law regulation strategy action plan after:2022-01-01 before:2026-01-01,Restoring degraded landscapes from galamsey activities in ...,https://www.sciencedirect.com/science/article/pii/S2772912525002210,"Through strengthening legal frameworks, mobilizing financial investments, enhancing technical expertise, securing land tenure rights, engaging communities ...",https://www.sciencedirect.com › science › article › pii,www_sciencedirect_com_Restoring_degraded_landscapes_from_galamsey_activi.txt,False,False,0,0,none,none,unclear,,,[]
Ghana,2022–2026,1,UNEP provided technical assistance Ghana land restoration policy adopted policy framework law regulation strategy action plan after:2022-01-01 before:2026-01-01,2030 Targets (with Guidance Notes),https://www.cbd.int/gbf/targets,"Ensure that by 2030 at least 30 per cent of areas of degraded terrestrial, inland water, and marine and coastal ecosystems are under effective restoration, in ...",https://www.cbd.int › gbf › targets,www_cbd_int_2030_Targets_with_Guidance_Notes_.txt,False,False,0,0,none,none,global,The document does not contain explicit evidence related to Ghana or the time window 2022-2026. It appears to be a general document about the Kunming-Montreal Global Biodiversity Framework and its targets.,There is no explicit link to UNEP in the provided document.,[]
Ghana,2022–2026,1,UNEP provided technical assistance Ghana land restoration policy adopted policy framework law regulation strategy action plan after:2022-01-01 before:2026-01-01,Environmental Outlook on the Triple Planetary Crisis,https://www.oecd.org/en/publications/2025/11/environmental-outlook-on-the-triple-planetary-crisis_13752c08/full-report/roadmap-for-policy-action_b27692cb.html,"Climate change, biodiversity loss and pollution – the three elements of what is now called the triple planetary crisis – are a growing risk to human health, ...",https://www.oecd.org › ... › Full Report,www_oecd_org_Environmental_Outlook_on_the_Triple_Planetary_Cris.txt,False,False,0,0,none,none,global,"The document does not contain explicit evidence related to Ghana or the time window 2022–2026. It discusses general environmental policies and frameworks, but does not provide specific information about Ghana's institutional frameworks, policy instruments, or positive incentives for sustainable and inclusive management of biodiversity and land, or prevention of terrestrial, freshwater, and marine ecosystem degradation.","There is no explicit link between UNEP and any framework/instrument/incentive in Ghana during 2022–2026. The document mentions UNEP in a general context, but does not provide specific information about UNEP's involvement in Ghana.","[""No relevant evidence found""]"
Ghana,2022–2026,1,UNEP provided technical assistance Ghana land restoration policy adopted policy framework law regulation strategy action plan after:2022-01-01 before:2026-01-01,Sustainability and Circularity in the Textile Value Chain,https://circulareconomy.europa.eu/platform/sites/default/files/2023-12/Full%20Report%20-%20UNEP%20Sustainability%20and%20Circularity%20in%20the%20Textile%20Value%20Chain%20A%20Global%20Roadmap_0.pdf,Author: Laila Petrie (2050). This report is built on the findings of the UNEP report Sustainability and Circularity in the Textile Value Chain - Global ...,https://circulareconomy.europa.eu › default › files,circulareconomy_europa_eu_Sustainability_and_Circularity_in_the_Textile_Valu.txt,False,False,0,0,none,none,global,"The document does not contain explicit evidence related to Ghana during 2022-2026 about institutional/operational frameworks, policy/legal instruments, positive incentives, sustainable and inclusive management of biodiversity and land, or prevention of terrestrial, freshwater, or marine ecosystem degradation.",The document does not explicitly link UNEP to strengthening/enabling any framework/instrument/incentive in Ghana during 2022-2026.,"[""No relevant phrases found""]"
Ghana,2022–2026,1,UNEP provided technical assistance Ghana land restoration policy adopted policy framework law regulation strategy action plan after:2022-01-01 before:2026-01-01,About the UNEP Regional Seas Programme,https://www.unep.org/topics/ocean-seas-and-coasts/regional-seas-programme/about-unep-regional-seas-programme,"UNEP's Regional Seas Programme consists of three types of Regional Seas Conventions and Action Plans, across 18 different regions.",https://www.unep.org › ... › Regional Seas Programme,www_unep_org_About_the_UNEP_Regional_Seas_Programme.txt,False,False,0,0,none,none,unclear,"The document does not contain explicit evidence related to Ghana or the specific time window of 2022-2026. It primarily discusses the UNEP Regional Seas Programme, its goals, and its relevance to global agendas, but does not provide information specific to Ghana's institutional frameworks, operational frameworks, policy instruments, legal instruments, positive incentives, or mechanisms for sustainable and inclusive management of biodiversity and land, or prevention of terrestrial, freshwater, and marine ecosystem degradation.","The document does not explicitly link UNEP to strengthening, developing, adopting, implementing, revising, approving, establishing, or operationalizing nature-related frameworks, instruments, or incentives in Ghana during 2022-2026. The information provided is general and pertains to the Regional Seas Programme's global initiatives rather than specific actions in Ghana.",[]
Ghana,2022–2026,1,UNEP provided technical assistance Ghana land restoration policy adopted policy framework law regulation strategy action plan after:2022-01-01 before:2026-01-01,Ghana's New Environmental Framework: Stronger ...,https://www.linkedin.com/posts/vanessa-ohene-addo_change-in-regulation-means-change-in-how-activity-7401283643127775233-rdIH,"Ghana's new environmental legal framework is not just an update it's a shift toward stronger accountability, transparency, and alignment with global climate ...",5 reactions,www_linkedin_com_Ghana_s_New_Environmental_Framework_Stronger_.txt,True,False,80,0,legal instrument,developed,national,"The document mentions Ghana's new environmental legal framework, including the Environmental Protection Act 2025 (Act 1124) and Environmental Protection (Environmental Assessment) Regulations 2025 (LI 2504), which indicate a shift toward stronger accountability, transparency, and alignment with global climate objectives.",There is no explicit link between UNEP and the development of Ghana's new environmental legal framework.,"[""Ghana’s new environmental legal framework"", ""Environmental Protection Act 2025 (Act 1124)"", ""Environmental Protection (Environmental Assessment) Regulations 2025 (LI 2504)""]"
Ghana,2022–2026,2,UNEP provided technical assistance Ghana marine ecosystem degradation developed policy framework law regulation strategy action plan after:2022-01-01 before:2026-01-01,2024 | UNEP Annual Report,https://www.unep.org/annualreport/2024,UNEP provided technical support to foster peace and sustainable development through environmental action. Read more. Gazing into the future. How UNEP uses ...,https://www.unep.org › annualreport,www_unep_org_2024_UNEP_Annual_Report.txt,False,False,0,0,none,none,global,,,[]
Ghana,2022–2026,2,UNEP provided technical assistance Ghana marine ecosystem degradation developed policy framework law regulation strategy action plan after:2022-01-01 before:2026-01-01,The Role of the United Nations Environment Programme ...,https://digitalcommons.wcl.american.edu/context/auilr/article/1585/viewcontent/5_2_7.pdf,"Agreement on the Action Plan for the Environmentally Sound Management of the Common Zambezi River System, done at Harare, May 28, 1987 (entered into force May ...",https://digitalcommons.wcl.american.edu › article,digitalcommons_wcl_american_edu_The_Role_of_the_United_Nations_Environment_Program.txt,False,False,0,0,none,none,unclear,,,[]
Ghana,2022–2026,2,UNEP provided technical assistance Ghana marine ecosystem degradation developed policy framework law regulation strategy action plan after:2022-01-01 before:2026-01-01,Report of the Secretary-General on oceans and the law ...,https://www.un.org/Depts/los/general_assembly/contributions80/29UNEP.pdf,"The CNA provides a clear roadmap for Ghana's environmental governance institutions— Ministry of Environment, Science, Technology and Innovation. (MESTI), the ...",https://www.un.org › contributions80 › 29UNEP,www_un_org_Report_of_the_Secretary_General_on_oceans_and_the_.txt,False,False,0,0,none,none,global,"The document does not contain explicit evidence related to Ghana in 2022-2026 about institutional/operational frameworks, policy/legal instruments, positive incentives, sustainable and inclusive management of biodiversity and land, or prevention of terrestrial, freshwater, or marine ecosystem degradation.",The document does not explicitly link UNEP to strengthening/enabling SP2.1 framework/instrument/incentive outcomes in Ghana during 2022-2026.,"[""The document primarily discusses UNEP's activities related to ocean and marine conservation, climate change, and biodiversity, but does not specifically mention Ghana or provide relevant evidence for the specified time frame.""]"
Ghana,2022–2026,2,UNEP provided technical assistance Ghana marine ecosystem degradation developed policy framework law regulation strategy action plan after:2022-01-01 before:2026-01-01,About the UNEP Regional Seas Programme,https://www.unep.org/topics/ocean-seas-and-coasts/regional-seas-programme/about-unep-regional-seas-programme,"UNEP's Regional Seas Programme consists of three types of Regional Seas Conventions and Action Plans, across 18 different regions. The Ecosystems Division ...",https://www.unep.org › ... › Regional Seas Programme,www_unep_org_About_the_UNEP_Regional_Seas_Programme.txt,False,False,0,0,none,none,global,"The document does not contain explicit evidence related to Ghana or the time window 2022–2026. It primarily discusses the UNEP Regional Seas Programme, its goals, and global agendas.",The document does not explicitly link UNEP to strengthening/enabling any SP2.1 framework/instrument/incentive outcome in Ghana during 2022–2026.,[]
Ghana,2022–2026,2,UNEP provided technical assistance Ghana marine ecosystem degradation developed policy framework law regulation strategy action plan after:2022-01-01 before:2026-01-01,🎊UNEP-WCMC is proud to be core part of the new Global ...,https://www.facebook.com/unepwcmc/posts/unep-wcmc-is-proud-to-be-core-part-of-the-new-global-partnership-on-ecological-c/420931150320194/,"Action Plans & SMART Goals: Delegates developed actionable conservation plans using the SMART framework, emphasizing practical goal-setting and momentum ...",10+ reactions,www_facebook_com__UNEP_WCMC_is_proud_to_be_core_part_of_the_new_Glo.txt,False,False,0,0,none,none,unclear,,,[]
Ghana,2022–2026,2,UNEP provided technical assistance Ghana marine ecosystem degradation developed policy framework law regulation strategy action plan after:2022-01-01 before:2026-01-01,Action Plan/Roadmap,https://coastal.gov.bb/wp-content/uploads/2024/07/Barbados-BE-Roadmap-Final.pdf,This Integrated BE Policy Framework and Strategic Action Plan emanates from the GoB's commitment to the equal and balanced prioritization of the three ...,https://coastal.gov.bb › uploads › 2024/07 › Barb...,coastal_gov_bb_Action_Plan_Roadmap.txt,False,False,0,0,none,none,none,"The document is about Barbados, not Ghana, and does not contain explicit evidence related to Ghana's institutional frameworks, operational frameworks, policy instruments, positive incentives, sustainable and inclusive management of biodiversity and land, or prevention of terrestrial, freshwater, and marine ecosystem degradation during 2022-2026.","There is no mention of UNEP's role in strengthening, developing, adopting, implementing, revising, approving, establishing, or operationalizing any nature-related framework/instrument/incentive in Ghana during 2022-2026.",[]
Ghana,2022–2026,2,UNEP provided technical assistance Ghana marine ecosystem degradation developed policy framework law regulation strategy action plan after:2022-01-01 before:2026-01-01,As legal frameworks to protect ocean and biodiversity ...,https://www.unepfi.org/themes/ecosystems/legal-frameworks-for-the-preservation-of-the-ocean-and-biodiversity-on-the-rise-the-role-investors-play/,"Among other measures, it sets out key approaches for the establishment of marine protected areas to preserve wildlife and reach 30% of ocean protection by 2030, ...",https://www.unepfi.org › themes › ecosystems › legal-fr...,www_unepfi_org_As_legal_frameworks_to_protect_ocean_and_biodivers.txt,False,False,0,0,none,none,global,"The document does not contain explicit evidence related to Ghana or the time window 2022-2026. It discusses global initiatives and frameworks for ocean and biodiversity protection, but does not provide specific information about Ghana's institutional or operational frameworks, policy instruments, or positive incentives for sustainable and inclusive management of biodiversity and land.","The document mentions UNEP FI (UNEP Finance Initiative) but does not provide explicit evidence of UNEP's direct involvement in strengthening, developing, adopting, implementing, revising, approving, establishing, or operationalizing nature-related frameworks, instruments, or incentives in Ghana during 2022-2026.",[]
Ghana,2022–2026,2,UNEP provided technical assistance Ghana marine ecosystem degradation developed policy framework law regulation strategy action plan after:2022-01-01 before:2026-01-01,COASTAL AND MARINE ECOSYSTEMS AS NATURE- ...,https://ocean-climate.org/wp-content/uploads/2023/10/NDC_Analysis_2023.pdf,"In line with its blue economy strategy, Seychelles will support and enable ocean action by technology, financing and capacity building. It will identify ...",https://ocean-climate.org › NDC_Analysis_2023,ocean-climate_org_COASTAL_AND_MARINE_ECOSYSTEMS_AS_NATURE_.txt,False,False,0,0,none,none,global,"The document does not contain explicit evidence related to Ghana's strengthened institutional and operational frameworks, policy and legal instruments, or positive incentives for sustainable and inclusive management of biodiversity and land, or prevention of terrestrial, freshwater, and marine ecosystem degradation during 2022-2026.",There is no explicit link between UNEP and strengthening/enabling any nature-related framework/instrument/incentive outcome in Ghana during 2022-2026.,[]
Ghana,2022–2026,2,UNEP provided technical assistance Ghana marine ecosystem degradation developed policy framework law regulation strategy action plan after:2022-01-01 before:2026-01-01,ocpp-ghana-review-of-mpa-implementation. ...,https://data.jncc.gov.uk/data/44f40c78-de5a-4e59-9cbc-8f59ae8cda80/ocpp-ghana-review-of-mpa-implementation.pdf,"Marine Protected Areas in Ghana: Strategies, action plan and implementation framework. Ministry of Fisheries and Aquaculture Development. Fisheries ...",https://data.jncc.gov.uk › data › ocpp-ghana-revie...,data_jncc_gov_uk_ocpp_ghana_review_of_mpa_implementation_.txt,True,False,80,0,policy instrument / institutional framework,developed / strengthened,national,"The document provides detailed evidence of strengthened institutional and operational frameworks for sustainable management of marine ecosystems in Ghana. It outlines the development of policies, legislation, and strategies for Marine Protected Area (MPA) implementation, including the Fisheries Act, 2002 (Act 625), Fisheries (Amendment) Act, 2014 (Act 880), and the Marine Fisheries Management Plan (2022-2026). The document also describes institutional frameworks involving multiple ministries, agencies, and local government authorities.","There is no explicit evidence linking UNEP to the strengthening of frameworks, policies, or instruments for MPA management in Ghana within the provided document.","[""The Fisheries Act, 2002 (Act 625) empowers the Minister responsible for fisheries to declare marine reserves and make regulations concerning fisheries management, conservation, and quota systems."", ""The Marine Fisheries Management Plan (2022-2026) outlines a national policy for the management of the marine fisheries sector."", ""The Ministry of Fisheries and Aquaculture Development (MoFAD) and the Fisheries Commission (FC) are key institutions in MPA implementation, with responsibilities including policy formulation, financial oversight, and enforcement."", ""The Environmental Protection Agency (EPA) and other institutions play critical roles in environmental assessments and monitoring of MPAs.""]"
Ghana,2022–2026,2,UNEP provided technical assistance Ghana marine ecosystem degradation developed policy framework law regulation strategy action plan after:2022-01-01 before:2026-01-01,Cabinet has approved the establishment of the first Marine ...,https://www.facebook.com/PANAFRICANTV/posts/cabinet-has-approved-the-establishment-of-the-first-marine-protected-area-mpa-ai/838481371888087/?locale=fr_FR,"Cabinet has approved the establishment of the first Marine Protected Area (MPA) aimed at protecting the area's rich marine ecosystems and biodiversity, which ...",20+ reactions,www_facebook_com_Cabinet_has_approved_the_establishment_of_the_firs.txt,True,False,80,0,institutional framework,established,national,"The Cabinet has approved the establishment of the first Marine Protected Area (MPA) in Ghana, aimed at protecting marine ecosystems and biodiversity.",There is no explicit link between UNEP and the establishment of the Marine Protected Area (MPA) in Ghana.,"[""Cabinet has approved the establishment of the first Marine Protected Area (MPA)""]"
Ghana,2022–2026,2,UNEP provided technical assistance Ghana marine ecosystem degradation developed policy framework law regulation strategy action plan after:2022-01-01 before:2026-01-01,The legal and socioeconomic challenges for environmental ...,https://www.frontiersin.org/journals/marine-science/articles/10.3389/fmars.2025.1597932/full,"It aims to provide insight into effective policy-making, balancing environmental purity and socioeconomic progress in oceanic conditions. Marine policies are ...",https://www.frontiersin.org › fmars.2025.1597932 › full,www_frontiersin_org_The_legal_and_socioeconomic_challenges_for_environ.txt,False,False,0,0,none,none,global,"The document does not contain explicit evidence related to Ghana during 2022-2026. It primarily focuses on marine policy, legal frameworks, and socioeconomic factors in China, Pakistan, and other countries, but not Ghana.",There is no explicit link between UNEP and any framework/instrument/incentive in Ghana during 2022-2026.,[]
Ghana,2022–2026,2,UNEP provided technical assistance Ghana marine ecosystem degradation developed policy framework law regulation strategy action plan after:2022-01-01 before:2026-01-01,Summary report 14–18 July 2025 - Earth Negotiations Bulletin,https://enb.iisd.org/african-ministerial-conference-environment-amcen-20-summary,"It aimed to strengthen cooperation between African governments on economic, technical, and scientific activities to halt the degradation of Africa's environment ...",https://enb.iisd.org › african-ministerial-conference-env...,enb_iisd_org_Summary_report_14_18_July_2025_Earth_Negotiations_.txt,False,False,0,0,none,none,global,"The document does not contain explicit evidence related to Ghana in 2022-2026 about institutional/operational frameworks, policy/legal instruments, positive incentives, sustainable and inclusive management of biodiversity and land, or prevention of terrestrial, freshwater, or marine ecosystem degradation.",There is no explicit link between UNEP and strengthening/enabling SP2.1 framework/instrument/incentive outcomes in Ghana during 2022-2026.,[]
Ghana,2022–2026,2,UNEP provided technical assistance Ghana marine ecosystem degradation developed policy framework law regulation strategy action plan after:2022-01-01 before:2026-01-01,References in: System of Environmental-Economic Accounting,https://www.elibrary.imf.org/display/book/9789212591834/CH016.xml,Mapping and Assessment of Ecosystems and their Services: An Analytical Framework for Ecosystem Assessments under Action 5 of the EU Biodiversity Strategy to ...,https://www.elibrary.imf.org › display › book,www_elibrary_imf_org_References_in_System_of_Environmental_Economic_Acc.txt,False,False,0,0,none,none,global,"The document does not contain explicit evidence related to Ghana in 2022-2026 about institutional/operational frameworks, policy/legal instruments, positive incentives, sustainable and inclusive management of biodiversity and land, or prevention of terrestrial, freshwater, or marine ecosystem degradation.",There is no explicit link between UNEP and any framework/instrument/incentive in Ghana during 2022-2026.,"[""No relevant evidence found""]"
Ghana,2022–2026,2,UNEP provided technical assistance Ghana marine ecosystem degradation developed policy framework law regulation strategy action plan after:2022-01-01 before:2026-01-01,THE BLUE CARBON HANDBOOK,https://oceanpanel.org/wp-content/uploads/2023/06/23_REP_HLP_Blue-Carbon-Handbook_low-res.pdf,"Protecting, restoring and sustainably managing blue carbon ecosystems, including through the production of sustainable ocean plans, is an actionable solution ...",https://oceanpanel.org › uploads › 2023/06 › 23...,oceanpanel_org_THE_BLUE_CARBON_HANDBOOK.txt,False,False,0,0,none,none,global,"The document does not contain explicit evidence related to Ghana or the time window 2022-2026 about institutional frameworks, policy/legal instruments, positive incentives, sustainable and inclusive management of biodiversity and land, or prevention of terrestrial, freshwater, or marine ecosystem degradation.",There is no explicit link between UNEP and strengthening/enabling any nature-related framework/instrument/incentive in Ghana during 2022-2026.,[]
Ghana,2022–2026,2,UNEP provided technical assistance Ghana marine ecosystem degradation developed policy framework law regulation strategy action plan after:2022-01-01 before:2026-01-01,Danish Organisation Strategy for United Nations ...,https://um.dk/media/lzzo5ww5/unep-2022-2025.pdf,"For example in Ghana, where UNEP is working with the government to develop national plans for climate adaptation, and the next phase (2023-2025) of the Danish- ...",https://um.dk › media › unep-2022-2025,um_dk_Danish_Organisation_Strategy_for_United_Nations_.txt,False,False,0,0,none,none,none,"The document does not contain explicit evidence related to Ghana in 2022-2026 about institutional frameworks, operational frameworks, policy instruments, positive incentives, sustainable and inclusive management of biodiversity and land, or prevention of terrestrial, freshwater, or marine ecosystem degradation.",The document does not explicitly link UNEP to strengthening/enabling any nature-related framework/instrument/incentive in Ghana during 2022-2026.,[]
Ghana,2022–2026,2,UNEP provided technical assistance Ghana marine ecosystem degradation developed policy framework law regulation strategy action plan after:2022-01-01 before:2026-01-01,About the report,https://unu.edu/sites/default/files/2024-03/Scoping%20study%20of%20research-to-action%20priorities%20for%20the%20REDAA%20programme%20in%20Central%20Africa.pdf,This report was undertaken for the Reversing Environmental Degradation in Africa and Asia. (REDAA) programme and provides an examination of environmental ...,https://unu.edu › sites › default › files › Scoping st...,unu_edu_About_the_report.txt,False,False,0,0,none,none,none,"The document does not contain explicit evidence related to Ghana in 2022-2026 about institutional frameworks, policy instruments, positive incentives, or mechanisms for sustainable and inclusive management of biodiversity and land, or prevention of terrestrial, freshwater, and marine ecosystem degradation.",There is no explicit link between UNEP and any nature-related framework/instrument/incentive in Ghana during 2022-2026.,[]
Ghana,2022–2026,2,UNEP provided technical assistance Ghana marine ecosystem degradation developed policy framework law regulation strategy action plan after:2022-01-01 before:2026-01-01,Managing the challenges of climate change mitigation and ...,https://www.sciencedirect.com/science/article/pii/S2405844023026981,This research reviews the impact of climate change and some interventions made toward its management.,https://www.sciencedirect.com › science › article › pii,www_sciencedirect_com_Managing_the_challenges_of_climate_change_mitigati.txt,False,False,0,0,none,none,unclear,"The document does not contain any information related to Ghana or the time window 2022-2026, nor does it discuss environmental policy or frameworks.",There is no mention of UNEP or any environmental policy evaluation related to Ghana.,[]
Ghana,2022–2026,2,UNEP provided technical assistance Ghana marine ecosystem degradation developed policy framework law regulation strategy action plan after:2022-01-01 before:2026-01-01,Gender Mainstreaming in Coastal and Marine Ecosystems ...,https://www.wocan.org/wp-content/uploads/2022/08/Gender-Mainstreaming-in-Coastal-and-Marine-Ecosystems-Management-FINAL-HR.pdf,"Each of the 10 case studies aims to explain the rationale behind the use of a particular gender mainstreaming principle (why), illustrate the practical aspects ...",https://www.wocan.org › uploads › 2022/08 › Ge...,www_wocan_org_Gender_Mainstreaming_in_Coastal_and_Marine_Ecosyst.txt,False,False,0,0,none,none,global,"The document does not contain explicit evidence related to Ghana in 2022-2026 about institutional/operational frameworks, policy/legal instruments, positive incentives, sustainable and inclusive management of biodiversity and land, or prevention of terrestrial, freshwater, or marine ecosystem degradation.",There is no explicit link between UNEP and any framework/instrument/incentive in Ghana during 2022-2026.,[]
Ghana,2022–2026,2,UNEP provided technical assistance Ghana marine ecosystem degradation developed policy framework law regulation strategy action plan after:2022-01-01 before:2026-01-01,Ghana's New Environmental Framework: Stronger ...,https://www.linkedin.com/posts/vanessa-ohene-addo_change-in-regulation-means-change-in-how-activity-7401283643127775233-rdIH,"Ghana's new environmental legal framework is not just an update it's a shift toward stronger accountability, transparency, and alignment with global climate ...",5 reactions,www_linkedin_com_Ghana_s_New_Environmental_Framework_Stronger_.txt,True,False,80,0,legal instrument,developed,national,"The document mentions Ghana's new environmental legal framework, including the Environmental Protection Act 2025 (Act 1124) and Environmental Protection (Environmental Assessment) Regulations 2025 (LI 2504), which indicate a strengthening of institutional and operational frameworks for environmental management.",There is no explicit link between UNEP and the development of Ghana's new environmental legal framework.,"[""Ghana’s new environmental legal framework"", ""Environmental Protection Act 2025 (Act 1124)"", ""Environmental Protection (Environmental Assessment) Regulations 2025 (LI 2504)""]"
Ghana,2022–2026,2,UNEP provided technical assistance Ghana marine ecosystem degradation developed policy framework law regulation strategy action plan after:2022-01-01 before:2026-01-01,Africa Blue Economy Strategies Integrated in Planning to ...,https://sustainability.hapres.com/htmls/JSR_1494_Detail.html,The purpose of this article is to map-out African Union Member Countries and Regional Economic Communities engaged in Blue Economy.,https://sustainability.hapres.com › JSR_1494_Detail,sustainability_hapres_com_Africa_Blue_Economy_Strategies_Integrated_in_Plann.txt,False,False,0,0,none,none,global,"The document does not contain explicit evidence related to Ghana's strengthened institutional and operational frameworks, policy and legal instruments, or positive incentives for sustainable and inclusive management of biodiversity and land, or prevention of terrestrial, freshwater, and marine ecosystem degradation during 2022-2026.",There is no explicit link between UNEP and strengthening/enabling any nature-related framework/instrument/incentive in Ghana during 2022-2026.,[]
Ghana,2022–2026,2,UNEP provided technical assistance Ghana marine ecosystem degradation developed policy framework law regulation strategy action plan after:2022-01-01 before:2026-01-01,Adapting to Climate Change Induced Coastal Risk ...,https://www.undp.org/sites/g/files/zskgke326/files/2023-03/undp-sle-analysis-of-development-plans-%26-policies-for-marine-spatial-planning-Development.pdf,"To give effect to Act 490, The Environmental Assessment. Regulations, 1999 (LI 1652) provides the framework for regulating activities and protecting.",https://www.undp.org › files › zskgke326 › files,www_undp_org_Adapting_to_Climate_Change_Induced_Coastal_Risk_.txt,False,False,0,0,none,none,none,"The document is about Sierra Leone, not Ghana, and does not contain explicit evidence related to Ghana's strengthened institutional and operational frameworks, policy and legal instruments, or positive incentives for sustainable and inclusive management of biodiversity and land, or prevention of terrestrial, freshwater and marine ecosystem degradation during 2022-2026.",There is no explicit link between UNEP and any nature-related framework/instrument/incentive in Ghana during 2022-2026.,[]
Ghana,2022–2026,2,UNEP provided technical assistance Ghana marine ecosystem degradation developed policy framework law regulation strategy action plan after:2022-01-01 before:2026-01-01,Adapting to Climate Change Induced Coastal Risk ...,https://www.undp.org/sites/g/files/zskgke326/files/2023-03/undp-sle-analysis-of-development-plans-%26-policies-for-marine-spatial-planning-Development.pdf,"To give effect to Act 490, The Environmental Assessment. Regulations, 1999 (LI 1652) provides the framework for regulating activities and protecting.",https://www.undp.org › files › zskgke326 › files,www_undp_org_Adapting_to_Climate_Change_Induced_Coastal_Risk_.txt,False,False,0,0,none,none,none,"The document is not related to Ghana, but to Sierra Leone, and does not contain explicit evidence related to the country 'Ghana' or the time window 2022–2026.",There is no explicit link between UNEP and any nature-related framework/instrument/incentive in 'Ghana' during 2022–2026.,"[""The document is about Sierra Leone, not Ghana.""]"
Ghana,2022–2026,2,UNEP provided technical assistance Ghana marine ecosystem degradation developed policy framework law regulation strategy action plan after:2022-01-01 before:2026-01-01,Ghana,https://www.mspglobal2030.org/msp-roadmap/msp-around-the-world/africa/ghana/,"Country information, basic facts on marine waters, strategic documents related to MSP, technical resources related to MSP, relevant MSP projects.",https://www.mspglobal2030.org › msp-roadmap › africa,www_mspglobal2030_org_Ghana.txt,True,False,80,0,institutional framework / policy instrument,developed / strengthened,national,"The document provides evidence of strengthened institutional and operational frameworks for sustainable and inclusive management of marine ecosystems in Ghana. Specifically, it mentions the development of a Draft Marine Spatial Development Framework for the Western Coastal Zone of Ghana, which aims to address issues such as population growth, economic activities, improper land uses, conflicts in resource use, sea level rise, and pollution.","There is no explicit link between UNEP and the strengthening of the nature-related framework/instrument/incentive in Ghana during 2022-2026. Although UNEP is mentioned as one of the implementers of the pilot project, the document does not provide clear evidence of UNEP's direct involvement in the development or implementation of the framework.","[""Draft Marine Spatial Development Framework for the Western Coastal Zone – Ghana"", ""Land Use and Spatial Planning Authority"", ""Ghana Maritime Zones (Delimitation) Act, 1986"", ""National Fisheries Management Plan (NFMP)"", ""Oil and Gas Environmental Impact Assessments (EIA)"", ""MSPglobal 2.0 Pilot Project: Gulf of Guinea"", ""The pilot project is co-financed by the German Federal Ministry for the Environment, Nature Conservation, Building and Nuclear Safety, and implemented by GRID-Arendal, the Abidjan Convention Secretariat and UNEP.""]"
Ghana,2022–2026,2,UNEP provided technical assistance Ghana marine ecosystem degradation developed policy framework law regulation strategy action plan after:2022-01-01 before:2026-01-01,Ghana Climate Change Law and Development,https://documents1.worldbank.org/curated/en/099325011162237062/pdf/P17598901bf31e0d0ad0a08f44fdf5dedf.pdf,The new policy is expected to provide technical regulations and the policy framework that would address all the technical issues associated with mass use of ...,https://documents1.worldbank.org › curated › pdf,documents1_worldbank_org_Ghana_Climate_Change_Law_and_Development.txt,True,False,80,0,policy instrument,developed,national,"The document provides detailed information on Ghana's climate change legal and policy framework, including the National Climate Change Policy (NCCP) and various sector-specific laws and regulations.","There is no explicit mention of UNEP's involvement in strengthening or enabling Ghana's climate change frameworks, policies, or instruments.","[""Ghana Climate Change Law and Development November 2022"", ""National Climate Change Policy of 2013 (NCCP)"", ""Low Carbon Development Strategy (2016)"", ""National Climate Change Master Plan (2015–2020)"", ""Updated NDC 2021""]"
Ghana,2022–2026,2,UNEP provided technical assistance Ghana marine ecosystem degradation developed policy framework law regulation strategy action plan after:2022-01-01 before:2026-01-01,2022 GLOBAL REVIEW,https://www.oneplanetnetwork.org/sites/default/files/from-crm/UNEP_2022_%2520SPP_Global_Review_Part_1_0.pdf,The 2022 SPP Global Review is the first assessment providing important insights into the status and emerging trends of sustainable procurement (SP) across both ...,https://www.oneplanetnetwork.org › from-crm,www_oneplanetnetwork_org_2022_GLOBAL_REVIEW.txt,False,False,0,0,none,none,unclear,,,[]
Ghana,2022–2026,2,UNEP provided technical assistance Ghana marine ecosystem degradation developed policy framework law regulation strategy action plan after:2022-01-01 before:2026-01-01,Related Websites,https://www.cbd.int/links,"This framework enables companies to consider the actual benefits and value of the ecosystem services they depend upon and impact, giving ...",https://www.cbd.int › links,www_cbd_int_Related_Websites.txt,False,False,0,0,none,none,global,"The document does not contain explicit evidence related to Ghana in 2022-2026 about institutional frameworks, operational frameworks, policy instruments, positive incentives, sustainable and inclusive management of biodiversity and land, or prevention of terrestrial, freshwater, or marine ecosystem degradation.",There is no explicit link between UNEP and any nature-related framework/instrument/incentive in Ghana during 2022-2026.,[]
Ghana,2022–2026,2,UNEP provided technical assistance Ghana marine ecosystem degradation developed policy framework law regulation strategy action plan after:2022-01-01 before:2026-01-01,Marine plastics and the circular economy: A review of policy ...,https://pmc.ncbi.nlm.nih.gov/articles/PMC12528791/,The study contributes to accelerating the transition to CE by providing evidence-based policy recommendations for the national and county governments in Kenya ...,https://pmc.ncbi.nlm.nih.gov › articles › PMC12528791,pmc_ncbi_nlm_nih_gov_Marine_plastics_and_the_circular_economy_A_review_.txt,False,False,0,0,none,none,unclear,,,[]
Rwanda,2018–2022,1,UNEP implemented Rwanda biodiversity action plan strengthened policy framework law regulation strategy action plan after:2018-01-01 before:2022-01-01,Law and National Biodiversity Strategies and Action Plans,https://www.unep.org/resources/publication/law-and-national-biodiversity-strategies-and-action-plans,This paper provides an overview of current thinking and the experience of countries in using legal frameworks to implement the Convention on Biological ...,https://www.unep.org › resources › publication › law-a...,www_unep_org_Law_and_National_Biodiversity_Strategies_and_Actio.txt,False,False,0,0,none,none,unclear,"The document does not contain explicit evidence related to Rwanda or the time window 2018-2022, nor does it discuss institutional frameworks, operational frameworks, policy instruments, legal instruments, positive incentives, or mechanisms for sustainable and inclusive management of biodiversity and land, or prevention of ecosystem degradation.",There is no explicit link between UNEP and any nature-related framework/instrument/incentive in Rwanda during 2018-2022.,[]
Ghana,2022–2026,2,UNEP provided technical assistance Ghana marine ecosystem degradation developed policy framework law regulation strategy action plan after:2022-01-01 before:2026-01-01,A framework for monitoring biodiversity in protected areas ...,https://portals.iucn.org/library/sites/library/files/documents/PATRS-007-En.pdf,This Technical Report Series guideline provides a decision-making framework for managers to develop biodiversity monitoring programmes in protected areas and ...,https://portals.iucn.org › files › PATRS-007-En,portals_iucn_org_A_framework_for_monitoring_biodiversity_in_protect.txt,False,False,0,0,none,none,none,"The document does not contain explicit evidence related to Ghana during 2022-2026 about institutional/operational frameworks, policy/legal instruments, positive incentives, sustainable and inclusive management of biodiversity and land, or prevention of terrestrial, freshwater, or marine ecosystem degradation.",There is no explicit link between UNEP and any nature-related framework/instrument/incentive in Ghana during 2022-2026.,[]
Ghana,2022–2026,2,UNEP provided technical assistance Ghana marine ecosystem degradation developed policy framework law regulation strategy action plan after:2022-01-01 before:2026-01-01,Assessing the Role of Legal and Regulatory Framework on ...,https://afrienergyminerals.org/wp-content/uploads/2025/04/Research-competition-Nurudeen-Mohammed-Aliu_AEMI-Paper-2.pdf,It generates scientific information and strategies for the sustainable development and management of water resources. It also provide useful guidance in the ...,https://afrienergyminerals.org › uploads › 2025/04,afrienergyminerals_org_Assessing_the_Role_of_Legal_and_Regulatory_Framewo.txt,True,False,80,0,institutional framework / policy instrument / legal instrument,developed / strengthened / implemented,national,"The document provides detailed information on Ghana's institutional, legal, and regulatory framework for water resources management, which aligns with SDG 6 and other international commitments.",There is no explicit mention of UNEP's involvement or support in strengthening Ghana's water resources management framework.,"[""The Water Resources Commission Act, 1996 (Act 522) stipulates that ownership and control of all water resources are vested in the President on behalf of the people of Ghana."", ""The Ministry of Sanitation and Water Resources (MSWR) is the primary state institution responsible for policy formulation, implementation, coordination, and review of water resources management and access to safe water and sanitation in Ghana."", ""The Ghana Water Company Limited (GWCL) is a wholly state-owned company responsible for urban water supply."", ""The Community Water and Sanitation Agency (CWSA) promotes safe water supply and sanitation services in rural communities and small towns.""]"
Rwanda,2018–2022,1,UNEP implemented Rwanda biodiversity action plan strengthened policy framework law regulation strategy action plan after:2018-01-01 before:2022-01-01,UN Environment collaborates with Rwanda and Gambia to ...,https://www.unep.org/news-and-stories/story/un-environment-collaborates-rwanda-and-gambia-build-capacity-national,"UN Environment collaborates with Rwanda and Gambia to build capacity for national implementation of global environmental conventions. In March 2018, UN ...","https://www.unep.org › News, Stories & Speeches",www_unep_org_UN_Environment_collaborates_with_Rwanda_and_Gambia.txt,True,True,40,60,capacity building,developed,national,"The document mentions collaboration between UN Environment and the Government of Rwanda to develop a case study for national implementation of global environmental conventions, which includes enhancing capacity for national implementation.","The document explicitly mentions UN Environment's collaboration with Rwanda to build capacity for national implementation of global environmental conventions, indicating a clear involvement of UNEP in the process.","[""UN Environment collaborates with Rwanda and Gambia to build capacity for national implementation of global environmental conventions"", ""UN Environment and governments have shown that there is demand for improved reporting, relevant analysis, and capacity building to facilitate implementation""]"
Ghana,2022–2026,2,UNEP provided technical assistance Ghana marine ecosystem degradation developed policy framework law regulation strategy action plan after:2022-01-01 before:2026-01-01,Transboundary Diagnostic Analysis,https://openknowledge.fao.org/server/api/core/bitstreams/7b9f40ad-3c35-4fa4-a42f-a0bd8cbbb370/content,The current Transboundary Diagnostic Analysis (TDA) presents an analysis of the “ecosystem status” of the Canary Current Large Marine Ecosystem (CCLME) and ...,https://openknowledge.fao.org › core › content,openknowledge_fao_org_Transboundary_Diagnostic_Analysis.txt,False,False,0,0,none,none,global,"The document does not contain explicit evidence related to Ghana or the time window 2022-2026. The document primarily discusses the Canary Current Large Marine Ecosystem (CCLME) project, which involves several West African countries, but does not specifically mention Ghana or provide information relevant to the specified time frame and indicator.","The document mentions UNEP's involvement in the CCLME project but does not provide explicit evidence of UNEP's role in strengthening, developing, adopting, implementing, revising, approving, establishing, or operationalizing nature-related frameworks, instruments, or incentives in Ghana during 2022-2026.",[]
Rwanda,2018–2022,1,UNEP implemented Rwanda biodiversity action plan strengthened policy framework law regulation strategy action plan after:2018-01-01 before:2022-01-01,Rwanda Announces Ambitious Climate Action Plan,https://www.environment.gov.rw/news-detail/rwanda-announces-ambitious-climate-action-plan,The Government of Rwanda has announced an ambitious climate action agenda that features a 38% reduction of greenhouse gas emissions compared to business as ...,https://www.environment.gov.rw › ... › News Details,www_environment_gov_rw_Rwanda_Announces_Ambitious_Climate_Action_Plan.txt,True,False,80,0,policy instrument,developed,national,"The document describes Rwanda's updated Nationally Determined Contributions (NDCs) under the Paris Agreement, which includes a climate action plan aiming for a 38% reduction of greenhouse gas emissions by 2030.",There is no explicit mention of UNEP's involvement in the development or implementation of Rwanda's updated NDCs or climate action plan.,"[""The Government of Rwanda has announced an ambitious climate action agenda that features a 38% reduction of greenhouse gas emissions compared to business as usual by 2030"", ""The climate action plan, known officially as the Nationally Determined Contributions (NDCs), has been submitted to the United Nations Framework Convention on Climate Change""]"
Rwanda,2018–2022,1,UNEP implemented Rwanda biodiversity action plan strengthened policy framework law regulation strategy action plan after:2018-01-01 before:2022-01-01,Rwanda 6th National Report to the ...,https://www.cbd.int/doc/nr/nr-06/rw-nr-06-en.pdf,objectives is a National Biodiversity Strategy and. Action Plan (NBSAP) which Rwanda first prepared in 2003. ... implementation of the Strategic Plan ...,https://www.cbd.int › doc › rw-nr-06-en,www_cbd_int_Rwanda_6th_National_Report_to_the_.txt,True,False,81,0,policy instrument,developed,national,"The document provides detailed information on Rwanda's National Biodiversity Strategy and Action Plan (NBSAP) 2016, which includes 19 national targets aligned with the Aichi Biodiversity Targets. The NBSAP aims to conserve biodiversity, promote sustainable use of natural resources, and ensure fair and equitable sharing of benefits. The report highlights achievements towards these targets, such as increasing forest cover to 30% of Rwanda's total land area, conserving endangered species, and promoting sustainable agriculture practices.",There is no explicit mention of UNEP's direct involvement in the development or implementation of Rwanda's NBSAP or the specific targets outlined in the report.,"[""Rwanda developed its first National Biodiversity Strategy and Action Plan (NBSAP) in 2003, which was revised in 2016 and aligned to the CBD Strategic Plan on Biodiversity 2011-2020."", ""The 6th National Report highlights key achievements since 2015, including increasing forest cover to 30% of Rwanda's total land area, conserving endangered species, and promoting sustainable agriculture practices."", ""The Government of Rwanda has committed to continue developing and mainstreaming Natural Capital Accounting (NCA) into development activities.""]"
Rwanda,2018–2022,1,UNEP implemented Rwanda biodiversity action plan strengthened policy framework law regulation strategy action plan after:2018-01-01 before:2022-01-01,Publications & Knowledge,https://www.unep.org/publications-data,"Our purpose: UNEP Annual Report 2025. The 2025 Annual Report explores UNEP's results and impacts across climate action, nature and land action, pollution action ...",https://www.unep.org › publications-data,www_unep_org_Publications_Knowledge.txt,False,False,0,0,none,none,unclear,,,[]
Rwanda,2018–2022,1,UNEP implemented Rwanda biodiversity action plan strengthened policy framework law regulation strategy action plan after:2018-01-01 before:2022-01-01,State of Environment and Outlook Report 2021,https://www.rema.gov.rw/fileadmin/user_upload/REMA/Publications/State_of_Environment___Atlas/Rwanda_State_of_Environment_and_Outlook_Report_2021.pdf,"include: Biodiversity Policy 2011, Biodiversity Law 2013, Rwanda Vision 2020. Development Strategy, Rwanda Wildlife Policy (2013), Rwanda Protected Areas.",https://www.rema.gov.rw › REMA › Publications,www_rema_gov_rw_State_of_Environment_and_Outlook_Report_2021.txt,True,False,60,0,policy instrument / institutional framework,developed / strengthened,national,"The document provides evidence of strengthened institutional and operational frameworks, policy and legal instruments for sustainable management of biodiversity and land in Rwanda. For example, it mentions the development of the National Land Use and Development Master Plan 2020-2050, the Green Growth and Climate Resilience Strategy, and the National Strategy for Transformation. These frameworks aim to promote sustainable land use, reduce environmental degradation, and increase climate resilience.",There is no explicit evidence that UNEP supported the development or implementation of these frameworks and instruments in Rwanda during 2018-2022.,"[""National Land Use and Development Master Plan 2020-2050"", ""Green Growth and Climate Resilience Strategy"", ""National Strategy for Transformation"", ""Economic Development and Poverty Reduction Strategy"", ""Vision 2020"", ""Vision 2050""]"
Rwanda,2018–2022,1,UNEP implemented Rwanda biodiversity action plan strengthened policy framework law regulation strategy action plan after:2018-01-01 before:2022-01-01,SUPPORTING THE GLOBAL BIODIVERSITY AGENDA,https://unemg.org/wp-content/uploads/2021/04/EMG-Biodiversity-WEB.pdf,"In line with the UN Sustainability Strategy. 2020-2030 and the “Greening the Blue” objective, UN entities should strive to address the drivers of biodi- versity ...",https://unemg.org › EMG-Biodiversity-WEB,unemg_org_SUPPORTING_THE_GLOBAL_BIODIVERSITY_AGENDA.txt,False,False,0,0,none,none,global,The document does not contain explicit evidence related to Rwanda or the time window 2018-2022. It is a general report about biodiversity and the role of the UN system in supporting the post-2020 global biodiversity framework.,There is no explicit link between UNEP and any specific framework/instrument/incentive in Rwanda during 2018-2022.,[]
Rwanda,2018–2022,1,UNEP implemented Rwanda biodiversity action plan strengthened policy framework law regulation strategy action plan after:2018-01-01 before:2022-01-01,United Nations Environment Programme (UNEP),https://www.mopan.org/content/dam/mopan/en/publications/our-work/evidence/unep/unep-2021/mopan-unep-assessment-report-2021.pdf,"A MOPAN assessment report seeks to provide a diagnostic assessment, or snapshot, of an organisation and tell the story of an organisation's current performance, ...",https://www.mopan.org › unep › unep-2021 › m...,www_mopan_org_United_Nations_Environment_Programme_UNEP_.txt,False,False,0,0,none,none,unclear,,,[]
Rwanda,2018–2022,1,UNEP implemented Rwanda biodiversity action plan strengthened policy framework law regulation strategy action plan after:2018-01-01 before:2022-01-01,Making Peace With Nature,https://www.unep.org/resources/making-peace-nature,"The first UNEP synthesis report is titled: “Making Peace With Nature: A scientific blueprint to tackle the climate, biodiversity and pollution emergencies” ...",https://www.unep.org › resources › making-peace-nature,www_unep_org_Making_Peace_With_Nature.txt,False,False,0,0,none,none,global,"The document is a general report by UNEP titled 'Making Peace With Nature' and does not specifically discuss Rwanda or provide explicit evidence related to institutional frameworks, operational frameworks, policy instruments, legal instruments, positive incentives, or mechanisms for sustainable and inclusive management of biodiversity and land, or prevention of ecosystem degradation in Rwanda during 2018-2022.","The document does not explicitly link UNEP to any specific framework, instrument, or incentive in Rwanda during 2018-2022.",[]
Rwanda,2018–2022,1,UNEP implemented Rwanda biodiversity action plan strengthened policy framework law regulation strategy action plan after:2018-01-01 before:2022-01-01,Making Peace with Nature,https://sdgs.un.org/sites/default/files/2021-04/Publication%20-%20Making%20Peace%20with%20Nature%20A%20scientific%20blueprint%20to%20tackle%20the%20climate%2C%20biodiversity%20and%20pollution%20emergencies.pdf,"while protecting marine biodiversity requires policy action to apply sustainable harvesting approaches to fisheries management, improve spatial planning and ...",https://sdgs.un.org › sites › default › files › Public...,sdgs_un_org_Making_Peace_with_Nature.txt,False,False,0,0,none,none,global,"The document does not contain explicit evidence related to Rwanda or the time window 2018-2022 about institutional frameworks, policy/legal instruments, positive incentives, sustainable and inclusive management of biodiversity and land, or prevention of terrestrial, freshwater, or marine ecosystem degradation.","The document does not explicitly link UNEP to strengthening, developing, adopting, implementing, revising, approving, establishing, or operationalizing nature-related frameworks/instruments/incentives in Rwanda during 2018-2022.",[]
Rwanda,2018–2022,2,UNEP capacity building Rwanda positive incentives biodiversity developed policy framework law regulation strategy action plan after:2018-01-01 before:2022-01-01,UN Environment collaborates with Rwanda and Gambia to ...,https://www.unep.org/news-and-stories/story/un-environment-collaborates-rwanda-and-gambia-build-capacity-national,UN Environment collaborates with Rwanda and Gambia to build capacity for national implementation of global environmental conventions · Capacity building ...,"https://www.unep.org › News, Stories & Speeches",www_unep_org_UN_Environment_collaborates_with_Rwanda_and_Gambia.txt,True,True,40,60,capacity building,developed,national,"The document mentions collaboration between UN Environment and the Government of Rwanda to enhance capacity for national implementation of global environmental conventions, which implies development of frameworks or instruments.","The document explicitly mentions UN Environment's collaboration with Rwanda, indicating a clear link between UNEP and the development of capacity for national implementation of global environmental conventions.","[""UN Environment collaborates with Rwanda and Gambia to build capacity for national implementation of global environmental conventions"", ""UN Environment and governments have shown that there is demand for improved reporting, relevant analysis, and capacity building to facilitate implementation""]"
Rwanda,2018–2022,2,UNEP capacity building Rwanda positive incentives biodiversity developed policy framework law regulation strategy action plan after:2018-01-01 before:2022-01-01,Piloting Multiple-Benefit Investment Packages through ...,https://www.international-climate-initiative.com/en/project/piloting-multiple-benefit-investment-packages-through-forest-landscape-restoration-and-redd-in-rwanda-for-scaling-up-in-africa-15-iii-058-rwa-a-benefit-investment-packages/,The project supported the national forest cover and soil erosion control mapping exercises. Rwanda was found to have reached the goal of 30% forest cover though ...,https://www.international-climate-initiative.com › project,www_international-climate-initiative_com_Piloting_Multiple_Benefit_Investment_Packages_thro.txt,True,False,60,0,institutional framework / operational framework / policy instrument,developed / strengthened / implemented,national,"The project supported the development of Forest Landscape Restoration (FLR) technical packages, national forest cover and soil erosion control mapping exercises, and the construction of a modern permanent nursery. It also contributed to the training of Forest Extension Officers and the rehabilitation of plots in the Ruhande arboretum.",There is no explicit link between UNEP and the strengthening/enabling of the SP2.1 framework/instrument/incentive outcome in Rwanda during 2018-2022.,"[""Support of the development of Forest Landscape Restoration (FLR) technical packages"", ""Support of the national forest cover and soil erosion control mapping exercises"", ""Support of the construction of a modern permanent nursery"", ""Contribution to the training of 34 Forest Extension Officers"", ""Rehabilitation of 492 plots (totaling 200 hectares) of different species in the Ruhande arboretum""]"
Rwanda,2018–2022,2,UNEP capacity building Rwanda positive incentives biodiversity developed policy framework law regulation strategy action plan after:2018-01-01 before:2022-01-01,Biodiversity Summit,https://estatements.un.org/estatements/10.0010/20200930/b2o2y9I27ECL/CBoaACN9auYI_en.pdf,Rwanda believes that ambitious and realistic biodiversity commitments should be the backbone towards this framework. Findings from the Intergovernmental Science ...,https://estatements.un.org › estatements,estatements_un_org_Biodiversity_Summit.txt,True,False,40,0,policy instrument,supported,national,"The statement mentions Rwanda's support for the Post-2020 Global Diversity Framework and the Kigali Amendment to the Montreal Protocol, indicating some level of policy instrument development or support.",There is no explicit mention of UNEP's role in supporting or developing Rwanda's biodiversity policies or frameworks.,"[""Rwanda believes that ambitious and realistic biodiversity commitments should be the backbone towards this framework"", ""We believe that accelerated implementation of Kigali Amendment to the Montreal Protocol will make a positive and tangible contribution to the protection of biodiversity""]"
Rwanda,2022–2026,1,UNEP programme Rwanda institutional framework biodiversity operationalized policy framework law regulation strategy action plan after:2022-01-01 before:2026-01-01,IS RWANDA READY FOR NATURE-RELATED FINANCIAL ...,https://www.biofin.org/sites/default/files/content/knowledge_products/TNFD%20Policy%20brief%20Rwanda.pdf,UNDP (2020) Rwanda Biodiversity Finance Plan: A Strategic Approach to Mobilising and Aligning Finance for Nature. Kigali: United Nations Development Programme.,https://www.biofin.org › knowledge_products,www_biofin_org_IS_RWANDA_READY_FOR_NATURE_RELATED_FINANCIAL_.txt,True,False,80,0,policy instrument / legal instrument / positive incentive,developed / strengthened / adopted,national,"The document provides detailed information on Rwanda's policy and regulatory framework for sustainability-related financial disclosures, including guidelines from the National Bank of Rwanda (BNR) and the Capital Market Authority (CMA). It outlines the country's commitment to integrating environmental risks into financial regulation and supervision, and its alignment with international frameworks such as TNFD and IFRS.",There is no explicit mention of UNEP's direct involvement in strengthening or enabling the SP2.1 framework/instrument/incentive in Rwanda during 2022-2026.,"[""Rwanda's environmental legislation is robust, cohesive, and strategically aligned across multiple policy domains, providing a sound legal foundation for environmental governance, ESG integration, and nature-related financial disclosure."", ""The National Bank of Rwanda (BNR) and the Capital Market Authority (CMA) are advancing a shift toward mandatory, standardized sustainability disclosures."", ""BNR has issued guidelines aligned with the IFRS Sustainability Disclosure Standards (S1 and S2) to integrate climate and nature-related risks into financial regulation."", ""The Rwanda Green Taxonomy plays an operational role by setting eligibility criteria for sustainable finance and guiding the issuance of green and sustainability-linked financial instruments.""]"
Rwanda,2022–2026,1,UNEP programme Rwanda institutional framework biodiversity operationalized policy framework law regulation strategy action plan after:2022-01-01 before:2026-01-01,Rwanda,https://www.unep.org/explore-topics/chemicals-waste/what-we-do/special-programme/rwanda,"""The project aims at supporting the Government of Rwanda to implement the Basel, Rotterdam, Stockholm, Minamata Conventions and SAICM through generating, ...",https://www.unep.org › ... › Special Programme,www_unep_org_Rwanda.txt,False,False,0,0,none,none,unclear,"The document does not contain explicit evidence related to strengthened institutional and operational frameworks, policy and legal instruments, or positive incentives for sustainable and inclusive management of biodiversity and land, or prevention of terrestrial, freshwater and marine ecosystem degradation in Rwanda during 2022-2026.","The document does not explicitly link UNEP to strengthening, developing, adopting, implementing, revising, approving, establishing, or operationalizing any nature-related framework/instrument/incentive in Rwanda during 2022-2026.",[]
Rwanda,2022–2026,1,UNEP programme Rwanda institutional framework biodiversity operationalized policy framework law regulation strategy action plan after:2022-01-01 before:2026-01-01,The Rwanda Environment Management Authority (REMA) ...,https://www.facebook.com/groups/2159071194482188/posts/2691393851249917/,"By implementing programs aimed at enhancing resilience and adaptation to climate impacts, the authority contributes to Rwanda's national goals for environmental ...",https://www.facebook.com › groups › posts,www_facebook_com_The_Rwanda_Environment_Management_Authority_REMA_.txt,True,False,80,0,institutional framework / policy instrument,established / developed,national,"The document provides clear evidence of Rwanda's institutional framework for environmental management through the Rwanda Environment Management Authority (REMA). REMA develops and enforces environmental laws and regulations, conducts environmental impact assessments, and promotes public awareness and education on environmental issues.",There is no explicit link between UNEP and the strengthening or development of Rwanda's environmental management frameworks or instruments.,"[""The Rwanda Environment Management Authority (REMA) plays a pivotal role in the country's efforts to promote sustainable environmental management and conservation."", ""REMA operates under the Ministry of Environment and is tasked with ensuring the protection and sustainable use of Rwanda's natural resources."", ""REMA develops and enforces environmental laws and regulations that safeguard Rwanda's unique ecosystems.""]"
Rwanda,2022–2026,1,UNEP programme Rwanda institutional framework biodiversity operationalized policy framework law regulation strategy action plan after:2022-01-01 before:2026-01-01,Inclusive Green Economy Policy Stocktaking Study for ...,https://www.un-page.org/knowledge-hub/inclusive-green-economy-policy-stocktaking-study-for-rwanda/,"National Biodiversity Strategy and Action Plan (NBSAP). Rwanda's NBSAP develops a framework for conservation, sustainable use, and equitable sharing of ...",https://www.un-page.org › knowledge-hub › incl...,www_un-page_org_Inclusive_Green_Economy_Policy_Stocktaking_Study_f.txt,True,False,60,0,policy instrument,developed,national,"The document provides evidence of Rwanda's efforts to develop and implement policies and strategies for sustainable development and green economy, such as the Green Growth and Climate Resilience Strategy (GGCRS) and the National Strategy for Transformation (NST-1).",There is no explicit link between UNEP and the development or implementation of Rwanda's green economy policies and strategies.,"[""The revised GGCRS identifies the country’s long-term green goals."", ""Rwanda joined the United Nations Partnership for Action on Green Economy (PAGE) in 2022."", ""The PAGE team would like to extend its sincere appreciation to the participants of the two workshops."", ""The report was prepared by Metroeconomica, International Consultancy firm, and Alex Mulisa, National Consultant, for UNDP-Rwanda, under the supervision of Fred Sabiti, National Technical Advisor on Environment Mainstreaming, UNDP.""]"
Rwanda,2022–2026,1,UNEP programme Rwanda institutional framework biodiversity operationalized policy framework law regulation strategy action plan after:2022-01-01 before:2026-01-01,SUSTAINABLE LANDSCAPE MANAGEMENT,https://www.environment.gov.rw/fileadmin/user_upload/Moe/Publications/Strategies/Rwanda_Sustainable_Landscape_Management_Investment_Framework.pdf,"... policies, laws, frameworks, plans and strategies, owing to its potential to transform the management and sustainable use of Rwanda's land and natural resources.",https://www.environment.gov.rw › Moe › Strategies,www_environment_gov_rw_SUSTAINABLE_LANDSCAPE_MANAGEMENT.txt,True,False,80,0,policy instrument,developed,national,"The document outlines the development of the Rwanda Sustainable Landscape Management Investment Framework (SLM-IF), a strategic planning framework aimed at guiding investments in Sustainable Land Management (SLM) in Rwanda. The framework focuses on enhancing productive capacity, strengthening adaptive capacity, and protecting and restoring ecosystems and biodiversity.",There is no explicit mention of UNEP's involvement in the development or implementation of the SLM-IF framework.,"[""The proposed Rwanda Sustainable Landscape Management Investment Framework (SLM-IF) stands to address these policy, institutional and investment challenges and capture potential opportunities, in turn providing the agenda and the guiding mechanism to mobilise, streamline and scale SLM investments in Rwanda."", ""The SLM-IF is planned to be implemented in three phases until 2050 (short term: 2025-2030, medium term: 2031-2035, and long term: 2036-2050)."", ""The Government of Rwanda has, however, a proven track record in delivering green growth through coordinated policy and investment in other areas and sectors.""]"
Rwanda,2022–2026,1,UNEP programme Rwanda institutional framework biodiversity operationalized policy framework law regulation strategy action plan after:2022-01-01 before:2026-01-01,Mainstreaming revisited: Experiences from eight countries ...,https://www.sciencedirect.com/science/article/pii/S2589811623000149,National Biodiversity Strategies and Action Plans (NBSAPs) are central for mainstreaming biodiversity by translating global ambition into national policies.,https://www.sciencedirect.com › science › article › pii,www_sciencedirect_com_Mainstreaming_revisited_Experiences_from_eight_cou.txt,False,False,0,0,none,none,unclear,The document does not contain any relevant information about Rwanda or environmental policy evaluations for the period of 2022-2026.,There is no mention of UNEP or any environmental policy framework/instrument/incentive related to Rwanda in the provided document.,[]
Rwanda,2022–2026,1,UNEP programme Rwanda institutional framework biodiversity operationalized policy framework law regulation strategy action plan after:2022-01-01 before:2026-01-01,rwanda_cpd_25-29.pdf,https://www.undp.org/sites/g/files/zskgke326/files/2026-01/rwanda_cpd_25-29.pdf,"UNDP will prioritize policy analysis, advocacy and advisory services to de-risk renewable energy investments. (unlocking access to investments), catalyze local ...",https://www.undp.org › files › zskgke326 › files,www_undp_org_rwanda_cpd_25_29_pdf.txt,True,False,60,0,institutional framework / policy instrument,developed / strengthened,national,"The document outlines various initiatives and strategies related to environmental sustainability and climate resilience in Rwanda, including the development of green growth and climate resilience strategies, promotion of sustainable natural resource management, and support for climate-resilient agriculture.",There is no explicit mention of UNEP's direct involvement or support in the development of Rwanda's environmental frameworks or instruments.,"[""The UNDP will support national capacities to conduct research, generate and utilize data for evidence-based decision-making."", ""The UNDP will leverage trade opportunities and niche markets under the African Continental Free Trade Area and diversify financing by collaborating with the Ministry of Trade and Industry, Ministry of Finance and Economic Planning, and private sector to boost exports and promote environmental and social governance."", ""The UNDP will support public and private sustainable management, use, and protection of natural resources, focusing on accelerating the adoption of green technologies and sustainable practices to build a resilient economy capable of attracting innovators and investors.""]"
Rwanda,2022–2026,1,UNEP programme Rwanda institutional framework biodiversity operationalized policy framework law regulation strategy action plan after:2022-01-01 before:2026-01-01,The Post-2020 Global Biodiversity Framework and What it ...,https://www3.weforum.org/docs/WEF_Biodiversity_Targets_for_Business_Action_2022.pdf,"Based on this vision and mission, the GBF sets goals, milestones and targets to be implemented via national biodiversity strategies and action plans. (NBSAPs), ...",https://www3.weforum.org › docs › WEF_Biodi...,www3_weforum_org_The_Post_2020_Global_Biodiversity_Framework_and_Wh.txt,False,False,0,0,none,none,global,The document does not contain explicit evidence related to Rwanda or the time window 2022-2026.,The document does not mention UNEP or any explicit link to UNEP.,[]
Rwanda,2022–2026,1,UNEP programme Rwanda institutional framework biodiversity operationalized policy framework law regulation strategy action plan after:2022-01-01 before:2026-01-01,Fact Sheet 1: Climate change adaptation strategies,https://www.mrcmekong.org/wp-content/uploads/2024/08/Fact-sheets-of-intl-experiences-on-the-formulation-implementation-of-t.pdf,It integrates key strategic plans and activities of the NBI sub-programmes and provides a broader framework for action. National responses to climate change ...,https://www.mrcmekong.org › uploads › 2024/08,www_mrcmekong_org_Fact_Sheet_1_Climate_change_adaptation_strategies.txt,False,False,0,0,none,none,none,The document does not contain explicit evidence related to Rwanda or the time window 2022–2026.,There is no explicit link between UNEP and any framework/instrument/incentive in Rwanda during 2022–2026.,[]
Rwanda,2022–2026,1,UNEP programme Rwanda institutional framework biodiversity operationalized policy framework law regulation strategy action plan after:2022-01-01 before:2026-01-01,"Since 2018, UNDP Biofin has been working to close ...",https://www.facebook.com/UNBiodiversity/videos/since-2018-undp-biofin-has-been-working-to-close-rwandas-biodiversity-finance-ga/1850264135802739/,"Since 2018, UNDP Biofin has been working to close Rwanda's biodiversity finance gap - supporting innovative solutions to protect the country's ecosystems.",10+ reactions · 1 year ago,www_facebook_com_Since_2018_UNDP_Biofin_has_been_working_to_close_.txt,False,False,0,0,none,none,unclear,,,[]
Rwanda,2022–2026,1,UNEP programme Rwanda institutional framework biodiversity operationalized policy framework law regulation strategy action plan after:2022-01-01 before:2026-01-01,greening rwanda's economy: towards nature positive ...,https://acode-u.org/uploadedFiles/greening_rwanda_s_economy_towards_nature_positive_economies_that_work_for_people_and_nature_final_paper.pdf,The objective of the ENR Sector Strategic Plan is to contribute to Rwanda's vision of sustainable economic development by safeguarding the natural capital that ...,https://acode-u.org › uploadedFiles › greening_rw...,acode-u_org_greening_rwanda_s_economy_towards_nature_positive_.txt,True,False,80,0,policy instrument / legal instrument / institutional framework,developed / strengthened / adopted,national,"The document provides detailed information on Rwanda's policies, laws, and strategies for transitioning to a green economy, including the National Environment Policy, National Land Policy, and Climate Change and International Obligations Unit. These frameworks aim to promote sustainable management of natural resources, reduce environmental risks, and enhance resilience to climate change.","There is no explicit mention of UNEP's direct involvement in strengthening or developing Rwanda's nature-related frameworks or instruments. However, UNEP is mentioned as one of the international organizations that Rwanda collaborates with on green economy and climate change issues.","[""Rwanda has elaborated key policies and strategies such as Vision 2020, the Economic Development and Poverty Reduction Strategy (EDPRS), the Strategic Plan for the Transformation of Agriculture in Rwanda (SPTAR), and the Irrigation Master Plan (IMP)."", ""The Ministry of Environment (MoE) of the Republic of Rwanda is responsible for the development and dissemination of the environment and climate change policies, strategies and programs and the legal instruments that give them effect."", ""The Rwanda Environment Management Authority (REMA) is the national regulatory agency responsible for coordinating the implementation of these policies and the strategies and programmes that derive from them.""]"
Rwanda,2022–2026,1,UNEP programme Rwanda institutional framework biodiversity operationalized policy framework law regulation strategy action plan after:2022-01-01 before:2026-01-01,The construction of biodiversity in conservation policy discourse,https://conbio.onlinelibrary.wiley.com/doi/10.1111/csp2.70211,"This article examines how biodiversity is constructed in conservation policy discourses globally and in biodiversity priority countries, using Africa and ...",https://conbio.onlinelibrary.wiley.com › doi › csp2,conbio_onlinelibrary_wiley_com_The_construction_of_biodiversity_in_conservation_p.txt,False,False,0,0,none,none,global,"The document does not contain explicit evidence related to Rwanda or the time window 2022-2026. It discusses biodiversity conservation policy in general, focusing on Zambia and Africa, but does not provide specific information about Rwanda's institutional and operational frameworks, policy and legal instruments, or positive incentives for sustainable and inclusive management of biodiversity and land.","There is no explicit link between UNEP and any specific framework, instrument, or incentive in Rwanda for the given time period. The document mentions UNEP in a general context but does not attribute any specific actions or outcomes to UNEP in Rwanda.","[""The document does not contain specific evidence related to Rwanda or the time window 2022-2026.""]"
Rwanda,2022–2026,1,UNEP programme Rwanda institutional framework biodiversity operationalized policy framework law regulation strategy action plan after:2022-01-01 before:2026-01-01,Rwanda (NPC) Investment Plan,https://www.cif.org/sites/cif_enc/files/2025-04/gcap_sc.6_02_npc_investment_plan_rwanda_05212024.pdf,"National Biodiversity Strategies and Action Plan ... The Rwandan government has an excellent legal, policy, and strategy framework, which is necessary for this ...",https://www.cif.org › sites › cif_enc › files › gcap...,www_cif_org_Rwanda_NPC_Investment_Plan.txt,True,False,60,0,institutional framework / policy instrument,developed,national,"The document outlines Rwanda's Nature, People, and Climate (NPC) Investment Plan, which aims to address climate change and environmental degradation through sustainable land management and nature-based solutions. The plan includes institutional arrangements, policy frameworks, and positive incentives for sustainable land management and biodiversity conservation.",There is no explicit mention of UNEP's role in supporting or developing the NPC Investment Plan or its components.,"[""Rwanda’s NPC IP seeks to address the multiple drivers and impacts of climate change resulting from human activities on land resources and ecosystem services in an integrated manner."", ""The IP aligns with Rwanda’s Nationally Determined Contributions (NDCs), the Green Growth Climate Resilience Strategy (GGCRS) as well as the country’s long-term vision to become a high-income, carbon-neutral economy by 2050."", ""The proposed IP contributes towards an integrated, system-wide sustainable land management (SLM) approach that reconciles competing uses of land and other natural resources to unlock the potential of nature for climate action, and simultaneously strengthen adaptive capacity and livelihoods of local communities.""]"
Rwanda,2022–2026,1,UNEP programme Rwanda institutional framework biodiversity operationalized policy framework law regulation strategy action plan after:2022-01-01 before:2026-01-01,Biodiversity Framework Database - Global Seaweed,https://globalseaweed.org/?page_id=5164,Use the link below to go to the searchable database. 2) Use the search parameters to filter for the frameworks you are interested in.,https://globalseaweed.org › ...,globalseaweed_org_Biodiversity_Framework_Database_Global_Seaweed.txt,False,False,0,0,none,none,unclear,,,[]
Rwanda,2022–2026,1,UNEP programme Rwanda institutional framework biodiversity operationalized policy framework law regulation strategy action plan after:2022-01-01 before:2026-01-01,AFRICAN UNION CLIMATE CHANGE AND RESILIENT ...,https://au.int/sites/default/files/documents/41959-doc-CC_Strategy_and_Action_Plan_2022-2032_08_02_23_Single_Print_Ready.pdf,"Appendix 2: Continental and regional level policies, frameworks and action plans responsive to climate change (non-exhaustive). Policies/Frameworks/Action Plans.",https://au.int › sites › default › files › documents,au_int_AFRICAN_UNION_CLIMATE_CHANGE_AND_RESILIENT_.txt,False,False,0,0,none,none,unclear,,,[]
Rwanda,2022–2026,1,UNEP programme Rwanda institutional framework biodiversity operationalized policy framework law regulation strategy action plan after:2022-01-01 before:2026-01-01,One Health implementation: A systematic scoping review ...,https://pmc.ncbi.nlm.nih.gov/articles/PMC11953970/,"OH implementation includes legal framework for the control and management of animal and zoonotic diseases, strategic plan for rabies elimination, parallel ...",https://pmc.ncbi.nlm.nih.gov › articles › PMC11953970,pmc_ncbi_nlm_nih_gov_One_Health_implementation_A_systematic_scoping_rev.txt,False,False,0,0,none,none,unclear,,,[]
Rwanda,2022–2026,1,UNEP programme Rwanda institutional framework biodiversity operationalized policy framework law regulation strategy action plan after:2022-01-01 before:2026-01-01,Rwanda (NPC) Investment Plan,https://www.cif.org/sites/cif_enc/files/2025-04/gcap_sc.6_02_npc_investment_plan_rwanda_05212024.pdf,"National Biodiversity Strategies and Action Plan ... The Rwandan government has an excellent legal, policy, and strategy framework, which is necessary for this ...",https://www.cif.org › sites › cif_enc › files › gcap...,www_cif_org_Rwanda_NPC_Investment_Plan.txt,True,False,60,0,institutional framework / policy instrument,developed / strengthened,national,"The document outlines Rwanda's Nature, People, and Climate (NPC) Investment Plan, which aims to address environmental degradation, climate change, and poverty. The plan includes projects focused on sustainable land management, climate-resilient agriculture, and ecosystem restoration. It also emphasizes the importance of gender, equality, and social inclusion (GESI) in project design and implementation.",There is no explicit mention of UNEP's role in supporting or enabling the NPC Investment Plan in Rwanda.,"[""Rwanda’s NPC IP seeks to address the multiple drivers and impacts of climate change resulting from human activities on land resources and ecosystem services in an integrated manner."", ""The IP aligns with Rwanda’s Nationally Determined Contributions (NDCs), the Green Growth Climate Resilience Strategy (GGCRS) as well as the country’s long-term vision to become a high-income, carbon-neutral economy by 2050."", ""The proposed IP contributes towards an integrated, system-wide sustainable land management (SLM) approach that reconciles competing uses of land and other natural resources to unlock the potential of nature for climate action, and simultaneously strengthen adaptive capacity and livelihoods of local communities.""]"
Rwanda,2022–2026,1,UNEP programme Rwanda institutional framework biodiversity operationalized policy framework law regulation strategy action plan after:2022-01-01 before:2026-01-01,Climate Change Policy Framework for Jamaica,https://www.mof.gov.jm/wp-content/uploads/Updated-Climate-Change-Policy-Framework_with-message-16032023.pdf,Jamaica's most recent National Biodiversity Strategy and Action Plan was prepared for the period. 2016-2021. Work has commenced to revise this document to ...,https://www.mof.gov.jm › wp-content › uploads,www_mof_gov_jm_Climate_Change_Policy_Framework_for_Jamaica.txt,False,False,0,0,none,none,national,"The document is about Jamaica's Climate Change Policy Framework, not about Rwanda. Therefore, it does not contain explicit evidence related to Rwanda's institutional frameworks, operational frameworks, policy instruments, positive incentives, or mechanisms for sustainable and inclusive management of biodiversity and land, or prevention of terrestrial, freshwater, and marine ecosystem degradation during 2022-2026.","There is no mention of UNEP's role in strengthening, developing, adopting, implementing, revising, approving, establishing, or operationalizing any nature-related framework/instrument/incentive in Rwanda during 2022-2026.",[]
Rwanda,2022–2026,1,UNEP programme Rwanda institutional framework biodiversity operationalized policy framework law regulation strategy action plan after:2022-01-01 before:2026-01-01,Rwanda Country - Programme Strategy,https://iucn.org/sites/default/files/2024-02/iucn-rwanda-country-strategy-2021-2030.pdf,The legal framework for environment and biodiversity conservation is established under the Constitution of the Republic of Rwanda. Further provisions are ...,https://iucn.org › sites › default › files › iucn-rwan...,iucn_org_Rwanda_Country_Programme_Strategy.txt,True,False,80,0,policy instrument / institutional framework,developed / strengthened,national,"The document outlines various policies, plans, and institutions related to nature conservation in Rwanda, including the Rwanda Biodiversity Policy (2011), Environment and Climate Change Policy (2019), and the National Land Policy (2019). These policies aim to conserve biodiversity, manage land and water resources sustainably, and address climate change.",There is no explicit mention of UNEP's direct involvement in strengthening or developing these frameworks and instruments in Rwanda during 2022-2026.,"[""Rwanda Biodiversity Policy (2011)"", ""Environment and Climate Change Policy (2019)"", ""National Land Policy (2019)"", ""IUCN Rwanda Country Office’s main areas of implementation""]"
Rwanda,2022–2026,1,UNEP programme Rwanda institutional framework biodiversity operationalized policy framework law regulation strategy action plan after:2022-01-01 before:2026-01-01,The GEF in,https://www.thegef.org/sites/default/files/documents/2024-02/GEF_in_Africa_2024_2.pdf,"The African continent, characterized by diverse economies, geographies, and ecosystems, faces significant environmental challenges that will impact the.",https://www.thegef.org › GEF_in_Africa_2024_2,www_thegef_org_The_GEF_in.txt,False,False,0,0,none,none,global,"The document does not contain explicit evidence related to Rwanda or the time window 2022-2026. It primarily discusses the Global Environment Facility's (GEF) work in Africa, but does not specifically mention Rwanda or provide details about strengthened institutional and operational frameworks, policy and legal instruments, or positive incentives for sustainable and inclusive management of biodiversity and land, or prevention of terrestrial, freshwater and marine ecosystem degradation in Rwanda during the specified time frame.","There is no explicit link between UNEP and any specific framework, instrument, incentive, or governance mechanism in Rwanda for the period 2022-2026. The document focuses on GEF's activities in Africa but does not provide information specific to Rwanda or UNEP's involvement in such activities.",[]
Rwanda,2022–2026,1,UNEP programme Rwanda institutional framework biodiversity operationalized policy framework law regulation strategy action plan after:2022-01-01 before:2026-01-01,greening rwanda's economy: towards nature positive ...,https://acode-u.org/uploadedFiles/greening_rwanda_s_economy_towards_nature_positive_economies_that_work_for_people_and_nature_final_paper.pdf,The objective of the ENR Sector Strategic Plan is to contribute to Rwanda's vision of sustainable economic development by safeguarding the natural capital that ...,https://acode-u.org › uploadedFiles › greening_rw...,acode-u_org_greening_rwanda_s_economy_towards_nature_positive_.txt,True,False,80,0,"policy instrument, legal instrument, institutional framework","developed, strengthened, adopted",national,"The document provides detailed information on Rwanda's policies, laws, and institutional frameworks aimed at transitioning to a green economy, which includes strategies for sustainable management of biodiversity and land, and prevention of ecosystem degradation.",There is no explicit mention of UNEP's role in supporting or enabling the SP2.1 framework/instrument/incentive in Rwanda during 2022-2026.,"[""Rwanda has elaborated key policies and strategies such as Vision 2020, the Economic Development and Poverty Reduction Strategy (EDPRS), the Strategic Plan for the Transformation of Agriculture in Rwanda (SPTAR), and the Irrigation Master Plan (IMP)."", ""The Ministry of Environment (MoE) of the Republic of Rwanda is responsible for the development and dissemination of the environment and climate change policies, strategies and programs and the legal instruments that give them effect."", ""The Rwanda Environment Management Authority (REMA) is the national regulatory agency responsible for coordinating the implementation of these policies and the strategies and programmes that derive from them."", ""Rwanda updated relevant policies and legislation following ratification of the Paris Agreement to ensure compliance."", ""The Environment and Natural resources (ENR) sector policies and strategies are aligned with an extensive range of national, regional, and international policy frameworks.""]"
Rwanda,2022–2026,1,UNEP programme Rwanda institutional framework biodiversity operationalized policy framework law regulation strategy action plan after:2022-01-01 before:2026-01-01,Nurturing Biodiversity: Rwanda's Efforts to Preserve Its ...,https://www.youtube.com/watch?v=jb47pXbMiRE,The country has put in place initiatives and policies that aim to preserve and secure its Rich biodiversity.,590+ views · 1 year ago,www_youtube_com_Nurturing_Biodiversity_Rwanda_s_Efforts_to_Preserv.txt,False,False,0,0,none,none,unclear,,,[]
Rwanda,2022–2026,1,UNEP programme Rwanda institutional framework biodiversity operationalized policy framework law regulation strategy action plan after:2022-01-01 before:2026-01-01,Unleashing Policy Coherence to Achieve the SDGs,https://www.oecd.org/content/dam/oecd/en/publications/reports/2024/07/unleashing-policy-coherence-to-achieve-the-sdgs_c996cd0c/a1c8dbf8-en.pdf,"In 2023, Italy's Inter-ministerial Committee for Ecological. Transition (CITE) approved the National Action Plan on Policy Coherence for Sustainable Development.",https://www.oecd.org › oecd › reports › 2024/07,www_oecd_org_Unleashing_Policy_Coherence_to_Achieve_the_SDGs.txt,False,False,0,0,none,none,global,"The document does not contain explicit evidence related to Rwanda or the time window 2022–2026 about institutional/operational frameworks, policy/legal instruments, positive incentives, sustainable and inclusive management of biodiversity and land, or prevention of terrestrial, freshwater, or marine ecosystem degradation.",There is no explicit link between UNEP and strengthening/enabling any nature-related framework/instrument/incentive in Rwanda during 2022–2026.,[]
Rwanda,2022–2026,1,UNEP programme Rwanda institutional framework biodiversity operationalized policy framework law regulation strategy action plan after:2022-01-01 before:2026-01-01,Country initiatives on Education for Sustainable Development,https://unesdoc.unesco.org/ark:/48223/pf0000389493,These strategies serve as the country's legal and institutional framework to achieve sustainable development and provides a planning and implementation ...,https://unesdoc.unesco.org › ark:,unesdoc_unesco_org_Country_initiatives_on_Education_for_Sustainable_D.txt,False,False,0,0,none,none,unclear,"The document is not related to environmental policy evaluation, institutional frameworks, operational frameworks, policy instruments, legal instruments, positive incentives, or ecosystem degradation prevention in Rwanda for the period 2022-2026.","There is no mention of UNEP in relation to environmental policy evaluation, institutional frameworks, operational frameworks, policy instruments, legal instruments, positive incentives, or ecosystem degradation prevention in Rwanda for the period 2022-2026.",[]
Rwanda,2022–2026,1,UNEP programme Rwanda institutional framework biodiversity operationalized policy framework law regulation strategy action plan after:2022-01-01 before:2026-01-01,The African Energy Transition Strategy and Action Plan,https://au-afrec.org/sites/default/files/2025-09/ETSAP%20Report%20publication.pdf,The Energy Transition Strategy and Action Plan (ETSAP) is a continental framework developed by the African Energy. Commission of the African Union as a guiding ...,https://au-afrec.org › sites › default › files,au-afrec_org_The_African_Energy_Transition_Strategy_and_Action_.txt,False,False,0,0,none,none,unclear,,,[]
Rwanda,2022–2026,1,UNEP programme Rwanda institutional framework biodiversity operationalized policy framework law regulation strategy action plan after:2022-01-01 before:2026-01-01,AC recognizing adaptation efforts 2024,https://unfccc.int/sites/default/files/resource/AC27_12_Draft%20paper%20_Recognition.pdf,"During the planning phase, institutional frameworks support the creation of comprehensive NAPs and other strategic documents through multi-stakeholder processes.",https://unfccc.int › sites › default › files › resource,unfccc_int_AC_recognizing_adaptation_efforts_2024.txt,False,False,0,0,none,none,global,"The document does not contain explicit evidence related to Rwanda or the time window 2022–2026 about institutional/operational frameworks, policy/legal instruments, positive incentives, sustainable and inclusive management of biodiversity and land, or prevention of terrestrial, freshwater, or marine ecosystem degradation.",There is no explicit link between UNEP and strengthening/enabling any nature-related framework/instrument/incentive in Rwanda during 2022–2026.,[]
Rwanda,2022–2026,1,UNEP programme Rwanda institutional framework biodiversity operationalized policy framework law regulation strategy action plan after:2022-01-01 before:2026-01-01,Ecosystem-based Adaptation in Rwanda,https://www.unep.org/ecosystem-based-adaptation-rwanda,"The proposed project will use an Ecosystem-based Adaptation (EbA) approach to restore degraded wetland, forest and savanna ecosystems.",https://www.unep.org › ecosystem-based-adaptation-rw...,www_unep_org_Ecosystem_based_Adaptation_in_Rwanda.txt,False,False,0,0,none,none,unclear,,,[]
Rwanda,2022–2026,1,UNEP programme Rwanda institutional framework biodiversity operationalized policy framework law regulation strategy action plan after:2022-01-01 before:2026-01-01,CF Report 2025-2029.pdf,https://rwanda.un.org/sites/default/files/2025-05/CF%20Report%202025-2029.pdf,This Framework represents not only the UN's strategic partnership with the Government of. Rwanda but also our unwavering dedication to supporting the country's ...,https://rwanda.un.org › sites › default › files,rwanda_un_org_CF_Report_2025_2029_pdf.txt,False,False,0,0,none,none,global,"The document does not contain explicit evidence related to institutional/operational frameworks, policy/legal instruments, positive incentives, sustainable and inclusive management of biodiversity and land, or prevention of terrestrial, freshwater, or marine ecosystem degradation in Rwanda for the period 2022-2026.",There is no explicit link between UNEP and any nature-related framework/instrument/incentive in Rwanda for the period 2022-2026.,[]
Rwanda,2022–2026,1,UNEP programme Rwanda institutional framework biodiversity operationalized policy framework law regulation strategy action plan after:2022-01-01 before:2026-01-01,Progress on implementation of Integrated Water Resources ...,https://www.unwater.org/sites/default/files/2024-08/SDG6_Indicator_Report_651_Progress-on-Implementation-of-IWRM_2024_EN_0.pdf,"In Chile, important regulatory advances have been made which will allow gradual progress in IWRM implementation, such as the Framework Law on Climate Change ( ...",https://www.unwater.org › sites › default › files,www_unwater_org_Progress_on_implementation_of_Integrated_Water_Res.txt,False,False,0,0,none,none,global,"The document does not contain explicit evidence related to Rwanda or the time window 2022–2026 about institutional frameworks, operational frameworks, policy instruments, positive incentives, or mechanisms for sustainable and inclusive management of biodiversity and land, or prevention of terrestrial, freshwater, and marine ecosystem degradation.",There is no explicit link between UNEP and any nature-related framework/instrument/incentive in Rwanda during 2022–2026.,[]
Rwanda,2022–2026,1,UNEP programme Rwanda institutional framework biodiversity operationalized policy framework law regulation strategy action plan after:2022-01-01 before:2026-01-01,Rwanda Plans to Raise $500mln to Protect Biodiversity,https://www.ecofinagency.com/news/2706-47450-rwanda-plans-to-raise-500mln-to-protect-biodiversity,“Rwanda has updated its National Biodiversity Strategy and Action Plan to align with the new global framework. One of our key goals is to mobilize $500 ...,https://www.ecofinagency.com › news › 2706-47450-r...,www_ecofinagency_com_Rwanda_Plans_to_Raise_500mln_to_Protect_Biodiversi.txt,True,False,80,0,policy instrument,developed,national,Rwanda has updated its National Biodiversity Strategy and Action Plan to align with the Kunming-Montreal Global Biodiversity Framework adopted in 2022. The country plans to mobilize $500 million to support concrete actions for biodiversity protection.,There is no explicit link between UNEP and the development of Rwanda's National Biodiversity Strategy and Action Plan or the mobilization of $500 million for biodiversity protection.,"[""Rwanda has updated its National Biodiversity Strategy and Action Plan to align with the Kunming-Montreal Global Biodiversity Framework adopted in 2022"", ""The country plans to mobilize $500 million to support concrete actions for biodiversity protection""]"
Rwanda,2022–2026,1,UNEP programme Rwanda institutional framework biodiversity operationalized policy framework law regulation strategy action plan after:2022-01-01 before:2026-01-01,Exploration of the biodiversity finance landscape,https://www.cbd.int/doc/c/8d7f/55df/1d2dbb096d00be743f006a05/rm-ac-2024-01-02-en.pdf,National Biodiversity Strategies and Action Plan (NBSAP) processes in Rwanda are overlapping and mutually complementary. The study estimated that ...,https://www.cbd.int › doc › rm-ac-2024-01-02-en,www_cbd_int_Exploration_of_the_biodiversity_finance_landscape.txt,False,False,0,0,none,none,global,"The document does not contain explicit evidence related to Rwanda or the time window 2022–2026 about institutional frameworks, operational frameworks, policy instruments, positive incentives, or mechanisms for sustainable and inclusive management of biodiversity and land, or prevention of terrestrial, freshwater, and marine ecosystem degradation.",There is no explicit link between UNEP and strengthening/enabling any nature-related framework/instrument/incentive in Rwanda during 2022–2026.,[]
Rwanda,2022–2026,1,UNEP programme Rwanda institutional framework biodiversity operationalized policy framework law regulation strategy action plan after:2022-01-01 before:2026-01-01,World Cities Report 2022: Envisaging the Future of Cities,https://unhabitat.org/sites/default/files/2022/06/wcr_2022.pdf,The World Cities Report 2022 envisages an optimistic scenario of urban futures that relies on collaborative and effective interventions to tackle ...,https://unhabitat.org › files › 2022/06 › wcr_2022,unhabitat_org_World_Cities_Report_2022_Envisaging_the_Future_of_.txt,False,False,0,0,none,none,global,"The document does not contain explicit evidence related to Rwanda or the time window 2022-2026 about institutional/operational frameworks, policy/legal instruments, positive incentives, sustainable and inclusive management of biodiversity and land, or prevention of terrestrial, freshwater, or marine ecosystem degradation.",There is no explicit link between UNEP and strengthening/enabling any nature-related framework/instrument/incentive in Rwanda during 2022-2026.,[]
Rwanda,2022–2026,1,UNEP programme Rwanda institutional framework biodiversity operationalized policy framework law regulation strategy action plan after:2022-01-01 before:2026-01-01,Ecosystem-based Adaptation in Rwanda,https://www.unep.org/ecosystem-based-adaptation-rwanda,"The proposed project will use an Ecosystem-based Adaptation (EbA) approach to restore degraded wetland, forest and savanna ecosystems.",https://www.unep.org › ecosystem-based-adaptation-rw...,www_unep_org_Ecosystem_based_Adaptation_in_Rwanda.txt,False,False,0,0,none,none,unclear,"The document is not about Rwanda in 2022-2026, but rather about a project that ended in 2022.",There is no explicit link between UNEP and strengthening/enabling SP2.1 framework/instrument/incentive outcomes in Rwanda for 2022-2026.,[]
Rwanda,2022–2026,1,UNEP programme Rwanda institutional framework biodiversity operationalized policy framework law regulation strategy action plan after:2022-01-01 before:2026-01-01,Org. Setting and Reporting The United Nations ...,https://www.facebook.com/ntchito/posts/org-setting-and-reporting-the-united-nations-environment-programme-unep-is-the-l/377345037681443/?locale=af_ZA,The United Nations Environment Programme (UNEP) is seeking a Consultant to support biodiversity mainstreaming in preparation for major events like SBI -7 and ...,https://www.facebook.com › ntchito › posts › org-settin...,www_facebook_com_Org_Setting_and_Reporting_The_United_Nations_.txt,False,False,0,0,none,none,unclear,"The document does not contain explicit evidence related to Rwanda or the time window 2022-2026, nor does it mention any institutional frameworks, operational frameworks, policy instruments, legal instruments, positive incentives, inclusive participation mechanisms, or degradation prevention frameworks/instruments.",The document does not explicitly link UNEP to any strengthening/enabling of SP2.1 framework/instrument/incentive outcome in Rwanda during 2022-2026.,[]
Rwanda,2022–2026,1,UNEP programme Rwanda institutional framework biodiversity operationalized policy framework law regulation strategy action plan after:2022-01-01 before:2026-01-01,Making Mandatory Human Rights and Environmental Due ...,https://international-partnerships.ec.europa.eu/system/files/2022-07/making-mandatory-human-rights-and-environmental-due-diligence-work-for-all_en.pdf,"The programme will work with the public sector to strengthen the institutional, legal and regulatory frameworks for sustainable cocoa production, and with ...",https://international-partnerships.ec.europa.eu › ...,international-partnerships_ec_europa_eu_Making_Mandatory_Human_Rights_and_Environmental_Du.txt,False,False,0,0,none,none,none,"The document does not contain explicit evidence related to Rwanda in 2022-2026 about institutional frameworks, operational frameworks, policy instruments, legal instruments, positive incentives, sustainable and inclusive management of biodiversity and land, or prevention of terrestrial, freshwater, or marine ecosystem degradation.",There is no explicit link between UNEP and strengthening/enabling any nature-related framework/instrument/incentive in Rwanda during 2022-2026.,[]
Rwanda,2022–2026,1,UNEP programme Rwanda institutional framework biodiversity operationalized policy framework law regulation strategy action plan after:2022-01-01 before:2026-01-01,2024 PAGE Annual Report,https://www.un-page.org/2024-annual-report/,"In 2024, the Partnership for Action on Green Economy (PAGE) rolled out its updated Strategy with the ambition to shift finance and investments for a just, ...",https://www.un-page.org › 2024-annual-report,www_un-page_org_2024_PAGE_Annual_Report.txt,False,False,0,0,none,none,global,"The document does not contain explicit evidence related to Rwanda or the specific time window of 2022-2026 regarding institutional frameworks, operational frameworks, policy instruments, legal instruments, positive incentives, inclusive participation mechanisms, or ecosystem degradation prevention frameworks/instruments.",The document mentions PAGE (Partnership for Action on Green Economy) and UNEP but does not provide explicit evidence linking UNEP to strengthening/enabling SP2.1 framework/instrument/incentive outcomes in Rwanda during 2022-2026.,[]
Rwanda,2022–2026,1,UNEP programme Rwanda institutional framework biodiversity operationalized policy framework law regulation strategy action plan after:2022-01-01 before:2026-01-01,Climate Change Policy Framework for Jamaica,https://www.mof.gov.jm/wp-content/uploads/Updated-Climate-Change-Policy-Framework_with-message-16032023.pdf,Jamaica's most recent National Biodiversity Strategy and Action Plan was prepared for the period. 2016-2021. Work has commenced to revise this document to ...,https://www.mof.gov.jm › wp-content › uploads,www_mof_gov_jm_Climate_Change_Policy_Framework_for_Jamaica.txt,False,False,0,0,none,none,none,"The document is about Jamaica's Climate Change Policy Framework, not Rwanda. Therefore, it does not contain explicit evidence related to Rwanda's institutional and operational frameworks, policy and legal instruments, or positive incentives for sustainable and inclusive management of biodiversity and land, or prevention of terrestrial, freshwater and marine ecosystem degradation during 2022-2026.","There is no mention of UNEP's role in strengthening, developing, adopting, implementing, revising, approving, establishing, or operationalizing any nature-related framework/instrument/incentive in Rwanda during 2022-2026.",[]
Rwanda,2022–2026,1,UNEP programme Rwanda institutional framework biodiversity operationalized policy framework law regulation strategy action plan after:2022-01-01 before:2026-01-01,Investment Plan - Draft,https://greenfund.rw/sites/default/files/2024-04/Rwanda%20CIF%20NPC%20IP_DRAFT_Investment%20Plan.pdf,"In addition to the proposed sub-program of activities being supported by a sound policy and strategy framework, there are a number of local and national ...",https://greenfund.rw › sites › default › files › Rw...,greenfund_rw_Investment_Plan_Draft.txt,False,False,0,0,none,none,unclear,,,[]
Rwanda,2022–2026,1,UNEP programme Rwanda institutional framework biodiversity operationalized policy framework law regulation strategy action plan after:2022-01-01 before:2026-01-01,Republic of Rwanda Country strategic opportunities ...,https://webapps.ifad.org/members/eb-seminars/2025-09-01-EB-Consultations/docs/EB-2025-OR-7.pdf,"National Biodiversity Strategy and Action Plan (NBSAP) in 2003, which was revised in 2016 to align with the CBD's Strategic Plan for Biodiversity 2011-2020.",https://webapps.ifad.org › docs › EB-2025-OR-7,webapps_ifad_org_Republic_of_Rwanda_Country_strategic_opportunities.txt,False,False,0,0,none,none,none,"The document does not contain explicit evidence related to institutional frameworks, operational frameworks, policy instruments, positive incentives, sustainable and inclusive management of biodiversity and land, or prevention of terrestrial, freshwater, or marine ecosystem degradation for Rwanda during 2022-2026.","There is no explicit link between UNEP and any nature-related framework, instrument, incentive, or governance mechanism in Rwanda during 2022-2026.",[]
Rwanda,2022–2026,2,in collaboration with UNEP Rwanda biodiversity policy legal framework established policy framework law regulation strategy action plan after:2022-01-01 before:2026-01-01,Mainstreaming revisited: Experiences from eight countries ...,https://www.sciencedirect.com/science/article/pii/S2589811623000149,National Biodiversity Strategies and Action Plans (NBSAPs) are central for mainstreaming biodiversity by translating global ambition into national policies.,https://www.sciencedirect.com › science › article › pii,www_sciencedirect_com_Mainstreaming_revisited_Experiences_from_eight_cou.txt,False,False,0,0,none,none,unclear,The document does not contain any information related to environmental policy or framework for Rwanda in 2022-2026.,The document does not mention UNEP or any environmental policy for Rwanda.,[]
Rwanda,2022–2026,1,UNEP programme Rwanda institutional framework biodiversity operationalized policy framework law regulation strategy action plan after:2022-01-01 before:2026-01-01,Living Planet Report 2024 - WWF,https://www.wwf.org.uk/sites/default/files/2024-10/living-planet-report-2024.pdf,"□ National biodiversity strategies and action plans are inadequate and lack financial and institutional support. Approaching climate, biodiversity and ...",https://www.wwf.org.uk › sites › default › files,www_wwf_org_uk_Living_Planet_Report_2024_WWF.txt,False,False,0,0,none,none,global,The document does not contain explicit evidence related to Rwanda or the time window 2022–2026.,The document does not mention UNEP or any specific linkage to UNEP.,[]
Rwanda,2022–2026,2,in collaboration with UNEP Rwanda biodiversity policy legal framework established policy framework law regulation strategy action plan after:2022-01-01 before:2026-01-01,global environmental protection: the un's legal frameworks ...,https://www.facebook.com/groups/1469126009893987/posts/2967218360084737/,"UNEP's Medium-Term Strategy for 2010-2013 outlines its strategic directions, focusing on six cross-cutting thematic priorities: Climate change. Disasters and ...",https://www.facebook.com › groups › posts,www_facebook_com_global_environmental_protection_the_un_s_legal_fra.txt,False,False,0,0,none,none,global,"The document does not contain explicit evidence related to Rwanda or the time window 2022–2026. It also does not discuss specific institutional frameworks, operational frameworks, policy instruments, legal instruments, positive incentives, or mechanisms for sustainable and inclusive management of biodiversity and land, or prevention of terrestrial, freshwater, and marine ecosystem degradation in Rwanda.","The document mentions UNEP in a general context but does not explicitly link UNEP to any specific framework, instrument, or incentive in Rwanda for the period 2022–2026.",[]
Rwanda,2022–2026,2,in collaboration with UNEP Rwanda biodiversity policy legal framework established policy framework law regulation strategy action plan after:2022-01-01 before:2026-01-01,IS RWANDA READY FOR NATURE-RELATED FINANCIAL ...,https://www.biofin.org/sites/default/files/content/knowledge_products/TNFD%20Policy%20brief%20Rwanda.pdf,These measures are necessary for Rwanda to meet its National Biodiversity Strategy and Action Plan (NBSAP) targets and ensure long-term financial ...,https://www.biofin.org › knowledge_products,www_biofin_org_IS_RWANDA_READY_FOR_NATURE_RELATED_FINANCIAL_.txt,True,False,80,0,policy instrument / legal instrument / positive incentive,developed / strengthened / adopted,national,"The document provides detailed information on Rwanda's policy and regulatory framework for sustainability-related financial disclosures, including guidelines from the National Bank of Rwanda (BNR) and the Capital Markets Authority (CMA). It outlines the country's commitment to integrating environmental risks into financial regulation and supervision, and the development of a Green Taxonomy. The document also discusses Rwanda's efforts to institutionalize Natural Capital Accounting (NCA) within national planning systems.","There is no explicit evidence that UNEP directly supported or funded the development of Rwanda's frameworks, instruments, or incentives for sustainable and inclusive management of biodiversity and land. However, UNDP and BIOFIN are mentioned as partners in making the publication possible, and there are references to UNDP's Biodiversity Finance Initiative (BIOFIN) and its role in supporting Rwanda's readiness assessments for nature-related financial disclosures.","[""Rwanda’s strategic focus on high-end, low-volume tourism, coupled with conservation efforts and international partnerships, has solidified its position as a premier destination for sustainable and luxury travel experiences."", ""The National Bank of Rwanda (BNR) and the Capital Markets Authority (CMA) are advancing a shift toward mandatory, standardised sustainability disclosures."", ""BNR has issued two progressive guidelines aligned with the IFRS Sustainability Disclosure Standards (S1 and S2): Guideline No. 2600/2023-0036 on climate-related and environmental risk management, and Guideline No. 040/2024 on sustainability-related financial disclosures."", ""The Rwanda Green Taxonomy plays an operational role by setting eligibility criteria for sustainable finance and guiding the issuance of green and sustainability-linked financial instruments.""]"
Rwanda,2022–2026,2,in collaboration with UNEP Rwanda biodiversity policy legal framework established policy framework law regulation strategy action plan after:2022-01-01 before:2026-01-01,SUSTAINABLE LANDSCAPE MANAGEMENT,https://www.environment.gov.rw/fileadmin/user_upload/Moe/Publications/Strategies/Rwanda_Sustainable_Landscape_Management_Investment_Framework.pdf,Government of Rwanda. (2014). National Biodiversity Strategy and Action Plan. Retrieved from https://faolex.fao.org/docs/pdf/rwa155470.pdf. Government of Rwanda ...,https://www.environment.gov.rw › Moe › Strategies,www_environment_gov_rw_SUSTAINABLE_LANDSCAPE_MANAGEMENT.txt,True,False,80,0,policy instrument,developed,national,"The document outlines the development of a Sustainable Landscape Management Investment Framework (SLM-IF) for Rwanda, which aims to address land degradation, promote sustainable land management, and enhance ecosystem services. The framework includes a comprehensive prioritization approach for SLM investments, proposed coordination and institutional arrangements, capacity building for extension services, and a monitoring and evaluation framework.",There is no explicit mention of UNEP's involvement in the development or implementation of the SLM-IF in Rwanda.,"[""The proposed Rwanda Sustainable Landscape Management Investment Framework (SLM-IF) stands to address these policy, institutional and investment challenges and capture potential opportunities, in turn providing the agenda and the guiding mechanism to mobilise, streamline and scale SLM investments in Rwanda."", ""The SLM-IF offers a comprehensive prioritisation approach to determine where (in which catchments at level 2.5) SLM investments should be prioritised, based on a range of criteria that speaks to both risk and opportunity/potential"", ""The Government of Rwanda has, however, a proven track record in delivering green growth through coordinated policy and investment in other areas and sectors.""]"
Rwanda,2022–2026,2,in collaboration with UNEP Rwanda biodiversity policy legal framework established policy framework law regulation strategy action plan after:2022-01-01 before:2026-01-01,Inclusive Green Economy Policy Stocktaking Study for ...,https://www.un-page.org/knowledge-hub/inclusive-green-economy-policy-stocktaking-study-for-rwanda/,"National Biodiversity Strategy and Action Plan (NBSAP). Rwanda's NBSAP develops a framework for conservation, sustainable use, and equitable sharing of ...",https://www.un-page.org › knowledge-hub › incl...,www_un-page_org_Inclusive_Green_Economy_Policy_Stocktaking_Study_f.txt,True,False,60,0,policy instrument,developed,national,"The document provides evidence of Rwanda's efforts to develop and implement policies and strategies for sustainable development and a green economy, including the Green Growth and Climate Resilience Strategy (GGCRS) and the National Strategy for Transformation (NST-1).",There is no explicit link between UNEP and the development or implementation of Rwanda's green economy policies and strategies.,"[""The main strategies guiding Rwanda’s green development are its Vision 2050, the National Strategy for Transformation (NST-1), the revised Green Growth and Climate Resilience Strategy (GGCRS), and its Nationally Determined Contributions (NDCs)."", ""Rwanda joined the United Nations Partnership for Action on Green Economy (PAGE) in 2022, a UN programme that supports countries and regions to reframe economic policies and practices around the Inclusive Green Economy (IGE).""]"
Rwanda,2022–2026,2,in collaboration with UNEP Rwanda biodiversity policy legal framework established policy framework law regulation strategy action plan after:2022-01-01 before:2026-01-01,Promoting Synergies Between Climate Change ...,https://www.adaptationcommunity.net/wp-content/uploads/2022/11/UNFCCC-NWP_synergies_NAP-NBSAP_technical-brief.pdf,Republic of Rwanda. (2016). Republic of Rwanda national biodiversity strategy and action plan. Ministry of Natural Resources. https://www.cbd.int/ · doc/world ...,https://www.adaptationcommunity.net › 2022/11,www_adaptationcommunity_net_Promoting_Synergies_Between_Climate_Change_.txt,True,False,40,0,policy instrument,strengthened,national,"The document mentions Rwanda's National Biodiversity Strategy and Action Plan (NBSAP) and its efforts to mainstream biodiversity into sectoral policies, poverty reduction efforts, and climate change actions. It also mentions the National Fund for Environment: Rwanda Green Fund (FONERWA) as a financing mechanism for environmental and climate actions.",There is no explicit mention of UNEP's direct involvement in strengthening or enabling Rwanda's nature-related frameworks or instruments.,"[""Rwanda submitted its second NBSAP in 2016, which outlined its targets and action plans for biodiversity conservation."", ""Rwanda has also prioritised EbA as a tool to advance integrated adaptation and resilience-building strategies through its process to formulate and implement the NAP."", ""The Government of Rwanda established an autonomous institution to further scale up resource mobilisation and allocation in 2012—the National Fund for Environment: Rwanda Green Fund (FONERWA).""]"
Rwanda,2022–2026,2,in collaboration with UNEP Rwanda biodiversity policy legal framework established policy framework law regulation strategy action plan after:2022-01-01 before:2026-01-01,Enabling Adaptation - Environmental Change Institute,https://www.eci.ox.ac.uk/sites/default/files/2025-01/UNEP%20Enabling%20Adaptation%20Report%20%282025%29.pdf,This report was commissioned and developed with the kind support of the United Na- tions Environment Programme and the Green Fiscal Policy Network through ...,https://www.eci.ox.ac.uk › sites › default › files,www_eci_ox_ac_uk_Enabling_Adaptation_Environmental_Change_Institute.txt,False,False,0,0,none,none,global,"The document does not contain explicit evidence related to Rwanda's strengthened institutional and operational frameworks, policy and legal instruments, or positive incentives for sustainable and inclusive management of biodiversity and land, or prevention of terrestrial, freshwater, and marine ecosystem degradation during 2022-2026.",The document mentions the support of the United Nations Environment Programme but does not explicitly link UNEP to strengthening/enabling any nature-related framework/instrument/incentive in Rwanda during 2022-2026.,[]
Rwanda,2022–2026,2,in collaboration with UNEP Rwanda biodiversity policy legal framework established policy framework law regulation strategy action plan after:2022-01-01 before:2026-01-01,Argentina's Road to 2030: Collaborative Climate Action,https://www.shiftcities.org/post/argentinas-road-2030-collaborative-climate-action,Aligning legal frameworks: Ensure that national laws and local regulations are consistent and supportive of climate action. Building local capacities: Provide ...,https://www.shiftcities.org › post › argentinas-road-203...,www_shiftcities_org_Argentina_s_Road_to_2030_Collaborative_Climate_Act.txt,False,False,0,0,none,none,unclear,,,[]
Rwanda,2022–2026,2,in collaboration with UNEP Rwanda biodiversity policy legal framework established policy framework law regulation strategy action plan after:2022-01-01 before:2026-01-01,Comparative Analysis of Environmental Protection Laws ...,https://iprjb.org/journals/IJLP/article/download/2706/3156/7736?srsltid=AfmBOorJJF2AYni37w0ACvPXN8Vzo2YWIA_uwA0uAXnlM3JgSW79VuSL,"Employing a mixed-methods approach, the study examined the legal frameworks, policy instruments, and implementation strategies related to waste management ...",https://iprjb.org › IJLP › article › download,iprjb_org_Comparative_Analysis_of_Environmental_Protection_L.txt,True,False,61,0,policy instrument,developed,national,"The document discusses environmental protection laws and their impact on sustainable development in Rwanda, mentioning the Land Use Consolidation Program which promotes sustainable land management practices.",There is no explicit link between UNEP and the development or implementation of environmental protection laws in Rwanda.,"[""Rwanda has implemented the Land Use Consolidation Program, which promotes sustainable land management practices such as terracing, agroforestry, and soil conservation to enhance agricultural productivity and resilience to climate change.""]"
Rwanda,2022–2026,2,in collaboration with UNEP Rwanda biodiversity policy legal framework established policy framework law regulation strategy action plan after:2022-01-01 before:2026-01-01,Rwanda unveils National Biodiversity Strategy and Action ...,https://www.rema.gov.rw/updates/news-details/rwanda-unveils-national-biodiversity-strategy-and-action-plan-nbsap-2025-2030,"The Government of Rwanda has on October 7, 2025 officially launched the National Biodiversity Strategy and Action Plan (NBSAP 2025–2030), reaffirming its ...",https://www.rema.gov.rw › Updates › News details,www_rema_gov_rw_Rwanda_unveils_National_Biodiversity_Strategy_and_.txt,True,True,90,80,policy instrument,developed,national,"The document provides clear evidence of Rwanda developing and launching the National Biodiversity Strategy and Action Plan (NBSAP 2025–2030), which serves as a national roadmap for biodiversity protection and sustainable development.","The document explicitly mentions that the NBSAP was developed with support from UNEP, indicating a clear link between UNEP and the development of the strategy.","[""The Government of Rwanda has on October 7, 2025 officially launched the National Biodiversity Strategy and Action Plan (NBSAP 2025–2030)"", ""The NBSAP was developed through broad stakeholder engagement with support from the Global Environment Facility (GEF), and UNEP"", ""The strategy aligns national actions with Rwanda’s Vision 2050, the Green Growth and Climate Resilience Strategy, and the National Strategy for Transformation (NST2) — ensuring that economic growth and ecological health go hand in hand.""]"
Rwanda,2022–2026,2,in collaboration with UNEP Rwanda biodiversity policy legal framework established policy framework law regulation strategy action plan after:2022-01-01 before:2026-01-01,Bernard Magenhann's Post,https://www.linkedin.com/posts/bernard-magenhann-9075ba60_how-are-we-progressing-towards-the-eu-biodiversity-activity-7332318906717458432-D509,The workshop marks a major step in updating Eswatini's National Biodiversity Strategy and Action Plan (NBSAP 3.0) and preparing the Seventh National Report (7NR); ...,40+ reactions,www_linkedin_com_Bernard_Magenhann_s_Post.txt,False,False,0,0,none,none,unclear,"The document does not contain explicit evidence related to Rwanda or the time window 2022-2026. It discusses the EU Biodiversity Strategy for 2030, which is not relevant to the task.",There is no mention of UNEP in the document.,[]
Rwanda,2022–2026,2,in collaboration with UNEP Rwanda biodiversity policy legal framework established policy framework law regulation strategy action plan after:2022-01-01 before:2026-01-01,"Accelerating Inclusive, Resilient and Sustainable ...",https://www.unfoodsystemshub.org/media/docs/unfoodsystemslibraries/unfss-4/unfss4_en_sg_report.pdf,Countries are accelerating the implementation of national food systems pathways by integrating food systems into national development plans and policy.,https://www.unfoodsystemshub.org › unfss-4 › u...,www_unfoodsystemshub_org_Accelerating_Inclusive_Resilient_and_Sustainable_.txt,True,False,60,0,policy instrument,developed,national,"The document mentions Rwanda in the context of farmer field schools and innovation platforms transforming rice production, but does not provide explicit evidence of strengthened institutional and operational frameworks, policy and legal instruments, or positive incentives for sustainable and inclusive management of biodiversity and land, or prevention of terrestrial, freshwater and marine ecosystem degradation.",There is no explicit link between UNEP and the strengthening of nature-related frameworks or instruments in Rwanda.,"[""Rwanda – Farmer Field Schools and innovation platforms transform rice production in Rwangingo.""]"
Rwanda,2022–2026,2,in collaboration with UNEP Rwanda biodiversity policy legal framework established policy framework law regulation strategy action plan after:2022-01-01 before:2026-01-01,"Accelerating Inclusive, Resilient and Sustainable ...",https://www.unfoodsystemshub.org/media/docs/unfoodsystemslibraries/unfss-4/unfss4_en_sg_report.pdf,Countries are accelerating the implementation of national food systems pathways by integrating food systems into national development plans and policy.,https://www.unfoodsystemshub.org › unfss-4 › u...,www_unfoodsystemshub_org_Accelerating_Inclusive_Resilient_and_Sustainable_.txt,False,False,0,0,none,none,global,"The document does not contain explicit evidence related to Rwanda or the time window 2022-2026 about institutional/operational frameworks, policy/legal instruments, positive incentives, sustainable and inclusive management of biodiversity and land, or prevention of terrestrial, freshwater, or marine ecosystem degradation.",The document does not explicitly link UNEP to strengthening/enabling any SP2.1 framework/instrument/incentive in Rwanda during 2022-2026.,[]
Rwanda,2022–2026,2,in collaboration with UNEP Rwanda biodiversity policy legal framework established policy framework law regulation strategy action plan after:2022-01-01 before:2026-01-01,European Circular Economy policy landscape overview,https://ieep.eu/wp-content/uploads/2022/11/European-Circular-Economy-policy-landscape-overview.pdf,"To guide EU action on biodiversity, the EU Biodiversity Strategy was published in. May 2020. Its overarching objective is to 'put Europe's biodiversity on ...",https://ieep.eu › wp-content › uploads › 2022/11,ieep_eu_European_Circular_Economy_policy_landscape_overvie.txt,False,False,0,0,none,none,none,The document does not contain explicit evidence related to Rwanda or the time window 2022-2026. It discusses EU circular economy policy landscape.,There is no explicit link between UNEP and any nature-related framework/instrument/incentive in Rwanda during 2022-2026.,[]
Rwanda,2022–2026,2,in collaboration with UNEP Rwanda biodiversity policy legal framework established policy framework law regulation strategy action plan after:2022-01-01 before:2026-01-01,A collection of case studies from 6 host countries,https://www.spar6c.org/sites/default/files/downloads/best-practices/SPAR6C%20-%20A%20collection%20of%20case%20studies%20from%C2%A06%C2%A0host%C2%A0countries_28-02-2025.pdf,"86 The Carbon Trading Regulations also provide for an institutional and governance structure, and formulate the processes for the implementation of mitigation.",https://www.spar6c.org › downloads › best-practices,www_spar6c_org_A_collection_of_case_studies_from_6_host_countries.txt,True,False,80,0,institutional framework / policy instrument,developed / strengthened,national,"The document provides detailed information on Rwanda's Article 6 framework, including institutional arrangements, administrative procedures, and fees and shares of proceeds.",There is no explicit link between UNEP and the strengthening of Rwanda's Article 6 framework.,"[""Rwanda published an Article 6 framework document, the Rwanda National Carbon Market Framework (RNCMF), which serves as a policy blueprint for Article 6 market and non-market mechanisms."", ""The Extended Governing Board (EGB) leads the development of climate change strategy and policies at the central government level and is responsible for Article 6 participation strategy and implementation at the highest level."", ""The Ministry of Environment (MoE) has designated the Rwanda Environment Management Authority (REMA) to coordinate all activities related to the operationalization of Article 6 and to fulfil the role of the DNA for the PACM.""]"
Rwanda,2022–2026,2,in collaboration with UNEP Rwanda biodiversity policy legal framework established policy framework law regulation strategy action plan after:2022-01-01 before:2026-01-01,TURKMENISTAN,https://www.undp.org/sites/g/files/zskgke326/files/2025-07/icpe-turkmenistan-report.pdf,"In environmental and climate action, the programme promoted biodiversity preservation, sustainable solid waste management (SwM), and land restoration pilots.",https://www.undp.org › icpe-turkmenistan-report,www_undp_org_TURKMENISTAN.txt,False,False,0,0,none,none,none,"The document does not contain explicit evidence related to Rwanda in 2022-2026 about institutional frameworks, policy/legal instruments, positive incentives, sustainable and inclusive management of biodiversity and land, or prevention of terrestrial, freshwater, or marine ecosystem degradation.",There is no explicit link between UNEP and any nature-related framework/instrument/incentive in Rwanda during 2022-2026.,[]
Rwanda,2022–2026,2,in collaboration with UNEP Rwanda biodiversity policy legal framework established policy framework law regulation strategy action plan after:2022-01-01 before:2026-01-01,Emissions Gap Report 2023: Broken Record,https://www.unep.org/interactives/emissions-gap-report/2023/,This fourteenth Emissions Gap Report is published ahead of the twenty-eighth session of the Conference of the Parties to the United Nations Framework on Climate ...,https://www.unep.org › interactives › emissions-gap-rep...,www_unep_org_Emissions_Gap_Report_2023_Broken_Record.txt,False,False,0,0,none,none,global,"The document does not contain explicit evidence related to Rwanda or the time window 2022-2026 about institutional frameworks, operational frameworks, policy instruments, positive incentives, or mechanisms for sustainable and inclusive management of biodiversity and land, or prevention of terrestrial, freshwater, and marine ecosystem degradation.",There is no explicit link between UNEP and any nature-related framework/instrument/incentive in Rwanda during 2022-2026.,[]
Rwanda,2022–2026,2,in collaboration with UNEP Rwanda biodiversity policy legal framework established policy framework law regulation strategy action plan after:2022-01-01 before:2026-01-01,Best Practice in Delivering the 30x30 Target,https://www.30x30.solutions/wp-content/uploads/2023/11/TNC_UKDEFRA_30x30_BestPractices_Report.pdf,"Areas Act provides the legal framework for biodiversity stewardship, through Nature Reserves and National Parks, which provide the highest level of ...",https://www.30x30.solutions › uploads › 2023/11,www_30x30_solutions_Best_Practice_in_Delivering_the_30x30_Target.txt,False,False,0,0,none,none,none,The document does not contain explicit evidence related to Rwanda or the time window 2022-2026. It is a general report on best practices for delivering the 30x30 target protected areas and other effective area-based conservation measures.,There is no explicit link between UNEP and any framework/instrument/incentive related to Rwanda or the time window 2022-2026.,[]
Rwanda,2022–2026,2,in collaboration with UNEP Rwanda biodiversity policy legal framework established policy framework law regulation strategy action plan after:2022-01-01 before:2026-01-01,"Since 2018, UNDP Biofin has been working to close ...",https://www.facebook.com/UNBiodiversity/videos/since-2018-undp-biofin-has-been-working-to-close-rwandas-biodiversity-finance-ga/1850264135802739/,biofen led by the UN DP in partnership with the ministry of environment and the Rwanda environment Management Authority focuses on addressing the financial barriers to biodiversity conservation since its Inception in 2018,10+ reactions · 1 year ago,www_facebook_com_Since_2018_UNDP_Biofin_has_been_working_to_close_.txt,False,False,0,0,none,none,unclear,,,[]
Rwanda,2022–2026,2,in collaboration with UNEP Rwanda biodiversity policy legal framework established policy framework law regulation strategy action plan after:2022-01-01 before:2026-01-01,Mineral Resource Governance in Africa,https://www.idea.int/sites/default/files/2025-02/mineral-resource-governance-in-africa-a-comparative-study.pdf,"Some of the notable frameworks include (a) the Comprehensive African Agricultural Development Programme, enhancing agricultural productivity and food security; ...",https://www.idea.int › sites › default › files › mine...,www_idea_int_Mineral_Resource_Governance_in_Africa.txt,False,False,0,0,none,none,none,"The document does not contain explicit evidence related to Rwanda's environmental policy or management of biodiversity, land, terrestrial, freshwater, or marine ecosystems during 2022-2026.","There is no mention of UNEP's involvement in supporting or enabling any nature-related framework, instrument, or incentive in Rwanda during 2022-2026.",[]
Rwanda,2022–2026,2,in collaboration with UNEP Rwanda biodiversity policy legal framework established policy framework law regulation strategy action plan after:2022-01-01 before:2026-01-01,Rwanda announces Rwf 433 billion investment in ...,https://rwandainspirer.com/rwanda-announces-rwf-433-billion-investment-in-biodiversity-conservation/,The Government of Rwanda has unveiled an ambitious plan to mobilize over RWF 433 billion (approximately USD 300 million) to protect biodiversity and ...,https://rwandainspirer.com › rwanda-announces-rwf-43...,rwandainspirer_com_Rwanda_announces_Rwf_433_billion_investment_in_.txt,True,False,80,0,policy instrument,developed,national,"The Government of Rwanda has unveiled a new National Biodiversity Strategy and Action Plan (NBSAP) 2025–2030, which includes a wide range of interventions such as forest restoration, sustainable agriculture, eco-tourism, and green industries.",There is no explicit link between UNEP and the development of Rwanda's National Biodiversity Strategy and Action Plan (NBSAP) 2025–2030.,"[""Rwanda’s National Biodiversity Strategy and Action Plan (NBSAP) 2025–2030"", ""promote green business initiatives"", ""strengthen environmental quality standards"", ""forest restoration"", ""sustainable agriculture"", ""eco-tourism"", ""green industries""]"
Rwanda,2022–2026,2,in collaboration with UNEP Rwanda biodiversity policy legal framework established policy framework law regulation strategy action plan after:2022-01-01 before:2026-01-01,Rwanda Wildlife Policy,https://policyvault.africa/policy/rwanda-wildlife-policy/,The wildlife policy addresses issues relating to crucial areas of the wildlife sector in Rwanda. These issues include sustainability and the protection of ...,https://policyvault.africa › policy › rwanda-wildlife-poli...,policyvault_africa_Rwanda_Wildlife_Policy.txt,False,False,0,0,none,none,unclear,,,[]
Rwanda,2022–2026,2,in collaboration with UNEP Rwanda biodiversity policy legal framework established policy framework law regulation strategy action plan after:2022-01-01 before:2026-01-01,Rwanda turns to innovative financing to sustain biodiversity ...,https://www.newtimes.co.rw/article/31204/news/environment/rwanda-turns-to-innovative-financing-to-sustain-biodiversity-and-resilience,Rwanda turns to innovative financing to sustain biodiversity and resilience. Over 60 per cent of Rwanda's conservation activities currently depend on external ...,https://www.newtimes.co.rw › news › environment › rwa...,www_newtimes_co_rw_Rwanda_turns_to_innovative_financing_to_sustain_bi.txt,True,False,80,0,policy instrument / positive incentive,developed / strengthened / adopted,national,"The document mentions the development of the National Biodiversity Strategy and Action Plan (NBSAP) and the establishment of the Biodiversity Finance Window, which are policy instruments and positive incentives for sustainable and inclusive management of biodiversity and land.",There is no explicit link between UNEP and the development of the National Biodiversity Strategy and Action Plan (NBSAP) or the Biodiversity Finance Window.,"[""The government is set to launch the Biodiversity Finance Window on Thursday, November 13, during the ongoing 30th United Nations Climate Change Conference (COP30) in Belém, Brazil, the Rwanda Green Fund has announced."", ""The launch of the Biodiversity Finance Window follows the government’s approval of the National Biodiversity Strategy and Action Plan (NBSAP), which will require an estimated Rwf399.8 billion between 2025 and 2030."", ""The strategy also calls for the creation of a National Biodiversity Fund (NBF), a legal and regulatory framework to guide how biodiversity conservation projects are financed and managed.""]"
Rwanda,2022–2026,2,in collaboration with UNEP Rwanda biodiversity policy legal framework established policy framework law regulation strategy action plan after:2022-01-01 before:2026-01-01,Rwanda's journey to environmental resilience: 30 years of ...,https://www.undp.org/rwanda/blog/rwandas-journey-environmental-resilience-30-years-progress,"In 2005, Rwanda established the Rwanda Environment Management Authority (REMA) to oversee environmental management practices. It operationalised the Rwanda ...",https://www.undp.org › rwanda › blog › rwandas-journe...,www_undp_org_Rwanda_s_journey_to_environmental_resilience_30_ye.txt,True,False,80,0,institutional framework / policy instrument,developed / strengthened / implemented,national,"The document provides clear evidence of Rwanda's strengthened institutional and policy frameworks for environmental management and sustainability, including the establishment of the Rwanda Environment Management Authority (REMA) in 2005 and the operationalization of the Rwanda Green Fund (FONERWA) in 2012. The country has also developed and implemented various policies and strategies, such as the National Green Growth and Climate Resilience Strategy (GGCRS) and the National Strategy for Transformation (NST1).","There is no explicit link between UNEP and the strengthening of Rwanda's environmental frameworks and policies. Although UNDP is mentioned as a partner in supporting Rwanda's environmental efforts, UNEP is not specifically credited with any actions related to the development or implementation of these frameworks and policies.","[""Rwanda has developed strong institutions and long-term policies to harness natural capital for sustainability."", ""In 2005, Rwanda established the Rwanda Environment Management Authority (REMA) to oversee environmental management practices."", ""It operationalised the Rwanda Green Fund (FONERWA) in 2012, to mobilize funds for green projects, promote climate resilience and low-carbon development."", ""In 2011, Rwanda adopted the National Green Growth and Climate Resilience Strategy (GGCRS)."", ""UNPD supported its revision in 2023 and worked with the country to develop key instruments like climate budget tagging and green village toolkit to implement its Nationally Determined Contribution (NDC), while realising the SDGs.""]"
Rwanda,2022–2026,2,in collaboration with UNEP Rwanda biodiversity policy legal framework established policy framework law regulation strategy action plan after:2022-01-01 before:2026-01-01,RWANDA JOINS WORLD TO CELEBRATE 50 YEARS OF UN ...,https://www.environment.gov.rw/news-detail/rwanda-joins-world-to-celebrate-50-years-of-un-environment-programme,"Kagame, who sends his congratulations on 50 years of UNEP. Rwanda has put the environment at the heart of its development agenda for more than two. decades.",https://www.environment.gov.rw › ... › News Details,www_environment_gov_rw_RWANDA_JOINS_WORLD_TO_CELEBRATE_50_YEARS_OF_UN_.txt,True,False,60,0,policy instrument / legal instrument,developed / strengthened,national,"The document mentions Rwanda's efforts in environmental sustainability, including laws and actions to curb plastic pollution, and the country's vision for a climate-resilient planet. However, the evidence is not specific to a single framework or instrument.",There is no explicit link between UNEP and the strengthening of nature-related frameworks or instruments in Rwanda.,"[""Rwanda has put the environment at the heart of its development agenda for more than two decades. From nature conservation of protected areas to setting ambitious targets to address the climate crisis and laws and actions to curb plastic pollution."", ""Rwanda is proud to have expanded that work through the Kigali Amendment and to have played a role at this UNEA in the process toward a new international legally binding agreement on plastic pollution.""]"
Rwanda,2022–2026,2,in collaboration with UNEP Rwanda biodiversity policy legal framework established policy framework law regulation strategy action plan after:2022-01-01 before:2026-01-01,Rwanda,https://www.biofin.org/rwanda,The study will identify and map negative subsidies to biodiversity and propose new positive subsidies for the government of Rwanda. This initiative will have ...,https://www.biofin.org › rwanda,www_biofin_org_Rwanda.txt,True,False,80,0,policy instrument / institutional framework,developed / strengthened / implemented,national,"The document provides evidence of strengthened institutional and operational frameworks, policy and legal instruments for sustainable and inclusive management of biodiversity and land in Rwanda. Specifically, it mentions the revision of EIA guidelines to include biodiversity, establishment of a biodiversity finance facility within FONERWA, and efforts to repurpose harmful subsidies to biodiversity.","There is no explicit link between UNEP and the strengthening of nature-related frameworks, instruments, or incentives in Rwanda during 2022-2026.","[""Revised EIA ministerial order to include updated EIA biodiversity inclusive Guidelines"", ""Establishing a biodiversity finance facility within the Rwanda Green Fund (FONERWA)"", ""integrated biodiversity into its EIA system through the BIOFIN II Project"", ""updating the General EIA guidelines and 11 sectoral guidelines for various projects""]"
Rwanda,2022–2026,2,in collaboration with UNEP Rwanda biodiversity policy legal framework established policy framework law regulation strategy action plan after:2022-01-01 before:2026-01-01,Rwanda to Invest Rwf 433 Billion in Biodiversity Conservation,https://theforefrontmagazine.com/rwanda-to-invest-rwf-433-billion-in-biodiversity-conservation/,"“This plan is about sustaining biodiversity through practical action. It includes activities in agriculture, tourism, industry, and forest restoration, all ...",https://theforefrontmagazine.com › rwanda-to-invest-rw...,theforefrontmagazine_com_Rwanda_to_Invest_Rwf_433_Billion_in_Biodiversity_C.txt,True,False,80,0,policy instrument,developed,national,"The Government of Rwanda launched the 'Rwanda's National Biodiversity Strategy and Action Plan 2025–2030' to conserve biodiversity and protect the environment, which includes initiatives such as forest restoration, promotion of sustainable agriculture, eco-friendly tourism, and green industrial development.",There is no explicit link between UNEP and the development of Rwanda's National Biodiversity Strategy and Action Plan 2025–2030.,"[""Rwanda's National Biodiversity Strategy and Action Plan 2025–2030"", ""mobilize over Rwf 433 billion (approximately USD 300 million) to conserve biodiversity and protect the environment"", ""forest restoration and expansion, promotion of sustainable agriculture, eco-friendly tourism, and green industrial development""]"
Rwanda,2022–2026,2,in collaboration with UNEP Rwanda biodiversity policy legal framework established policy framework law regulation strategy action plan after:2022-01-01 before:2026-01-01,"Analysis, Scenarios And Action Plans Subsidies With A ...",https://www.undp.org/rwanda/publications/analysis-scenarios-and-action-plans-subsidies-negative-impact-rwandas-biodiversity-0,The Rwanda BIOFIN report analyzes three major government subsidies and proposes redesigns to better protect biodiversity while supporting development.,https://www.undp.org › rwanda › publications › analysis...,www_undp_org_Analysis_Scenarios_And_Action_Plans_Subsidies_With.txt,True,False,80,0,policy instrument,developed,national,"The Rwanda BIOFIN report analyzes and proposes redesigns of government subsidies to better protect biodiversity while supporting development, focusing on the Crop Intensification Programme, Clean Cooking Results-Based Financing, and tourism tax incentives.","There is no explicit link between UNEP and the development or implementation of the frameworks, policies, or incentives mentioned in the document.","[""The Rwanda BIOFIN report analyzes three major government subsidies and proposes redesigns to better protect biodiversity while supporting development."", ""It recommends shifting fertilizer support toward organic methods, scaling up clean cooking solutions to reduce wood fuel use, and introducing green technology standards in tourism investments.""]"
Rwanda,2022–2026,2,in collaboration with UNEP Rwanda biodiversity policy legal framework established policy framework law regulation strategy action plan after:2022-01-01 before:2026-01-01,Rwanda unveils biodiversity strategy as ISO launches first ...,https://www.newtimes.co.rw/article/30312/news/environment/rwanda-unveils-biodiversity-strategy-as-iso-launches-first-global-standard-to-end-war-against-nature,Rwanda unveils biodiversity strategy as ISO launches first global standard to 'end war against nature'.,https://www.newtimes.co.rw › news › environment › rwa...,www_newtimes_co_rw_Rwanda_unveils_biodiversity_strategy_as_ISO_launch.txt,True,False,80,0,policy instrument,developed,national,Rwanda unveiled its National Biodiversity Strategy and Action Plan (NBSAP 2025–2030) to conserve and sustainably manage its natural heritage.,There is no explicit link between UNEP and the development of Rwanda's National Biodiversity Strategy and Action Plan.,"[""Rwanda unveiled its National Biodiversity Strategy and Action Plan (NBSAP 2025–2030)"", ""a roadmap to conserve and sustainably manage the country’s rich natural heritage""]"
Rwanda,2022–2026,2,in collaboration with UNEP Rwanda biodiversity policy legal framework established policy framework law regulation strategy action plan after:2022-01-01 before:2026-01-01,Ecosystem-based Adaptation in Rwanda,https://www.unep.org/ecosystem-based-adaptation-rwanda,"The proposed project will use an Ecosystem-based Adaptation (EbA) approach to restore degraded wetland, forest and savanna ecosystems.",https://www.unep.org › ecosystem-based-adaptation-rw...,www_unep_org_Ecosystem_based_Adaptation_in_Rwanda.txt,False,False,0,0,none,none,unclear,"The document is not about Rwanda in the time window 2022-2026, but rather about a project that ended in 2022.","The document does not provide explicit evidence of UNEP's involvement in strengthening, developing, adopting, implementing, revising, approving, establishing, or operationalizing a nature-related framework/instrument/incentive in Rwanda during 2022-2026.",[]
Rwanda,2022–2026,2,in collaboration with UNEP Rwanda biodiversity policy legal framework established policy framework law regulation strategy action plan after:2022-01-01 before:2026-01-01,Rwanda,https://www.unep.org/topics/disasters-and-conflicts/country-presence/rwanda,The report covers 11 themes and provides a critical analysis of the most pressing environmental issues facing Rwanda. The most significant environmental impacts ...,https://www.unep.org › Disasters and conflicts,www_unep_org_Rwanda.txt,False,False,0,0,none,none,unclear,"The document does not contain explicit evidence related to strengthened institutional and operational frameworks, policy and legal instruments, or positive incentives for sustainable and inclusive management of biodiversity and land, or prevention of terrestrial, freshwater and marine ecosystem degradation in Rwanda for the time window 2022–2026.","The document does not explicitly link UNEP to strengthening, developing, adopting, implementing, revising, approving, establishing, or operationalizing any nature-related framework/instrument/incentive in Rwanda for the time window 2022–2026.",[]
Brazil,2018–2022,1,supported by UNEP Brazil legal instrument biodiversity approved policy framework law regulation strategy action plan after:2018-01-01 before:2022-01-01,Law and National Biodiversity Strategies and Action Plans,https://www.unep.org/resources/publication/law-and-national-biodiversity-strategies-and-action-plans,This paper provides an overview of current thinking and the experience of countries in using legal frameworks to implement the Convention on Biological ...,https://www.unep.org › resources › publication › law-a...,www_unep_org_Law_and_National_Biodiversity_Strategies_and_Actio.txt,False,False,0,0,none,none,unclear,"The document does not provide explicit evidence related to Brazil or the time window 2018-2022. It also does not discuss institutional frameworks, operational frameworks, policy instruments, legal instruments, positive incentives, or mechanisms for sustainable and inclusive management of biodiversity and land, or prevention of ecosystem degradation.","There is no explicit link between UNEP and any nature-related framework, instrument, or incentive in Brazil during 2018-2022.",[]
Brazil,2018–2022,1,supported by UNEP Brazil legal instrument biodiversity approved policy framework law regulation strategy action plan after:2018-01-01 before:2022-01-01,Action Plan for the Decade on Ecosystem Restoration in ...,https://clmeplus.org/app/uploads/2021/02/ActionPlan_Restoration_LAC.pdf,This pathway will create the necessary conditions to promote political support and commitment to the restoration of degraded ecosystems in Latin America and the ...,https://clmeplus.org › app › uploads › 2021/02,clmeplus_org_Action_Plan_for_the_Decade_on_Ecosystem_Restoratio.txt,False,False,0,0,none,none,unclear,,,[]
Brazil,2018–2022,1,supported by UNEP Brazil legal instrument biodiversity approved policy framework law regulation strategy action plan after:2018-01-01 before:2022-01-01,republic of south sudan - national biodiversity strategy and ...,https://www.cbd.int/doc/world/ss/ss-nbsap-01-en.pdf,"The South Sudan NBSAP has been developed as the principle instrument for undertaking biodiversity management and conservation in the country, and as a framework ...",https://www.cbd.int › doc › world › ss-nbsap-01-en,www_cbd_int_republic_of_south_sudan_national_biodiversity_stra.txt,False,False,0,0,none,none,none,"The document is about the National Biodiversity Strategy and Action Plan (NBSAP) of South Sudan, not Brazil, and does not contain explicit evidence related to Brazil's biodiversity management or conservation efforts.",,[]
Brazil,2018–2022,1,supported by UNEP Brazil legal instrument biodiversity approved policy framework law regulation strategy action plan after:2018-01-01 before:2022-01-01,Biodiversity Target Setting,https://www.unepfi.org/wordpress/wp-content/uploads/2021/06/PRB-Biodiversity-Guidance.pdf,UNEP FI encourages continued collaboration by banking leaders to further develop. Version 1 into a comprehensive set of guidance. Likely next steps include ...,https://www.unepfi.org › uploads › 2021/06 › P...,www_unepfi_org_Biodiversity_Target_Setting.txt,False,False,0,0,none,none,none,"The document does not contain explicit evidence related to Brazil during 2018-2022 about institutional/operational frameworks, policy/legal instruments, positive incentives, sustainable and inclusive management of biodiversity and land, or prevention of terrestrial, freshwater, or marine ecosystem degradation.",The document does not explicitly link UNEP to strengthening/enabling any nature-related framework/instrument/incentive in Brazil during 2018-2022.,[]
Brazil,2018–2022,1,supported by UNEP Brazil legal instrument biodiversity approved policy framework law regulation strategy action plan after:2018-01-01 before:2022-01-01,Caribbean Community (CARICOM) strategy for the ...,https://canari.org/wp-content/uploads/2018/11/draft-caricom-biodiversity-strategy-15.11.18.pdf,"and international biodiversity-related strategies, action plans, programmes and policies in the. Caribbean, drawing heavily on the draft CARICOM Biodiversity ...",https://canari.org › uploads › 2018/11 › draft-car...,canari_org_Caribbean_Community_CARICOM_strategy_for_the_.txt,False,False,0,0,none,none,unclear,,,[]
Brazil,2018–2022,1,supported by UNEP Brazil legal instrument biodiversity approved policy framework law regulation strategy action plan after:2018-01-01 before:2022-01-01,Biodiversity Conservation and Sustainable Use in Latin ...,https://www.oecd.org/content/dam/oecd/en/publications/reports/2018/12/biodiversity-conservation-and-sustainable-use-in-latin-america_g1g9a625/9789264309630-en.pdf,"The Strategy also includes a 2014-18 Action Plan, which is supported by the Law on. Conservation and Sustainable Use of Biological Diversity and its Regulation.",https://www.oecd.org › oecd › reports › 2018/12,www_oecd_org_Biodiversity_Conservation_and_Sustainable_Use_in_L.txt,False,False,0,0,none,none,global,The document does not contain explicit evidence related to Brazil's biodiversity and sustainable use policies between 2018-2022.,"There is no mention of UNEP's involvement in strengthening or enabling any nature-related framework, instrument, or incentive in Brazil during 2018-2022.","[""The document does not provide any relevant information for Brazil's biodiversity and sustainable use policies between 2018-2022.""]"
Brazil,2018–2022,1,supported by UNEP Brazil legal instrument biodiversity approved policy framework law regulation strategy action plan after:2018-01-01 before:2022-01-01,Megadiverse Brazil: giving biodiversity an online boost,https://www.unep.org/news-and-stories/story/megadiverse-brazil-giving-biodiversity-online-boost,"Operational since November 2014, the system aims to support science, public policy and decision-making related to environmental conservation and the sustainable ...","https://www.unep.org › News, Stories & Speeches",www_unep_org_Megadiverse_Brazil_giving_biodiversity_an_online_b.txt,True,True,80,80,institutional framework,developed,national,"The document describes the development of the Brazilian Biodiversity Information System, which is a comprehensive resource on national biodiversity, bringing together data and information from over 230 institutions.","The document explicitly mentions that UN Environment supported the initiative to create the Brazilian Biodiversity Information System, and quotes the UN Environment Representative in Brazil.","[""With support from UN Environment and the Global Environment Facility, an initiative of Brazil’s Ministry of Science, Technology, Innovation and Communications has been working to change this scenario, creating Brazil’s most comprehensive resource on national biodiversity."", ""The implementation of the Brazilian Biodiversity Information System is an important step towards the dissemination of biological data in the country, both for academic research and environmental management,” Denise Hamú, UN Environment Representative in Brazil says.""]"
Brazil,2018–2022,1,supported by UNEP Brazil legal instrument biodiversity approved policy framework law regulation strategy action plan after:2018-01-01 before:2022-01-01,National REDD+ strategy & action plan,https://redd.unfccc.int/media/redd_strategy-en.pdf,"Improve forest sector regulations, laws, policies, and financing options to mainstream REDD+ actions: sector review and assessment of priority actions. FNC ...",https://redd.unfccc.int › media › redd_strategy-en,redd_unfccc_int_National_REDD_strategy_action_plan.txt,False,False,0,0,none,none,none,"The document is about Sudan's National REDD+ Strategy and Action Plan, not Brazil's. Therefore, it does not contain explicit evidence related to Brazil in 2018–2022.",There is no mention of UNEP supporting or enabling any framework/instrument/incentive in Brazil during 2018–2022 in this document.,[]
Brazil,2018–2022,1,supported by UNEP Brazil legal instrument biodiversity approved policy framework law regulation strategy action plan after:2018-01-01 before:2022-01-01,Mind the Compliance Gap: How Insights from International ...,https://www.cambridge.org/core/journals/transnational-environmental-law/article/mind-the-compliance-gap-how-insights-from-international-human-rights-mechanisms-can-help-to-implement-the-convention-on-biological-diversity/CE0F47664F08EBE4919D5990F3709484,"Integrating biodiversity policies across sectors, or mainstreaming, is a specific issue targeted by the CBD VPR. The desk study examined environmental policy ...",https://www.cambridge.org › core › journals › article,www_cambridge_org_Mind_the_Compliance_Gap_How_Insights_from_Internat.txt,False,False,0,0,none,none,none,"The document does not contain explicit evidence related to Brazil in 2018-2022 about institutional frameworks, operational frameworks, policy instruments, positive incentives, sustainable and inclusive management of biodiversity and land, or prevention of terrestrial, freshwater, or marine ecosystem degradation.",There is no explicit link between UNEP and strengthening/enabling any nature-related framework/instrument/incentive in Brazil during 2018-2022.,[]
Brazil,2018–2022,1,supported by UNEP Brazil legal instrument biodiversity approved policy framework law regulation strategy action plan after:2018-01-01 before:2022-01-01,Strategy GEF-7 - Biodiversity,https://www.thegef.org/sites/default/files/publications/GEF_Biodiversity_Strategy_2018_v2.pdf,"▫ Development and implementation of a strategy and action plan for the implementation of ABS measures. (e.g. policy, legal, and regulatory frameworks.",https://www.thegef.org › sites › files › publications,www_thegef_org_Strategy_GEF_7_Biodiversity.txt,False,False,0,0,none,none,none,"The document does not contain explicit evidence related to Brazil during 2018-2022 about institutional/operational frameworks, policy/legal instruments, positive incentives, sustainable and inclusive management of biodiversity and land, or prevention of terrestrial, freshwater, or marine ecosystem degradation.",There is no explicit link between UNEP and strengthening/enabling any nature-related framework/instrument/incentive in Brazil during 2018-2022.,[]
Brazil,2018–2022,1,supported by UNEP Brazil legal instrument biodiversity approved policy framework law regulation strategy action plan after:2018-01-01 before:2022-01-01,UNEP.pdf,https://www.un.org/Depts/los/general_assembly/contributions_2019/UNEP.pdf,"The project engages national and local governments, plastic producers and retailers, and civil society to develop inclusive and equitable market-based solutions ...",https://www.un.org › los › contributions_2019,www_un_org_UNEP_pdf.txt,False,False,0,0,none,none,global,"The document does not contain explicit evidence related to Brazil in 2018-2022 about institutional frameworks, operational frameworks, policy instruments, positive incentives, sustainable and inclusive management of biodiversity and land, or prevention of terrestrial, freshwater, or marine ecosystem degradation.","The document does not explicitly link UNEP to strengthening, developing, adopting, implementing, revising, approving, establishing, or operationalizing nature-related frameworks, instruments, incentives, or governance in Brazil during 2018-2022.",[]
Brazil,2018–2022,1,supported by UNEP Brazil legal instrument biodiversity approved policy framework law regulation strategy action plan after:2018-01-01 before:2022-01-01,Policy integration as a means to address policy fragmentation,https://www.sciencedirect.com/science/article/pii/S1462901121000563,"The Vietnamese National REDD + Action Plan (NRAP) seeks to reduce emissions from forest clearing and land use, especially from the main drivers of coffee ...",https://www.sciencedirect.com › science › article › pii,www_sciencedirect_com_Policy_integration_as_a_means_to_address_policy_fr.txt,False,False,0,0,none,none,unclear,,,[]
Brazil,2018–2022,1,supported by UNEP Brazil legal instrument biodiversity approved policy framework law regulation strategy action plan after:2018-01-01 before:2022-01-01,Mind the Compliance Gap: How Insights from International ...,https://www.cambridge.org/core/journals/transnational-environmental-law/article/mind-the-compliance-gap-how-insights-from-international-human-rights-mechanisms-can-help-to-implement-the-convention-on-biological-diversity/CE0F47664F08EBE4919D5990F3709484,"Integrating biodiversity policies across sectors, or mainstreaming, is a specific issue targeted by the CBD VPR. The desk study examined environmental policy ...",https://www.cambridge.org › core › journals › article,www_cambridge_org_Mind_the_Compliance_Gap_How_Insights_from_Internat.txt,False,False,0,0,none,none,none,"The document does not contain explicit evidence related to Brazil in 2018-2022 about institutional frameworks, operational frameworks, policy instruments, positive incentives, sustainable and inclusive management of biodiversity and land, or prevention of terrestrial, freshwater, or marine ecosystem degradation.",There is no explicit link between UNEP and strengthening/enabling any nature-related framework/instrument/incentive in Brazil during 2018-2022.,[]
Brazil,2018–2022,1,supported by UNEP Brazil legal instrument biodiversity approved policy framework law regulation strategy action plan after:2018-01-01 before:2022-01-01,Policy Brief No. 1 Human rights-based approaches to ...,https://www.ohchr.org/Documents/Issues/Environment/SREnvironment/policy-briefing-1.pdf,"(1) Explicitly acknowledge everyone's right to a safe, clean, healthy and sustainable environment, which includes healthy biodiversity and ecosystems, and ...",https://www.ohchr.org › Issues › SREnvironment,www_ohchr_org_Policy_Brief_No_1_Human_rights_based_approaches_to.txt,False,False,0,0,none,none,unclear,,,[]
Brazil,2018–2022,1,supported by UNEP Brazil legal instrument biodiversity approved policy framework law regulation strategy action plan after:2018-01-01 before:2022-01-01,strategy for basin-wide environmental management,https://www.mrcmekong.org/wp-content/uploads/2021/06/PBAP-SBEM2021-2025.pdf,"The plans will focus on maintaining or enhancing natural capital and ecosystem services and target actions on the key local and transboundary threats, ensuring ...",https://www.mrcmekong.org › uploads › 2021/06,www_mrcmekong_org_strategy_for_basin_wide_environmental_management.txt,False,False,0,0,none,none,none,"The document does not contain explicit evidence related to Brazil in 2018-2022 about institutional frameworks, policy/legal instruments, positive incentives, sustainable and inclusive management of biodiversity and land, or prevention of terrestrial, freshwater, or marine ecosystem degradation.",There is no explicit link between UNEP and strengthening/enabling any framework/instrument/incentive in Brazil during 2018-2022.,[]
Brazil,2018–2022,1,supported by UNEP Brazil legal instrument biodiversity approved policy framework law regulation strategy action plan after:2018-01-01 before:2022-01-01,Adaptation Gap Report 2020,https://unepccc.org/wp-content/uploads/2021/01/adaptation-gap-report-2020.pdf,"United Nations Environment Programme (UNEP), UNEP DTU Partnership (UDP) and the World Adaptation Science. Programme (WASP). https://www.unep.org/adaptation-gap- ...",https://unepccc.org › uploads › 2021/01 › adapta...,unepccc_org_Adaptation_Gap_Report_2020.txt,False,False,0,0,none,none,global,"The document does not contain explicit evidence related to Brazil in 2018-2022 about institutional/operational frameworks, policy/legal instruments, positive incentives, sustainable and inclusive management of biodiversity and land, or prevention of terrestrial, freshwater, or marine ecosystem degradation.",The document does not explicitly link UNEP to strengthening/enabling any nature-related framework/instrument/incentive in Brazil during 2018-2022.,"[""No relevant phrases found""]"
Brazil,2018–2022,1,supported by UNEP Brazil legal instrument biodiversity approved policy framework law regulation strategy action plan after:2018-01-01 before:2022-01-01,Protected area governance and management,https://rris.biopama.org/sites/default/files/2021-06/giz2021-0002en-protected-area-resource-book.pdf,"❖Reviewing and adapting the policy, legal and regulatory framework for protected and conserved areas systems. ❖Identifying potential for expanding ...",https://rris.biopama.org › sites › default › files,rris_biopama_org_Protected_area_governance_and_management.txt,False,False,0,0,none,none,unclear,,,[]
Brazil,2018–2022,1,supported by UNEP Brazil legal instrument biodiversity approved policy framework law regulation strategy action plan after:2018-01-01 before:2022-01-01,Public Forests Under Threat in the Brazilian Amazon,https://www.frontiersin.org/journals/forests-and-global-change/articles/10.3389/ffgc.2021.631756/full,Changes in the legal framework and dismantling of successful socio-environmental policies threaten public forests in the Amazon.,https://www.frontiersin.org › ffgc.2021.631756 › full,www_frontiersin_org_Public_Forests_Under_Threat_in_the_Brazilian_Amazo.txt,True,False,60,0,policy instrument / legal instrument / institutional framework,weakened,national,"The document discusses changes in Brazilian environmental policies, regulations, and institutions, particularly in the context of public forests in the Amazon region between 2018 and 2022. It highlights the weakening of socio-environmental regulations and the dismantling of successful policies, which threaten public forests. The authors suggest strategies to safeguard the Amazon forest, focusing on institutionalization of practices and processes, and market-driven influence on sustainable production.",There is no explicit link between UNEP and the changes in Brazilian environmental policies or the strengthening of frameworks and instruments for sustainable management of biodiversity and land.,"[""changes in the legal and political framework"", ""dismantling of Brazilian environmental policies"", ""weakening of socio-environmental regulations"", ""threats to public forests in the Amazon"", ""strategies for coping shifts in environmental policies and regulations""]"
Brazil,2018–2022,1,supported by UNEP Brazil legal instrument biodiversity approved policy framework law regulation strategy action plan after:2018-01-01 before:2022-01-01,A weakened Brazil will be part of the biodiversity COP,https://dialogue.earth/en/nature/34904-a-weakened-brazil-will-be-part-of-the-biodiversity-cop/,Amazon deforestation and other environmental problems cast a shadow over the role played by biodiversity-rich Brazil in next COP.,https://dialogue.earth › nature › 34904-a-weakened-bra...,dialogue_earth_A_weakened_Brazil_will_be_part_of_the_biodiversity.txt,False,False,0,0,none,none,unclear,The document does not contain any relevant information about Brazil or environmental policy evaluations.,The document does not contain any information about UNEP or its activities.,[]
Brazil,2018–2022,1,supported by UNEP Brazil legal instrument biodiversity approved policy framework law regulation strategy action plan after:2018-01-01 before:2022-01-01,INVESTOR ACTION ON BIODIVERSITY: DISCUSSION PAPER,https://public.unpri.org/download?ac=11357,"The following section explores biodiversity policies and frameworks, and how they are translated to legislation, including integration into sustainable finance ...",https://public.unpri.org › download,public_unpri_org_INVESTOR_ACTION_ON_BIODIVERSITY_DISCUSSION_PAPER.txt,False,False,0,0,none,none,none,"The document does not contain explicit evidence related to Brazil in 2018-2022 about institutional/operational frameworks, policy/legal instruments, positive incentives, sustainable and inclusive management of biodiversity and land, or prevention of terrestrial, freshwater, or marine ecosystem degradation.",The document does not explicitly link UNEP to strengthening/enabling any framework/instrument/incentive in Brazil during 2018-2022.,[]
Brazil,2018–2022,1,supported by UNEP Brazil legal instrument biodiversity approved policy framework law regulation strategy action plan after:2018-01-01 before:2022-01-01,Regional Nutrient Pollution Reduction Strategy and Action ...,https://gefcrew.org/carrcu/19IGM/LBSCOP5/Info-Docs/WG.41INF.10Rev.1-en.pdf,Target 6 of the Convention on Biological Diversity Post-2020 Global Biodiversity Framework ... Under the Global Programme of Action for the Protection of ...,https://gefcrew.org › LBSCOP5 › Info-Docs,gefcrew_org_Regional_Nutrient_Pollution_Reduction_Strategy_and.txt,False,False,0,0,none,none,global,"The document does not contain explicit evidence related to Brazil in 2018-2022 about institutional/operational frameworks, policy/legal instruments, positive incentives, sustainable and inclusive management of biodiversity and land, or prevention of terrestrial, freshwater, or marine ecosystem degradation.",There is no explicit link between UNEP and strengthening/enabling the SP2.1 framework/instrument/incentive outcome in Brazil during 2018-2022.,[]
Brazil,2018–2022,1,supported by UNEP Brazil legal instrument biodiversity approved policy framework law regulation strategy action plan after:2018-01-01 before:2022-01-01,Policy Brief No. 1 Human rights-based approaches to ...,https://www.ohchr.org/Documents/Issues/Environment/SREnvironment/policy-briefing-1.pdf,"(1) Explicitly acknowledge everyone's right to a safe, clean, healthy and sustainable environment, which includes healthy biodiversity and ecosystems, and ...",https://www.ohchr.org › Issues › SREnvironment,www_ohchr_org_Policy_Brief_No_1_Human_rights_based_approaches_to.txt,False,False,0,0,none,none,unclear,,,[]
Brazil,2018–2022,1,supported by UNEP Brazil legal instrument biodiversity approved policy framework law regulation strategy action plan after:2018-01-01 before:2022-01-01,Chapter 4 — Global Warming of 1.5 ºC,https://www.ipcc.ch/sr15/chapter/chapter-4/,"The global response to warming of 1.5°C comprises transitions in land and ecosystem, energy, urban and infrastructure, and industrial systems.",https://www.ipcc.ch › chapter › chapter-4,www_ipcc_ch_Chapter_4_Global_Warming_of_1_5_C.txt,False,False,0,0,none,none,global,"The document does not contain explicit evidence related to Brazil during 2018-2022 about institutional/operational frameworks, policy/legal instruments, positive incentives, sustainable and inclusive management of biodiversity and land, or prevention of terrestrial, freshwater, or marine ecosystem degradation.",There is no explicit link between UNEP and any nature-related framework/instrument/incentive in Brazil during 2018-2022.,[]
Brazil,2018–2022,1,supported by UNEP Brazil legal instrument biodiversity approved policy framework law regulation strategy action plan after:2018-01-01 before:2022-01-01,The new Brazilian legislation on access to the biodiversity ...,https://pmc.ncbi.nlm.nih.gov/articles/PMC6112059/,"The Provisional Act (Medida Provisória – MP) 2,186-16, of August 23, 2001, was the first legal framework to regulate access to Genetic Heritage (GH)1 and ...",https://pmc.ncbi.nlm.nih.gov › articles › PMC6112059,pmc_ncbi_nlm_nih_gov_The_new_Brazilian_legislation_on_access_to_the_bio.txt,False,False,0,0,none,none,unclear,,,[]
Brazil,2018–2022,1,supported by UNEP Brazil legal instrument biodiversity approved policy framework law regulation strategy action plan after:2018-01-01 before:2022-01-01,1st Draft of The Post-2020 Global Biodiversity Framework,https://www.unep.org/resources/publication/1st-draft-post-2020-global-biodiversity-framework,"The draft framework proposes four goals to achieve, by 2050, humanity “living in harmony with nature,” a vision adopted by the CBD's 196 member parties in 2010.",https://www.unep.org › resources › publication › 1st-dr...,www_unep_org_1st_Draft_of_The_Post_2020_Global_Biodiversity_Fra.txt,False,False,0,0,none,none,global,"The document does not contain explicit evidence related to Brazil or the time window 2018-2022. It discusses a global framework for biodiversity conservation and does not provide information specific to Brazil's institutional frameworks, operational frameworks, policy instruments, legal instruments, positive incentives, or mechanisms for sustainable and inclusive management of biodiversity and land.","There is no explicit link between UNEP and any framework, instrument, or incentive in Brazil during 2018-2022. The document primarily discusses a global biodiversity framework and does not provide specific information about UNEP's involvement in Brazil.",[]
Brazil,2018–2022,1,supported by UNEP Brazil legal instrument biodiversity approved policy framework law regulation strategy action plan after:2018-01-01 before:2022-01-01,MINISTRY OF THE ENVIRONMENT - GOV.BR,https://www.gov.br/mma/pt-br/assuntos/mudanca-do-clima/clima/repositorio/final-report_en_web.pdf,Agriculture / Biodiversity and Ecosystems / Cross-cutting Goals. National Strategy and Action Plan for Biodiversity (EPANB). Biodiversity and Ecosystems.,https://www.gov.br › clima › final-report_en_web,www_gov_br_MINISTRY_OF_THE_ENVIRONMENT_GOV_BR.txt,False,False,0,0,none,none,national,"The document does not contain explicit evidence related to institutional/operational frameworks, policy/legal instruments, positive incentives, sustainable and inclusive management of biodiversity and land, or prevention of terrestrial, freshwater, or marine ecosystem degradation in Brazil during 2018-2022.",There is no explicit link between UNEP and any nature-related framework/instrument/incentive in Brazil during 2018-2022.,"[""No relevant phrases found""]"
Brazil,2018–2022,1,supported by UNEP Brazil legal instrument biodiversity approved policy framework law regulation strategy action plan after:2018-01-01 before:2022-01-01,International Environmental Law,https://library.sprep.org/sites/default/files/2021-03/international-environmental-law.pdf,"International Environmental Law offers a concise, conceptually clear, and legally rigorous introduction to contemporary international environmental.",https://library.sprep.org › sites › default › files › i...,library_sprep_org_International_Environmental_Law.txt,False,False,0,0,none,none,none,"The document is a comprehensive textbook on international environmental law, covering various aspects such as the emergence and development of international environmental law, main features of international environmental law, and substantive regulation. However, it does not contain specific evidence related to Brazil during 2018-2022, nor does it discuss institutional frameworks, operational frameworks, policy instruments, positive incentives, or mechanisms for sustainable and inclusive management of biodiversity and land, or prevention of terrestrial, freshwater, and marine ecosystem degradation.","There is no explicit link between UNEP and any specific framework, instrument, or incentive in Brazil during 2018-2022 in the provided document.",[]
Brazil,2018–2022,1,supported by UNEP Brazil legal instrument biodiversity approved policy framework law regulation strategy action plan after:2018-01-01 before:2022-01-01,Bioeconomy in Brazil: Opportunities and guidelines for ...,https://scijournals.onlinelibrary.wiley.com/doi/10.1002/bbb.2263,"The development and implementation of a national strategy plan in bioeconomy in Brazil is a crucial factor to obtain direct public support, to obtain ...",https://scijournals.onlinelibrary.wiley.com › doi › bbb,scijournals_onlinelibrary_wiley_com_Bioeconomy_in_Brazil_Opportunities_and_guidelines_.txt,False,False,0,0,none,none,unclear,,,[]
Brazil,2018–2022,1,supported by UNEP Brazil legal instrument biodiversity approved policy framework law regulation strategy action plan after:2018-01-01 before:2022-01-01,CREATING A NATURE- POSITIVE FUTURE,https://www.undp.org/sites/g/files/zskgke326/files/2021-11/UNDP-UNEP-Creating-a-Nature-Positive-Future-EN.pdf,"Finally, it is essential to integrate area-based conservation into national policies and decision-making frameworks, as well as sectoral plans and strategies.",https://www.undp.org › files › zskgke326 › files,www_undp_org_CREATING_A_NATURE_POSITIVE_FUTURE.txt,False,False,0,0,none,none,global,"The document does not contain explicit evidence related to Brazil during 2018-2022 about institutional/operational frameworks, policy/legal instruments, positive incentives, sustainable and inclusive management of biodiversity and land, or prevention of terrestrial, freshwater, or marine ecosystem degradation.",There is no explicit link between UNEP and strengthening/enabling any nature-related framework/instrument/incentive in Brazil during 2018-2022.,[]
Brazil,2018–2022,1,supported by UNEP Brazil legal instrument biodiversity approved policy framework law regulation strategy action plan after:2018-01-01 before:2022-01-01,Closing the Global Biodiversity Financing Gap,https://www.paulsoninstitute.org/wp-content/uploads/2020/09/FINANCING-NATURE_Full-Report_Final-Version_091520.pdf,Biodiversity Strategies and Action Plans. (NBSAPs) in line with the new framework. They should go a step further and develop. National Biodiversity Finance ...,https://www.paulsoninstitute.org › 2020/09 › FI...,www_paulsoninstitute_org_Closing_the_Global_Biodiversity_Financing_Gap.txt,False,False,0,0,none,none,global,"The document does not contain explicit evidence related to Brazil during 2018-2022 about institutional/operational frameworks, policy/legal instruments, positive incentives, sustainable and inclusive management of biodiversity and land, or prevention of terrestrial, freshwater, or marine ecosystem degradation.",There is no explicit link between UNEP and strengthening/enabling any nature-related framework/instrument/incentive in Brazil during 2018-2022.,[]
Brazil,2018–2022,1,supported by UNEP Brazil legal instrument biodiversity approved policy framework law regulation strategy action plan after:2018-01-01 before:2022-01-01,TOF-UNEP-CEP-Report-February-2021.pdf,https://marfund.org/en/wp-content/uploads/2021/10/TOF-UNEP-CEP-Report-February-2021.pdf,"UNEP's “Regional Strategy and Action Plan (RSAP) for the ... implementing an effective, participatory and updated national biodiversity strategy and action plan.",https://marfund.org › uploads › 2021/10 › TOF-...,marfund_org_TOF_UNEP_CEP_Report_February_2021_pdf.txt,False,False,0,0,none,none,global,"The document does not contain explicit evidence related to Brazil in 2018-2022 about institutional/frameworks, policy/legal instruments, positive incentives, sustainable and inclusive management of biodiversity and land, or prevention of terrestrial, freshwater, or marine ecosystem degradation.",There is no explicit link between UNEP and strengthening/enabling any nature-related framework/instrument/incentive in Brazil during 2018-2022.,[]
Brazil,2018–2022,1,supported by UNEP Brazil legal instrument biodiversity approved policy framework law regulation strategy action plan after:2018-01-01 before:2022-01-01,Closing the Global Biodiversity Financing Gap,https://www.nature.org/content/dam/tnc/nature/en/documents/FINANCINGNATURE_FullReport_091520.pdf,"The most cost-effective policies are those that would prevent ongoing destruction of biodiversity for short-term economic gains, while eroding and ...",https://www.nature.org › tnc › nature › documents,www_nature_org_Closing_the_Global_Biodiversity_Financing_Gap.txt,False,False,0,0,none,none,global,"The document does not contain explicit evidence related to Brazil in 2018-2022 about institutional frameworks, operational frameworks, policy instruments, positive incentives, sustainable and inclusive management of biodiversity and land, or prevention of terrestrial, freshwater, or marine ecosystem degradation.",There is no explicit link between UNEP and strengthening/enabling any nature-related framework/instrument/incentive in Brazil during 2018-2022.,[]
Brazil,2018–2022,1,supported by UNEP Brazil legal instrument biodiversity approved policy framework law regulation strategy action plan after:2018-01-01 before:2022-01-01,Urban Planning Law for Climate Smart Cities,https://unhabitat.org/sites/default/files/2022/10/final_urban_planning_law_for_climate_smart_cities.pdf,"Plan into sectoral strategies, action plans and other implementation ... legally approved urban plans, zoning regulations and evidence from climate.",https://unhabitat.org › default › files › 2022/10 › f...,unhabitat_org_Urban_Planning_Law_for_Climate_Smart_Cities.txt,False,False,0,0,none,none,none,"The document does not contain explicit evidence related to Brazil in 2018-2022 about institutional frameworks, operational frameworks, policy instruments, legal instruments, positive incentives, sustainable and inclusive management of biodiversity and land, or prevention of terrestrial, freshwater, or marine ecosystem degradation.",There is no explicit link between UNEP and strengthening/enabling any nature-related framework/instrument/incentive in Brazil during 2018-2022.,[]
Brazil,2018–2022,1,supported by UNEP Brazil legal instrument biodiversity approved policy framework law regulation strategy action plan after:2018-01-01 before:2022-01-01,WWF-Guianas Project Report on Marine Biodiversity and ...,https://wwflac.awsassets.panda.org/downloads/cbd_gap_analysis_and_legislative_review_.pdf,"Overall, the Forest Act supports the objectives of the Strategic Plan for Biodiversity 2011-2020 because it helps to mainstream biodiversity and protection ...",https://wwflac.awsassets.panda.org › downloads,wwflac_awsassets_panda_org_WWF_Guianas_Project_Report_on_Marine_Biodiversity_.txt,False,False,0,0,none,none,none,"The document is about Guyana's environmental laws and policies, not Brazil's. It does not contain explicit evidence related to Brazil's institutional frameworks, policy instruments, positive incentives, or mechanisms for sustainable and inclusive management of biodiversity and land, or prevention of terrestrial, freshwater, and marine ecosystem degradation during 2018-2022.","There is no mention of UNEP's involvement in strengthening, developing, adopting, implementing, revising, approving, establishing, or operationalizing any nature-related framework/instrument/incentive in Brazil during 2018-2022.",[]
Brazil,2018–2022,1,supported by UNEP Brazil legal instrument biodiversity approved policy framework law regulation strategy action plan after:2018-01-01 before:2022-01-01,Updated Policy Document on climate action for ...,https://whc.unesco.org/document/190260,The Policy Document provides [Brazil] an voluntary outcome-oriented policy framework for the development of goals and targets at national and heritage site ...,https://whc.unesco.org › document,whc_unesco_org_Updated_Policy_Document_on_climate_action_for_.txt,False,False,0,0,none,none,unclear,,,[]
Brazil,2018–2022,1,supported by UNEP Brazil legal instrument biodiversity approved policy framework law regulation strategy action plan after:2018-01-01 before:2022-01-01,2030 NATIONAL STRATEGY FOR PROTECTED AREAS,https://www.ecologie.gouv.fr/sites/default/files/documents/2030%20NATIONAL%20STRATEGY%20FOR%20PROTECTED%20AREAS.pdf,"The strategy thus aims at concerted action to designate areas under high protection, prioritising remarkable ecosystems, rich in biodiversity or particularly ...",https://www.ecologie.gouv.fr › files › documents,www_ecologie_gouv_fr_2030_NATIONAL_STRATEGY_FOR_PROTECTED_AREAS.txt,False,False,0,0,none,none,none,"The document does not contain explicit evidence related to Brazil or the time window 2018-2022. It appears to be a national strategy for protected areas in France, discussing goals and measures for protecting biodiversity and ecosystems in France, not Brazil.",There is no mention of UNEP in relation to the described actions or outcomes in Brazil during 2018-2022.,[]
Brazil,2018–2022,1,supported by UNEP Brazil legal instrument biodiversity approved policy framework law regulation strategy action plan after:2018-01-01 before:2022-01-01,Fourth National Communication of Brazil to the UNFCCC - MCTI,https://antigo.mctic.gov.br/mctic/export/sites/institucional/arquivos/SIRENE/Comunicacoes-Nacionais-do-Brasil-a-UNFCCC/2020_12_22_4CN_v5_Ingles.pdf,"In order to secure the submission of a new National Communication by December 2020, technical and scientific input have been developed from official national ...",https://antigo.mctic.gov.br › arquivos › SIRENE,antigo_mctic_gov_br_Fourth_National_Communication_of_Brazil_to_the_UNF.txt,False,False,0,0,none,none,national,"The document is Brazil's Fourth National Communication to the UNFCCC, which provides an overview of the country's climate change mitigation and adaptation efforts. However, it does not contain explicit evidence of strengthened institutional and operational frameworks, policy and legal instruments, or positive incentives for sustainable and inclusive management of biodiversity and land, or prevention of terrestrial, freshwater and marine ecosystem degradation during 2018-2022.",There is no explicit link between UNEP and any nature-related framework/instrument/incentive in Brazil during 2018-2022.,[]
Brazil,2018–2022,1,supported by UNEP Brazil legal instrument biodiversity approved policy framework law regulation strategy action plan after:2018-01-01 before:2022-01-01,National Biodiversity Strategy and Action Plan (2016,https://www.cbd.int/doc/world/bz/bz-nbsap-v2-p1-en.pdf,"resilient and adap7ve biodiversity policy, legal and ins7tu7onal framework should focus on strengthening the regulatory and puni7ve measures in exis7ng ...",https://www.cbd.int › world › bz-nbsap-v2-p1-en,www_cbd_int_National_Biodiversity_Strategy_and_Action_Plan_201.txt,,,,,,,,"[ERROR] Error code: 400 - {'error': {'message': ""Failed to generate JSON. Please adjust your prompt. See 'failed_generation' for more details."", 'type': 'invalid_request_error', 'code': 'json_validate_failed', 'failed_generation': '{\n1.3 NATIONAL FRAMEWORK AND INTERNATIONAL COMMITMENTS 50 1.4 POLICY FRAMEWORK 51 1.5 INSTITUTIONAL FRAMEWORK 52 1.6 MAINSTREAMING 54 1.7 SCENARIOS FOR THE FUTURE 54 1.8 CONCLUSION 54 A. GOALS, TARGETS AND ACTIONS 55 1.1 GOAL 1: CONSERVE BIODIVERSITY 56 TARGET 1.1: CONSERVE BIODIVERSITY IN PROTECTED AREAS 56 TARGET 1.1.1: MAINTAIN AND ENHANCE PROTECTED AREAS 56 TARGET assistant<|header_end|>\n}'}}",,[]
Brazil,2018–2022,1,supported by UNEP Brazil legal instrument biodiversity approved policy framework law regulation strategy action plan after:2018-01-01 before:2022-01-01,NEW BUGESERA INTERNATIONAL AIRPORT ...,https://www.miga.org/sites/default/files/archive/Documents/SPGDisclosures/RUK11_24483_3_NBIA_BAP.pdf,"To fulfil its obligations under the CBD, Rwanda produced its first National Biodiversity Strategy and Action Plan (NBSAP) in 2003, and five National Reports, ...",https://www.miga.org › archive › SPGDisclosures,www_miga_org_NEW_BUGESERA_INTERNATIONAL_AIRPORT_.txt,False,False,0,0,none,none,national,"The document does not contain explicit evidence related to Brazil during 2018-2022 about institutional/operational frameworks, policy/legal instruments, positive incentives, sustainable and inclusive management of biodiversity and land, or prevention of terrestrial, freshwater, or marine ecosystem degradation.",There is no mention of UNEP in relation to strengthening or enabling the nature-related framework/instrument/incentive outcomes in Brazil during 2018-2022.,[]
Brazil,2018–2022,1,supported by UNEP Brazil legal instrument biodiversity approved policy framework law regulation strategy action plan after:2018-01-01 before:2022-01-01,Challenges and opportunities of area-based conservation in ...,https://link.springer.com/article/10.1007/s10531-021-02340-2,"In this review, I identify and relate pressing challenges to promising opportunities for effective and efficient protected area governance and management.",https://link.springer.com › article,link_springer_com_Challenges_and_opportunities_of_area_based_conserv.txt,False,False,0,0,none,none,global,"The document does not contain explicit evidence related to Brazil in 2018-2022 about institutional/operational frameworks, policy/legal instruments, positive incentives, sustainable and inclusive management of biodiversity and land, or prevention of terrestrial, freshwater, or marine ecosystem degradation.",There is no explicit link between UNEP and any nature-related framework/instrument/incentive in Brazil during 2018-2022.,[]
Brazil,2018–2022,2,in collaboration with UNEP Brazil marine ecosystem degradation adopted policy framework law regulation strategy action plan after:2018-01-01 before:2022-01-01,Protecting the Marine Environment from Land-based ...,https://www.iisd.org/articles/deep-dive/protecting-marine-environment-land-based-activities,"Chapter 17 of Agenda 21 contained measures for preventing degradation of the marine environment from land-based activities. This, along with the provisions of ...",https://www.iisd.org › articles › deep-dive › protecting-...,www_iisd_org_Protecting_the_Marine_Environment_from_Land_based_.txt,False,False,0,0,none,none,global,"The document does not contain explicit evidence related to Brazil during 2018-2022 about institutional frameworks, operational frameworks, policy instruments, legal instruments, positive incentives, sustainable and inclusive management of biodiversity and land, or prevention of terrestrial, freshwater, or marine ecosystem degradation.","The document mentions UNEP but does not explicitly link UNEP to strengthening, developing, adopting, implementing, revising, approving, establishing, or operationalizing any nature-related framework/instrument/incentive in Brazil during 2018-2022.",[]
Brazil,2018–2022,2,in collaboration with UNEP Brazil marine ecosystem degradation adopted policy framework law regulation strategy action plan after:2018-01-01 before:2022-01-01,United Nations Environment Assembly of the ...,https://apps1.unep.org/resolutions/uploads/unep_aheg_2018_1_inf_4_unea2_edited.pdf,"Marine plastic debris and microplastics – Global lessons and research to inspire action and guide policy change. United. Nations Environment Programme, ...",https://apps1.unep.org › resolutions › uploads › u...,apps1_unep_org_United_Nations_Environment_Assembly_of_the_.txt,False,False,0,0,none,none,none,"The document does not contain explicit evidence related to Brazil in 2018-2022 about institutional frameworks, operational frameworks, policy instruments, positive incentives, sustainable management of biodiversity and land, or prevention of ecosystem degradation.","The document does not explicitly link UNEP to strengthening or enabling any nature-related framework, instrument, or incentive in Brazil during 2018-2022.",[]
Brazil,2018–2022,2,in collaboration with UNEP Brazil marine ecosystem degradation adopted policy framework law regulation strategy action plan after:2018-01-01 before:2022-01-01,Fifth Meeting of the Scientific and Technical Advisory ...,https://gefcrew.org/carrcu/19IGM/LBSCOP5/Info-Docs/WG.41.INF.22Rev.1-en.pdf,"The ratification, adoption and implementation of Regional Seas Conventions, Action Plans and Protocols, is facilitated through working in concert with other ...",https://gefcrew.org › LBSCOP5 › Info-Docs,gefcrew_org_Fifth_Meeting_of_the_Scientific_and_Technical_Advi.txt,False,False,0,0,none,none,none,"The document does not contain explicit evidence related to Brazil in 2018-2022 about institutional frameworks, operational frameworks, policy instruments, positive incentives, sustainable and inclusive management of biodiversity and land, or prevention of terrestrial, freshwater, or marine ecosystem degradation.","The document does not explicitly link UNEP to strengthening, developing, adopting, implementing, revising, approving, establishing, or operationalizing nature-related frameworks, instruments, or incentives in Brazil during 2018-2022.",[]
Brazil,2018–2022,2,in collaboration with UNEP Brazil marine ecosystem degradation adopted policy framework law regulation strategy action plan after:2018-01-01 before:2022-01-01,Plastic pollution in the marine environment,https://www.sciencedirect.com/science/article/pii/S2405844020315528,"Existing and adopted policies, legislations, regulations, and initiatives at global, regional, and national level play a vital role in reducing plastic debris ...",https://www.sciencedirect.com › science › article › pii,www_sciencedirect_com_Plastic_pollution_in_the_marine_environment.txt,False,False,0,0,none,none,unclear,,,[]
Brazil,2018–2022,2,in collaboration with UNEP Brazil marine ecosystem degradation adopted policy framework law regulation strategy action plan after:2018-01-01 before:2022-01-01,ProCaribe+,https://procaribeplus.org/,"The UNDP GEF UNOPS PROCARIBE+ Project advances ocean protection, resilience, and sustainable blue economy development and investment in the Caribbean and ...",https://procaribeplus.org,procaribeplus_org_ProCaribe_.txt,False,False,0,0,none,none,global,"The document does not contain explicit evidence related to Brazil in 2018-2022 about institutional frameworks, operational frameworks, policy instruments, legal instruments, positive incentives, or mechanisms for sustainable and inclusive management of biodiversity and land, or prevention of terrestrial, freshwater, and marine ecosystem degradation.","The document does not explicitly link UNEP to any framework, instrument, or incentive in Brazil during 2018-2022.",[]
Brazil,2018–2022,2,in collaboration with UNEP Brazil marine ecosystem degradation adopted policy framework law regulation strategy action plan after:2018-01-01 before:2022-01-01,Preserving Community's Environmental Interests in a Meta ...,https://www.mdpi.com/2071-1050/13/17/9983,This research has proposed that ocean governance programmes and plans need to be re-arranged under established legal frameworks at national and regional levels.,https://www.mdpi.com › ...,www_mdpi_com_Preserving_Community_s_Environmental_Interests_in_.txt,False,False,0,0,none,none,global,"The document does not contain explicit evidence related to Brazil during 2018-2022 about institutional frameworks, operational frameworks, policy instruments, positive incentives, sustainable and inclusive management of biodiversity and land, or prevention of terrestrial, freshwater, or marine ecosystem degradation.",There is no explicit link between UNEP and strengthening/enabling any SP2.1 framework/instrument/incentive in Brazil during 2018-2022.,[]
Brazil,2018–2022,2,in collaboration with UNEP Brazil marine ecosystem degradation adopted policy framework law regulation strategy action plan after:2018-01-01 before:2022-01-01,FROM POLLUTION TO SOLUTION,https://www.gdr-po.cnrs.fr/docs/UNEP_2021.pdf,"adopted a Global Plan of Action), and the Honolulu Strategy. (which provides a global framework for the prevention and management of marine debris) (UNEP 2018e) ...",https://www.gdr-po.cnrs.fr › docs › UNEP_2021,www_gdr-po_cnrs_fr_FROM_POLLUTION_TO_SOLUTION.txt,False,False,0,0,none,none,unclear,,,[]
Brazil,2018–2022,2,in collaboration with UNEP Brazil marine ecosystem degradation adopted policy framework law regulation strategy action plan after:2018-01-01 before:2022-01-01,World Environment programme (UNEP) launches a new ...,https://www.facebook.com/epaethio/posts/world-environment-programme-unep-launches-a-new-web-based-information-initiative/3100751240151152/,World Environment programme (UNEP) launches a new web-based information initiative on updates related to environmental governance amid of COVID-19...,80+ reactions,www_facebook_com_World_Environment_programme_UNEP_launches_a_new_.txt,False,False,0,0,none,none,unclear,"The document does not contain explicit evidence related to institutional/operational frameworks, policy/legal instruments, positive incentives, sustainable and inclusive management of biodiversity and land, or prevention of terrestrial, freshwater, or marine ecosystem degradation in Brazil during 2018-2022.",The document does not explicitly link UNEP to strengthening/enabling any SP2.1 framework/instrument/incentive outcome in Brazil during 2018-2022.,[]
Brazil,2018–2022,2,in collaboration with UNEP Brazil marine ecosystem degradation adopted policy framework law regulation strategy action plan after:2018-01-01 before:2022-01-01,UNEP.pdf,https://www.un.org/Depts/los/general_assembly/contributions_2019/UNEP.pdf,"The ten Contracting Parties adopted fifteen decisions, including on priority areas such as the management of marine protected areas; marine and coastal.",https://www.un.org › los › contributions_2019,www_un_org_UNEP_pdf.txt,False,False,0,0,none,none,global,"The document does not contain explicit evidence related to Brazil during 2018-2022 about institutional frameworks, operational frameworks, policy instruments, positive incentives, sustainable and inclusive management of biodiversity and land, or prevention of terrestrial, freshwater, or marine ecosystem degradation.","The document does not explicitly link UNEP to strengthening or enabling any nature-related framework, instrument, or incentive in Brazil during 2018-2022.",[]
Brazil,2018–2022,2,in collaboration with UNEP Brazil marine ecosystem degradation adopted policy framework law regulation strategy action plan after:2018-01-01 before:2022-01-01,SAP Progress Dashboard (Datawrapper.de),https://clmeplus.org/sap-progress-dashboard-datawrapper-de/,... degradation and destruction within the context of the expanded framework for the protection of the marine environment built under Strategy 1. 6.4. Action 6.4,https://clmeplus.org › sap-progress-dashboard-datawrap...,clmeplus_org_SAP_Progress_Dashboard_Datawrapper_de_.txt,False,False,0,0,none,none,unclear,,,[]
Brazil,2018–2022,2,in collaboration with UNEP Brazil marine ecosystem degradation adopted policy framework law regulation strategy action plan after:2018-01-01 before:2022-01-01,Governance Solutions to the Tragedy of the Commons That ...,https://www.frontiersin.org/journals/marine-science/articles/10.3389/fmars.2018.00214/full,"We review the global plastic pollution issue in the context of governance and policy, providing examples of successes, opportunities and levers for change.",https://www.frontiersin.org › fmars.2018.00214 › full,www_frontiersin_org_Governance_Solutions_to_the_Tragedy_of_the_Commons.txt,False,False,0,0,none,none,global,"The document does not contain explicit evidence related to Brazil in 2018-2022 about institutional/operational frameworks, policy/legal instruments, positive incentives, sustainable and inclusive management of biodiversity and land, or prevention of terrestrial, freshwater, or marine ecosystem degradation.",There is no explicit link between UNEP and strengthening/enabling the SP2.1 framework/instrument/incentive outcome in Brazil during 2018-2022.,[]
Brazil,2018–2022,2,in collaboration with UNEP Brazil marine ecosystem degradation adopted policy framework law regulation strategy action plan after:2018-01-01 before:2022-01-01,Scoping Science-Policy Arenas for Regional Ocean ...,https://www.frontiersin.org/journals/marine-science/articles/10.3389/fmars.2021.685122/full,This paper explores the diversity of relationships that exist between science and policy and which underpin the uptake of science in oceans policy-making.,https://www.frontiersin.org › fmars.2021.685122 › full,www_frontiersin_org_Scoping_Science_Policy_Arenas_for_Regional_Ocean_.txt,False,False,0,0,none,none,none,"The document does not contain explicit evidence related to Brazil in 2018-2022 about institutional/operational frameworks, policy/legal instruments, positive incentives, sustainable and inclusive management of biodiversity and land, or prevention of terrestrial, freshwater, or marine ecosystem degradation.",There is no explicit link between UNEP and strengthening/enabling any nature-related framework/instrument/incentive in Brazil during 2018-2022.,[]
Brazil,2018–2022,2,in collaboration with UNEP Brazil marine ecosystem degradation adopted policy framework law regulation strategy action plan after:2018-01-01 before:2022-01-01,Strategy framework,https://jpi-oceans.eu/sites/jpi-oceans.eu/files/managed/Publications%20files/20210329_JPI_Oceans_Strategic_Framework_v8_lowres.pdf,have adopted legally binding conventions for the protection of the marine environment as part of the regional seas conventions and action plans framework.,https://jpi-oceans.eu › sites › files › managed › 20...,jpi-oceans_eu_Strategy_framework.txt,False,False,0,0,none,none,global,"The document does not contain explicit evidence related to Brazil in 2018-2022 about institutional frameworks, operational frameworks, policy instruments, positive incentives, sustainable and inclusive management of biodiversity and land, or prevention of terrestrial, freshwater, or marine ecosystem degradation.",There is no explicit link between UNEP and any nature-related framework/instrument/incentive in Brazil during 2018-2022.,[]
Brazil,2018–2022,2,in collaboration with UNEP Brazil marine ecosystem degradation adopted policy framework law regulation strategy action plan after:2018-01-01 before:2022-01-01,A Monitoring and Evaluation Mechanism for the Caribbean ...,https://www.cavehill.uwi.edu/cermes/wp-content/uploads/sites/38/Docs/Technical_Reports/Mahon_and_Fanning_CLME_Plus_M_and_E_CTR_99_2021_03_12.pdf,"In 2013, coastal countries of the CLME+ region adopted a 10-year Strategic Action Programme (SAP) for the Sustainable Management of the Shared Living Marine ...",https://www.cavehill.uwi.edu › Technical_Reports,www_cavehill_uwi_edu_A_Monitoring_and_Evaluation_Mechanism_for_the_Cari.txt,False,False,0,0,none,none,none,"The document does not contain explicit evidence related to Brazil in 2018-2022 about institutional/operational frameworks, policy/legal instruments, positive incentives, sustainable and inclusive management of biodiversity and land, or prevention of terrestrial, freshwater, or marine ecosystem degradation.",There is no explicit link between UNEP and any nature-related framework/instrument/incentive in Brazil during 2018-2022.,[]
Brazil,2018–2022,2,in collaboration with UNEP Brazil marine ecosystem degradation adopted policy framework law regulation strategy action plan after:2018-01-01 before:2022-01-01,National REDD+ strategy & action plan,https://redd.unfccc.int/media/redd_strategy-en.pdf,"Within the objective of REDD+ to reduce emissions from deforestation and forest degradation and enhance carbon stocks through the conservation, sustainable ...",https://redd.unfccc.int › media › redd_strategy-en,redd_unfccc_int_National_REDD_strategy_action_plan.txt,False,False,0,0,none,none,none,"The document is about Sudan's National REDD+ Strategy and Action Plan, not Brazil's. It does not contain explicit evidence related to Brazil's institutional and operational frameworks, policy and legal instruments, or positive incentives for sustainable and inclusive management of biodiversity and land, or prevention of terrestrial, freshwater, and marine ecosystem degradation during 2018-2022.","There is no mention of UNEP's role in strengthening, developing, adopting, implementing, revising, approving, establishing, or operationalizing any nature-related framework/instrument/incentive in Brazil during 2018-2022.",[]
Brazil,2018–2022,2,in collaboration with UNEP Brazil marine ecosystem degradation adopted policy framework law regulation strategy action plan after:2018-01-01 before:2022-01-01,Sustainable Blue Tourism,https://www.iddri.org/sites/default/files/PDF/Publications/Hors%20catalogue%20Iddri/20190620_BLUE%20TOURISM%20STUDY_EN.pdf,"Towards a sustainable coastal and maritime tourism in world marine regions. Edited by eco-union. Barcelona. Copyright. You can copy, download or print this ...",https://www.iddri.org › files › PDF › Publications,www_iddri_org_Sustainable_Blue_Tourism.txt,False,False,0,0,none,none,none,"The document does not contain explicit evidence related to Brazil in 2018-2022 about institutional frameworks, operational frameworks, policy instruments, positive incentives, sustainable and inclusive management of biodiversity and land, or prevention of terrestrial, freshwater, or marine ecosystem degradation.",There is no explicit link between UNEP and strengthening/enabling any nature-related framework/instrument/incentive in Brazil during 2018-2022.,[]
Brazil,2018–2022,2,in collaboration with UNEP Brazil marine ecosystem degradation adopted policy framework law regulation strategy action plan after:2018-01-01 before:2022-01-01,"Making trade work for the environment, prosperity and ...",https://www.wto.org/english/res_e/publications_e/unereport2018_e.pdf,"Close collaboration between the Secretariats and past cooperation between UN. Environment and the WTO on topics such as trade and climate change, fisheries.",https://www.wto.org › res_e › unereport2018_e,www_wto_org_Making_trade_work_for_the_environment_prosperity_a.txt,False,False,0,0,none,none,global,"The document does not contain explicit evidence related to Brazil in 2018-2022 about strengthening institutional and operational frameworks, policy and legal instruments, or positive incentives for sustainable and inclusive management of biodiversity and land, or prevention of terrestrial, freshwater and marine ecosystem degradation.",There is no explicit link between UNEP and any nature-related framework/instrument/incentive in Brazil during 2018-2022.,[]
Brazil,2018–2022,2,in collaboration with UNEP Brazil marine ecosystem degradation adopted policy framework law regulation strategy action plan after:2018-01-01 before:2022-01-01,Environmental Justice Impacts of Marine Litter and Plastic ...,https://www.eli.org/sites/default/files/files-general/UNEP%20Report-%20Neglected-%20Environmental%20Justice%20Impacts%20of%20Marine%20Litter%20and%20Plastic%20Pollution.pdf,"This publication was developed by the United Nations Environment Programme (UNEP), through the generous funding of the Norwegian Agency for. Development ...",https://www.eli.org › default › files › files-general,www_eli_org_Environmental_Justice_Impacts_of_Marine_Litter_and.txt,False,False,0,0,none,none,global,"The document does not contain explicit evidence related to Brazil during 2018-2022 about institutional/operational frameworks, policy/legal instruments, positive incentives, sustainable and inclusive management of biodiversity and land, or prevention of terrestrial, freshwater, or marine ecosystem degradation.",The document does not explicitly link UNEP to strengthening/enabling any nature-related framework/instrument/incentive in Brazil during 2018-2022.,"[""No relevant evidence found.""]"
Brazil,2018–2022,2,in collaboration with UNEP Brazil marine ecosystem degradation adopted policy framework law regulation strategy action plan after:2018-01-01 before:2022-01-01,BRAZIL AND CHINA,https://www.cebri.org/media/documentos/arquivos/Relatorio_A4_EN_6jul-compactad.pdf,The Policy Paper “Brazil and China: elements for cooperation on environment” is the result of a broad process of dialogue and consultations to Brazilian and ...,https://www.cebri.org › documentos › arquivos,www_cebri_org_BRAZIL_AND_CHINA.txt,False,False,0,0,none,none,none,"The document does not contain explicit evidence related to institutional/operational frameworks, policy/legal instruments, positive incentives, sustainable and inclusive management of biodiversity and land, or prevention of terrestrial, freshwater, or marine ecosystem degradation in Brazil during 2018-2022.",There is no explicit link between UNEP and strengthening/enabling any nature-related framework/instrument/incentive in Brazil during 2018-2022.,[]
Brazil,2018–2022,2,in collaboration with UNEP Brazil marine ecosystem degradation adopted policy framework law regulation strategy action plan after:2018-01-01 before:2022-01-01,TOF-UNEP-CEP-Report-February-2021.pdf,https://marfund.org/en/wp-content/uploads/2021/10/TOF-UNEP-CEP-Report-February-2021.pdf,"As a GEF Agency, the United Nations Development Programme (UNDP) implements a global portfolio of GEF co-funded. Large Marine Ecosystem projects, among which ...",https://marfund.org › uploads › 2021/10 › TOF-...,marfund_org_TOF_UNEP_CEP_Report_February_2021_pdf.txt,False,False,0,0,none,none,none,"The document does not contain explicit evidence related to Brazil in 2018-2022 about institutional frameworks, operational frameworks, policy instruments, positive incentives, or mechanisms for sustainable and inclusive management of biodiversity and land, or prevention of terrestrial, freshwater, and marine ecosystem degradation.",There is no explicit link between UNEP and any nature-related framework/instrument/incentive in Brazil during 2018-2022.,[]
Brazil,2018–2022,2,in collaboration with UNEP Brazil marine ecosystem degradation adopted policy framework law regulation strategy action plan after:2018-01-01 before:2022-01-01,Sustainable Development Goal 6 Synthesis Report on ...,https://www.unwater.org/sites/default/files/app/uploads/2018/12/SDG6_SynthesisReport2018_WaterandSanitation_04122018.pdf,"legal frameworks, planning, coordination, funding and financing, capacity development, data acquisition and monitoring, and regulation. However, governance ...",https://www.unwater.org › uploads › 2018/12,www_unwater_org_Sustainable_Development_Goal_6_Synthesis_Report_on.txt,False,False,0,0,none,none,global,"The document is a comprehensive report on Sustainable Development Goal 6 (SDG 6) on Water and Sanitation, but it does not contain specific information about Brazil or explicit evidence related to institutional frameworks, policy instruments, positive incentives, or sustainable and inclusive management of biodiversity and land, or prevention of terrestrial, freshwater, and marine ecosystem degradation in Brazil during 2018-2022.",There is no explicit link between UNEP and any framework/instrument/incentive related to SDG 6 or biodiversity and land management in Brazil during 2018-2022.,[]
Brazil,2018–2022,2,in collaboration with UNEP Brazil marine ecosystem degradation adopted policy framework law regulation strategy action plan after:2018-01-01 before:2022-01-01,ASSESSING PROGRESS TOWARDS AICHI ...,https://www.cbd.int/doc/publications/cbd-ts-87-en.pdf,"Using ecological models to assess ecosystem status in support of the European Marine Strategy Framework Directive. Ecological Indicators, 58: 175-191.",https://www.cbd.int › publications › cbd-ts-87-en,www_cbd_int_ASSESSING_PROGRESS_TOWARDS_AICHI_.txt,False,False,0,0,none,none,global,"The document does not contain explicit evidence related to Brazil during 2018-2022 about institutional frameworks, policy/legal instruments, positive incentives, sustainable and inclusive management of biodiversity and land, or prevention of terrestrial, freshwater, or marine ecosystem degradation.",There is no explicit link between UNEP and any framework/instrument/incentive in Brazil during 2018-2022.,[]
Brazil,2018–2022,2,in collaboration with UNEP Brazil marine ecosystem degradation adopted policy framework law regulation strategy action plan after:2018-01-01 before:2022-01-01,"Natural capital for biodiversity policy: what, why and how",https://capitalscoalition.org/wp-content/uploads/2021/04/Natural-capital-for-biodiversity-policy-%E2%80%94-FINAL-1.pdf,This paper aims to show the added value of natural capital approaches for achieving biodiversity policy objectives and shows how these approaches can help ...,https://capitalscoalition.org › uploads › 2021/04,capitalscoalition_org_Natural_capital_for_biodiversity_policy_what_why_a.txt,True,False,61,0,policy instrument,developed,national,"The document mentions Brazil as one of the countries using natural capital approaches to inform policy decisions. It highlights Brazil's development of Environmental-economic accounting for water and a System of Incentives for Environmental Services, including a national initiative of payment for ecosystem services across 38 watersheds.",There is no explicit link between UNEP and the development or implementation of nature-related frameworks or instruments in Brazil during 2018-2022.,"[""Brazilian governments has developed a System of Incentives for Environmental Services"", ""National Water Agency (ANA), in coordination with the regional and local TEEB project, compiled a Natural Capital Account with precise data on waters"", ""water producer program, a national initiative of payment for ecosystem services across 38 watersheds""]"
Brazil,2018–2022,2,in collaboration with UNEP Brazil marine ecosystem degradation adopted policy framework law regulation strategy action plan after:2018-01-01 before:2022-01-01,CARIBBEAN SUSTAINABLE TOURISM POLICY AND ...,https://www.onecaribbean.org/wp-content/uploads/2020-CSTPF-Final-for-Design-and-Translation-July-31-2020.pdf,"The 2020 Caribbean Sustainable Tourism Policy and. Development Framework (CSTPDF 2020), is an update to the previous Caribbean Sustainable Tourism Policy.",https://www.onecaribbean.org › uploads › 2020-C...,www_onecaribbean_org_CARIBBEAN_SUSTAINABLE_TOURISM_POLICY_AND_.txt,False,False,0,0,none,none,unclear,,,[]
Brazil,2018–2022,2,in collaboration with UNEP Brazil marine ecosystem degradation adopted policy framework law regulation strategy action plan after:2018-01-01 before:2022-01-01,"ILLEGAL LOGGING, FISHING, AND WILDLIFE TRADE",https://thedocs.worldbank.org/en/doc/482771571323560234-0120022019/original/WBGReport1017Digital.pdf,Illegal activities in the wildlife sector directly cause a decline in species population and can spread diseases and invasive species when live animals are ...,https://thedocs.worldbank.org › doc › original,thedocs_worldbank_org_ILLEGAL_LOGGING_FISHING_AND_WILDLIFE_TRADE.txt,False,False,0,0,none,none,none,"The document does not contain explicit evidence related to Brazil in 2018-2022 about institutional frameworks, operational frameworks, policy instruments, positive incentives, sustainable and inclusive management of biodiversity and land, or prevention of terrestrial, freshwater, or marine ecosystem degradation.","The document does not explicitly link UNEP to strengthening, developing, adopting, implementing, revising, approving, establishing, or operationalizing nature-related frameworks/instruments/incentives in Brazil during 2018-2022.",[]
Brazil,2018–2022,2,in collaboration with UNEP Brazil marine ecosystem degradation adopted policy framework law regulation strategy action plan after:2018-01-01 before:2022-01-01,DEVELOPING EFFECTIVE AFRICAN POLICY RESPONSES,https://saiia.org.za/wp-content/uploads/2018/06/Policy-Insights-59.pdf,"Policy responses to marine plastic waste should also seek to induce change within both the plastics industry and broader society, from manufacturing (eg, ...",https://saiia.org.za › 2018/06 › Policy-Insights-59,saiia_org_za_DEVELOPING_EFFECTIVE_AFRICAN_POLICY_RESPONSES.txt,False,False,0,0,none,none,none,"The document does not contain explicit evidence related to Brazil in 2018-2022 about institutional/operational frameworks, policy/legal instruments, positive incentives, sustainable and inclusive management of biodiversity and land, or prevention of terrestrial, freshwater, or marine ecosystem degradation.",The document does not explicitly link UNEP to strengthening/enabling any nature-related framework/instrument/incentive in Brazil during 2018-2022.,[]
Brazil,2018–2022,2,in collaboration with UNEP Brazil marine ecosystem degradation adopted policy framework law regulation strategy action plan after:2018-01-01 before:2022-01-01,republic of south sudan - national biodiversity strategy and ...,https://www.cbd.int/doc/world/ss/ss-nbsap-01-en.pdf,The South Sudan NBSAP was developed to address both the critical biodiversity and ecosystem conservation challenges in the country and to meet the. Government's ...,https://www.cbd.int › doc › world › ss-nbsap-01-en,www_cbd_int_republic_of_south_sudan_national_biodiversity_stra.txt,False,False,0,0,none,none,none,"The document is about South Sudan's National Biodiversity Strategy and Action Plan (2018-2027), not Brazil. Therefore, it does not meet the country scope requirement.",The document does not provide any explicit link between UNEP and the biodiversity framework/instrument/incentive in Brazil during 2018-2022.,[]
Brazil,2018–2022,2,in collaboration with UNEP Brazil marine ecosystem degradation adopted policy framework law regulation strategy action plan after:2018-01-01 before:2022-01-01,Nature-based Solutions in Nationally Determined ...,https://portals.iucn.org/library/sites/library/files/documents/2019-030-En.pdf,"For example, NDCs could be aligned with National Adaptation Plans and National. Adaptation Programmes of Action, as well as with other relevant international.",https://portals.iucn.org › library › files › documents,portals_iucn_org_Nature_based_Solutions_in_Nationally_Determined_.txt,False,False,0,0,none,none,global,"The document does not contain explicit evidence related to Brazil in 2018-2022 about institutional/operational frameworks, policy/legal instruments, positive incentives, sustainable and inclusive management of biodiversity and land, or prevention of terrestrial, freshwater, or marine ecosystem degradation.",There is no explicit link between UNEP and strengthening/enabling the SP2.1 framework/instrument/incentive outcome in Brazil during 2018-2022.,[]
Brazil,2018–2022,2,in collaboration with UNEP Brazil marine ecosystem degradation adopted policy framework law regulation strategy action plan after:2018-01-01 before:2022-01-01,"Ocean Solutions That Benefit People, Nature and the ...",https://www.vliz.be/imisdocs/publications/357071.pdf,"The report builds on the latest scientific research, analyses and debates from around the world—including the insights from 16 Blue Papers and 3 special reports.",https://www.vliz.be › imisdocs › publications,www_vliz_be_Ocean_Solutions_That_Benefit_People_Nature_and_the.txt,False,False,0,0,none,none,none,"The document does not contain explicit evidence related to 'Brazil' during 2018–2022 about institutional/operational frameworks, policy/legal instruments, positive incentives, sustainable and inclusive management of biodiversity and land, or prevention of terrestrial, freshwater, or marine ecosystem degradation.",The document does not explicitly link UNEP to any framework/instrument/incentive in 'Brazil' during 2018–2022.,[]
Brazil,2018–2022,2,in collaboration with UNEP Brazil marine ecosystem degradation adopted policy framework law regulation strategy action plan after:2018-01-01 before:2022-01-01,"The outlook for oceans, seas and marine resources in Latin ...",https://repositorio.cepal.org/bitstream/handle/11362/46509/4/S2000911_en.pdf,The LMEs approach supports the merger between natural and social sciences in the application of a five module assessment and management strategy to assess and ...,https://repositorio.cepal.org › S2000911_en,repositorio_cepal_org_The_outlook_for_oceans_seas_and_marine_resources_i.txt,False,False,0,0,none,none,global,"The document does not contain explicit evidence related to Brazil during 2018-2022 about institutional/operational frameworks, policy/legal instruments, positive incentives, sustainable and inclusive management of biodiversity and land, or prevention of terrestrial, freshwater, or marine ecosystem degradation.",There is no explicit link between UNEP and any nature-related framework/instrument/incentive in Brazil during 2018-2022.,[]
Brazil,2018–2022,2,in collaboration with UNEP Brazil marine ecosystem degradation adopted policy framework law regulation strategy action plan after:2018-01-01 before:2022-01-01,Education for Sustainable Development Goals: learning ...,https://unesdoc.unesco.org/ark:/48223/pf0000247444,” The Education 2030 Framework for Action provides guidance for the implementation of this ambitious goal and commitments. CLD 815.18Education for ...,https://unesdoc.unesco.org › ark:,unesdoc_unesco_org_Education_for_Sustainable_Development_Goals_learni.txt,False,False,0,0,none,none,unclear,"The document is not related to Brazil or the time window 2018-2022, and does not contain evidence of institutional frameworks, operational frameworks, policy instruments, legal instruments, positive incentives, inclusive participation mechanisms, or degradation prevention frameworks/instruments.",There is no mention of UNEP in relation to any nature-related framework/instrument/incentive in Brazil during 2018-2022.,[]
Brazil,2018–2022,2,in collaboration with UNEP Brazil marine ecosystem degradation adopted policy framework law regulation strategy action plan after:2018-01-01 before:2022-01-01,IPCC_AR6_SYR_SPM.pdf,https://www.ipcc.ch/report/ar6/syr/downloads/report/IPCC_AR6_SYR_SPM.pdf,"C.6 Effective climate action is enabled by political commitment, well-aligned multilevel governance, institutional frameworks, laws, policies and strategies and ...",https://www.ipcc.ch › syr › downloads › report,www_ipcc_ch_IPCC_AR6_SYR_SPM_pdf.txt,False,False,0,0,none,none,global,"The document does not contain explicit evidence related to Brazil in 2018-2022 about institutional/operational frameworks, policy/legal instruments, positive incentives, sustainable and inclusive management of biodiversity and land, or prevention of terrestrial, freshwater, or marine ecosystem degradation.",There is no explicit link between UNEP and any nature-related framework/instrument/incentive in Brazil during 2018-2022.,[]
Brazil,2018–2022,2,in collaboration with UNEP Brazil marine ecosystem degradation adopted policy framework law regulation strategy action plan after:2018-01-01 before:2022-01-01,A LEGAL FRAMEWORK FOR IMPACT,https://www.freshfields.com/globalassets/our-thinking/campaigns/a-legal-framework-for-impact/a-legal-framework-for-impact.pdf,... LEGAL FRAMEWORK FOR IMPACT: SUSTAINABILITY IMPACT IN INVESTOR DECISION-MAKING. United Nations Environment Programme (UNEP). Inger Andersen. The Sustainable ...,https://www.freshfields.com › campaigns › a-leg...,www_freshfields_com_A_LEGAL_FRAMEWORK_FOR_IMPACT.txt,False,False,0,0,none,none,none,"The document does not contain explicit evidence related to Brazil in 2018-2022 about institutional frameworks, operational frameworks, policy instruments, positive incentives, sustainable and inclusive management of biodiversity and land, or prevention of terrestrial, freshwater, or marine ecosystem degradation.",There is no explicit link between UNEP and any framework/instrument/incentive in Brazil during 2018-2022.,[]
Brazil,2018–2022,2,in collaboration with UNEP Brazil marine ecosystem degradation adopted policy framework law regulation strategy action plan after:2018-01-01 before:2022-01-01,International principles and standards for the practice of ...,https://research.fs.usda.gov/treesearch/download/60367.pdf,"The Standards support development of ecological restoration plans, contracts, consent conditions, and monitoring and auditing criteria. Generic in nature, the ...",https://research.fs.usda.gov › treesearch › download,research_fs_usda_gov_International_principles_and_standards_for_the_pra.txt,False,False,0,0,none,none,none,"The document does not contain explicit evidence related to Brazil in 2018-2022 about institutional/operational frameworks, policy/legal instruments, positive incentives, sustainable and inclusive management of biodiversity and land, or prevention of terrestrial, freshwater, or marine ecosystem degradation.",There is no explicit link between UNEP and strengthening/enabling any nature-related framework/instrument/incentive in Brazil during 2018-2022.,[]
Brazil,2018–2022,2,in collaboration with UNEP Brazil marine ecosystem degradation adopted policy framework law regulation strategy action plan after:2018-01-01 before:2022-01-01,Mineral Resource Governance in the 21st Century,https://www.greenpolicyplatform.org/sites/default/files/downloads/resource/irp-mineral_resource_governance-full_report-feb2020_compressed_compressed%20(1).pdf,"... adopted the Action Plan for nature, people and the economy to improve implementation and contribute to reaching the EU's biodiversity targets for 2020. The ...",https://www.greenpolicyplatform.org › downloads,www_greenpolicyplatform_org_Mineral_Resource_Governance_in_the_21st_Century.txt,False,False,0,0,none,none,none,"The document does not contain explicit evidence related to Brazil in 2018-2022 about institutional frameworks, operational frameworks, policy instruments, positive incentives, sustainable and inclusive management of biodiversity and land, or prevention of terrestrial, freshwater, or marine ecosystem degradation.",There is no explicit link between UNEP and strengthening/enabling any nature-related framework/instrument/incentive in Brazil during 2018-2022.,[]
Brazil,2018–2022,2,in collaboration with UNEP Brazil marine ecosystem degradation adopted policy framework law regulation strategy action plan after:2018-01-01 before:2022-01-01,The State of World Fisheries and Aquaculture 2018 (SOFIA),https://openknowledge.fao.org/server/api/core/bitstreams/6fb91ab9-6cb2-4d43-8a34-a680f65e82bd/content,Progress by countries in adopting and implementing a legal/regulatory/policy/institutional framework which recognizes and protects access rights for small ...,https://openknowledge.fao.org › core › content,openknowledge_fao_org_The_State_of_World_Fisheries_and_Aquaculture_2018_.txt,False,False,0,0,none,none,unclear,No evidence found,No evidence found,[]
Brazil,2018–2022,2,in collaboration with UNEP Brazil marine ecosystem degradation adopted policy framework law regulation strategy action plan after:2018-01-01 before:2022-01-01,THE ROLE OF GREEN PUBLIC PROCUREMENT,https://www.climateworks.org/wp-content/uploads/2019/09/Green-Public-Procurement-Final-28Aug2019.pdf,"The plan's general objectives, as outlined by the United Nations (UN), include: integrating sustainable public procurement as a core criterion in tenders, ...",https://www.climateworks.org › uploads › 2019/09,www_climateworks_org_THE_ROLE_OF_GREEN_PUBLIC_PROCUREMENT.txt,False,False,0,0,none,none,global,"The document does not contain explicit evidence related to Brazil in 2018-2022 about institutional/operational frameworks, policy/legal instruments, positive incentives, sustainable and inclusive management of biodiversity and land, or prevention of terrestrial, freshwater, or marine ecosystem degradation.",There is no explicit link between UNEP and strengthening/enabling any nature-related framework/instrument/incentive in Brazil during 2018-2022.,[]
Brazil,2018–2022,2,in collaboration with UNEP Brazil marine ecosystem degradation adopted policy framework law regulation strategy action plan after:2018-01-01 before:2022-01-01,Private-sector action in adaptation: Perspectives on the ...,https://unepccc.org/wp-content/uploads/2019/04/msme-adaptation-updated-web-2.pdf,"Strategy: Adaptation (Innovation to lesser extent). The Kenyan government developed specific national climate change policies, strategies and action plans.",https://unepccc.org › uploads › 2019/04 › msme...,unepccc_org_Private_sector_action_in_adaptation_Perspectives_o.txt,False,False,0,0,none,none,none,"The document does not contain explicit evidence related to Brazil in 2018-2022 about institutional/operational frameworks, policy/legal instruments, positive incentives, sustainable and inclusive management of biodiversity and land, or prevention of terrestrial, freshwater, or marine ecosystem degradation.",There is no explicit link between UNEP and any nature-related framework/instrument/incentive in Brazil during 2018-2022.,[]
Brazil,2018–2022,2,in collaboration with UNEP Brazil marine ecosystem degradation adopted policy framework law regulation strategy action plan after:2018-01-01 before:2022-01-01,Resources - | - Glossary,https://www.genevaenvironmentnetwork.org/resources/glossary/,"Containing explanations of common environmental and legal terms, including acronyms.",https://www.genevaenvironmentnetwork.org › resources,www_genevaenvironmentnetwork_org_Resources_Glossary.txt,False,False,0,0,none,none,global,"The document does not contain explicit evidence related to institutional/operational frameworks, policy/legal instruments, positive incentives, sustainable and inclusive management of biodiversity and land, or prevention of terrestrial, freshwater, or marine ecosystem degradation in Brazil during 2018-2022.",The document does not explicitly link UNEP to strengthening/enabling any nature-related framework/instrument/incentive in Brazil during 2018-2022.,[]
Brazil,2022–2026,1,United Nations Environment Programme supported Brazil legal instrument biodiversity approved policy framework law regulation strategy action plan after:2022-01-01 before:2026-01-01,UNEP and Ministry of Environment sign agreement to ...,https://www.unep.org/news-and-stories/press-release/unep-and-ministry-environment-sign-agreement-reinforce-environmental,"The memorandum outlines UNEP's support in four key areas: climate action, action for nature, action against chemicals and pollution, and strengthening ...","https://www.unep.org › News, Stories & Speeches",www_unep_org_UNEP_and_Ministry_of_Environment_sign_agreement_to.txt,True,True,80,80,institutional framework / policy instrument,developed / strengthened / adopted,national,"The document describes a Memorandum of Understanding between UNEP and the Ministry of Environment and Climate Change of Brazil, which outlines cooperation in four key areas: climate action, action for nature, action against chemicals and pollution, and strengthening environmental governance. This includes initiatives such as implementing the Global Biodiversity Framework, developing the National Bioeconomy Strategy, and enhancing financing mechanisms for nature conservation.","The document explicitly mentions UNEP's support and collaboration with the Brazilian government in developing and strengthening environmental policies and actions, including the development of Brazil's National Climate Plan, the National Bioeconomy Strategy, and support for the regulation of the National System of Conservation Units (SNUC).","[""The signing of this agreement with Brazil underscores our ongoing commitment to the environment and sustainable development in one of the world's most biodiverse regions."", ""The memorandum outlines UNEP's support in four key areas: climate action, action for nature, action against chemicals and pollution, and strengthening environmental governance."", ""Notable initiatives include implementing the new Global Biodiversity Framework, developing the National Bioeconomy Strategy, and enhancing financing mechanisms for nature conservation.""]"
Brazil,2022–2026,1,United Nations Environment Programme supported Brazil legal instrument biodiversity approved policy framework law regulation strategy action plan after:2022-01-01 before:2026-01-01,Unravelling Brazil's approach: Policy and governance gaps ...,https://www.sciencedirect.com/science/article/pii/S0264837725001176,This paper reveals policy gaps hindering SI-FLR approach in Brazil and offers recommendations to leverage its advancement.,https://www.sciencedirect.com › science › article › pii,www_sciencedirect_com_Unravelling_Brazil_s_approach_Policy_and_governanc.txt,False,False,0,0,none,none,unclear,"The document does not contain any information related to Brazil or the time window 2022-2026, nor does it discuss environmental policy or frameworks.",There is no mention of UNEP or any environmental policy evaluation.,[]
Brazil,2018–2022,2,in collaboration with UNEP Brazil marine ecosystem degradation adopted policy framework law regulation strategy action plan after:2018-01-01 before:2022-01-01,First Global Report,https://environmentalmigration.iom.int/sites/g/files/tmzbdl1411/files/documents/2023-11/environmental_rule_of_law.pdf,"This new report on the Environmental. Rule of Law will help us improve compliance with environmental law, which is essential to ensuring protection of ...",https://environmentalmigration.iom.int › files › e...,environmentalmigration_iom_int_First_Global_Report.txt,False,False,0,0,none,none,global,"The document is a comprehensive report on environmental rule of law and does not specifically focus on Brazil or the time window 2018-2022. It discusses environmental laws, institutions, and governance globally, but does not provide explicit evidence related to Brazil's strengthened institutional and operational frameworks, policy and legal instruments, or positive incentives for sustainable and inclusive management of biodiversity and land, or prevention of terrestrial, freshwater, and marine ecosystem degradation.","The document does not explicitly link UNEP to strengthening, developing, adopting, implementing, revising, approving, establishing, or operationalizing nature-related frameworks/instruments/incentives in Brazil during 2018-2022. Mere mention of UNEP in the document's acknowledgments and publishing information does not constitute explicit attribution.",[]
Brazil,2022–2026,1,United Nations Environment Programme supported Brazil legal instrument biodiversity approved policy framework law regulation strategy action plan after:2022-01-01 before:2026-01-01,Brazil's Nationally Determined Contribution (NDC),https://unfccc.int/sites/default/files/2024-11/Brazil_Second%20Nationally%20Determined%20Contribution%20%28NDC%29_November2024.pdf,Brazil's Nationally Determined Contribution (NDC) to the Paris Agreement sets out the country's vision for 2035. A vision of a country that acknowledges the ...,https://unfccc.int › sites › default › files › Brazil_...,unfccc_int_Brazil_s_Nationally_Determined_Contribution_NDC_.txt,True,False,80,0,institutional framework / policy instrument / legal instrument,developed / strengthened / adopted,national,"The document describes several institutional frameworks, policy instruments, and legal instruments related to sustainable development, climate change, and biodiversity conservation in Brazil. These include the Pact for Ecological Transformation, the National Climate Change Plan, the Brazilian Sustainable Taxonomy, and the Climate Fund, among others.","There is no explicit mention of UNEP's involvement in the development or implementation of these frameworks, instruments, or incentives.","[""Pact for Ecological Transformation"", ""National Climate Change Plan"", ""Brazilian Sustainable Taxonomy"", ""Climate Fund"", ""Ecological Transformation Plan""]"
Brazil,2022–2026,1,United Nations Environment Programme supported Brazil legal instrument biodiversity approved policy framework law regulation strategy action plan after:2022-01-01 before:2026-01-01,DP/2024/20,https://docs.un.org/en/DP/2024/20,"Major opportunities for tackling drivers of biodiversity loss include BIOFIN, which will soon support 132 countries, and National Biodiversity Strategies and ...",https://docs.un.org › ...,docs_un_org_DP_2024_20.txt,False,False,0,0,none,none,unclear,,,[]
Brazil,2022–2026,1,United Nations Environment Programme supported Brazil legal instrument biodiversity approved policy framework law regulation strategy action plan after:2022-01-01 before:2026-01-01,Navigating Nature- Related Regulations for Banks,https://www.unepfi.org/wordpress/wp-content/uploads/2024/12/UNEP-FI-WWF-Navigating-Nature-related-Regulations-for-Banks.pdf,"UNEP FI brings together a large network of banks, insurers and investors that collectively catalyses action across the financial system to deliver more ...",https://www.unepfi.org › uploads › 2024/12 › U...,www_unepfi_org_Navigating_Nature_Related_Regulations_for_Banks.txt,True,False,40,0,policy instrument,developed,national,"The document mentions BCB CMN Resolution No. 4945/21 on environmental risk, which indicates that Brazil has taken steps to integrate environmental risks into its prudential regulation framework.",There is no explicit mention of UNEP's involvement in the development or implementation of nature-related frameworks or instruments in Brazil.,"[""BCB CMN Resolution No. 4945/21 on environmental risk management""]"
Brazil,2022–2026,1,United Nations Environment Programme supported Brazil legal instrument biodiversity approved policy framework law regulation strategy action plan after:2022-01-01 before:2026-01-01,New Legislative Rules Seek to Improve Brazilian Biodiversity,https://www.mayerbrown.com/en/insights/publications/2024/06/new-legislative-rules-seek-to-improve-brazilian-biodiversity,"One aim of the new decree is to regulate the powers, composition, structure, and publicity of acts of the National Biodiversity Commission (CONABIO)—a ...",https://www.mayerbrown.com › publications › 2024/06,www_mayerbrown_com_New_Legislative_Rules_Seek_to_Improve_Brazilian_Bi.txt,True,False,81,0,policy instrument / legal instrument,developed / adopted / implemented,national,"The document provides clear evidence of new legislative rules and policies aimed at improving Brazilian biodiversity, including Federal Decree No. 12,017/2024 and Resolutions No. 42/2024, No. 43/2024, and No. 44/2022 from the Genetic Heritage Management Council (CGen). These instruments aim to strengthen the National Biological Diversity Program (PRONABIO), the National Biodiversity Commission (CONABIO), and the National Wetlands Committee, as well as promote the implementation of the Kunming-Montreal Global Framework for Biological Diversity.",There is no explicit link between UNEP and the development or implementation of these nature-related frameworks and instruments in Brazil during 2022-2026.,"[""Federal Decree No. 12,017/2024 aims to amend the Federal Decrees No. 4,703/2003 and No. 10,141/2019, which refer, respectively, to the National Biological Diversity Program (PRONABIO) and the National Biodiversity Commission, and to the National Wetlands Committee."", ""The decree revokes Federal Decree No. 10,235/2020, increasing the number of seats on CONABIO's governing council from 14 to 34, as well as promoting increased civil representation by representatives of indigenous, quilombolas, and other traditional communities, artisanal fishermen, agro-extractive workers, and other groups."", ""CGen Resolutions No. 42/2024, No. 43/2024, and No. 44/2022 provide for the creation of Thematic Chambers (CTs) with the purpose of supporting decisions issued by the CGen Plenary, based on discussions and proposals on themes or areas of knowledge.""]"
Brazil,2022–2026,1,United Nations Environment Programme supported Brazil legal instrument biodiversity approved policy framework law regulation strategy action plan after:2022-01-01 before:2026-01-01,Implementing the Cartagena Convention & Supporting the ...,https://gefcrew.org/carrcu/IGM/WG.41INF.22%20Rev.2_EN_CEP%20Strategy%20and%20Action%20Plan.pdf,"These programmes focus on climate change, pollution, ocean acidification, biodiversity restoration, ecosystem assessment and knowledge management. These ...",https://gefcrew.org › carrcu › IGM › WG.41INF.2...,gefcrew_org_Implementing_the_Cartagena_Convention_Supporting_t.txt,False,False,0,0,none,none,global,"The document does not contain explicit evidence related to Brazil in 2022-2026 about institutional/operational frameworks, policy/legal instruments, positive incentives, sustainable and inclusive management of biodiversity and land, or prevention of terrestrial, freshwater, or marine ecosystem degradation.",There is no explicit link between UNEP and strengthening/enabling the SP2.1 framework/instrument/incentive outcome in Brazil during 2022-2026.,"[""This document is about the Caribbean Environment Programme and does not mention Brazil.""]"
Brazil,2022–2026,1,United Nations Environment Programme supported Brazil legal instrument biodiversity approved policy framework law regulation strategy action plan after:2022-01-01 before:2026-01-01,global environmental protection: the un's legal frameworks ...,https://www.facebook.com/groups/1469126009893987/posts/2967218360084737/,"UNEP's Medium-Term Strategy for 2010-2013 outlines its strategic directions, focusing on six cross-cutting thematic priorities: Climate change. Disasters and ...",https://www.facebook.com › groups › posts,www_facebook_com_global_environmental_protection_the_un_s_legal_fra.txt,False,False,0,0,none,none,global,"The document does not contain explicit evidence related to Brazil or the time window 2022–2026, nor does it discuss specific institutional frameworks, operational frameworks, policy instruments, legal instruments, positive incentives, or mechanisms for sustainable and inclusive management of biodiversity and land, or prevention of terrestrial, freshwater, and marine ecosystem degradation in Brazil.","The document does not explicitly link UNEP to strengthening, developing, adopting, implementing, revising, approving, establishing, or operationalizing any nature-related framework/instrument/incentive in Brazil during 2022–2026.",[]
Brazil,2022–2026,1,United Nations Environment Programme supported Brazil legal instrument biodiversity approved policy framework law regulation strategy action plan after:2022-01-01 before:2026-01-01,Special Study on REDD+ results based-payment projects ...,https://ieu.greenclimate.fund/sites/default/files/document/redd-special-study-120824.pdf,"During the 37th session of GCF Board in October 2023, in the document GCF/B.37/21, IEU presented its proposed Work Programme and Budget for 2024.",https://ieu.greenclimate.fund › files › document,ieu_greenclimate_fund_Special_Study_on_REDD_results_based_payment_projec.txt,True,False,81,0,institutional framework / policy instrument,implemented,national,"The document provides detailed information about the Green Climate Fund (GCF) REDD+ Results-Based Payment (RBP) pilot programme in Brazil and other Latin American countries. It outlines the programme's design, management structure, and use of proceeds, highlighting the involvement of various stakeholders and the emphasis on country ownership. The programme aligns with Brazil's national REDD+ strategy and low-carbon development plans.","There is no explicit mention of UNEP's direct involvement or attribution in the design, implementation, or financing of the REDD+ RBP projects in Brazil or the wider Latin American region. While UNEP is mentioned as part of the UN-REDD programme, which has been instrumental in assisting countries in developing REDD+ strategies, there is no clear link between UNEP and the specific outcomes of the GCF REDD+ RBP pilot programme in Brazil.","[""The GCF has historically played a role in the first two phases of REDD+."", ""The REDD+ RBP pilot programme was established by the GCF Board, allocating up to USD 500 million."", ""The programme aligns with Brazil's national REDD+ strategy and low-carbon development plans."", ""The involvement of AEs and the GCF has facilitated access to financing for REDD+ projects in Brazil and other LAC countries.""]"
Brazil,2022–2026,1,United Nations Environment Programme supported Brazil legal instrument biodiversity approved policy framework law regulation strategy action plan after:2022-01-01 before:2026-01-01,A Critical Analysis of the Global Biodiversity Framework,https://www.tandfonline.com/doi/full/10.1080/13880292.2025.2539577,"Adopted in 2022 by states party to the Convention on Biological Diversity, the Global Biodiversity Framework has been celebrated as a game changer in the ...","https://www.tandfonline.com › ... › Volume 28, Issue 2",www_tandfonline_com_A_Critical_Analysis_of_the_Global_Biodiversity_Fra.txt,False,False,0,0,none,none,none,"The document does not contain explicit evidence related to Brazil in 2022-2026 about institutional/operational frameworks, policy/legal instruments, positive incentives, sustainable and inclusive management of biodiversity and land, or prevention of terrestrial, freshwater, or marine ecosystem degradation.",There is no explicit link between UNEP and strengthening/enabling the SP2.1 framework/instrument/incentive outcome in Brazil during 2022-2026.,[]
Brazil,2022–2026,1,United Nations Environment Programme supported Brazil legal instrument biodiversity approved policy framework law regulation strategy action plan after:2022-01-01 before:2026-01-01,united-nations-sustainable-development-cooperation ...,https://www.gov.br/abc/pt-br/centrais-de-conteudo/publicacoes/documentos/united-nations-sustainable-development-cooperation-framework-202320132027.pdf,"As such, it is the main instrument for planning, implementing, monitoring, and evaluating UN activities to support Brazil within the 2030 Agenda for.",https://www.gov.br › publicacoes › documentos,www_gov_br_united_nations_sustainable_development_cooperation.txt,True,False,60,0,institutional framework / policy instrument,developed / strengthened,national,"The document outlines a comprehensive Cooperation Framework for sustainable development in Brazil from 2023-2027, which includes environmental and climate change goals. It highlights the importance of preserving and restoring the environment, reducing pollution, and promoting sustainable production and consumption. The framework also aims to strengthen institutional capacities for sustainable development, which is relevant to SP2.1.","There is no explicit mention of UNEP's direct involvement or support in strengthening the frameworks, policies, or instruments mentioned in the document.","[""The 2023-2027 Cooperation Framework represents the shared vision of the United Nations, the Brazilian Government, and the organisations and actors with which we work in the country."", ""By 2027, Brazil will have made even further progress in preserving and restoring the environment, in pollution reduction, and in sustainable production, consumption, and disposal, based on knowledge, technology, training, investment and financing, while valuing regional and local specificities and knowledge and promoting food, nutritional, health, water, basic sanitation, and energy sovereignty and security, within the context of sustainable development from the perspective of age, gender, race, and ethnicity.""]"
Brazil,2022–2026,1,United Nations Environment Programme supported Brazil legal instrument biodiversity approved policy framework law regulation strategy action plan after:2022-01-01 before:2026-01-01,Climate Reports,https://www.un.org/en/climatechange/reports,A series of annual global and regional reports which seek to inform decision-making for national and regional adaptation strategies and to build resilience in ...,https://www.un.org › climatechange › reports,www_un_org_Climate_Reports.txt,False,False,0,0,none,none,global,"The provided document text does not contain explicit evidence related to Brazil during 2022-2026 about institutional frameworks, operational frameworks, policy instruments, positive incentives, sustainable and inclusive management of biodiversity and land, or prevention of terrestrial, freshwater, or marine ecosystem degradation.",There is no explicit link between UNEP and any nature-related framework/instrument/incentive in Brazil during 2022-2026 in the provided document text.,[]
Brazil,2022–2026,1,United Nations Environment Programme supported Brazil legal instrument biodiversity approved policy framework law regulation strategy action plan after:2022-01-01 before:2026-01-01,Committed to restoring tropical forests,https://pure.iiasa.ac.at/id/eprint/18233/1/Dockendorff_2022_Environ._Res._Lett._17_093002.pdf,Native vegetation protection law (NVPL). Brazil's main legal instrument regulating the pro- tection and restoration of native vegetation in rural private ...,https://pure.iiasa.ac.at › eprint › Dockendorff_202...,pure_iiasa_ac_at_Committed_to_restoring_tropical_forests.txt,True,False,80,0,policy instrument,developed,national,"The document provides detailed information on Brazil's restoration targets and policies, including the Native Vegetation Protection Law (NVPL), the National Plan for Recovery of Native Vegetation (PLANAVEG), and the Rural Environmental Registry (CAR). These policies support the implementation of Brazil's restoration commitment to restore 12 Mha of degraded lands by 2030.",There is no explicit mention of UNEP's support or involvement in the development or implementation of Brazil's restoration policies and targets.,"[""Brazil has an explicit and dedicated strategy to achieve its restoration target, but recent political developments have weakened environmental governance in the country, affecting the implementation of its restoration commitment."", ""The NVPL provides two basic mechanisms for the protection and restoration of native vegetation: Permanent Preservation Areas (APP) and Legal Forest Reserves (RL)."", ""The PLANAVEG has also the explicit purpose of implementing the 12 Mha restoration target announced in Brazil’s NDC and Bonn Challenge commitment."", ""The CAR is a national electronic public registry, mandatory for all rural properties, with the purpose of integrating rural real estate environmental information.""]"
Brazil,2022–2026,1,United Nations Environment Programme supported Brazil legal instrument biodiversity approved policy framework law regulation strategy action plan after:2022-01-01 before:2026-01-01,A framework for monitoring biodiversity in protected areas ...,https://portals.iucn.org/library/sites/library/files/documents/PATRS-007-En.pdf,"CBCR's current programme focus includes: wetlands, a most vulnerable ecosystem in Ghana and globally; protected areas, a key tool for biodiversity conservation; ...",https://portals.iucn.org › files › PATRS-007-En,portals_iucn_org_A_framework_for_monitoring_biodiversity_in_protect.txt,False,False,0,0,none,none,global,"The document does not contain explicit evidence related to Brazil in 2022-2026 about institutional/operational frameworks, policy/legal instruments, positive incentives, sustainable and inclusive management of biodiversity and land, or prevention of terrestrial, freshwater, or marine ecosystem degradation.",There is no explicit link between UNEP and strengthening/enabling any nature-related framework/instrument/incentive in Brazil during 2022-2026.,[]
Brazil,2022–2026,1,United Nations Environment Programme supported Brazil legal instrument biodiversity approved policy framework law regulation strategy action plan after:2022-01-01 before:2026-01-01,BRICS Rio de Janeiro Declaration,http://www.brics.utoronto.ca/docs/250706-declaration.html,"We, the Leaders of BRICS countries, met in Rio de Janeiro, Brazil, from 6 to 7 July 2025 for the XVII BRICS Summit held under the theme: “Strengthening Global ...",http://www.brics.utoronto.ca › docs › 250706-declaration,www_brics_utoronto_ca_BRICS_Rio_de_Janeiro_Declaration.txt,False,False,0,0,none,none,none,"The document does not contain explicit evidence related to institutional/operational frameworks, policy/legal instruments, positive incentives, sustainable and inclusive management of biodiversity and land, or prevention of terrestrial, freshwater, or marine ecosystem degradation in Brazil during 2022-2026.",There is no explicit link between UNEP and any nature-related framework/instrument/incentive in Brazil during 2022-2026.,[]
Brazil,2022–2026,1,United Nations Environment Programme supported Brazil legal instrument biodiversity approved policy framework law regulation strategy action plan after:2022-01-01 before:2026-01-01,Biodiversity Framework Database - Global Seaweed,https://globalseaweed.org/?page_id=5164,Use the link below to go to the searchable database. 2) Use the search parameters to filter for the frameworks you are interested in.,https://globalseaweed.org › ...,globalseaweed_org_Biodiversity_Framework_Database_Global_Seaweed.txt,False,False,0,0,none,none,unclear,,,[]
Brazil,2022–2026,1,United Nations Environment Programme supported Brazil legal instrument biodiversity approved policy framework law regulation strategy action plan after:2022-01-01 before:2026-01-01,Legally binding and ambitious biodiversity protection under ...,https://link.springer.com/article/10.1186/s12302-023-00786-5,This paper presents a legal analysis concerning the binding nature of the Convention on Biological Diversity's (CBD) overarching objective to halt biodiversity ...,https://link.springer.com › article,link_springer_com_Legally_binding_and_ambitious_biodiversity_protect.txt,False,False,0,0,none,none,global,"The document does not contain explicit evidence related to Brazil in 2022-2026 about institutional/operational frameworks, policy/legal instruments, positive incentives, sustainable and inclusive management of biodiversity and land, or prevention of terrestrial, freshwater, or marine ecosystem degradation.",The document does not explicitly link UNEP to strengthening/enabling any nature-related framework/instrument/incentive in Brazil during 2022-2026.,[]
Brazil,2022–2026,1,United Nations Environment Programme supported Brazil legal instrument biodiversity approved policy framework law regulation strategy action plan after:2022-01-01 before:2026-01-01,Catch up on the main nature policy news from March,https://www.businessfornature.org/news/march2024-policy-update,"Brazil will focus its biodiversity actions on reducing deforestation, recovering forest coverage, increasing protected areas and conserving protected species.",https://www.businessfornature.org › news › march2024-...,www_businessfornature_org_Catch_up_on_the_main_nature_policy_news_from_March.txt,True,False,80,0,policy instrument,developed,national,"Brazil released its Strategic Plan for 2023-2027, which outlines institutional actions to achieve the country’s climate and nature agenda by 2030.",There is no explicit link between UNEP and the development of Brazil's Strategic Plan.,"[""Brazil publishes its strategic environmental plan"", ""Brazil released its Strategic Plan for 2023-2027""]"
Brazil,2022–2026,1,United Nations Environment Programme supported Brazil legal instrument biodiversity approved policy framework law regulation strategy action plan after:2022-01-01 before:2026-01-01,Canada's 2030 Nature Strategy: Halting and Reversing ...,https://www.canada.ca/en/environment-climate-change/services/biodiversity/canada-2030-nature-strategy.html,"This national strategy establishes a shared vision and roadmap for halting and reversing biodiversity loss in Canada, laying the groundwork for transformative ...",https://www.canada.ca › services › biodiversity › canad...,www_canada_ca_Canada_s_2030_Nature_Strategy_Halting_and_Reversin.txt,False,False,0,0,none,none,unclear,Document not provided or error occurred while fetching document.,Document not provided or error occurred while fetching document.,[]
Brazil,2022–2026,1,United Nations Environment Programme supported Brazil legal instrument biodiversity approved policy framework law regulation strategy action plan after:2022-01-01 before:2026-01-01,United Nations Environment Programme Finance Initiative ...,https://www.linkedin.com/posts/united-nations-environment-programme-finance-initiative_the-brazilian-sustainable-taxonomy-is-advancing-activity-7270844904992378881-6NSp,"Its public consultation period offers an important opportunity for inclusive input on key areas like climate criteria, gender equity, and monitoring systems.",50+ reactions,www_linkedin_com_United_Nations_Environment_Programme_Finance_Initi.txt,True,True,80,80,policy instrument,developed,national,"The Brazilian Sustainable Taxonomy (BST) is being developed with the support of UNEP FI, indicating a clear effort to strengthen policy instruments for sustainable development in Brazil.","UNEP FI is explicitly mentioned as supporting the development of the Brazilian Sustainable Taxonomy, indicating a clear link between UNEP and the development of this policy instrument.","[""The Brazilian Sustainable Taxonomy (BST) is led by the Ministry of Finance (Ministério da Fazenda) through the Undersecretariat for Sustainable Economic Development (SDES)."", ""The BST is supported by UNEP FI and Deutsche Gesellschaft für Internationale Zusammenarbeit (GIZ) GmbH with resources from the European Union's Euroclima Regional Programme and Sustainable Finance Advisory Hub, and from Germany's Bundesministerium für wirtschaftliche Zusammenarbeit und Entwicklung (BMZ) as part of the Sustainable Brazilian Finance (FiBraS II).""]"
Brazil,2022–2026,1,United Nations Environment Programme supported Brazil legal instrument biodiversity approved policy framework law regulation strategy action plan after:2022-01-01 before:2026-01-01,Bolsonaro and Lula: A Comparative Study of Climate Policy in ...,https://grimshawreview.lse.ac.uk/articles/24,This study compares the climate policies of Jair Bolsonaro (2019-2023) and Luiz Inácio Lula da Silva (2023-present) in Brazil.,https://grimshawreview.lse.ac.uk › articles,grimshawreview_lse_ac_uk_Bolsonaro_and_Lula_A_Comparative_Study_of_Climate_.txt,True,False,80,0,policy instrument / institutional framework / positive incentive,strengthened / reinstated / revised,national,"The document provides detailed information on Brazil's climate policies under Bolsonaro (2019-2023) and Lula (2023-present). Bolsonaro's administration dismantled environmental policies, weakened institutions, and rolled back regulations, leading to increased deforestation. In contrast, Lula's administration has reinstated key environmental policies, updated Brazil's Nationally Determined Contributions (NDCs), and shown a renewed commitment to climate action.","There is no explicit mention of UNEP's direct involvement or support in strengthening, developing, adopting, implementing, revising, approving, establishing, or operationalizing the nature-related frameworks, instruments, or incentives in Brazil during 2022-2026.","[""Bolsonaro's administration dismantled environmental policies, weakened institutions, and rolled back regulations"", ""Lula's administration reinstated key environmental policies, including the Plan for the Prevention and Control of Deforestation in the Amazon (PPCDAm)"", ""Brazil updated its NDCs in 2020 and 2022, but with decreased ambition"", ""Lula's administration updated the NDCs to align with the 2016 targets, signaling a renewed commitment to climate action""]"
Brazil,2022–2026,1,United Nations Environment Programme supported Brazil legal instrument biodiversity approved policy framework law regulation strategy action plan after:2022-01-01 before:2026-01-01,Land Management,https://jbsesg.com/our-environment/land-management/,"The Brazilian Forest Code is a landmark law that requires all rural properties to maintain areas of native vegetation cover, known as Legal Reserves, to verify ...",https://jbsesg.com › our-environment › land-management,jbsesg_com_Land_Management.txt,True,False,80,0,"policy instrument, institutional framework, positive incentive","developed, implemented, strengthened",national,"The document provides evidence of Brazil's institutional and operational frameworks for sustainable management of biodiversity and land, particularly through the Brazilian Forest Code and JBS's Deforestation-Free Sourcing Policy. It also mentions positive incentives like the Green Offices program and the JBS Fund for the Amazon.","There is no explicit link between UNEP and the strengthening of nature-related frameworks, instruments, or incentives in Brazil during 2022-2026.","[""Brazilian Forest Code"", ""JBS’s Deforestation-Free Sourcing Policy"", ""Green Offices program"", ""JBS Fund for the Amazon"", ""Tropical Forest Alliance−aligned “Roadmap to 1.5°C” implementation plan""]"
Brazil,2022–2026,1,United Nations Environment Programme supported Brazil legal instrument biodiversity approved policy framework law regulation strategy action plan after:2022-01-01 before:2026-01-01,Danish Contribution to the Global Biodiversity Framework ...,https://um.dk/media/1oepjmme/draft-global-biodiversity-framework-fund.pdf,The objective of the Fund is to help countries achieve the Global Biodiversity Framework goals and targets with a strategic focus on strengthening national- ...,https://um.dk › media › draft-global-biodiversity...,um_dk_Danish_Contribution_to_the_Global_Biodiversity_Fra.txt,True,False,81,0,policy instrument,developed,national,"The document provides detailed information about Denmark's contribution to the Global Biodiversity Framework Fund (GBFF) under the Global Environment Facility (GEF), which aims to support the implementation of the Kunming-Montreal Global Biodiversity Framework. This includes the development of policies and strategies for biodiversity conservation and sustainable use.","There is no explicit mention of UNEP's involvement in strengthening, developing, adopting, implementing, revising, approving, establishing, or operationalizing the nature-related framework/instrument/incentive in Brazil during 2022-2026.","[""The Global Biodiversity Framework Fund (GBFF) aims to help GEF recipient countries achieve the Kunming-Montreal Global Biodiversity Framework goals and targets."", ""The purpose of the Kunming-Montreal Global Biodiversity Framework is to catalyze, enable and galvanize urgent and transformative action by Governments, and subnational and local authorities, with the involvement of all of society, to halt and reverse biodiversity loss."", ""Denmark will contribute DKK 100 million to the GBFF in 2024.""]"
Brazil,2022–2026,1,United Nations Environment Programme supported Brazil legal instrument biodiversity approved policy framework law regulation strategy action plan after:2022-01-01 before:2026-01-01,A framework for monitoring biodiversity in protected areas ...,https://portals.iucn.org/library/sites/library/files/documents/PATRS-007-En.pdf,"CBCR's current programme focus includes: wetlands, a most vulnerable ecosystem in Ghana and globally; protected areas, a key tool for biodiversity conservation; ...",https://portals.iucn.org › files › PATRS-007-En,portals_iucn_org_A_framework_for_monitoring_biodiversity_in_protect.txt,False,False,0,0,none,none,global,"The document does not contain explicit evidence related to Brazil in 2022-2026 about institutional/operational frameworks, policy/legal instruments, positive incentives, sustainable and inclusive management of biodiversity and land, or prevention of terrestrial, freshwater, or marine ecosystem degradation.",There is no explicit link between UNEP and strengthening/enabling any nature-related framework/instrument/incentive in Brazil during 2022-2026.,[]
Brazil,2022–2026,1,United Nations Environment Programme supported Brazil legal instrument biodiversity approved policy framework law regulation strategy action plan after:2022-01-01 before:2026-01-01,ONE HEALTH JOINT PLAN OF ACTION,https://www.woah.org/app/uploads/2022/04/one-health-joint-plan-of-action-final.pdf,The One Health Joint Plan of Action (2022–2026) (OH JPA) set out in this document is guided by the areas of One Health collaboration set out in the strategic ...,https://www.woah.org › app › uploads › 2022/04,www_woah_org_ONE_HEALTH_JOINT_PLAN_OF_ACTION.txt,False,False,0,0,none,none,global,"The document does not contain explicit evidence related to Brazil in 2022-2026 about institutional/operational frameworks, policy/legal instruments, positive incentives, sustainable and inclusive management of biodiversity and land, or prevention of terrestrial, freshwater, or marine ecosystem degradation.",There is no explicit link between UNEP and strengthening/enabling the SP2.1 framework/instrument/incentive outcome in Brazil during 2022-2026.,[]
Brazil,2022–2026,1,United Nations Environment Programme supported Brazil legal instrument biodiversity approved policy framework law regulation strategy action plan after:2022-01-01 before:2026-01-01,Brazil Agriculture and LULUCF Inventory Needs Assessment ...,https://cgspace.cgiar.org/bitstreams/50eb21ea-1170-4c9b-95bc-a3de885dea84/download,"(PNAPO): Aims to enhance food security and sovereignty, integrating policies and programs for sustainable rural development as well as encouraging participatory.",https://cgspace.cgiar.org › bitstreams › download,cgspace_cgiar_org_Brazil_Agriculture_and_LULUCF_Inventory_Needs_Asse.txt,False,False,0,0,none,none,unclear,,,[]
Brazil,2022–2026,1,United Nations Environment Programme supported Brazil legal instrument biodiversity approved policy framework law regulation strategy action plan after:2022-01-01 before:2026-01-01,A Critical Analysis of the Global Biodiversity Framework,https://www.tandfonline.com/doi/full/10.1080/13880292.2025.2539577,"Adopted in 2022 by states party to the Convention on Biological Diversity, the Global Biodiversity Framework has been celebrated as a game changer in the ...","https://www.tandfonline.com › ... › Volume 28, Issue 2",www_tandfonline_com_A_Critical_Analysis_of_the_Global_Biodiversity_Fra.txt,False,False,0,0,none,none,global,"The document does not contain explicit evidence related to Brazil in 2022-2026 about institutional/operational frameworks, policy/legal instruments, positive incentives, sustainable and inclusive management of biodiversity and land, or prevention of terrestrial, freshwater, or marine ecosystem degradation.",There is no explicit link between UNEP and strengthening/enabling any nature-related framework/instrument/incentive in Brazil during 2022-2026.,[]
Brazil,2022–2026,1,United Nations Environment Programme supported Brazil legal instrument biodiversity approved policy framework law regulation strategy action plan after:2022-01-01 before:2026-01-01,Biodiversity Framework Database - Global Seaweed,https://globalseaweed.org/?page_id=5164,Use the link below to go to the searchable database. 2) Use the search parameters to filter for the frameworks you are interested in.,https://globalseaweed.org › ...,globalseaweed_org_Biodiversity_Framework_Database_Global_Seaweed.txt,False,False,0,0,none,none,unclear,,,[]
Brazil,2022–2026,1,United Nations Environment Programme supported Brazil legal instrument biodiversity approved policy framework law regulation strategy action plan after:2022-01-01 before:2026-01-01,Open-ended Working Group (OEWG) of the Global ...,https://www.unep.org/events/conference/open-ended-working-group-oewg-global-framework-chemicals,"These included discussions and work on advancing Implementation Programmes, the Global Framework on Chemicals Fund, the Gender Action Plan, and the Global ...",https://www.unep.org › events › conference › open-end...,www_unep_org_Open_ended_Working_Group_OEWG_of_the_Global_.txt,False,False,0,0,none,none,unclear,"The document does not contain explicit evidence related to institutional frameworks, operational frameworks, policy instruments, legal instruments, positive incentives, inclusive participation mechanisms, or ecosystem degradation prevention in Brazil during 2022-2026.","The document does not explicitly link UNEP to any nature-related framework, instrument, or incentive in Brazil during 2022-2026.",[]
Brazil,2022–2026,1,United Nations Environment Programme supported Brazil legal instrument biodiversity approved policy framework law regulation strategy action plan after:2022-01-01 before:2026-01-01,A role for UNEP's Regional Seas Programme under the ...,https://www.sciencedirect.com/science/article/abs/pii/S0308597X21005418,UNEP's Regional Seas Programme (RSP) can play a key role in the post-2020 GBF. The RSP offers a legal framework to tackle common regional marine ecosystem ...,https://www.sciencedirect.com › article › abs › pii,www_sciencedirect_com_A_role_for_UNEP_s_Regional_Seas_Programme_under_th.txt,False,False,0,0,none,none,unclear,"The document does not contain any information related to Brazil or the time window 2022-2026, nor does it discuss environmental policy or frameworks.",There is no mention of UNEP or any environmental policy evaluation in the document.,[]
Brazil,2022–2026,1,United Nations Environment Programme supported Brazil legal instrument biodiversity approved policy framework law regulation strategy action plan after:2022-01-01 before:2026-01-01,Where Does Brazil Stand with the Implementation of ...,https://www.climatepolicyinitiative.org/publication/where-does-brazil-stand-with-the-implementation-of-the-forest-code-2025-edition/,"The Forest Code (Law No. 12,651/2012), one of Brazil's most important environmental policies, balances the protection of native vegetation with agricultural ...",https://www.climatepolicyinitiative.org › Publications,www_climatepolicyinitiative_org_Where_Does_Brazil_Stand_with_the_Implementation_of.txt,True,False,80,0,policy instrument,strengthened,national,"The document provides detailed evidence of Brazil's progress in implementing the Forest Code, including advancements in CAR registration, analysis, and validation, as well as the implementation of the Environmental Compliance Program (PRA).",There is no explicit evidence linking UNEP to the strengthening or development of the Forest Code or related instruments in Brazil.,"[""The Forest Code (Law No. 12,651/2012) balances the protection of native vegetation with agricultural production on rural properties."", ""CPI/PUC-RIO researchers conduct detailed analyses of state-level regulations, collect and systematize data, and maintain ongoing dialogue with technical experts and public managers from state environmental and agricultural agencies."", ""In 2025, the federal government’s role in managing the SICAR gained new momentum, with concrete advances in governance, infrastructure, and intergovernmental coordination."", ""The study applies specific indicators to highlight progress, gaps, and challenges observed over the past year."", ""States that had already made significant advances in previous years consolidated their progress, while new initiatives began to emerge in regions that had historically shown lower levels of activity.""]"
Brazil,2022–2026,1,United Nations Environment Programme supported Brazil legal instrument biodiversity approved policy framework law regulation strategy action plan after:2022-01-01 before:2026-01-01,Global Biodiversity Framework | Nature action,https://www.unep.org/news-and-stories/story/world-making-good-landmark-pact-protect-nature,Discover the importance of the Kunming-Montreal Global Biodiversity Framework and whether countries are positioned to deliver on its promise.,"https://www.unep.org › News, Stories & Speeches",www_unep_org_Global_Biodiversity_Framework_Nature_action.txt,False,False,0,0,none,none,global,"The document does not contain explicit evidence related to Brazil or specific actions taken by Brazil between 2022-2026 regarding the strengthening of institutional and operational frameworks, policy and legal instruments, or positive incentives for sustainable and inclusive management of biodiversity and land, or prevention of terrestrial, freshwater and marine ecosystem degradation.",The document does not explicitly link UNEP to any specific framework/instrument/incentive in Brazil during 2022-2026.,[]
Brazil,2022–2026,1,United Nations Environment Programme supported Brazil legal instrument biodiversity approved policy framework law regulation strategy action plan after:2022-01-01 before:2026-01-01,Catch up on the main nature policy news from February,https://www.businessfornature.org/news/february2024-policy-update,"The new law aims to restore at least 20% of land and sea areas by 2030, as well as all ecosystems in need of restoration by 2050. This will contribute to the ...",https://www.businessfornature.org › news › february202...,www_businessfornature_org_Catch_up_on_the_main_nature_policy_news_from_Febru.txt,False,False,0,0,none,none,global,The document does not contain explicit evidence related to Brazil or the time window 2022–2026.,The document does not explicitly link UNEP to any framework/instrument/incentive in Brazil during 2022–2026.,[]
Brazil,2022–2026,1,United Nations Environment Programme supported Brazil legal instrument biodiversity approved policy framework law regulation strategy action plan after:2022-01-01 before:2026-01-01,National Biodiversity Strategy 2030,https://www.ecologie.gouv.fr/sites/default/files/documents/National-Biodiversity-Strategy-2030.pdf,"The Intergovernmental Science-Policy Platform on Biodiversity and Ecosystem. Services (IPBES) identifies 18 contributions made by nature to people, divided into ...",https://www.ecologie.gouv.fr › files › documents,www_ecologie_gouv_fr_National_Biodiversity_Strategy_2030.txt,False,False,0,0,none,none,none,"The document provided is about France's National Biodiversity Strategy 2030, which does not relate to Brazil or the time window 2022-2026.",There is no mention of UNEP in relation to the described biodiversity strategy for France.,[]
Brazil,2022–2026,1,United Nations Environment Programme supported Brazil legal instrument biodiversity approved policy framework law regulation strategy action plan after:2022-01-01 before:2026-01-01,How Brazil helped to shape a critical new law to protect ...,https://www.sei.org/features/how-brazil-shaped-a-critical-new-law-to-protect-marine-biodiversity/,"How Brazil helped to shape a critical new law to protect marine biodiversity · BBNJ agreement addresses the governance of marine genetic resources (MGRs), ...",https://www.sei.org › Featured,www_sei_org_How_Brazil_helped_to_shape_a_critical_new_law_to_p.txt,True,False,80,0,policy instrument,developed,national,"The document provides clear evidence of Brazil's role in developing the Agreement on the Conservation and Sustainable Use of Marine Biological Diversity of Areas beyond National Jurisdiction (BBNJ agreement), a policy instrument for marine biodiversity conservation.",There is no explicit link between UNEP and the development of the BBNJ agreement in the provided document.,"[""The Agreement on the Conservation and Sustainable Use of Marine Biological Diversity of Areas beyond National Jurisdiction (BBNJ agreement) marks a significant milestone in an era where the sustainability of our oceans stands at a critical juncture."", ""Brazil played an important role in reaching commitment on how the BBNJ agreement would outline a series of non-monetary benefits to be shared from both in situ and ex situ acquisition of MGRs and DSI, and the modalities to do so."", ""The country was also a key actor in reaching an agreement on establishing the sharing of monetary benefits from the utilization of MGRs and DSI.""]"
Brazil,2022–2026,1,United Nations Environment Programme supported Brazil legal instrument biodiversity approved policy framework law regulation strategy action plan after:2022-01-01 before:2026-01-01,Official UN decisions and documents,https://synergiesplatform.org/resource-types/official-un-decisions-and-documents,"This document proposes elements for a joint work programme to enhance collaboration between the Convention on Biological Diversity (CBD), the United Nations ...",https://synergiesplatform.org › resource-types › official...,synergiesplatform_org_Official_UN_decisions_and_documents.txt,False,False,0,0,none,none,global,,,[]
Brazil,2022–2026,1,United Nations Environment Programme supported Brazil legal instrument biodiversity approved policy framework law regulation strategy action plan after:2022-01-01 before:2026-01-01,ninth gefreplenishment: draft gef-9strategic positioning,https://www.thegef.org/sites/default/files/documents/2025-04/GEF.R.9.05-%20Draft%20GEF-9%20Strategic%20Positioning%20and%20Programming%20Directions_0.pdf,"UNESCO-IOC, United Nations Environmental Programme (UNEP) Regional Seas Programme,. Ocean Action 2030, and the Blue Nature Alliance. Contributions of this ...",https://www.thegef.org › sites › files › documents,www_thegef_org_ninth_gefreplenishment_draft_gef_9strategic_positi.txt,False,False,0,0,none,none,global,"The document does not contain explicit evidence related to Brazil in 2022-2026 about institutional/operational frameworks, policy/legal instruments, positive incentives, sustainable and inclusive management of biodiversity and land, or prevention of terrestrial, freshwater, or marine ecosystem degradation.",There is no explicit link between UNEP and strengthening/enabling the SP2.1 framework/instrument/incentive outcome in Brazil during 2022-2026.,[]
Brazil,2022–2026,1,United Nations Environment Programme supported Brazil legal instrument biodiversity approved policy framework law regulation strategy action plan after:2022-01-01 before:2026-01-01,Brazil Sets New Biodiversity Conservation Goals for 2030,https://www.daniel.com.br/en/client-alert/brazil-sets-new-biodiversity-conservation-goals-for-2030/,The National Biodiversity Commission (Conabio) has approved a set of 23 new biodiversity conservation goals for Brazil for the period from 2025 to 2030. These ...,https://www.daniel.com.br › client-alert › brazil-sets-new...,www_daniel_com_br_Brazil_Sets_New_Biodiversity_Conservation_Goals_fo.txt,True,False,80,0,policy instrument,developed,national,"The National Biodiversity Commission (Conabio) has approved a set of 23 new biodiversity conservation goals for Brazil for the period from 2025 to 2030, as part of the National Biodiversity Strategy and Action Plan (NBSAP).",There is no explicit link between UNEP and the development of Brazil's biodiversity conservation goals.,"[""The National Biodiversity Commission (Conabio) has approved a set of 23 new biodiversity conservation goals for Brazil for the period from 2025 to 2030."", ""These measures, recommended to the federal government, are part of the National Biodiversity Strategy and Action Plan (NBSAP), reinforcing Brazil’s commitments as a signatory of the Kunming-Montreal Global Biodiversity Framework (GBF), adopted in 2022."", ""Among the key objectives is reducing biodiversity loss through initiatives focused on territorial planning and participatory management, considering climate change and land use.""]"
Brazil,2022–2026,1,United Nations Environment Programme supported Brazil legal instrument biodiversity approved policy framework law regulation strategy action plan after:2022-01-01 before:2026-01-01,GRI 101: Biodiversity 2024,https://www.globalreporting.org/pdf.ashx?id=24534,"Legal Liability. This document, designed to promote sustainability reporting, has been developed by the Global Sustainability.",https://www.globalreporting.org › pdf,www_globalreporting_org_GRI_101_Biodiversity_2024.txt,False,False,0,0,none,none,global,"The document does not contain explicit evidence related to Brazil in 2022-2026 about institutional/operational frameworks, policy/legal instruments, positive incentives, sustainable and inclusive management of biodiversity and land, or prevention of terrestrial, freshwater, or marine ecosystem degradation.",There is no explicit link between UNEP and strengthening/enabling any nature-related framework/instrument/incentive in Brazil during 2022-2026.,[]
Brazil,2022–2026,2,in partnership with UNEP Brazil national biodiversity strategy strengthened policy framework law regulation strategy action plan after:2022-01-01 before:2026-01-01,UNEP and Ministry of Environment sign agreement to ...,https://www.unep.org/news-and-stories/press-release/unep-and-ministry-environment-sign-agreement-reinforce-environmental,This strategic agreement marks the 20th anniversary of the UNEP Office in Brazil strengthening collaboration with the Brazilian government.,"https://www.unep.org › News, Stories & Speeches",www_unep_org_UNEP_and_Ministry_of_Environment_sign_agreement_to.txt,True,True,80,80,institutional framework / policy instrument,developed / strengthened / adopted,national,"The document describes a Memorandum of Understanding between UNEP and the Ministry of Environment and Climate Change of Brazil, which aims to reinforce environmental action in Brazil. The agreement includes initiatives to support the development of Brazil's National Climate Plan, implement the Global Biodiversity Framework, and enhance financing mechanisms for nature conservation.","The document explicitly mentions UNEP's support and collaboration with the Brazilian government in developing and strengthening environmental policies and actions. UNEP is credited with providing support in four key areas: climate action, action for nature, action against chemicals and pollution, and strengthening environmental governance.","[""The signing of this agreement with Brazil underscores our ongoing commitment to the environment and sustainable development in one of the world's most biodiverse regions."", ""The memorandum outlines UNEP's support in four key areas: climate action, action for nature, action against chemicals and pollution, and strengthening environmental governance."", ""UNEP and the Ministry of Environment sign agreement to reinforce Environmental Action in Brazil""]"
Brazil,2022–2026,1,United Nations Environment Programme supported Brazil legal instrument biodiversity approved policy framework law regulation strategy action plan after:2022-01-01 before:2026-01-01,The formula that reduced deforestation in Brazil in the 21st ...,https://news.mongabay.com/2025/09/the-formula-that-reduced-deforestation-in-brazil-in-the-21st-century/,"In 2009, the Brazilian government made a commitment to the United Nations' Framework Convention on Climate Change (UNFCCC) to decrease deforestation by 80% ...",https://news.mongabay.com › 2025/09 › the-formula-th...,news_mongabay_com_The_formula_that_reduced_deforestation_in_Brazil_i.txt,True,False,80,0,policy instrument,developed / strengthened / adopted / implemented,national,"The document describes the Action Plan for the Prevention and Control of Deforestation in the Legal Amazon (PPCDAm), a comprehensive policy instrument aimed at reducing deforestation in Brazil. The plan involves multiple phases, including roll-out, momentum, treading water, backsliding and dissolution, and revival and reform. It includes various components such as territorial planning, protected areas, indigenous land demarcation, zoning documents, monitoring and control systems, economic incentives, and law enforcement.","There is no explicit mention of UNEP's involvement in the development, adoption, implementation, or operationalization of the PPCDAm in Brazil during 2022-2026.","[""The Action Plan for the Prevention and Control of Deforestation in the Legal Amazon (PPCDAm) is considered one of Lula da Silva’s major wins during his first two terms as president."", ""The PPCDAm organized its activities in three (and later four) major policy axes, which were implemented in four (eventually five) consecutive phases."", ""The dramatic reduction in deforestation in Brazil between 2004 and 2012 was the result of an ‘all of government approach’, which was closely coordinated with private initiatives responding to international boycotts that targeted commodity supply chains.""]"
Brazil,2022–2026,2,in partnership with UNEP Brazil national biodiversity strategy strengthened policy framework law regulation strategy action plan after:2022-01-01 before:2026-01-01,National biodiversity strategies under-utilize the potential ...,https://www.sciencedirect.com/science/article/pii/S1462901124002508,This study reveals gaps regarding the incorporation of behavior change into national biodiversity policy.,https://www.sciencedirect.com › science › article › pii,www_sciencedirect_com_National_biodiversity_strategies_under_utilize_the.txt,False,False,0,0,none,none,unclear,The document does not contain any relevant information about Brazil or the time window 2022-2026.,The document does not contain any relevant information about UNEP or its activities.,[]
Brazil,2022–2026,2,in partnership with UNEP Brazil national biodiversity strategy strengthened policy framework law regulation strategy action plan after:2022-01-01 before:2026-01-01,The National Biodiversity Strategies and Action Plans ...,https://www.facebook.com/UNDPBhutan/posts/the-national-biodiversity-strategies-and-action-plans-nbsaps-are-national-plans-/585798580759987/,The National Biodiversity Strategies and Action Plans (NBSAPs) are national plans that guide the conservation and sustainable use of biodiversity in a country.,2 reactions,www_facebook_com_The_National_Biodiversity_Strategies_and_Action_Pl.txt,False,False,0,0,none,none,unclear,"The document does not contain explicit evidence related to Brazil or the time window 2022-2026, nor does it discuss institutional frameworks, operational frameworks, policy instruments, legal instruments, positive incentives, or mechanisms for sustainable and inclusive management of biodiversity and land.","There is no explicit link between UNEP and any nature-related framework, instrument, or incentive in Brazil during 2022-2026.",[]
Brazil,2022–2026,2,in partnership with UNEP Brazil national biodiversity strategy strengthened policy framework law regulation strategy action plan after:2022-01-01 before:2026-01-01,brazil-national-biodiversity-strategy-and-action-plan-nbsap ...,https://cdn.climatepolicyradar.org/navigator/BRA/2025/brazil-national-biodiversity-strategy-and-action-plan-nbsap-2025_db19967005dfad6b7a33875244597a8a.pdf,"Target: Ensure that the utilization, harvesting and trade of wild species are sustainable, safe, and legal, and to strengthen national policies to combat, by ...",https://cdn.climatepolicyradar.org › BRA › brazil-...,cdn_climatepolicyradar_org_brazil_national_biodiversity_strategy_and_action_p.txt,True,False,80,0,policy instrument,developed,national,The Brazilian National Biodiversity Strategy and Action Plan (NBSAP) 2025-2030 represents a major milestone for Brazil in addressing biodiversity loss and climate change. It was developed through a broad participatory process and reaffirms Brazil’s commitment to the Convention on Biological Diversity (CBD) and the Kunming–Montreal Global Biodiversity Framework.,No explicit mention of UNEP's role in developing or implementing the NBSAP.,"[""The development of Brazil’s National Biodiversity Strategy and Action Plan (EPANB) was financed with resources from the Global Environment Facility (GEF), through the GEF Global Biodiversity Framework Early Action Support (GBF EAS) project implemented by the United Nations Development Programme (UNDP), and with resources from the German Federal Ministry for Economic Cooperation and Development (BMZ) and the Norwegian Agency for Development Cooperation (NORAD), through the GBF Implementation project implemented by the Deutsche Gesellschaft für Internationale Zusammenarbeit (GIZ)."", ""Brazil’s NBSAP reaffirms Brazil’s commitment to the Convention on Biological Diversity (CBD) and to the Kunming–Montreal Global Biodiversity Framework, adopted in 2022.""]"
Brazil,2022–2026,2,in partnership with UNEP Brazil national biodiversity strategy strengthened policy framework law regulation strategy action plan after:2022-01-01 before:2026-01-01,Governments adopt first global strategy to finance biodiversity,https://www.unepfi.org/themes/ecosystems/governments-adopt-first-global-strategy-to-finance-biodiversity-implications-for-financial-institutions/,"Governments adopted the first global strategy to finance biodiversity, marking a significant step toward closing the $700 billion annual biodiversity funding ...",https://www.unepfi.org › themes › ecosystems › govern...,www_unepfi_org_Governments_adopt_first_global_strategy_to_finance.txt,True,True,80,60,policy instrument,developed,global,"The document describes the adoption of the first global strategy to finance biodiversity, which sets a framework for mobilizing financial resources to implement the Kunming-Montreal Global Biodiversity Framework (GBF).",UNEP FI is mentioned as working closely with financial institutions to support the implementation of the new biodiversity finance strategy and ensure alignment with the GBF.,"[""governments adopted the first global strategy to finance biodiversity"", ""sets a framework for mobilizing financial resources to implement the Kunming-Montreal Global Biodiversity Framework (GBF)"", ""UNEP FI works closely with financial institutions to support the implementation of the new biodiversity finance strategy""]"
Brazil,2022–2026,2,in partnership with UNEP Brazil national biodiversity strategy strengthened policy framework law regulation strategy action plan after:2022-01-01 before:2026-01-01,"OECS on Instagram: "" UNDP and UNEP Side Event at ...",https://www.instagram.com/reel/DQKFXI_DDty/,"A variety of topics have been addressed, including finance policy, the alignment of the National Biodiversity Strategy and Action Plan, biodiversity financing ...",10+ likes · 6 months ago,www_instagram_com_OECS_on_Instagram_UNDP_and_UNEP_Side_Event_at_.txt,False,False,0,0,none,none,unclear,"The document does not contain explicit evidence related to Brazil or the time window 2022-2026, nor does it discuss institutional frameworks, operational frameworks, policy instruments, legal instruments, positive incentives, or mechanisms for sustainable and inclusive management of biodiversity and land, or prevention of terrestrial, freshwater, and marine ecosystem degradation.","The document does not explicitly link UNEP to any nature-related framework, instrument, or incentive in Brazil during 2022-2026.",[]
Brazil,2022–2026,2,in partnership with UNEP Brazil national biodiversity strategy strengthened policy framework law regulation strategy action plan after:2022-01-01 before:2026-01-01,What does a whole-of-society approach of the Global ...,https://www.cbd.int/doc/c/33dd/a9bb/3f1fe32ab3024bc624a87c9f/nbsap-wog-cop-16-od-01-en.pdf,Parties will move from agreements on the KM-GBF adopted at COP15 to its implementation via revised and aligned National Biodiversity Strategies and Action.,https://www.cbd.int › nbsap-wog-cop-16-od-01-en,www_cbd_int_What_does_a_whole_of_society_approach_of_the_Globa.txt,True,False,60,0,institutional framework,developed,national,The document mentions Brazil's National Commission on Biodiversity (CONABIO) which is a formal entity promoting all aspects of biodiversity. It also provides examples of inclusive institutional arrangements for NBSAP steering/coordination in Brazil.,There is no explicit link between UNEP and the strengthening of frameworks or instruments in Brazil for biodiversity or sustainable management.,"[""In Brazil the National Commission on Biodiversity (Comissão Nacional da Biodiversidade or CONABIO by its acronym in Portuguese) is the formal entity promoting all aspects of biodiversity, especially on matters related to the CBD."", ""All relevant governmental sectors are represented in CONABIO, as well as diverse regions and segments of society, with equal representation between government and civil society.""]"
Brazil,2022–2026,2,in partnership with UNEP Brazil national biodiversity strategy strengthened policy framework law regulation strategy action plan after:2022-01-01 before:2026-01-01,Building Synergies Between Biodiversity and Climate,https://nbsapaccelerator.org/wp-content/uploads/2025/07/Summary_Insights_NBSAP_NDC_Synergies_2025.pdf,National Biodiversity Strategy and Action Plans. (NBSAPs). The study aims to highlight lessons learned and best practices for other countries to adopt. and ...,https://nbsapaccelerator.org › uploads › 2025/07,nbsapaccelerator_org_Building_Synergies_Between_Biodiversity_and_Climat.txt,False,False,0,0,none,none,unclear,,,[]
Brazil,2022–2026,2,in partnership with UNEP Brazil national biodiversity strategy strengthened policy framework law regulation strategy action plan after:2022-01-01 before:2026-01-01,Linkages and Synergies between International Instruments ...,https://www.adaptationcommunity.net/wp-content/uploads/2022/05/01-thematic-paper-synergies-biodiv-climate-instruments-giz-iisd-ufz.pdf,"In 2004, it outlined options for enhanced cooperation, including the promotion of complementarity among national biodiversity strategies and action plans under ...",https://www.adaptationcommunity.net › 2022/05,www_adaptationcommunity_net_Linkages_and_Synergies_between_International_Instr.txt,False,False,0,0,none,none,global,"The document does not contain explicit evidence related to Brazil in 2022-2026 about institutional/operational frameworks, policy/legal instruments, positive incentives, sustainable and inclusive management of biodiversity and land, or prevention of terrestrial, freshwater, or marine ecosystem degradation.",There is no explicit link between UNEP and strengthening/enabling the SP2.1 framework/instrument/incentive outcome in Brazil during 2022-2026.,[]
Brazil,2022–2026,2,in partnership with UNEP Brazil national biodiversity strategy strengthened policy framework law regulation strategy action plan after:2022-01-01 before:2026-01-01,Policy,https://www.unep-wcmc.org/en/policy,We are internationally recognised for our experience and expertise in supporting governments in the development and implementation of biodiversity policies.,https://www.unep-wcmc.org › policy,www_unep-wcmc_org_Policy.txt,False,False,0,0,none,none,unclear,"The document does not contain explicit evidence related to Brazil or the time window 2022-2026, nor does it mention specific institutional frameworks, operational frameworks, policy instruments, legal instruments, positive incentives, inclusive participation mechanisms, or degradation prevention frameworks/instruments.",There is no explicit link between UNEP and any nature-related framework/instrument/incentive in Brazil during 2022-2026.,[]
Brazil,2022–2026,2,in partnership with UNEP Brazil national biodiversity strategy strengthened policy framework law regulation strategy action plan after:2022-01-01 before:2026-01-01,Aruba-NBSAP-2024-2030.pdf,https://www.iucn.nl/app/uploads/2025/02/Aruba-NBSAP-2024-2030.pdf,"The National Biodiversity Strategy and Action Plan (NBSAP) for Aruba aims to harmonize the island's development with nature, ensuring that the benefits of ...",https://www.iucn.nl › app › uploads › 2025/02,www_iucn_nl_Aruba_NBSAP_2024_2030_pdf.txt,False,False,0,0,none,none,none,"The document is about Aruba's National Biodiversity Strategy and Action Plan 2024-2030, not Brazil.",There is no mention of UNEP's involvement in the document.,[]
Brazil,2022–2026,2,in partnership with UNEP Brazil national biodiversity strategy strengthened policy framework law regulation strategy action plan after:2022-01-01 before:2026-01-01,New Legislative Rules Seek to Improve Brazilian Biodiversity,https://www.mayerbrown.com/en/insights/publications/2024/06/new-legislative-rules-seek-to-improve-brazilian-biodiversity,... Framework will need to comply with guidelines and instruments of the National Biodiversity Policy and the National Biodiversity Strategy and Action Plan.,https://www.mayerbrown.com › publications › 2024/06,www_mayerbrown_com_New_Legislative_Rules_Seek_to_Improve_Brazilian_Bi.txt,True,False,81,0,policy instrument / legal instrument,developed / strengthened / adopted / implemented,national,"The document provides clear evidence of new legislative rules and policies aimed at improving Brazilian biodiversity, including Federal Decree No. 12,017/2024 and Resolutions No. 42/2024, No. 43/2024, and No. 44/2022 from the Genetic Heritage Management Council (CGen). These instruments aim to regulate and enhance the management of biodiversity, increase representation of various communities, and implement the Kunming-Montreal Global Framework for Biological Diversity.",There is no explicit link between UNEP and the development or implementation of these frameworks and instruments in the provided document.,"[""Federal Decree No. 12,017/2024 aims to amend the Federal Decrees No. 4,703/2003 and No. 10,141/2019, which refer, respectively, to the National Biological Diversity Program (PRONABIO) and the National Biodiversity Commission, and to the National Wetlands Committee."", ""The decree revokes Federal Decree No. 10,235/2020, increasing the number of seats on CONABIO's governing council from 14 to 34, as well as promoting increased civil representation by representatives of indigenous, quilombolas, and other traditional communities, artisanal fishermen, agro-extractive workers, and other groups."", ""CGen Resolutions No. 42/2024, No. 43/2024, and No. 44/2022 provide for the creation of Thematic Chambers (CTs) with the purpose of supporting decisions issued by the CGen Plenary, based on discussions and proposals on themes or areas of knowledge.""]"
Brazil,2022–2026,2,in partnership with UNEP Brazil national biodiversity strategy strengthened policy framework law regulation strategy action plan after:2022-01-01 before:2026-01-01,Revising Brazil's NBSAP -_Report to the CBD ... - GOV.BR,https://www.gov.br/mma/pt-br/composicao/sbio/departamento-de-conservacao-e-uso-sustentavel-da-biodiversidade/epanb/copy_of_UpdatingBrazilsNBSAP_ReporttoCBD_July2024.pdf,• Propose adjustments in the new National Biodiversity Targets;. • Propose strategic actions to implement the new National Targets (new Action Plan);.,https://www.gov.br › composicao › sbio › epanb,www_gov_br_Revising_Brazil_s_NBSAP_Report_to_the_CBD_GOV_BR.txt,True,False,80,0,policy instrument / institutional framework,developed / strengthened / adopted,national,"The document provides detailed information on Brazil's efforts to revise and update its National Biodiversity Strategy and Action Plan (NBSAP) in alignment with the Kunming-Montreal Global Biodiversity Framework. This includes various actions and measures taken to implement the framework, such as sectoral, regional, and national consultations, innovations introduced to enhance the process, and shared responsibilities among different departments of the Ministry of the Environment and Climate Change.","There is no explicit mention of UNEP's direct involvement or support in the development, adoption, or implementation of Brazil's NBSAP or other nature-related frameworks/instruments/incentives.","[""Revising Brazil’s NBSAP"", ""Brazil’s NBSAP is progressing well"", ""Sectoral, Regional and National Consultations held for the New NBSAP"", ""Innovations introduced to enhance the process"", ""Shared Responsibilities accepted by the different departments of the Ministry of the Environment and Climate Change""]"
Brazil,2022–2026,2,in partnership with UNEP Brazil national biodiversity strategy strengthened policy framework law regulation strategy action plan after:2022-01-01 before:2026-01-01,Summary report 25–27 February 2025,https://enb.iisd.org/un-biodiversity-conference-cbd-cop16-resumed-summary,"It reviewed the alignment of national biodiversity strategies and action plans (NBSAPs) with the GBF, giving an impetus to national action. It established a ...",https://enb.iisd.org › un-biodiversity-conference-cbd-co...,enb_iisd_org_Summary_report_25_27_February_2025.txt,True,False,81,0,policy instrument,adopted,national,"The document discusses the adoption of the Kunming-Montreal Global Biodiversity Framework (GBF) in 2022 and its implementation. It highlights the importance of the GBF in addressing biodiversity loss and guiding global biodiversity policy. The document also mentions the establishment of a Subsidiary Body on Article 8(j) and other provisions related to Indigenous Peoples and local communities (IPLCs), and the operationalization of the multilateral benefit-sharing mechanism from use of digital sequence information (DSI) on genetic resources.","There is no explicit mention of UNEP's role in strengthening, developing, adopting, implementing, revising, approving, establishing, or operationalizing the nature-related framework/instrument/incentive in Brazil during 2022-2026.","[""The Kunming-Montreal Global Biodiversity Framework (GBF) is a public policy with the power to unite the world, especially in the current divided geopolitical landscape."", ""The first part of the conference, held from 21 October to 1 November 2024, in Cali, Colombia, took a number of important steps in this direction. It reviewed the alignment of national biodiversity strategies and action plans (NBSAPs) with the GBF, giving an impetus to national action."", ""It established a Subsidiary Body on Article 8(j) and other provisions related to Indigenous Peoples and local communities (IPLCs), offering a permanent platform to give voice to biodiversity stewards."", ""It operationalized the multilateral benefit-sharing mechanism from use of digital sequence information (DSI) on genetic resources, aiming for both justice in research and development, and finance for conservation.""]"
Brazil,2022–2026,2,in partnership with UNEP Brazil national biodiversity strategy strengthened policy framework law regulation strategy action plan after:2022-01-01 before:2026-01-01,CBD COP 16,https://www.international-climate-initiative.com/en/topics/cbd-cop-16/,Among the most important resolutions adopted were review mechanisms and a monitoring framework to make progress in implementing national biodiversity strategies ...,https://www.international-climate-initiative.com › topics,www_international-climate-initiative_com_CBD_COP_16.txt,False,False,0,0,none,none,unclear,"The document does not contain explicit evidence related to Brazil in 2022-2026 about institutional frameworks, operational frameworks, policy instruments, legal instruments, positive incentives, sustainable and inclusive management of biodiversity and land, or prevention of terrestrial, freshwater, or marine ecosystem degradation.","There is no explicit link between UNEP and any nature-related framework, instrument, or incentive in Brazil during 2022-2026.",[]
Brazil,2022–2026,2,in partnership with UNEP Brazil national biodiversity strategy strengthened policy framework law regulation strategy action plan after:2022-01-01 before:2026-01-01,ONE HEALTH JOINT PLAN OF ACTION,https://www.woah.org/app/uploads/2022/04/one-health-joint-plan-of-action-final.pdf,"This action aims to strengthen and harmonize all relevant protocols on control programmes, data, surveillance and information sharing, as well as legal and ...",https://www.woah.org › app › uploads › 2022/04,www_woah_org_ONE_HEALTH_JOINT_PLAN_OF_ACTION.txt,True,False,0,0,none,none,global,The document is a general plan of action for One Health and does not provide specific information about Brazil or the time window 2022-2026.,There is no explicit link between UNEP and any specific framework/instrument/incentive in Brazil during 2022-2026.,[]
Brazil,2022–2026,2,in partnership with UNEP Brazil national biodiversity strategy strengthened policy framework law regulation strategy action plan after:2022-01-01 before:2026-01-01,A Critical Analysis of the Global Biodiversity Framework,https://www.tandfonline.com/doi/full/10.1080/13880292.2025.2539577,"Ensure the full integration of biodiversity and its multiple values into policies, regulations, planning and development processes, poverty eradication ...","https://www.tandfonline.com › ... › Volume 28, Issue 2",www_tandfonline_com_A_Critical_Analysis_of_the_Global_Biodiversity_Fra.txt,False,False,0,0,none,none,global,"The document does not contain explicit evidence related to Brazil or the time window 2022-2026. It discusses the Global Biodiversity Framework, adopted in 2022, but does not provide specific information about Brazil's actions or frameworks related to biodiversity, land, terrestrial, freshwater, or marine ecosystem management.",There is no explicit link between UNEP and strengthening/enabling any framework/instrument/incentive in Brazil during 2022-2026.,[]
Brazil,2022–2026,2,in partnership with UNEP Brazil national biodiversity strategy strengthened policy framework law regulation strategy action plan after:2022-01-01 before:2026-01-01,Objectives of the National Biodiversity Strategy and Action ...,https://www.trenchrossi.com/en/legal-alerts/objectives-of-the-national-biodiversity-strategy-and-action-plan-are-published/,"On June 4, 2025, Federal Decree No. 12.485/2025 was published, which provides for the National Biodiversity Strategy and Action Plan, in line with the ...",https://www.trenchrossi.com › ... › News › Legal Alerts,www_trenchrossi_com_Objectives_of_the_National_Biodiversity_Strategy_a.txt,True,False,80,0,policy instrument,developed,national,"The document describes the development of the National Biodiversity Strategy and Action Plan by Brazil, which includes objectives such as implementing actions for conservation, sustainable use, and benefit sharing of biodiversity, monitoring compliance with national targets, integrating sectoral policies, and engaging indigenous peoples and traditional communities.",There is no explicit mention of UNEP's involvement in the development or implementation of the National Biodiversity Strategy and Action Plan.,"[""Federal Decree No. 12.485/2025 provides for the National Biodiversity Strategy and Action Plan"", ""implement actions for the conservation, sustainable use and benefit sharing of biodiversity"", ""monitor compliance with the national targets and the 2050 objectives"", ""integrate relevant sectoral policies, programs and plans""]"
Brazil,2022–2026,2,in partnership with UNEP Brazil national biodiversity strategy strengthened policy framework law regulation strategy action plan after:2022-01-01 before:2026-01-01,"A Guide to Inclusive, Equitable and Effective ...",https://iucn.org/sites/default/files/2023-09/30x30-target-framework.pdf,NBSAPs: Identify strategic elements needed for Target 3 and GBF implementation in revision of National Biodiversity Strategies and Action. Plans. Action: Revise ...,https://iucn.org › files › 30x30-target-framework,iucn_org_A_Guide_to_Inclusive_Equitable_and_Effective_.txt,False,False,0,0,none,none,global,"The document does not contain explicit evidence related to Brazil in 2022-2026 about institutional/operational frameworks, policy/legal instruments, positive incentives, sustainable and inclusive management of biodiversity and land, or prevention of terrestrial, freshwater, or marine ecosystem degradation.",There is no explicit link between UNEP and strengthening/enabling the SP2.1 framework/instrument/incentive outcome in Brazil during 2022-2026.,[]
Brazil,2022–2026,2,in partnership with UNEP Brazil national biodiversity strategy strengthened policy framework law regulation strategy action plan after:2022-01-01 before:2026-01-01,Climate Reports,https://www.un.org/en/climatechange/reports,A series of annual global and regional reports which seek to inform decision-making for national and regional adaptation strategies and to build resilience in ...,https://www.un.org › climatechange › reports,www_un_org_Climate_Reports.txt,False,False,0,0,none,none,global,"The document provided does not contain explicit evidence related to 'Brazil' during 2022–2026 about institutional/operational frameworks, policy/legal instruments, positive incentives, sustainable and inclusive management of biodiversity and land, or prevention of terrestrial, freshwater, or marine ecosystem degradation.",There is no explicit link between UNEP and any nature-related framework/instrument/incentive in 'Brazil' during 2022–2026.,[]
Brazil,2022–2026,2,in partnership with UNEP Brazil national biodiversity strategy strengthened policy framework law regulation strategy action plan after:2022-01-01 before:2026-01-01,The Nigeria's revised National Biodiversity Strategy ...,https://www.facebook.com/NCFNigeria/posts/the-nigerias-revised-national-biodiversity-strategy-and-action-plan-nbsap-sets-2/1275861011250485/,The Nigeria's revised National Biodiversity Strategy and Action Plan (NBSAP) sets 23 national targets that will provide significant benefits to Nigeria's ...,20+ reactions,www_facebook_com_The_Nigeria_s_revised_National_Biodiversity_Strate.txt,False,False,0,0,none,none,unclear,"The document does not contain explicit evidence related to Brazil or the time window 2022-2026. It appears to be about Nigeria's biodiversity strategy and finance plan, not Brazil.",There is no explicit link between UNEP and any nature-related framework/instrument/incentive in Brazil during 2022-2026.,[]
Brazil,2022–2026,2,in partnership with UNEP Brazil national biodiversity strategy strengthened policy framework law regulation strategy action plan after:2022-01-01 before:2026-01-01,Biodiversity,https://www.thegef.org/what-we-do/topics/biodiversity,The strategy provides a comprehensive response to the drivers of biodiversity loss. This is complemented by a set of integrated programs that reflect the ...,https://www.thegef.org › what-we-do › topics › biodive...,www_thegef_org_Biodiversity.txt,True,False,60,0,policy instrument,developed,global,"The document mentions the Global Environment Facility's (GEF) support for biodiversity conservation and sustainable use in Brazil, including a project in Brazil for biodiversity conservation in Indigenous lands.",There is no explicit mention of UNEP's role in strengthening or enabling the nature-related framework/instrument/incentive in Brazil during 2022-2026.,"[""GBFF In Focus: Brazil – Cooperation to protect globally important biome"", ""GBFF In Focus: Brazil - Biodiversity conservation in Indigenous lands""]"
Brazil,2022–2026,2,in partnership with UNEP Brazil national biodiversity strategy strengthened policy framework law regulation strategy action plan after:2022-01-01 before:2026-01-01,ONE HEALTH JOINT PLAN OF ACTION,https://www.woah.org/app/uploads/2022/04/one-health-joint-plan-of-action-final.pdf,"This action aims to strengthen and harmonize all relevant protocols on control programmes, data, surveillance and information sharing, as well as legal and ...",https://www.woah.org › app › uploads › 2022/04,www_woah_org_ONE_HEALTH_JOINT_PLAN_OF_ACTION.txt,False,False,0,0,none,none,none,"The document does not contain explicit evidence related to Brazil in 2022-2026 about institutional/operational frameworks, policy/legal instruments, positive incentives, sustainable and inclusive management of biodiversity and land, or prevention of terrestrial, freshwater, or marine ecosystem degradation.",There is no explicit link between UNEP and strengthening/enabling the SP2.1 framework/instrument/incentive outcome in Brazil during 2022-2026.,[]
Brazil,2022–2026,2,in partnership with UNEP Brazil national biodiversity strategy strengthened policy framework law regulation strategy action plan after:2022-01-01 before:2026-01-01,Climate Reports,https://www.un.org/en/climatechange/reports,A series of annual global and regional reports which seek to inform decision-making for national and regional adaptation strategies and to build resilience in ...,https://www.un.org › climatechange › reports,www_un_org_Climate_Reports.txt,False,False,0,0,none,none,global,"The document does not contain explicit evidence related to Brazil during 2022-2026 about institutional/operational frameworks, policy/legal instruments, positive incentives, sustainable and inclusive management of biodiversity and land, or prevention of terrestrial, freshwater, or marine ecosystem degradation.",The document does not explicitly link UNEP to strengthening/enabling any SP2.1 framework/instrument/incentive in Brazil during 2022-2026.,[]
Brazil,2022–2026,2,in partnership with UNEP Brazil national biodiversity strategy strengthened policy framework law regulation strategy action plan after:2022-01-01 before:2026-01-01,Summary report 2–5 December 2025,https://enb.iisd.org/barcelona-convention-cop24-summary,"Celebrating 50 years of the UN Environment Programme – Mediterranean Action Plan (UNEP/MAP) and 30 years of the Post-Rio Barcelona Convention, COP 24 convened ...",https://enb.iisd.org › barcelona-convention-cop24-sum...,enb_iisd_org_Summary_report_2_5_December_2025.txt,False,False,0,0,none,none,global,"The document does not contain explicit evidence related to Brazil in 2022-2026 about institutional/operational frameworks, policy/legal instruments, positive incentives, sustainable and inclusive management of biodiversity and land, or prevention of terrestrial, freshwater, or marine ecosystem degradation.",The document does not explicitly link UNEP to strengthening/enabling any nature-related framework/instrument/incentive in Brazil during 2022-2026.,[]
Brazil,2022–2026,2,in partnership with UNEP Brazil national biodiversity strategy strengthened policy framework law regulation strategy action plan after:2022-01-01 before:2026-01-01,COASTAL AND MARINE ECOSYSTEMS AS NATURE- ...,https://ocean-climate.org/wp-content/uploads/2023/10/NDC_Analysis_2023.pdf,"It includes areas of focus such as protecting and/or restoring coastal blue carbon ecosystems, deploying marine renewable energy, enhancing sustainable and ...",https://ocean-climate.org › NDC_Analysis_2023,ocean-climate_org_COASTAL_AND_MARINE_ECOSYSTEMS_AS_NATURE_.txt,False,False,0,0,none,none,global,"The document does not contain explicit evidence related to Brazil in 2022-2026 about institutional/operational frameworks, policy/legal instruments, positive incentives, sustainable and inclusive management of biodiversity and land, or prevention of terrestrial, freshwater, or marine ecosystem degradation.",There is no explicit link between UNEP and strengthening/enabling any nature-related framework/instrument/incentive in Brazil during 2022-2026.,[]
Brazil,2022–2026,2,in partnership with UNEP Brazil national biodiversity strategy strengthened policy framework law regulation strategy action plan after:2022-01-01 before:2026-01-01,TOWARD ENHANCED CLIMATE AMBITION - IADB Publications,https://publications.iadb.org/publications/english/document/Toward-Enhanced-Climate-Ambition-Transparency-and-Digital-Governance-in-Latin-America-and-the-Caribbean.pdf,"Climate change governance refers to the combination of legal frameworks, institutional arrangements, and finance and coordination mechanisms that work together ...",https://publications.iadb.org › english › document,publications_iadb_org_TOWARD_ENHANCED_CLIMATE_AMBITION_IADB_Publications.txt,False,False,0,0,none,none,unclear,,,[]
Brazil,2022–2026,2,in partnership with UNEP Brazil national biodiversity strategy strengthened policy framework law regulation strategy action plan after:2022-01-01 before:2026-01-01,A framework for monitoring biodiversity in protected areas ...,https://portals.iucn.org/library/sites/library/files/documents/PATRS-007-En.pdf,National Biodiversity Strategy and Action Plan (NBSAP). Principal instrument for implementing the CBD at the national level. Signatories are required to ...,https://portals.iucn.org › files › PATRS-007-En,portals_iucn_org_A_framework_for_monitoring_biodiversity_in_protect.txt,False,False,0,0,none,none,global,"The document does not contain explicit evidence related to Brazil in 2022-2026 about institutional/operational frameworks, policy/legal instruments, positive incentives, sustainable and inclusive management of biodiversity and land, or prevention of terrestrial, freshwater, or marine ecosystem degradation.",There is no explicit link between UNEP and strengthening/enabling any nature-related framework/instrument/incentive in Brazil during 2022-2026.,[]
Brazil,2022–2026,2,in partnership with UNEP Brazil national biodiversity strategy strengthened policy framework law regulation strategy action plan after:2022-01-01 before:2026-01-01,CBD COP 16,https://www.international-climate-initiative.com/en/topics/cbd-cop-16/,Among the most important resolutions adopted were review mechanisms and a monitoring framework to make progress in implementing national biodiversity strategies ...,https://www.international-climate-initiative.com › topics,www_international-climate-initiative_com_CBD_COP_16.txt,False,False,0,0,none,unclear,unclear,"The document does not contain explicit evidence related to Brazil in 2022-2026 about institutional frameworks, operational frameworks, policy instruments, legal instruments, positive incentives, inclusive participation mechanisms, or ecosystem degradation prevention frameworks/instruments.",There is no explicit link between UNEP and any nature-related framework/instrument/incentive in Brazil during 2022-2026.,[]
Brazil,2022–2026,2,in partnership with UNEP Brazil national biodiversity strategy strengthened policy framework law regulation strategy action plan after:2022-01-01 before:2026-01-01,"Bold Plans, Real Impact",https://www.unilever.com/files/bold-plans-real-impact.pdf,"NDCs need to implement ambitious National. Biodiversity Strategies and Action Plans, per the Global Biodiversity Framework. • Ensure transparency and ...",https://www.unilever.com › files › bold-plans-rea...,www_unilever_com_Bold_Plans_Real_Impact.txt,False,False,0,0,none,none,none,"The document does not contain explicit evidence related to Brazil in 2022-2026 about institutional/operational frameworks, policy/legal instruments, positive incentives, sustainable and inclusive management of biodiversity and land, or prevention of terrestrial, freshwater, or marine ecosystem degradation.",There is no explicit link between UNEP and any framework/instrument/incentive in Brazil during 2022-2026.,[]
Brazil,2022–2026,2,in partnership with UNEP Brazil national biodiversity strategy strengthened policy framework law regulation strategy action plan after:2022-01-01 before:2026-01-01,Unravelling Brazil's approach,https://www.research.unipd.it/retrieve/ac85afd6-b84d-4b9d-86a1-4c0f99e0cf0b/Padovezi%20et%20al_Brazil_policy%20gaps_LUP_2025.pdf,"Brazil is the world's largest freshwater and terrestrial biodiversity reservoir and has been ranked #1 in tropical deforestation (Weisse and. Goldman, 2019).",https://www.research.unipd.it › retrieve › Padove...,www_research_unipd_it_Unravelling_Brazil_s_approach.txt,False,False,0,0,none,none,unclear,,,[]
Brazil,2022–2026,2,in partnership with UNEP Brazil national biodiversity strategy strengthened policy framework law regulation strategy action plan after:2022-01-01 before:2026-01-01,How National Biodiversity Strategies and Action Plans,https://www.facebook.com/groups/90744554442/posts/10163806385094443/,"This video explains the importance of NBSAPs in translating international biodiversity targets into concrete policies, actions, and investments. It highlights ...",2 comments,www_facebook_com_How_National_Biodiversity_Strategies_and_Action_Pl.txt,False,False,0,0,none,none,unclear,The document does not contain explicit evidence related to Brazil or specific actions taken by Brazil between 2022-2026.,The document does not explicitly link UNEP to strengthening or enabling specific SP2.1 framework/instrument/incentive outcomes in Brazil during 2022-2026.,[]
Brazil,2022–2026,2,in partnership with UNEP Brazil national biodiversity strategy strengthened policy framework law regulation strategy action plan after:2022-01-01 before:2026-01-01,Danish Contribution to the Global Biodiversity Framework ...,https://um.dk/media/1oepjmme/draft-global-biodiversity-framework-fund.pdf,"The Framework is action- and results-oriented and aims to guide and promote, at all levels, the revision, development, updating, and implementation of policies, ...",https://um.dk › media › draft-global-biodiversity...,um_dk_Danish_Contribution_to_the_Global_Biodiversity_Fra.txt,False,False,0,0,none,none,global,"The document does not contain explicit evidence related to Brazil during 2022-2026 about institutional/operational frameworks, policy/legal instruments, positive incentives, sustainable and inclusive management of biodiversity and land, or prevention of terrestrial, freshwater, or marine ecosystem degradation.",There is no explicit link between UNEP and strengthening/enabling the SP2.1 framework/instrument/incentive outcome in Brazil during 2022-2026.,[]
Brazil,2022–2026,2,in partnership with UNEP Brazil national biodiversity strategy strengthened policy framework law regulation strategy action plan after:2022-01-01 before:2026-01-01,The São Paulo declaration on One Health: Brazil's path ... - PMC,https://pmc.ncbi.nlm.nih.gov/articles/PMC12210807/,"In addition, the 2024 CBD Global Action Plan on Biodiversity and Health provides a strategic framework for integrating health considerations into ...",https://pmc.ncbi.nlm.nih.gov › articles › PMC12210807,pmc_ncbi_nlm_nih_gov_The_S_o_Paulo_declaration_on_One_Health_Brazil_s_p.txt,False,False,0,0,none,none,unclear,,,[]
Brazil,2022–2026,2,in partnership with UNEP Brazil national biodiversity strategy strengthened policy framework law regulation strategy action plan after:2022-01-01 before:2026-01-01,Special Study on REDD+ results based-payment projects ...,https://ieu.greenclimate.fund/sites/default/files/document/redd-special-study-120824.pdf,"During the 37th session of GCF Board in October 2023, in the document GCF/B.37/21, IEU presented its proposed Work Programme and Budget for 2024.",https://ieu.greenclimate.fund › files › document,ieu_greenclimate_fund_Special_Study_on_REDD_results_based_payment_projec.txt,True,False,81,0,policy instrument,implemented,national,"The document provides detailed information about the Green Climate Fund's (GCF) REDD+ Results-Based Payment (RBP) pilot programme in Brazil and other Latin American countries. The programme aims to reduce deforestation and promote sustainable forest management, aligning with Brazil's National REDD+ Strategy and the Warsaw Framework. The GCF has provided significant funding for REDD+ initiatives in Brazil, with one project approved under the REDD+ RBP pilot programme.","There is no explicit evidence linking UNEP to the development or implementation of the REDD+ RBP pilot programme in Brazil. While UNEP is mentioned as one of the implementing agencies of the UN-REDD programme, which has been instrumental in assisting countries in developing REDD+ strategies, there is no direct attribution of UNEP to the specific outcomes of the GCF REDD+ RBP pilot programme in Brazil.","[""The GCF has historically played a role in the first two phases of REDD+."", ""The REDD+ RBP pilot programme was established by the GCF Board, allocating up to USD 500 million."", ""Eight funding proposals were approved in the pilot programme, including one for Brazil."", ""The GCF’s REDD+ RBP pilot programme aims to operationalize RBP for REDD+ and gather experience."", ""The TOR requests that recipient countries of REDD+ RBP pilot funds reinvest the proceeds in activities aligned with their NDCs, REDD+ strategies, or low-carbon development plans.""]"
Brazil,2022–2026,2,in partnership with UNEP Brazil national biodiversity strategy strengthened policy framework law regulation strategy action plan after:2022-01-01 before:2026-01-01,One health,https://www.who.int/health-topics/one-health,"One Health is an integrated, unifying approach that aims to sustainably balance and optimize the health of people, animals and ecosystems.",https://www.who.int › Health topics,www_who_int_One_health.txt,False,False,0,0,none,none,global,"The document does not contain explicit evidence related to institutional frameworks, operational frameworks, policy instruments, legal instruments, positive incentives, inclusive participation mechanisms, or ecosystem degradation prevention frameworks/instruments for Brazil during 2022-2026.","There is no mention of UNEP in relation to any nature-related frameworks, instruments, or incentives for Brazil during 2022-2026.",[]
Brazil,2022–2026,2,in partnership with UNEP Brazil national biodiversity strategy strengthened policy framework law regulation strategy action plan after:2022-01-01 before:2026-01-01,Objectives of the National Biodiversity Strategy and Action ...,https://www.trenchrossi.com/en/legal-alerts/objectives-of-the-national-biodiversity-strategy-and-action-plan-are-published/,"On June 4, 2025, Federal Decree No. 12.485/2025 was published, which provides for the National Biodiversity Strategy and Action Plan, in line with the ...",https://www.trenchrossi.com › ... › News › Legal Alerts,www_trenchrossi_com_Objectives_of_the_National_Biodiversity_Strategy_a.txt,True,False,80,0,policy instrument,developed,national,"The document describes the development of the National Biodiversity Strategy and Action Plan for Brazil, which includes objectives such as implementing actions for conservation, sustainable use, and benefit sharing of biodiversity, monitoring compliance with national targets, integrating sectoral policies, and engaging indigenous peoples and traditional communities.",There is no explicit mention of UNEP's involvement or support in the development of the National Biodiversity Strategy and Action Plan.,"[""Federal Decree No. 12.485/2025 was published, which provides for the National Biodiversity Strategy and Action Plan"", ""implement actions for the conservation, sustainable use and benefit sharing of biodiversity"", ""monitor compliance with the national targets and the 2050 objectives"", ""integrate relevant sectoral policies, programs and plans"", ""engage indigenous peoples, traditional communities and family farmers in the implementation of the targets""]"
Brazil,2022–2026,2,in partnership with UNEP Brazil national biodiversity strategy strengthened policy framework law regulation strategy action plan after:2022-01-01 before:2026-01-01,"December 7, 2025",https://www.instagram.com/p/DR9y1uPjOfk/,"... Biodiversity Framework. Key focus areas include revising National Biodiversity Strategies and Action Plans (NBSAPs), aligning national targets, mobilizing ...",200+ likes,www_instagram_com_December_7_2025.txt,False,False,0,0,none,none,unclear,"The document does not contain explicit evidence related to Brazil or the time window 2022-2026, nor does it discuss institutional frameworks, operational frameworks, policy instruments, legal instruments, positive incentives, inclusive participation mechanisms, or ecosystem degradation prevention frameworks/instruments.",The document does not explicitly link UNEP to any nature-related framework/instrument/incentive in Brazil during 2022-2026.,[]
Brazil,2022–2026,2,in partnership with UNEP Brazil national biodiversity strategy strengthened policy framework law regulation strategy action plan after:2022-01-01 before:2026-01-01,WIMUNNY26 AB UNEA,https://wfuna.org/wp-content/uploads/2025/11/WIMUNNY26-AB-UNEA.pdf,"Summary: This strategy serves as Australia's National Biodiversity Strategy and Action Plan, updated to reflect the 2022 Kunming-Montreal Global. Biodiversity ...",https://wfuna.org › uploads › 2025/11 › WIMU...,wfuna_org_WIMUNNY26_AB_UNEA.txt,False,False,0,0,none,none,none,"The document does not contain explicit evidence related to Brazil in 2022-2026 about institutional/operational frameworks, policy/legal instruments, positive incentives, sustainable and inclusive management of biodiversity and land, or prevention of terrestrial, freshwater, or marine ecosystem degradation.",There is no explicit link between UNEP and strengthening/enabling SP2.1 framework/instrument/incentive outcomes in Brazil during 2022-2026.,[]
Brazil,2022–2026,2,in partnership with UNEP Brazil national biodiversity strategy strengthened policy framework law regulation strategy action plan after:2022-01-01 before:2026-01-01,Recommendations for Strengthening the Post-2020 Global ...,https://europepmc.org/article/pmc/pmc8931452,"The latest initiative in this direction is the 'Post-2020 Global Biodiversity Framework', which establishes a blueprint for global coordinated action towards ...",https://europepmc.org › article › pmc › pmc8931452,europepmc_org_Recommendations_for_Strengthening_the_Post_2020_Gl.txt,False,False,0,0,none,none,unclear,"The document does not contain any information related to Brazil, the time window 2022-2026, or any nature-related frameworks, instruments, or incentives.",The document does not mention UNEP or any related activities.,[]
