Entity,TimeWindow,Link,period_start,period_end,period_midpoint,Title,Query,TextFile,chemicals_relevant,unep_attributed,attributable_relevant_doc,sd,policy_regulation_score,unep_attribution_score,instrument_type,action_stage,evidence_level,sector,chemicals_justification,unep_justification,evidence_phrases
Brazil,2018-2022,https://academic.oup.com/ieam/article/20/1/9/7725080,2018,2022,2020,Solid waste management in the context of the waste hierarchy ...,UNEP programme Brazil key sectors pollution prevention launched policy law regulation strategy action plan circular economy chemicals waste pollution prevention control after:2018-01-01 before:2022-01-01,academic_oup_com_Solid_waste_management_in_the_context_of_the_waste.txt,False,False,False,,0.0,0.0,none,none,global,none,"The document does not contain explicit evidence related to circular approaches/circular economy, chemicals management, waste management, pollution prevention/control, or policies/laws/regulations in key sectors for Brazil during 2018–2022.","There is no explicit link between UNEP and any policy, law, regulation, strategy, action plan, or official framework in Brazil during 2018–2022.","[""No relevant evidence found.""]"
Brazil,2018-2022,https://antigo.mctic.gov.br/mctic/export/sites/institucional/arquivos/SIRENE/Comunicacoes-Nacionais-do-Brasil-a-UNFCCC/2020_12_22_4CN_v5_Ingles.pdf,2018,2022,2020,Fourth National Communication of Brazil to the UNFCCC - MCTI,UNEP programme Brazil key sectors pollution prevention launched policy law regulation strategy action plan circular economy chemicals waste pollution prevention control after:2018-01-01 before:2022-01-01,antigo_mctic_gov_br_Fourth_National_Communication_of_Brazil_to_the_UNF.txt,False,False,False,,0.0,0.0,none,none,unclear,unclear,"No evidence found related to chemicals, waste, circular economy, or pollution policies in Brazil during 2018-2022.",No explicit link to UNEP found in the provided document.,[]
Brazil,2018-2022,https://apps1.unep.org/resolutions/uploads/g20_mpl_1st_followup_report191029.pdf,2018,2022,2020,G20 Report on Actions against Marine Plastic Litter,UNEP programme Brazil key sectors pollution prevention launched policy law regulation strategy action plan circular economy chemicals waste pollution prevention control after:2018-01-01 before:2022-01-01,apps1_unep_org_G20_Report_on_Actions_against_Marine_Plastic_Litte.txt,True,False,False,,80.0,0.0,National Plan to Combat Marine Litter,adopted,national,cross-sectoral,"The document mentions Brazil's National Plan to Combat Marine Litter, launched on March 22, 2019, which aims to achieve environmental recovery and prevention of marine litter.",There is no explicit mention of UNEP's support or involvement in the development or implementation of Brazil's National Plan to Combat Marine Litter.,"[""The National Plan to Combat Marine Litter was launched on March 22, 2019, by the Ministry of the Environment and seeks to achieve two main purposes: Environmental Recovery and Prevention, based on 6 axes of implementation and 30 actions, focused on clear and achievable goals.""]"
Brazil,2018-2022,https://apps1.unep.org/resolutions/uploads/unep_aheg_2018_1_inf_4_unea2_edited.pdf,2018,2022,2020,United Nations Environment Assembly of the ...,UNEP programme Brazil key sectors pollution prevention launched policy law regulation strategy action plan circular economy chemicals waste pollution prevention control after:2018-01-01 before:2022-01-01,apps1_unep_org_United_Nations_Environment_Assembly_of_the_.txt,False,False,False,,0.0,0.0,none,none,none,none,"The document does not contain explicit evidence related to circular approaches/circular economy, chemicals management, waste management, pollution prevention/control, or policies/laws/regulations in key sectors for Brazil during 2018-2022.","There is no explicit link between UNEP and the development/adoption/revision/implementation of any policy, law, regulation, strategy, action plan, or official framework in Brazil during 2018-2022.",[]
Brazil,2018-2022,https://apps1.unep.org/resolutions/uploads/unep_aheg_2018_inf3_full_assessment_en.pdf,2018,2022,2020,Combating marine plastic litter and microplast,UNEP initiative Brazil plastic pollution policy revising policy law regulation strategy action plan circular economy chemicals waste pollution prevention control after:2018-01-01 before:2022-01-01,apps1_unep_org_Combating_marine_plastic_litter_and_microplast.txt,False,False,False,,0.0,0.0,none,none,global,none,"The document does not contain explicit evidence related to circular approaches/circular economy, chemicals management, waste management, pollution prevention/control, or policies/laws/regulations in key sectors for Brazil during 2018-2022.","The document does not explicitly link UNEP to development/adoption/revision/implementation/strengthening of any policy, law, regulation, strategy, action plan, or official framework in Brazil during 2018-2022.","[""This document is a comprehensive assessment of marine plastic litter and microplastics, but it does not specifically focus on Brazil or mention any country-specific policies or actions.""]"
Brazil,2018-2022,https://cefic.org/app/uploads/2019/06/Cefic_Mid-Century-Vision-Molecule-Managers-Brochure.pdf,2018,2022,2020,Molecule Managers,UNEP initiative Brazil plastic pollution policy revising policy law regulation strategy action plan circular economy chemicals waste pollution prevention control after:2018-01-01 before:2022-01-01,cefic_org_Molecule_Managers.txt,False,False,False,,0.0,0.0,none,none,unclear,unclear,No relevant information found,No relevant information found,[]
Brazil,2018-2022,https://climatepromise.undp.org/sites/default/files/research_report_document/undp-clmate-promise-vanuatu-circular-economy-opportunities.pdf,2018,2022,2020,Circular economy opportunities Vanuatu,UNEP initiative Brazil plastic pollution policy revising policy law regulation strategy action plan circular economy chemicals waste pollution prevention control after:2018-01-01 before:2022-01-01,climatepromise_undp_org_Circular_economy_opportunities_Vanuatu.txt,False,False,False,,0.0,0.0,none,none,national,unclear,"The document does not contain explicit evidence related to circular approaches/circular economy, chemicals management, waste management, pollution prevention/control, or policies/laws/regulations in key sectors for Brazil during 2018-2022.","There is no explicit link between UNEP and any policy, law, regulation, strategy, action plan, or official framework in Brazil during 2018-2022.","[""No relevant evidence found""]"
Brazil,2018-2022,https://clmeplus.org/app/uploads/2020/06/10547_MFA_PIF.pdf,2018,2022,2020,Reduce marine plastics and plastic pollution in Latin ...,UNEP initiative Brazil plastic pollution policy revising policy law regulation strategy action plan circular economy chemicals waste pollution prevention control after:2018-01-01 before:2022-01-01,clmeplus_org_Reduce_marine_plastics_and_plastic_pollution_in_La.txt,False,False,False,,0.0,0.0,none,none,unclear,none,"No evidence found related to chemicals management, circular economy, waste management, or pollution prevention and control policies/laws/regulations in Brazil during 2018-2022.",No explicit link to UNEP found in relation to SP3.1 outcomes in Brazil during 2018-2022.,[]
Brazil,2018-2022,https://eba.se/app/uploads/2021/05/WP_2021_05_Slunge-Andersson-Wikstr%C3%B6m-Sterner.pdf,2018,2022,2020,Circular Economy,UNEP programme Brazil key sectors pollution prevention launched policy law regulation strategy action plan circular economy chemicals waste pollution prevention control after:2018-01-01 before:2022-01-01,eba_se_Circular_Economy.txt,False,False,False,,0.0,0.0,none,none,unclear,unclear,No relevant information found,No UNEP link found,[]
Brazil,2018-2022,https://environmentalmigration.iom.int/sites/g/files/tmzbdl1411/files/documents/2023-11/environmental_rule_of_law.pdf,2018,2022,2020,First Global Report,UNEP programme Brazil key sectors pollution prevention launched policy law regulation strategy action plan circular economy chemicals waste pollution prevention control after:2018-01-01 before:2022-01-01,environmentalmigration_iom_int_First_Global_Report.txt,False,False,False,,0.0,0.0,none,none,global,none,"The document does not contain explicit evidence related to circular approaches/circular economy, chemicals management, waste management, pollution prevention/control, or policies/laws/regulations in key sectors for Brazil during 2018-2022.","The document does not explicitly link UNEP to development/adoption/revision/implementation/strengthening of any policy, law, regulation, strategy, action plan, or official framework in Brazil during 2018-2022.","[""The document is a general report on environmental rule of law and does not provide specific information on Brazil or the specified time period.""]"
Brazil,2018-2022,https://espace.library.uq.edu.au/view/UQ:9d77957/UQ9d77957_OA.pdf,2018,2022,2020,Journal Pre-proof - UQ eSpace - The University of Queensland,UNEP initiative Brazil plastic pollution policy revising policy law regulation strategy action plan circular economy chemicals waste pollution prevention control after:2018-01-01 before:2022-01-01,espace_library_uq_edu_au_Journal_Pre_proof_UQ_eSpace_The_University_of_Quee.txt,False,False,False,,0.0,0.0,none,none,unclear,unclear,"The document does not contain any information related to Brazil or the time window 2018-2022, nor does it discuss circular economy, chemicals management, waste management, pollution prevention, or related policies.",There is no mention of UNEP or any link to SP3.1 outcomes.,[]
Brazil,2018-2022,https://eulacfoundation.org/en/system/files/case_studies_circular_economy_eu_lac.pdf,2018,2022,2020,Case studies on Circular Economy models and integration ...,UNEP programme Brazil key sectors pollution prevention launched policy law regulation strategy action plan circular economy chemicals waste pollution prevention control after:2018-01-01 before:2022-01-01,eulacfoundation_org_Case_studies_on_Circular_Economy_models_and_integr.txt,False,False,False,,0.0,0.0,none,none,unclear,unclear,No relevant information found,No relevant information found,[]
Brazil,2018-2022,https://ewastemonitor.info/wp-content/uploads/2020/11/GEM_2020_def_july1_low.pdf,2018,2022,2020,The Global E-waste Monitor 2020,UNEP initiative Brazil plastic pollution policy revising policy law regulation strategy action plan circular economy chemicals waste pollution prevention control after:2018-01-01 before:2022-01-01,ewastemonitor_info_The_Global_E_waste_Monitor_2020.txt,False,False,False,,0.0,0.0,none,none,unclear,unclear,No relevant information found,No relevant information found,[]
Brazil,2018-2022,https://gefcrew.org/carrcu/19IGM/LBSCOP5/Info-Docs/WG.41INF.10Rev.1-en.pdf,2018,2022,2020,Regional Nutrient Pollution Reduction Strategy and Action ...,UNEP initiative Brazil plastic pollution policy revising policy law regulation strategy action plan circular economy chemicals waste pollution prevention control after:2018-01-01 before:2022-01-01,gefcrew_org_Regional_Nutrient_Pollution_Reduction_Strategy_and.txt,False,False,False,,0.0,0.0,none,none,none,none,"The document does not contain explicit evidence related to circular approaches/circular economy, chemicals management, waste management, pollution prevention/control, or policies/laws/regulations in key sectors for Brazil during 2018-2022.","There is no explicit link between UNEP and the development/adoption/revision/implementation/strengthening of any policy, law, regulation, strategy, action plan, or official framework in Brazil during 2018-2022.","[""The document is about a Regional Nutrient Pollution Reduction Strategy and Action Plan for the Wider Caribbean Region, not about Brazil specifically.""]"
Brazil,2018-2022,https://gggi.org/wp-content/uploads/2020/10/20022_Jordan_Waste_v03_HL_Web.pdf,2018,2022,2020,WASTE SECTOR,UNEP programme Brazil key sectors pollution prevention launched policy law regulation strategy action plan circular economy chemicals waste pollution prevention control after:2018-01-01 before:2022-01-01,gggi_org_WASTE_SECTOR.txt,False,False,False,,0.0,0.0,none,none,unclear,none,The document is not about Brazil or the time window 2018-2022. The document text appears to be an error message and does not contain any relevant information.,The document does not contain any information about UNEP's involvement in Brazil during 2018-2022.,[]
Brazil,2018-2022,https://greenfinancelac.org/wp-content/uploads/2020/06/Environmental_Social_Governance.2.pdf,2018,2022,2020,"Environmental, Social and Governance",UNEP initiative Brazil plastic pollution policy revising policy law regulation strategy action plan circular economy chemicals waste pollution prevention control after:2018-01-01 before:2022-01-01,greenfinancelac_org_Environmental_Social_and_Governance.txt,False,False,False,,0.0,0.0,none,none,unclear,unclear,No evidence found,No evidence found,[]
Brazil,2018-2022,https://library.sprep.org/sites/default/files/2021-03/international-environmental-law.pdf,2018,2022,2020,International Environmental Law,UNEP programme Brazil key sectors pollution prevention launched policy law regulation strategy action plan circular economy chemicals waste pollution prevention control after:2018-01-01 before:2022-01-01,library_sprep_org_International_Environmental_Law.txt,False,False,False,,0.0,0.0,none,none,unclear,unclear,No relevant information found,No relevant information found,[]
Brazil,2018-2022,https://medblueconomyplatform.org/wp-content/uploads/2021/10/2021_frompollutiontosolution.pdf,2018,2022,2020,FROM POLLUTION TO SOLUTION,UNEP initiative Brazil plastic pollution policy revising policy law regulation strategy action plan circular economy chemicals waste pollution prevention control after:2018-01-01 before:2022-01-01,medblueconomyplatform_org_FROM_POLLUTION_TO_SOLUTION.txt,False,False,False,,0.0,0.0,none,none,global,none,"The document does not contain explicit evidence related to circular approaches/circular economy, chemicals management, waste management, pollution prevention/control, or policies/laws/regulations in key sectors for Brazil during 2018–2022.","The document does not explicitly link UNEP to development/adoption/revision/implementation/strengthening of any policy, law, regulation, strategy, action plan, or official framework in Brazil during 2018–2022.",[]
Brazil,2018-2022,https://mpra.ub.uni-muenchen.de/108566/1/MPRA_paper_108566.pdf,2018,2022,2020,Germany is Ahead to Implement Sustainable Circular ...,UNEP initiative Brazil plastic pollution policy revising policy law regulation strategy action plan circular economy chemicals waste pollution prevention control after:2018-01-01 before:2022-01-01,mpra_ub_uni-muenchen_de_Germany_is_Ahead_to_Implement_Sustainable_Circular.txt,False,False,False,,0.0,0.0,none,none,unclear,unclear,"No evidence found related to chemicals, waste, circular economy, or pollution policies in Brazil from 2018-2022.",No explicit link to UNEP found in relation to SP3.1 outcomes.,[]
Brazil,2018-2022,https://nicholasinstitute.duke.edu/sites/default/files/publications/20-Years-of-Government-Responses-to-the-Global-Plastic-Pollution-Problem_final_reduced.pdf,2018,2022,2020,20 Years of Government Responses to the Global Plastic ...,UNEP initiative Brazil plastic pollution policy revising policy law regulation strategy action plan circular economy chemicals waste pollution prevention control after:2018-01-01 before:2022-01-01,nicholasinstitute_duke_edu_20_Years_of_Government_Responses_to_the_Global_Pla.txt,False,False,False,,0.0,0.0,none,none,unclear,unclear,"No evidence found related to circular economy, chemicals management, waste management, pollution prevention/control policies/laws/regulations in Brazil (2018-2022).",No explicit link to UNEP found in relation to SP3.1 policy/law/regulation outcomes in Brazil (2018-2022).,[]
Brazil,2018-2022,https://nyujilp.org/wp-content/uploads/2019/09/NYI402.pdf,2018,2022,2020,CHINA'S ENVIRONMENTAL CAMPAIGN,UNEP initiative Brazil plastic pollution policy revising policy law regulation strategy action plan circular economy chemicals waste pollution prevention control after:2018-01-01 before:2022-01-01,nyujilp_org_CHINA_S_ENVIRONMENTAL_CAMPAIGN.txt,False,False,False,,0.0,0.0,none,none,global,unclear,"The document does not contain explicit evidence related to circular approaches/circular economy, chemicals management, waste management, pollution prevention/control, or policies/laws/regulations in key sectors for Brazil during 2018-2022.","There is no explicit link between UNEP and any policy, law, regulation, strategy, action plan, or official framework in Brazil during 2018-2022.","[""The document text provided is not about Brazil during 2018-2022, but rather about China's environmental campaign and the global waste trade, specifically focusing on China's ban on foreign waste imports.""]"
Brazil,2018-2022,https://onlinelibrary.wiley.com/doi/10.1111/reel.12422,2018,2022,2020,Pharmaceutical pollution: A weakly regulated global ...,UNEP programme Brazil key sectors pollution prevention launched policy law regulation strategy action plan circular economy chemicals waste pollution prevention control after:2018-01-01 before:2022-01-01,onlinelibrary_wiley_com_Pharmaceutical_pollution_A_weakly_regulated_global.txt,False,False,False,,0.0,0.0,none,none,none,none,"The document does not contain explicit evidence related to circular approaches/circular economy, chemicals management, waste management, pollution prevention/control, or policies/laws/regulations in key sectors for Brazil during 2018-2022.","There is no explicit link between UNEP and the development/adoption/revision/implementation of a policy, law, regulation, strategy, action plan, or official framework in Brazil during 2018-2022.","[""The document does not provide relevant evidence for Brazil during 2018-2022.""]"
Brazil,2018-2022,https://open.metu.edu.tr/bitstream/handle/11511/91602/10412180.pdf,2018,2022,2020,evaluation of the european union and turkish legislation,UNEP initiative Brazil plastic pollution policy revising policy law regulation strategy action plan circular economy chemicals waste pollution prevention control after:2018-01-01 before:2022-01-01,open_metu_edu_tr_evaluation_of_the_european_union_and_turkish_legis.txt,False,False,False,,0.0,0.0,none,none,unclear,unclear,No evidence found,No evidence found,[]
Brazil,2018-2022,https://openknowledge.worldbank.org/bitstreams/d0529388-cd9b-5cbb-ba9b-0c39f20ffeb4/download,2018,2022,2020,water in circular economyand resilience (wicer),UNEP programme Brazil key sectors pollution prevention launched policy law regulation strategy action plan circular economy chemicals waste pollution prevention control after:2018-01-01 before:2022-01-01,openknowledge_worldbank_org_water_in_circular_economyand_resilience_wicer_.txt,False,False,False,,0.0,0.0,none,none,unclear,unclear,No relevant information found,No relevant information found,[]
Brazil,2018-2022,https://orbit.dtu.dk/files/170843838/GCOII_synth.pdf,2018,2022,2020,UN Environment Global Chemicals Outlook II,UNEP programme Brazil key sectors pollution prevention launched policy law regulation strategy action plan circular economy chemicals waste pollution prevention control after:2018-01-01 before:2022-01-01,orbit_dtu_dk_UN_Environment_Global_Chemicals_Outlook_II.txt,False,False,False,,0.0,0.0,none,none,unclear,none,"The document does not contain explicit evidence related to circular approaches/circular economy, chemicals management, waste management, pollution prevention and control, or policies/laws/regulations in key sectors for Brazil during 2018-2022.",There is no explicit link between UNEP and any policy/law/regulation outcome in Brazil during 2018-2022.,[]
Brazil,2018-2022,https://pmc.ncbi.nlm.nih.gov/articles/PMC7731724/,2018,2022,2020,Human Health and Ocean Pollution - PMC,UNEP initiative Brazil plastic pollution policy revising policy law regulation strategy action plan circular economy chemicals waste pollution prevention control after:2018-01-01 before:2022-01-01,pmc_ncbi_nlm_nih_gov_Human_Health_and_Ocean_Pollution_PMC.txt,False,False,False,,0.0,0.0,none,none,unclear,none,"No evidence found related to circular economy, chemicals management, waste management, pollution prevention/control policies in Brazil during 2018-2022.",No explicit link to UNEP found in relation to SP3.1 policy/law/regulation outcomes in Brazil during 2018-2022.,[]
Brazil,2018-2022,https://pmc.ncbi.nlm.nih.gov/articles/PMC9759372/,2018,2022,2020,"Assessing threats, regulations, and strategies to abate plastic ...",UNEP programme Brazil key sectors pollution prevention launched policy law regulation strategy action plan circular economy chemicals waste pollution prevention control after:2018-01-01 before:2022-01-01,pmc_ncbi_nlm_nih_gov_Assessing_threats_regulations_and_strategies_to_ab.txt,False,False,False,,0.0,0.0,none,none,unclear,unclear,"The document does not contain any information related to chemicals, waste, circular economy, or pollution policies in Brazil during 2018-2022.","There is no mention of UNEP or any connection to the policies, laws, or regulations in Brazil during 2018-2022.",[]
Brazil,2018-2022,https://publications.iadb.org/publications/english/document/Plastic-Waste-Management-and-Leakage-in-Latin-America-and-the-Caribbean.pdf,2018,2022,2020,Plastic Waste Management and Leakage in Latin America and ...,UNEP initiative Brazil plastic pollution policy revising policy law regulation strategy action plan circular economy chemicals waste pollution prevention control after:2018-01-01 before:2022-01-01,publications_iadb_org_Plastic_Waste_Management_and_Leakage_in_Latin_Amer.txt,False,False,False,,0.0,0.0,none,none,none,none,"The document does not contain explicit evidence related to circular approaches/circular economy, chemicals management, waste management, pollution prevention and control, or policies/laws/regulations in key sectors for Brazil during 2018-2022.",There is no explicit link between UNEP and any policy/law/regulation outcome in Brazil during 2018-2022.,[]
Brazil,2018-2022,https://pubs.acs.org/doi/10.1021/acs.est.9b06379,2018,2022,2020,Toward a Global Understanding of Chemical Pollution,UNEP programme Brazil key sectors pollution prevention launched policy law regulation strategy action plan circular economy chemicals waste pollution prevention control after:2018-01-01 before:2022-01-01,pubs_acs_org_Toward_a_Global_Understanding_of_Chemical_Pollutio.txt,False,False,False,,0.0,0.0,none,none,unclear,unclear,"The document does not contain explicit evidence related to circular approaches/circular economy, chemicals management, waste management, pollution prevention and control, or policies/laws/regulations in key sectors for Brazil during 2018-2022.",There is no explicit link between UNEP and any policy/law/regulation outcome in Brazil during 2018-2022.,[]
Brazil,2018-2022,https://repository.uantwerpen.be/docstore/d:irua:6495,2018,2022,2020,A Review of Technological Solutions to Prevent or Reduce ...,UNEP initiative Brazil plastic pollution policy revising policy law regulation strategy action plan circular economy chemicals waste pollution prevention control after:2018-01-01 before:2022-01-01,repository_uantwerpen_be_A_Review_of_Technological_Solutions_to_Prevent_or_.txt,False,False,False,,0.0,0.0,none,none,unclear,unclear,No evidence found,No evidence found,[]
Brazil,2018-2022,https://saiia.org.za/wp-content/uploads/2018/06/Policy-Insights-59.pdf,2018,2022,2020,DEVELOPING EFFECTIVE AFRICAN POLICY RESPONSES,UNEP initiative Brazil plastic pollution policy revising policy law regulation strategy action plan circular economy chemicals waste pollution prevention control after:2018-01-01 before:2022-01-01,saiia_org_za_DEVELOPING_EFFECTIVE_AFRICAN_POLICY_RESPONSES.txt,False,False,False,,0.0,0.0,none,none,unclear,unclear,Document not retrieved due to fetch error. No evidence available for evaluation.,Document not retrieved due to fetch error. No evidence available for evaluation.,[]
Brazil,2018-2022,https://sdgs.un.org/sites/default/files/documents/17969VClist20180314.csv,2018,2022,2020,17969VClist20180314.csv - SDGs - the United Nations,UNEP initiative Brazil plastic pollution policy revising policy law regulation strategy action plan circular economy chemicals waste pollution prevention control after:2018-01-01 before:2022-01-01,sdgs_un_org_17969VClist20180314_csv_SDGs_the_United_Nations.txt,False,False,False,,0.0,0.0,none,none,unclear,unclear,"No evidence related to circular economy, chemicals management, waste management, pollution prevention/control, or policies/laws/regulations in key sectors for Brazil during 2018-2022.",No explicit link between UNEP and any policy/law/regulation outcome for Brazil during 2018-2022.,[]
Brazil,2018-2022,https://tehranconvention.org/system/files/tcis/cop6_14_marine_litter_project_prepcom_fin.pdf,2018,2022,2020,"Regional project ""Addressing Marine Litter in the Caspian ...",UNEP initiative Brazil plastic pollution policy revising policy law regulation strategy action plan circular economy chemicals waste pollution prevention control after:2018-01-01 before:2022-01-01,tehranconvention_org_Regional_project_Addressing_Marine_Litter_in_the_C.txt,False,False,False,,0.0,0.0,none,none,none,none,"The document does not contain explicit evidence related to circular approaches/circular economy, chemicals management, waste management, pollution prevention/control, or policies/laws/regulations in key sectors for Brazil during 2018-2022.","There is no explicit link between UNEP and the development/adoption/revision/implementation of any policy, law, regulation, strategy, or official framework in Brazil during 2018-2022.",[]
Brazil,2018-2022,https://www.bsp.gov.ph/Regulations/Issuances/2022/CL-2022-011.pdf,2018,2022,2020,Philippine Sustainable Finance Roadmap,UNEP programme Brazil key sectors pollution prevention launched policy law regulation strategy action plan circular economy chemicals waste pollution prevention control after:2018-01-01 before:2022-01-01,www_bsp_gov_ph_Philippine_Sustainable_Finance_Roadmap.txt,False,False,False,,0.0,0.0,none,none,none,none,"The document is about the Philippine Sustainable Finance Roadmap and does not contain explicit evidence related to circular approaches/circular economy, chemicals management, waste management, pollution prevention/control, or policies/laws/regulations in key sectors for Brazil during 2018–2022.","There is no explicit link between UNEP and the development/adoption/revision/implementation/strengthening of any policy, law, regulation, strategy, action plan, or official framework in Brazil during 2018–2022.","[""The document is not relevant to Brazil or the specified time window.""]"
Brazil,2018-2022,https://www.cambridge.org/core/journals/transnational-environmental-law/article/conceptualizing-the-transnational-regulation-of-plastics-moving-towards-a-preventative-and-just-agenda-for-plastics/B6BD29139610E779500C205A41FDB5E3,2018,2022,2020,Conceptualizing the Transnational Regulation of Plastics,UNEP initiative Brazil plastic pollution policy revising policy law regulation strategy action plan circular economy chemicals waste pollution prevention control after:2018-01-01 before:2022-01-01,www_cambridge_org_Conceptualizing_the_Transnational_Regulation_of_Pl.txt,False,False,False,,0.0,0.0,none,none,unclear,unclear,The document text does not contain any relevant information about Brazil or the time window 2018-2022.,The document text does not contain any relevant information about UNEP's involvement.,[]
Brazil,2018-2022,https://www.ccacoalition.org/news/instead-waste-ing-away-cities-are-teaming-prevent-pollution,2018,2022,2020,"Instead of Waste-ing Away, Cities are Teaming Up to ...",UNEP programme Brazil key sectors pollution prevention launched policy law regulation strategy action plan circular economy chemicals waste pollution prevention control after:2018-01-01 before:2022-01-01,www_ccacoalition_org_Instead_of_Waste_ing_Away_Cities_are_Teaming_Up_to.txt,False,False,False,,0.0,0.0,none,none,unclear,unclear,"No evidence found related to chemicals, waste, circular economy, or pollution policies in Brazil from 2018-2022.",No explicit link to UNEP found in relation to SP3.1 outcomes.,[]
Brazil,2018-2022,https://www.ciel.org/wp-content/uploads/2019/02/Plastic-and-Health-The-Hidden-Costs-of-a-Plastic-Planet-February-2019.pdf,2018,2022,2020,Plastic & Health: The Hidden Costs of a Plastic Planet,UNEP initiative Brazil plastic pollution policy revising policy law regulation strategy action plan circular economy chemicals waste pollution prevention control after:2018-01-01 before:2022-01-01,www_ciel_org_Plastic_Health_The_Hidden_Costs_of_a_Plastic_Plane.txt,False,False,False,,0.0,0.0,none,none,none,none,"The document does not contain explicit evidence related to circular approaches/circular economy, chemicals management, waste management, pollution prevention and control, or policies/laws/regulations in key sectors for Brazil during 2018-2022.","There is no explicit link between UNEP and any policy, law, regulation, strategy, action plan, or official framework in Brazil during 2018-2022.","[""No relevant evidence found.""]"
Brazil,2018-2022,https://www.circulareconomy.co.za/wp-content/uploads/2021/12/CSIR-2021-Circular-Economy-As-Development-Opportunity.pdf,2018,2022,2020,THE CIRCULAR ECONOMY AS DEVELOPMENT ...,UNEP programme Brazil key sectors pollution prevention launched policy law regulation strategy action plan circular economy chemicals waste pollution prevention control after:2018-01-01 before:2022-01-01,www_circulareconomy_co_za_THE_CIRCULAR_ECONOMY_AS_DEVELOPMENT_.txt,False,False,False,,0.0,0.0,none,none,none,none,"The document is about South Africa's circular economy, but it does not contain explicit evidence related to circular approaches/circular economy, chemicals management, waste management, pollution prevention/control, or policies/laws/regulations in key sectors for Brazil during 2018–2022.","There is no explicit link between UNEP and the development/adoption/revision/implementation/strengthening of any policy, law, regulation, strategy, action plan, or official framework in the document.","[""The document does not provide relevant evidence for Brazil during 2018–2022.""]"
Brazil,2018-2022,https://www.efdinitiative.org/sites/default/files/publications/gcoii_synth.pdf,2018,2022,2020,Global Chemicals OutlooK II,UNEP initiative Brazil plastic pollution policy revising policy law regulation strategy action plan circular economy chemicals waste pollution prevention control after:2018-01-01 before:2022-01-01,www_efdinitiative_org_Global_Chemicals_OutlooK_II.txt,False,False,False,,0.0,0.0,none,none,unclear,unclear,No evidence found,No evidence found,[]
Brazil,2018-2022,https://www.eionet.europa.eu/etcs/etc-wmge/products/etc-wmge-reports/sustainability-transition-and-the-european-green-deal-a-macro-dynamic-perspective/@@download/file/ETC-WMGE_Eionet%20ETC%20report_Macro%20transition%20GE%20December%202021.pdf,2018,2022,2020,Sustainability transition and the European Green Deal,UNEP initiative Brazil plastic pollution policy revising policy law regulation strategy action plan circular economy chemicals waste pollution prevention control after:2018-01-01 before:2022-01-01,www_eionet_europa_eu_Sustainability_transition_and_the_European_Green_D.txt,False,False,False,,0.0,0.0,none,none,unclear,unclear,No evidence related to Brazil 2018-2022,No UNEP attribution found,[]
Brazil,2018-2022,https://www.eria.org/uploads/media/ERIA-Books-2018-Industry4.0-Circular_Economy.pdf,2018,2022,2020,Industry 4.0: Empowering ASEAN for the Circular Economy,UNEP programme Brazil key sectors pollution prevention launched policy law regulation strategy action plan circular economy chemicals waste pollution prevention control after:2018-01-01 before:2022-01-01,www_eria_org_Industry_4_0_Empowering_ASEAN_for_the_Circular_Eco.txt,False,False,False,,0.0,0.0,none,none,unclear,unclear,No relevant information found,No UNEP attribution found,[]
Brazil,2018-2022,https://www.facebook.com/UNEPCartagenaConvention/posts/this-publication-captures-sgps-experiences-and-lessons-learned-on-plastics-manag/3038200359555512/,2018,2022,2020,This publication captures SGP's experiences and lessons ...,UNEP programme Brazil key sectors pollution prevention launched policy law regulation strategy action plan circular economy chemicals waste pollution prevention control after:2018-01-01 before:2022-01-01,www_facebook_com_This_publication_captures_SGP_s_experiences_and_le.txt,False,False,False,,0.0,0.0,none,none,unclear,unclear,"The document does not contain explicit evidence related to circular approaches/circular economy, chemicals management, waste management, pollution prevention and control, or policies/laws/regulations in key sectors for Brazil during 2018-2022.",There is no explicit link between UNEP and any policy/law/regulation outcome for Brazil during 2018-2022.,[]
Brazil,2018-2022,https://www.facebook.com/unep/posts/what-is-your-country-doing-to-tackle-e-waste-nigeria-is-kickstarting-a-circulare/10157916448890712/,2018,2022,2020,What is your country doing to tackle e-waste? Nigeria🇳🇬 ...,UNEP programme Brazil key sectors pollution prevention launched policy law regulation strategy action plan circular economy chemicals waste pollution prevention control after:2018-01-01 before:2022-01-01,www_facebook_com_What_is_your_country_doing_to_tackle_e_waste_Niger.txt,False,False,False,,0.0,0.0,none,none,unclear,unclear,"The document does not contain explicit evidence related to circular approaches/circular economy, chemicals management, waste management, pollution prevention and control, or policies/laws/regulations in key sectors for Brazil during 2018–2022.","The document does not explicitly link UNEP to development/adoption/revision/implementation/strengthening of any policy, law, regulation, strategy, action plan, or official framework in Brazil during 2018–2022.",[]
Brazil,2018-2022,https://www.facebook.com/worldtradeorganization/posts/dont-miss-wto-deputy-director-general-jean-marie-paugam-and-other-speakers-will-/4403046743071430/,2018,2022,2020,Don't miss! WTO Deputy Director-General Jean-Marie ...,UNEP initiative Brazil plastic pollution policy revising policy law regulation strategy action plan circular economy chemicals waste pollution prevention control after:2018-01-01 before:2022-01-01,www_facebook_com_Don_t_miss_WTO_Deputy_Director_General_Jean_Marie_.txt,False,False,False,,0.0,0.0,none,none,global,unclear,"The document does not contain explicit evidence related to circular approaches/circular economy, chemicals management, waste management, pollution prevention and control, or policies/laws/regulations in key sectors for Brazil during 2018-2022.",There is no explicit link between UNEP and any policy/law/regulation outcome in Brazil during 2018-2022.,[]
Brazil,2018-2022,https://www.frontiersin.org/journals/environmental-science/articles/10.3389/fenvs.2020.00104/full,2018,2022,2020,"The Role of Legislation, Regulatory Initiatives and ...",UNEP initiative Brazil plastic pollution policy revising policy law regulation strategy action plan circular economy chemicals waste pollution prevention control after:2018-01-01 before:2022-01-01,www_frontiersin_org_The_Role_of_Legislation_Regulatory_Initiatives_and.txt,False,False,False,,0.0,0.0,none,none,none,none,"The document does not contain explicit evidence related to circular approaches/circular economy, chemicals management, waste management, pollution prevention/control, or policies/laws/regulations in key sectors for Brazil during 2018-2022.","There is no explicit link between UNEP and any policy, law, regulation, strategy, action plan, or official framework in Brazil during 2018-2022.",[]
Brazil,2018-2022,https://www.gdr-po.cnrs.fr/docs/UNEP_2021.pdf,2018,2022,2020,FROM POLLUTION TO SOLUTION,UNEP initiative Brazil plastic pollution policy revising policy law regulation strategy action plan circular economy chemicals waste pollution prevention control after:2018-01-01 before:2022-01-01,www_gdr-po_cnrs_fr_FROM_POLLUTION_TO_SOLUTION.txt,False,False,False,,0.0,0.0,none,none,unclear,unclear,No relevant information found,No relevant information found,[]
Brazil,2018-2022,https://www.globalbattery.org/media/publications/wef-annex-comparative-analysis-of-legal-frameworks-2020.pdf,2018,2022,2020,Annex – Comparative Analysis of Legal Frameworks,UNEP initiative Brazil plastic pollution policy revising policy law regulation strategy action plan circular economy chemicals waste pollution prevention control after:2018-01-01 before:2022-01-01,www_globalbattery_org_Annex_Comparative_Analysis_of_Legal_Frameworks.txt,False,False,False,,0.0,0.0,none,none,none,none,"The document does not contain explicit evidence related to circular approaches/circular economy, chemicals management, waste management, pollution prevention/control, or policies/laws/regulations in key sectors for Brazil during 2018–2022.","There is no explicit link between UNEP and any policy, law, regulation, strategy, action plan, or official framework in Brazil during 2018–2022.",[]
Brazil,2018-2022,https://www.greenclimate.fund/document/strategic-frameworks-support-brazil-through-unep,2018,2022,2020,Strategic Frameworks support for Brazil through UNEP,UNEP programme Brazil key sectors pollution prevention launched policy law regulation strategy action plan circular economy chemicals waste pollution prevention control after:2018-01-01 before:2022-01-01,www_greenclimate_fund_Strategic_Frameworks_support_for_Brazil_through_UN.txt,False,False,False,,0.0,0.0,none,none,national,unclear,"The document does not contain explicit evidence related to circular approaches/circular economy, chemicals management, waste management, pollution prevention and control, or policies/laws/regulations in key sectors.","There is no explicit link between UNEP and the development/adoption/revision/implementation of a policy, law, regulation, strategy, action plan, or official framework in Brazil during 2018–2022.",[]
Brazil,2018-2022,https://www.greenpolicyplatform.org/sites/default/files/downloads/resource/irp-mineral_resource_governance-full_report-feb2020_compressed_compressed%20(1).pdf,2018,2022,2020,Mineral Resource Governance in the 21st Century,UNEP initiative Brazil plastic pollution policy revising policy law regulation strategy action plan circular economy chemicals waste pollution prevention control after:2018-01-01 before:2022-01-01,www_greenpolicyplatform_org_Mineral_Resource_Governance_in_the_21st_Century.txt,False,False,False,,0.0,0.0,none,none,unclear,none,"No evidence found related to chemicals, waste, circular economy, or pollution policies in Brazil from 2018-2022.",No explicit link to UNEP found in the provided document.,[]
Brazil,2018-2022,https://www.hbm4eu.eu/wp-content/uploads/2019/03/2019_RI_Report_A-circular-economy-for-plastics.pdf,2018,2022,2020,A circular economy for plastics,UNEP initiative Brazil plastic pollution policy revising policy law regulation strategy action plan circular economy chemicals waste pollution prevention control after:2018-01-01 before:2022-01-01,www_hbm4eu_eu_A_circular_economy_for_plastics.txt,False,False,False,,0.0,0.0,none,none,none,none,"The document does not contain explicit evidence related to circular approaches/circular economy, chemicals management, waste management, pollution prevention/control, or policies/laws/regulations in key sectors for Brazil during 2018-2022.","There is no explicit link between UNEP and any policy, law, regulation, strategy, action plan, or official framework in Brazil during 2018-2022.","[""The document is a European Commission report on a circular economy for plastics, and does not mention Brazil or UNEP in the context of policy, law, or regulation development/implementation.""]"
Brazil,2018-2022,https://www.iddri.org/sites/default/files/PDF/Publications/Hors%20catalogue%20Iddri/20190620_BLUE%20TOURISM%20STUDY_EN.pdf,2018,2022,2020,Sustainable Blue Tourism,UNEP initiative Brazil plastic pollution policy revising policy law regulation strategy action plan circular economy chemicals waste pollution prevention control after:2018-01-01 before:2022-01-01,www_iddri_org_Sustainable_Blue_Tourism.txt,False,False,False,,0.0,0.0,none,none,global,none,"The document does not contain explicit evidence related to circular approaches/circular economy, chemicals management, waste management, pollution prevention/control, or policies/laws/regulations in key sectors for Brazil during 2018-2022.","There is no explicit link between UNEP and any policy, law, regulation, strategy, action plan, or official framework in Brazil during 2018-2022.",[]
Brazil,2018-2022,https://www.iges.or.jp/en/publication_documents/pub/policyreport/en/11066/Best+Practices+for+SWM_Guide+for+Decision+Makers+in+Developing+Countries_Oct+20_0.pdf,2018,2022,2020,Best Practices for Solid Waste Management,UNEP initiative Brazil plastic pollution policy revising policy law regulation strategy action plan circular economy chemicals waste pollution prevention control after:2018-01-01 before:2022-01-01,www_iges_or_jp_Best_Practices_for_Solid_Waste_Management.txt,False,False,False,,0.0,0.0,none,none,unclear,none,"No evidence found related to chemicals, waste, circular economy or pollution policies in Brazil during 2018-2022.",No explicit link to UNEP found in the context of Brazil and the specified time frame.,[]
Brazil,2018-2022,https://www.indiascienceandtechnology.gov.in/listingpage/missions-policies-and-protocols,2018,2022,2020,"Missions, Policies, and Protocols",UNEP programme Brazil key sectors pollution prevention launched policy law regulation strategy action plan circular economy chemicals waste pollution prevention control after:2018-01-01 before:2022-01-01,www_indiascienceandtechnology_gov_in_Missions_Policies_and_Protocols.txt,False,False,False,,0.0,0.0,none,none,unclear,unclear,"No relevant information found about Brazil's chemicals, waste, and pollution policies or laws from 2018-2022.","No explicit link to UNEP found in relation to Brazil's policies or laws on chemicals, waste, and pollution from 2018-2022.",[]
Brazil,2018-2022,https://www.mdpi.com/2071-1050/17/21/9692,2018,2022,2020,Plastic Waste Management Practices in Zanzibar's Coastal ...,UNEP programme Brazil key sectors pollution prevention launched policy law regulation strategy action plan circular economy chemicals waste pollution prevention control after:2018-01-01 before:2022-01-01,www_mdpi_com_Plastic_Waste_Management_Practices_in_Zanzibar_s_C.txt,False,False,False,,0.0,0.0,none,none,unclear,unclear,"The document does not provide explicit evidence related to circular approaches/circular economy, chemicals management, waste management, pollution prevention and control, or policies/laws/regulations in key sectors for Brazil during 2018-2022.",There is no explicit link between UNEP and any policy/law/regulation outcome in Brazil during 2018-2022.,[]
Brazil,2018-2022,https://www.oecd.org/content/dam/oecd/en/publications/reports/2019/11/pharmaceutical-residues-in-freshwater_33f873ac/c936f42d-en.pdf,2018,2022,2020,Pharmaceutical Residues in Freshwater (EN),UNEP programme Brazil key sectors pollution prevention launched policy law regulation strategy action plan circular economy chemicals waste pollution prevention control after:2018-01-01 before:2022-01-01,www_oecd_org_Pharmaceutical_Residues_in_Freshwater_EN_.txt,False,False,False,,0.0,0.0,none,none,none,none,"The document does not contain explicit evidence related to circular approaches/circular economy, chemicals management, waste management, pollution prevention/control, or policies/laws/regulations in key sectors for Brazil during 2018-2022.","There is no explicit link between UNEP and any policy, law, regulation, strategy, action plan, or official framework in Brazil during 2018-2022.",[]
Brazil,2018-2022,https://www.oecd.org/content/dam/oecd/en/publications/reports/2021/10/policies-to-reduce-microplastics-pollution-in-water_3337bc78/7ec7e5ef-en.pdf,2018,2022,2020,Policies to Reduce Microplastics Pollution in Water,UNEP initiative Brazil plastic pollution policy revising policy law regulation strategy action plan circular economy chemicals waste pollution prevention control after:2018-01-01 before:2022-01-01,www_oecd_org_Policies_to_Reduce_Microplastics_Pollution_in_Wate.txt,False,False,False,,0.0,0.0,none,none,none,none,"The document does not contain explicit evidence related to circular approaches/circular economy, chemicals management, waste management, pollution prevention/control, or policies/laws/regulations in key sectors for Brazil during 2018-2022.","There is no explicit link between UNEP and any policy, law, regulation, strategy, action plan, or official framework in Brazil during 2018-2022.",[]
Brazil,2018-2022,https://www.onecaribbean.org/wp-content/uploads/2020-CSTPF-Final-for-Design-and-Translation-July-31-2020.pdf,2018,2022,2020,CARIBBEAN SUSTAINABLE TOURISM POLICY AND ...,UNEP initiative Brazil plastic pollution policy revising policy law regulation strategy action plan circular economy chemicals waste pollution prevention control after:2018-01-01 before:2022-01-01,www_onecaribbean_org_CARIBBEAN_SUSTAINABLE_TOURISM_POLICY_AND_.txt,False,False,False,,0.0,0.0,none,none,unclear,unclear,"The document could not be retrieved, hence no evidence could be assessed.","The document could not be retrieved, hence no evidence could be assessed.",[]
Brazil,2018-2022,https://www.researchgate.net/publication/354380794_Impacts_of_Plastic_Pollution_on_Ecosystem_Services_Sustainable_Development_Goals_and_Need_to_Focus_on_Circular_Economy_and_Policy_Interventions,2018,2022,2020,"(PDF) Impacts of Plastic Pollution on Ecosystem Services, ...",UNEP initiative Brazil plastic pollution policy revising policy law regulation strategy action plan circular economy chemicals waste pollution prevention control after:2018-01-01 before:2022-01-01,www_researchgate_net__PDF_Impacts_of_Plastic_Pollution_on_Ecosystem_Ser.txt,False,False,False,,0.0,0.0,none,none,global,unclear,"The document does not contain explicit evidence related to circular approaches/circular economy, chemicals management, waste management, pollution prevention and control, or policies/laws/regulations in key sectors for Brazil during 2018-2022.",There is no explicit link between UNEP and any policy/law/regulation outcome in Brazil during 2018-2022.,[]
Brazil,2018-2022,https://www.sciencedirect.com/science/article/pii/S2405844020315528,2018,2022,2020,Plastic pollution in the marine environment,UNEP initiative Brazil plastic pollution policy revising policy law regulation strategy action plan circular economy chemicals waste pollution prevention control after:2018-01-01 before:2022-01-01,www_sciencedirect_com_Plastic_pollution_in_the_marine_environment.txt,False,False,False,,0.0,0.0,none,none,unclear,unclear,"The document does not contain any information related to Brazil or the time window 2018-2022, nor does it discuss circular economy, chemicals management, waste management, or pollution prevention and control.",There is no mention of UNEP or any link to SP3.1 outcomes in the provided document.,[]
Brazil,2018-2022,https://www.un.org/esa/dsd/agenda21/Agenda%2021.pdf,2018,2022,2020,Agenda 21.pdf,UNEP programme Brazil key sectors pollution prevention launched policy law regulation strategy action plan circular economy chemicals waste pollution prevention control after:2018-01-01 before:2022-01-01,www_un_org_Agenda_21_pdf.txt,False,False,False,,0.0,0.0,none,none,unclear,unclear,No relevant information found,No relevant information found,[]
Brazil,2018-2022,https://www.unep.org/beatpollution/businesses,2018,2022,2020,Businesses,UNEP programme Brazil key sectors pollution prevention launched policy law regulation strategy action plan circular economy chemicals waste pollution prevention control after:2018-01-01 before:2022-01-01,www_unep_org_Businesses.txt,False,False,False,,0.0,0.0,none,none,unclear,unclear,No evidence found,No evidence found,[]
Brazil,2018-2022,https://www.unep.org/news-and-stories/story/one-year-after-launch-cleanseas-tide-turning,2018,2022,2020,"One year after the launch of #CleanSeas, the tide is turning",UNEP programme Brazil key sectors pollution prevention launched policy law regulation strategy action plan circular economy chemicals waste pollution prevention control after:2018-01-01 before:2022-01-01,www_unep_org_One_year_after_the_launch_of_CleanSeas_the_tide_is.txt,False,False,False,,0.0,0.0,none,none,unclear,unclear,"No evidence found related to chemicals, waste, circular economy or pollution policies in Brazil during 2018-2022.",No explicit link to UNEP found in the provided text.,[]
Brazil,2018-2022,https://www.unep.org/resources/key-documents/people-and-planet-unep-strategy-2022-2025,2018,2022,2020,For people and planet: the UNEP strategy for 2022–2025,UNEP programme Brazil key sectors pollution prevention launched policy law regulation strategy action plan circular economy chemicals waste pollution prevention control after:2018-01-01 before:2022-01-01,www_unep_org_For_people_and_planet_the_UNEP_strategy_for_2022_2.txt,False,False,False,,0.0,0.0,none,none,unclear,unclear,No relevant information found,No UNEP link found,[]
Brazil,2018-2022,https://www.unep.org/resources/pollution-solution-global-assessment-marine-litter-and-plastic-pollution,2018,2022,2020,A global assessment of marine litter and plastic pollution,UNEP initiative Brazil plastic pollution policy revising policy law regulation strategy action plan circular economy chemicals waste pollution prevention control after:2018-01-01 before:2022-01-01,www_unep_org_A_global_assessment_of_marine_litter_and_plastic_p.txt,False,False,False,,0.0,0.0,none,none,unclear,unclear,,,[]
Brazil,2018-2022,https://www.unep.org/resources/toolkits-manuals-and-guides/tackling-plastic-pollution-legislative-guide-regulation,2018,2022,2020,Legislative Guide for the Regulation of Single-Use Plastic ...,UNEP initiative Brazil plastic pollution policy revising policy law regulation strategy action plan circular economy chemicals waste pollution prevention control after:2018-01-01 before:2022-01-01,www_unep_org_Legislative_Guide_for_the_Regulation_of_Single_Use.txt,False,False,False,,0.0,0.0,none,none,unclear,unclear,No relevant information found,No relevant information found,[]
Brazil,2018-2022,https://www.unepfi.org/wordpress/wp-content/uploads/2021/03/UNEPFI_DemystfyingFinanceCircularity-2020-2.pdf,2018,2022,2020,Demystifying Finance for Circular Economies,UNEP programme Brazil key sectors pollution prevention launched policy law regulation strategy action plan circular economy chemicals waste pollution prevention control after:2018-01-01 before:2022-01-01,www_unepfi_org_Demystifying_Finance_for_Circular_Economies.txt,True,False,False,,0.0,0.0,none,none,global,cross-sectoral,"The document discusses circular economy and sustainable consumption and production, but does not contain explicit evidence related to policies, laws, regulations, or frameworks in Brazil during 2018-2022.","The document mentions UNEP as the publisher and provides information about UNEP FI, but does not explicitly link UNEP to development, adoption, revision, or implementation of policies, laws, regulations, or frameworks in Brazil during 2018-2022.","[""The United Nations Environment Programme Finance Initiative (UNEP FI) is a partnership between UNEP and the global financial sector to mobilize private sector finance for sustainable development.""]"
Brazil,2018-2022,https://www.unwater.org/sites/default/files/app/uploads/2018/12/SDG6_SynthesisReport2018_WaterandSanitation_04122018.pdf,2018,2022,2020,Sustainable Development Goal 6 Synthesis Report on ...,UNEP initiative Brazil plastic pollution policy revising policy law regulation strategy action plan circular economy chemicals waste pollution prevention control after:2018-01-01 before:2022-01-01,www_unwater_org_Sustainable_Development_Goal_6_Synthesis_Report_on.txt,False,False,False,,0.0,0.0,none,none,unclear,unclear,"No evidence found related to chemicals, waste, circular economy or pollution policies in Brazil during 2018-2022.",No explicit link to UNEP found in relation to SP3.1 outcomes in Brazil during 2018-2022.,[]
Brazil,2022-2026,https://afwasakm.afwasa.org/wp-content/uploads/2024/12/sanitation_and_wastewater_atlas_of_africa_compressed.pdf,2022,2026,2024,SANITATION AND WASTEWATER ATLAS OF AFRICA,in partnership with UNEP Brazil lead paint regulation promulgated policy law regulation strategy action plan circular economy chemicals waste pollution prevention control after:2022-01-01 before:2026-01-01,afwasakm_afwasa_org_SANITATION_AND_WASTEWATER_ATLAS_OF_AFRICA.txt,False,False,False,,0.0,0.0,none,none,unclear,unclear,The document does not contain any information about Brazil or the time window 2022-2026.,The document does not contain any information about Brazil or the time window 2022-2026.,[]
Brazil,2022-2026,https://archive.iwlearn.net/sprep.org/att/publication/Retro/Environmental-Law/Environmental%20Law%20in%20the%20South%20Pacific%20consolidated%20report%20of%20the%20reviews-Reduced.pdf,2022,2026,2024,Environmental Law in the South Pacific,in partnership with UNEP Brazil lead paint regulation promulgated policy law regulation strategy action plan circular economy chemicals waste pollution prevention control after:2022-01-01 before:2026-01-01,archive_iwlearn_net_Environmental_Law_in_the_South_Pacific.txt,False,False,False,,0.0,0.0,none,none,none,none,"The document does not contain explicit evidence related to circular approaches/circular economy, chemicals management, waste management, pollution prevention/control, or policies/laws/regulations in key sectors for Brazil during 2022–2026.","There is no explicit link between UNEP and any policy, law, regulation, strategy, action plan, or official framework in Brazil during 2022–2026.","[""The document is about environmental law in the South Pacific, specifically reviewing environmental laws in the Cook Islands, Federated States of Micronesia, Kingdom of Tonga, Republic of the Marshall Islands, and Solomon Islands.""]"
Brazil,2022-2026,https://cebri.org/media/documentos/arquivos/Urban-Sustainable-DevelopmentD673161a36cdda.pdf,2022,2026,2024,URBAN SUSTAINABLE DEVELOPMENT,in partnership with UNEP Brazil lead paint regulation promulgated policy law regulation strategy action plan circular economy chemicals waste pollution prevention control after:2022-01-01 before:2026-01-01,cebri_org_URBAN_SUSTAINABLE_DEVELOPMENT.txt,False,False,False,,0.0,0.0,none,none,unclear,unclear,No evidence found,No evidence found,[]
Brazil,2022-2026,https://chm.pops.int/Portals/0/download.aspx?d=UNEP-POPS-COP.12-32.English.docx,2022,2026,2024,https://chm.pops.int/Portals/0/download.aspx?d=UNE...,UNEP supported Brazil hazardous waste regulation adopted policy law regulation strategy action plan circular economy chemicals waste pollution prevention control after:2022-01-01 before:2026-01-01,chm_pops_int_https_chm_pops_int_Portals_0_download_aspx_d_UNE_.txt,False,False,False,,0.0,0.0,none,none,unclear,unclear,No evidence found,No evidence found,[]
Brazil,2022-2026,https://climateandsecurity.org/wp-content/uploads/2025/01/26132.pdf,2022,2026,2024,Reckoning with the U.S. Role in Global Ocean Plastic Waste,in partnership with UNEP Brazil lead paint regulation promulgated policy law regulation strategy action plan circular economy chemicals waste pollution prevention control after:2022-01-01 before:2026-01-01,climateandsecurity_org_Reckoning_with_the_U_S_Role_in_Global_Ocean_Plasti.txt,False,False,False,,0.0,0.0,none,none,unclear,none,"The document does not contain explicit evidence related to circular approaches/circular economy, chemicals management, waste management, pollution prevention and control, or policies/laws/regulations in key sectors for Brazil during 2022–2026.","There is no explicit link between UNEP and any policy, law, regulation, strategy, action plan, or official framework in Brazil during 2022–2026.",[]
Brazil,2022-2026,https://cqpress.sagepub.com/cqresearcher/report/plastic-pollution-cqresrre20220617,2022,2026,2024,CQ Researcher - Plastic Pollution,in partnership with UNEP Brazil lead paint regulation promulgated policy law regulation strategy action plan circular economy chemicals waste pollution prevention control after:2022-01-01 before:2026-01-01,cqpress_sagepub_com_CQ_Researcher_Plastic_Pollution.txt,False,False,False,,0.0,0.0,none,none,global,unclear,"The document does not contain explicit evidence related to circular approaches/circular economy, chemicals management, waste management, pollution prevention and control, or policies/laws/regulations in key sectors for Brazil during 2022–2026.",There is no explicit link between UNEP and any policy/law/regulation outcome in Brazil during 2022–2026.,[]
Brazil,2022-2026,https://documents1.worldbank.org/curated/en/099519105182220186/pdf/IDU0c63b027d07bea04c530a5d20fb328528dfd6.pdf,2022,2026,2024,A Journey Down the Indus River Basin in Pakistan,in partnership with UNEP Brazil lead paint regulation promulgated policy law regulation strategy action plan circular economy chemicals waste pollution prevention control after:2022-01-01 before:2026-01-01,documents1_worldbank_org_A_Journey_Down_the_Indus_River_Basin_in_Pakistan.txt,False,False,False,,0.0,0.0,none,none,none,none,"The document does not contain explicit evidence related to circular approaches/circular economy, chemicals management, waste management, pollution prevention/control, or policies/laws/regulations in key sectors for Brazil during 2022-2026.","There is no explicit link between UNEP and any policy, law, regulation, strategy, action plan, or official framework in Brazil during 2022-2026.","[""The document is about plastic waste in the Indus River Basin in Pakistan, not Brazil.""]"
Brazil,2022-2026,https://en.wikipedia.org/wiki/Environmental_policy,2022,2026,2024,Environmental policy,in partnership with UNEP Brazil lead paint regulation promulgated policy law regulation strategy action plan circular economy chemicals waste pollution prevention control after:2022-01-01 before:2026-01-01,en_wikipedia_org_Environmental_policy.txt,False,False,False,,0.0,0.0,none,none,unclear,unclear,No relevant information found,No relevant information found,[]
Brazil,2022-2026,https://en.wikipedia.org/wiki/United_Nations_Environment_Programme,2022,2026,2024,United Nations Environment Programme,UNEP supported Brazil hazardous waste regulation adopted policy law regulation strategy action plan circular economy chemicals waste pollution prevention control after:2022-01-01 before:2026-01-01,en_wikipedia_org_United_Nations_Environment_Programme.txt,False,False,False,,0.0,0.0,none,none,unclear,unclear,"The document does not contain any relevant information about Brazil or the time window 2022-2026 regarding circular economy, chemicals management, waste management, pollution prevention and control policies, laws or regulations.","The document does not contain any information linking UNEP to policy, law, regulation, strategy, action plan, or official framework development, adoption, revision, or implementation in Brazil during 2022-2026.",[]
Brazil,2022-2026,https://enb.iisd.org/basel-rotterdam-stockholm-conventions-brs-cops-2025-summary,2022,2026,2024,Summary report 28 April – 9 May 2025,UNEP supported Brazil hazardous waste regulation adopted policy law regulation strategy action plan circular economy chemicals waste pollution prevention control after:2022-01-01 before:2026-01-01,enb_iisd_org_Summary_report_28_April_9_May_2025.txt,False,False,False,,0.0,0.0,none,none,unclear,unclear,"No relevant information found about Brazil's policies, laws, or regulations related to circular economy, chemicals management, waste management, or pollution prevention and control for the period 2022-2026.","No explicit link to UNEP found in relation to any policy, law, regulation, or framework in Brazil for the period 2022-2026.",[]
Brazil,2022-2026,https://ewastemonitor.info/wp-content/uploads/2022/01/REM_LATAM_2022_ENG_Final.pdf,2022,2026,2024,REGIONAL E-WASTE MONITOR,in partnership with UNEP Brazil lead paint regulation promulgated policy law regulation strategy action plan circular economy chemicals waste pollution prevention control after:2022-01-01 before:2026-01-01,ewastemonitor_info_REGIONAL_E_WASTE_MONITOR.txt,False,False,False,,0.0,0.0,none,none,unclear,unclear,"No evidence found related to chemicals, waste, circular economy, or pollution policies in Brazil for 2022-2026.",No explicit link to UNEP found in the provided text.,[]
Brazil,2022-2026,https://gefcrew.org/carrcu/LBS%20COP6/IG47%20INF4_GEF%20LAC%20Cities_full%20project%20document_EN.pdf,2022,2026,2024,Reduce marine plastics and plastic pollution in Latin ...,in partnership with UNEP Brazil lead paint regulation promulgated policy law regulation strategy action plan circular economy chemicals waste pollution prevention control after:2022-01-01 before:2026-01-01,gefcrew_org_Reduce_marine_plastics_and_plastic_pollution_in_La.txt,False,False,False,,0.0,0.0,none,none,global,none,,,[]
Brazil,2022-2026,https://icca-chem.org/wp-content/uploads/2023/03/Roadmap-For-the-Sound-Management-of-Industrial-Chemicals-EN.pdf,2022,2026,2024,Roadmap-For-the-Sound-Management-of-Industrial- ...,UNEP supported Brazil hazardous waste regulation adopted policy law regulation strategy action plan circular economy chemicals waste pollution prevention control after:2022-01-01 before:2026-01-01,icca-chem_org_Roadmap_For_the_Sound_Management_of_Industrial_.txt,False,False,False,,0.0,0.0,none,none,unclear,unclear,No relevant information found,No relevant information found,[]
Brazil,2022-2026,https://lawreview.vermontlaw.edu/wp-content/uploads/2025/12/21VtLRev873.pdf,2022,2026,2024,WASTE TRADE AND DISPOSAL IN THE AMERICAS,UNEP supported Brazil hazardous waste regulation adopted policy law regulation strategy action plan circular economy chemicals waste pollution prevention control after:2022-01-01 before:2026-01-01,lawreview_vermontlaw_edu_WASTE_TRADE_AND_DISPOSAL_IN_THE_AMERICAS.txt,False,False,False,,0.0,0.0,none,none,global,none,"The document does not contain explicit evidence related to circular approaches/circular economy, chemicals management, waste management, pollution prevention/control, or policies/laws/regulations in key sectors for Brazil during 2022–2026.","There is no explicit link between UNEP and any policy, law, regulation, strategy, action plan, or official framework in Brazil during 2022–2026.",[]
Brazil,2022-2026,https://moef.gov.in/uploads/pdf-uploads/English_Annual_Report_2024-25.pdf,2022,2026,2024,annual report 2024-25,in partnership with UNEP Brazil lead paint regulation promulgated policy law regulation strategy action plan circular economy chemicals waste pollution prevention control after:2022-01-01 before:2026-01-01,moef_gov_in_annual_report_2024_25.txt,False,False,False,,0.0,0.0,none,none,unclear,unclear,"No relevant information found about Brazil's policies, laws, or regulations related to circular economy, chemicals management, waste management, or pollution prevention and control for the period 2022-2026.","No explicit link to UNEP found in relation to any policy, law, regulation, or framework in Brazil for the period 2022-2026.",[]
Brazil,2022-2026,https://niua.in/resources-and-waste/sites/default/files/2022-04/Training_Module_on_Solid_Waste_Management.pdf,2022,2026,2024,Solid Waste Management,in partnership with UNEP Brazil lead paint regulation promulgated policy law regulation strategy action plan circular economy chemicals waste pollution prevention control after:2022-01-01 before:2026-01-01,niua_in_Solid_Waste_Management.txt,False,False,False,,0.0,0.0,none,none,unclear,unclear,"No evidence found related to chemicals, waste, circular economy or pollution policies in Brazil for 2022-2026.",No explicit link to UNEP found in the provided text.,[]
Brazil,2022-2026,https://ocpsiteprodsa.blob.core.windows.net/media/2024-07/OCP_Sustainbility_Report_2023.pdf,2022,2026,2024,Sustainability Integrated Report - Microsoft .NET,in partnership with UNEP Brazil lead paint regulation promulgated policy law regulation strategy action plan circular economy chemicals waste pollution prevention control after:2022-01-01 before:2026-01-01,ocpsiteprodsa_blob_core_windows_net_Sustainability_Integrated_Report_Microsoft_NET.txt,False,False,False,,0.0,0.0,none,none,none,none,"The document does not contain explicit evidence related to circular approaches/circular economy, chemicals management, waste management, pollution prevention/control, or policies/laws/regulations in key sectors for Brazil during 2022–2026.","There is no explicit link between UNEP and any policy, law, regulation, strategy, action plan, or official framework in Brazil during 2022–2026 mentioned in the document.",[]
Brazil,2022-2026,https://onlinelibrary.wiley.com/doi/full/10.1111/jiec.70079,2022,2026,2024,Impact of emerging packaging regulations on international ...,UNEP supported Brazil hazardous waste regulation adopted policy law regulation strategy action plan circular economy chemicals waste pollution prevention control after:2022-01-01 before:2026-01-01,onlinelibrary_wiley_com_Impact_of_emerging_packaging_regulations_on_intern.txt,False,False,False,,0.0,0.0,none,none,unclear,unclear,"The document does not contain explicit evidence related to circular approaches/circular economy, chemicals management, waste management, pollution prevention and control, or policies/laws/regulations in key sectors for Brazil during 2022–2026.",There is no explicit link between UNEP and any policy/law/regulation outcome in Brazil during 2022–2026.,[]
Brazil,2022-2026,https://pfas-1.itrcweb.org/wp-content/uploads/2023/12/Full-PFAS-Guidance-12.11.2023.pdf,2022,2026,2024,Full-PFAS-Guidance-12.11.2023.pdf,in partnership with UNEP Brazil lead paint regulation promulgated policy law regulation strategy action plan circular economy chemicals waste pollution prevention control after:2022-01-01 before:2026-01-01,pfas-1_itrcweb_org_Full_PFAS_Guidance_12_11_2023_pdf.txt,False,False,False,,0.0,0.0,none,none,unclear,none,"No evidence found related to chemicals, waste, circularity, or pollution policies in Brazil for 2022-2026.",No explicit link to UNEP found in the provided text.,[]
Brazil,2022-2026,https://pubs.acs.org/doi/10.1021/acs.estlett.4c00294,2022,2026,2024,Exploring Outputs of the Intergovernmental Science-Policy ...,UNEP supported Brazil hazardous waste regulation adopted policy law regulation strategy action plan circular economy chemicals waste pollution prevention control after:2022-01-01 before:2026-01-01,pubs_acs_org_Exploring_Outputs_of_the_Intergovernmental_Science.txt,False,False,False,,0.0,0.0,none,none,unclear,unclear,"The document does not contain explicit evidence related to circular approaches/circular economy, chemicals management, waste management, pollution prevention and control, or policies/laws/regulations in key sectors for Brazil during 2022–2026.",There is no explicit link between UNEP and any policy/law/regulation outcome in Brazil during 2022–2026.,[]
Brazil,2022-2026,https://quimicos.minambiente.gov.co/wp-content/uploads/2025/09/Report-ULAB-EN.pdf,2022,2026,2024,Extended Producer Responsibility (EPR) schemes for used ...,UNEP supported Brazil hazardous waste regulation adopted policy law regulation strategy action plan circular economy chemicals waste pollution prevention control after:2022-01-01 before:2026-01-01,quimicos_minambiente_gov_co_Extended_Producer_Responsibility_EPR_schemes_for_u.txt,False,False,False,,0.0,0.0,none,none,unclear,unclear,"No evidence found related to chemicals, waste, circularity, or pollution policies in Brazil for 2022-2026.",No explicit UNEP linkage found.,[]
Brazil,2022-2026,https://resolutions.unep.org/incres/uploads/k2512852e_-_unep-pp-inc-5-crp.1_-_amended_final.pdf,2022,2026,2024,United Nations Environment Programme Assembled text*,UNEP supported Brazil hazardous waste regulation adopted policy law regulation strategy action plan circular economy chemicals waste pollution prevention control after:2022-01-01 before:2026-01-01,resolutions_unep_org_United_Nations_Environment_Programme_Assembled_tex.txt,False,False,False,,0.0,0.0,none,none,none,none,"The document does not contain explicit evidence related to circular approaches/circular economy, chemicals management, waste management, pollution prevention/control, or policies/laws/regulations in key sectors for Brazil during 2022–2026.","There is no explicit link between UNEP and the development/adoption/revision/implementation of any policy, law, regulation, strategy, action plan, or official framework in Brazil during 2022–2026.","[""This document does not mention Brazil or any specific actions taken by Brazil during 2022-2026.""]"
Brazil,2022-2026,https://saicmknowledge.org/library,2022,2026,2024,Library,UNEP supported Brazil hazardous waste regulation adopted policy law regulation strategy action plan circular economy chemicals waste pollution prevention control after:2022-01-01 before:2026-01-01,saicmknowledge_org_Library.txt,False,False,False,,0.0,0.0,none,none,unclear,unclear,No relevant information found,No relevant information found,[]
Brazil,2022-2026,https://saicmknowledge.org/sites/default/files/resources/2212521_E_UNEP_SAICM_GEF9771_LIP_TechGuide_WEB.pdf,2022,2026,2024,Reformulation is entirely possible,in partnership with UNEP Brazil lead paint regulation promulgated policy law regulation strategy action plan circular economy chemicals waste pollution prevention control after:2022-01-01 before:2026-01-01,saicmknowledge_org_Reformulation_is_entirely_possible.txt,False,False,False,,0.0,0.0,none,none,unclear,unclear,"No relevant information found about Brazil's policies, laws, or regulations related to circular economy, chemicals management, waste management, or pollution prevention and control during 2022-2026.","No explicit link to UNEP found in relation to Brazil's policies, laws, or regulations on circular economy, chemicals management, waste management, or pollution prevention and control during 2022-2026.",[]
Brazil,2022-2026,https://saicmknowledge.org/sites/default/files/resources/Lead%20in%20Paint%20leaflet.pdf,2022,2026,2024,LEAD IN PAINT,in partnership with UNEP Brazil lead paint regulation promulgated policy law regulation strategy action plan circular economy chemicals waste pollution prevention control after:2022-01-01 before:2026-01-01,saicmknowledge_org_LEAD_IN_PAINT.txt,False,False,False,,0.0,0.0,none,none,unclear,unclear,No relevant information found,No relevant information found,[]
Brazil,2022-2026,https://sdg.iisd.org/news/43-of-all-countries-have-lead-paint-laws-unep-update/,2022,2026,2024,43% of All Countries Have Lead Paint Laws: UNEP Update,in partnership with UNEP Brazil lead paint regulation promulgated policy law regulation strategy action plan circular economy chemicals waste pollution prevention control after:2022-01-01 before:2026-01-01,sdg_iisd_org_43_of_All_Countries_Have_Lead_Paint_Laws_UNEP_Upda.txt,False,False,False,,0.0,0.0,none,none,unclear,unclear,No relevant information found,No UNEP attribution found,[]
Brazil,2022-2026,https://unece.org/sites/default/files/2022-01/ECECESSTAT20212.pdf,2022,2026,2024,Conference of European Statisticians Framework on Waste ...,UNEP supported Brazil hazardous waste regulation adopted policy law regulation strategy action plan circular economy chemicals waste pollution prevention control after:2022-01-01 before:2026-01-01,unece_org_Conference_of_European_Statisticians_Framework_on_.txt,False,False,False,,0.0,0.0,none,none,unclear,unclear,No relevant information found,No relevant information found,[]
Brazil,2022-2026,https://unesdoc.unesco.org/ark:/48223/pf0000393244,2022,2026,2024,Emerging pollutants: protecting water quality for the health ...,in partnership with UNEP Brazil lead paint regulation promulgated policy law regulation strategy action plan circular economy chemicals waste pollution prevention control after:2022-01-01 before:2026-01-01,unesdoc_unesco_org_Emerging_pollutants_protecting_water_quality_for_t.txt,False,False,False,,0.0,0.0,none,none,unclear,unclear,"The document does not contain explicit evidence related to circular approaches/circular economy, chemicals management, waste management, pollution prevention and control, or policies/laws/regulations in key sectors for Brazil during 2022-2026.",There is no explicit link between UNEP and any policy/law/regulation outcome in Brazil during 2022-2026.,[]
Brazil,2022-2026,https://unfccc.int/sites/default/files/resource/India%20BUR-4.pdf,2022,2026,2024,India BUR-4.pdf,in partnership with UNEP Brazil lead paint regulation promulgated policy law regulation strategy action plan circular economy chemicals waste pollution prevention control after:2022-01-01 before:2026-01-01,unfccc_int_India_BUR_4_pdf.txt,False,False,False,,0.0,0.0,none,none,national,none,"The document is about India's Fourth Biennial Update Report to the UNFCCC and does not contain explicit evidence related to circular approaches/circular economy, chemicals management, waste management, pollution prevention/control, or policies/laws/regulations in key sectors for Brazil during 2022-2026.","There is no explicit link between UNEP and any policy, law, regulation, strategy, action plan, or official framework in Brazil during 2022-2026.","[""The document is about India, not Brazil.""]"
Brazil,2022-2026,https://wfuna.org/wp-content/uploads/2025/11/WIMUNNY26-AB-UNEA.pdf,2022,2026,2024,WIMUNNY26 AB UNEA,UNEP supported Brazil hazardous waste regulation adopted policy law regulation strategy action plan circular economy chemicals waste pollution prevention control after:2022-01-01 before:2026-01-01,wfuna_org_WIMUNNY26_AB_UNEA.txt,False,False,False,,0.0,0.0,none,none,unclear,unclear,No relevant information found,No relevant information found,[]
Brazil,2022-2026,https://www-pub.iaea.org/MTCD/publications/PDF/p15294-PUB2089_web.pdf,2022,2026,2024,Policies and Strategies for the Management of NORM ...,UNEP supported Brazil hazardous waste regulation adopted policy law regulation strategy action plan circular economy chemicals waste pollution prevention control after:2022-01-01 before:2026-01-01,www-pub_iaea_org_Policies_and_Strategies_for_the_Management_of_NORM.txt,False,False,False,,0.0,0.0,none,none,unclear,unclear,No relevant information found,No relevant information found,[]
Brazil,2022-2026,https://www.basel.int/Portals/4/download.aspx?d=UNEP-CHW.15-6-Add.1-Rev.1.English.pdf,2022,2026,2024,Technical guidelines,UNEP supported Brazil hazardous waste regulation adopted policy law regulation strategy action plan circular economy chemicals waste pollution prevention control after:2022-01-01 before:2026-01-01,www_basel_int_Technical_guidelines.txt,False,False,False,,0.0,0.0,none,none,unclear,unclear,No relevant information found,No relevant information found,[]
Brazil,2022-2026,https://www.basel.int/Portals/4/download.aspx?d=UNEP-CHW.15-6-Add.6-Rev.1.English.pdf,2022,2026,2024,Technical guidelines,in partnership with UNEP Brazil lead paint regulation promulgated policy law regulation strategy action plan circular economy chemicals waste pollution prevention control after:2022-01-01 before:2026-01-01,www_basel_int_Technical_guidelines.txt,False,False,False,,0.0,0.0,none,none,unclear,unclear,"No evidence found related to chemicals, waste, circular economy, or pollution policies in Brazil for 2022-2026.",No explicit link to UNEP found in the provided text.,[]
Brazil,2022-2026,https://www.brsmeas.org/MediaHub/PressReleases/tabid/2644/language/en-US/Default.aspx,2022,2026,2024,BRS Conventions > Media Hub > Press Releases,UNEP supported Brazil hazardous waste regulation adopted policy law regulation strategy action plan circular economy chemicals waste pollution prevention control after:2022-01-01 before:2026-01-01,www_brsmeas_org_BRS_Conventions_Media_Hub_Press_Releases.txt,False,False,False,,0.0,0.0,none,none,unclear,unclear,No relevant information found,No UNEP attribution found,[]
Brazil,2022-2026,https://www.cec.org/files/documents/publications/2143-moving-forward-pollution-prevention-in-north-america-en.pdf,2022,2026,2024,Moving Forward with Pollution Prevention in North America,UNEP supported Brazil hazardous waste regulation adopted policy law regulation strategy action plan circular economy chemicals waste pollution prevention control after:2022-01-01 before:2026-01-01,www_cec_org_Moving_Forward_with_Pollution_Prevention_in_North_.txt,False,False,False,,0.0,0.0,none,none,unclear,unclear,No relevant information found,No UNEP link found,[]
Brazil,2022-2026,https://www.chemradar.com/en/guide/detail/eoeufztyzchs,2022,2026,2024,Brazilian REACH Compliance Guide,UNEP supported Brazil hazardous waste regulation adopted policy law regulation strategy action plan circular economy chemicals waste pollution prevention control after:2022-01-01 before:2026-01-01,www_chemradar_com_Brazilian_REACH_Compliance_Guide.txt,False,False,False,,0.0,0.0,none,none,unclear,unclear,"No evidence found related to chemicals, waste, circular economy, or pollution policies in Brazil for 2022-2026.",No explicit link to UNEP found in the provided text.,[]
Brazil,2022-2026,https://www.coatingsworld.com/brazil-advances-regulation-for-lead-limits-in-paint/,2022,2026,2024,Brazil Advances Regulation for Lead Limits in Paint,in partnership with UNEP Brazil lead paint regulation promulgated policy law regulation strategy action plan circular economy chemicals waste pollution prevention control after:2022-01-01 before:2026-01-01,www_coatingsworld_com_Brazil_Advances_Regulation_for_Lead_Limits_in_Pain.txt,False,False,False,,0.0,0.0,none,none,unclear,none,"No evidence found related to chemicals, waste, circular economy, or pollution policies in Brazil for 2022-2026.",No explicit link to UNEP found in the provided text.,[]
Brazil,2022-2026,https://www.consumersinternational.org/media/451295/overview-of-policies-and-practices.pdf,2022,2026,2024,E-commerce and Product Sustainability Information,in partnership with UNEP Brazil lead paint regulation promulgated policy law regulation strategy action plan circular economy chemicals waste pollution prevention control after:2022-01-01 before:2026-01-01,www_consumersinternational_org_E_commerce_and_Product_Sustainability_Information.txt,False,False,False,,0.0,0.0,none,none,unclear,unclear,"No evidence found related to chemicals, waste, circularity, or pollution policies in Brazil for 2022-2026.",No explicit link to UNEP found in relation to SP3.1 outcomes for Brazil in 2022-2026.,[]
Brazil,2022-2026,https://www.enhesa.com/resources/article/brazils-renewed-focus-on-chemical-policies/,2022,2026,2024,Brazil's renewed focus on chemical policies,UNEP supported Brazil hazardous waste regulation adopted policy law regulation strategy action plan circular economy chemicals waste pollution prevention control after:2022-01-01 before:2026-01-01,www_enhesa_com_Brazil_s_renewed_focus_on_chemical_policies.txt,False,False,False,,0.0,0.0,none,none,unclear,unclear,"No evidence found related to chemicals, waste, circular economy, or pollution policies in Brazil during 2022-2026.",No explicit link to UNEP found in the provided text.,[]
Brazil,2022-2026,https://www.env.go.jp/content/000086490.pdf,2022,2026,2024,G20 Report on Actions against Marine Plastic Litter,in partnership with UNEP Brazil lead paint regulation promulgated policy law regulation strategy action plan circular economy chemicals waste pollution prevention control after:2022-01-01 before:2026-01-01,www_env_go_jp_G20_Report_on_Actions_against_Marine_Plastic_Litte.txt,True,False,False,,81.0,0.0,national plan,adopted,national,cross-sectoral,"The document mentions Brazil's National Plan to Combat Marine Litter, which aims to reduce the impacts of marine litter on coastal and marine ecosystems and improve the quality of life of Brazilian citizens.","There is no explicit mention of UNEP's involvement in the development, adoption, revision, or implementation of Brazil's National Plan to Combat Marine Litter.","[""Brazil National Plan to Combat Marine Litter Overall, this national initiative aims to reduce as much as possible the impacts of marine litter (including plastic ) on coastal and marine ecosystems and to improve life quality of Brazilian citizens.""]"
Brazil,2022-2026,https://www.epa.gov/system/files/documents/2023-04/fy24-cj-05-epm.pdf,2022,2026,2024,Environmental Programs and Management,in partnership with UNEP Brazil lead paint regulation promulgated policy law regulation strategy action plan circular economy chemicals waste pollution prevention control after:2022-01-01 before:2026-01-01,www_epa_gov_Environmental_Programs_and_Management.txt,False,False,False,,0.0,0.0,none,none,unclear,unclear,No relevant information found,No relevant information found,[]
Brazil,2022-2026,https://www.epa.gov/system/files/documents/2023-07/SWM_PlasticWaste-Final.pdf,2022,2026,2024,Addressing Plastic Waste,UNEP supported Brazil hazardous waste regulation adopted policy law regulation strategy action plan circular economy chemicals waste pollution prevention control after:2022-01-01 before:2026-01-01,www_epa_gov_Addressing_Plastic_Waste.txt,False,False,False,,0.0,0.0,none,none,unclear,none,"The document could not be retrieved, and therefore no evidence could be assessed.","The document could not be retrieved, and therefore no evidence could be assessed.",[]
Brazil,2022-2026,https://www.facebook.com/GIS.Mauritius/posts/minister-ramano-launches-workshop-focusing-on-safer-waste-management-systema-one/284573124268400/,2022,2026,2024,Minister Ramano launches Workshop focusing on Safer ...,in partnership with UNEP Brazil lead paint regulation promulgated policy law regulation strategy action plan circular economy chemicals waste pollution prevention control after:2022-01-01 before:2026-01-01,www_facebook_com_Minister_Ramano_launches_Workshop_focusing_on_Safe.txt,False,False,False,,0.0,0.0,none,none,unclear,none,"The document is not about Brazil and does not contain explicit evidence related to circular approaches/circular economy, chemicals management, waste management, pollution prevention and control, or policies/laws/regulations in key sectors for Brazil during 2022-2026.",There is no explicit link between UNEP and any policy/law/regulation outcome in Brazil during 2022-2026.,[]
Brazil,2022-2026,https://www.facebook.com/TheGEF1/posts/%EF%B8%8F-a-life-cycle-approach-to-plastics-could-save-70-billion-in-waste-costs-and-45-/1236111801877687/,2022,2026,2024,♻️ A life-cycle approach to plastics could save $70 billion ...,UNEP supported Brazil hazardous waste regulation adopted policy law regulation strategy action plan circular economy chemicals waste pollution prevention control after:2022-01-01 before:2026-01-01,www_facebook_com__A_life_cycle_approach_to_plastics_could_save_70_b.txt,False,False,False,,0.0,0.0,none,none,global,none,"The document does not contain explicit evidence related to circular approaches/circular economy, chemicals management, waste management, pollution prevention and control, or policies/laws/regulations in key sectors for Brazil in 2022-2026.",There is no explicit link between UNEP and any policy/law/regulation outcome in Brazil during 2022-2026.,[]
Brazil,2022-2026,https://www.facebook.com/groups/sustainability.supporters/posts/10161888672264862/,2022,2026,2024,Uniting Against Pollution: New UN Panel Takes Aim ...,UNEP supported Brazil hazardous waste regulation adopted policy law regulation strategy action plan circular economy chemicals waste pollution prevention control after:2022-01-01 before:2026-01-01,www_facebook_com_Uniting_Against_Pollution_New_UN_Panel_Takes_Aim_.txt,False,False,False,,0.0,0.0,none,none,global,unclear,"The document does not contain explicit evidence related to circular approaches/circular economy, chemicals management, waste management, pollution prevention and control, or policies/laws/regulations in key sectors for Brazil during 2022-2026.","The document mentions UNEP but does not explicitly link UNEP to development/adoption/revision/implementation/strengthening of any policy, law, regulation, strategy, action plan, or official framework in Brazil during 2022-2026.",[]
Brazil,2022-2026,https://www.frontiersin.org/journals/marine-science/articles/10.3389/fmars.2024.1481635/full,2022,2026,2024,Environmental legislation analysis improvement approach ...,UNEP supported Brazil hazardous waste regulation adopted policy law regulation strategy action plan circular economy chemicals waste pollution prevention control after:2022-01-01 before:2026-01-01,www_frontiersin_org_Environmental_legislation_analysis_improvement_app.txt,False,False,False,,0.0,0.0,none,none,none,none,"The document does not contain explicit evidence related to circular approaches/circular economy, chemicals management, waste management, pollution prevention/control, or policies/laws/regulations in key sectors for Brazil during 2022-2026.","There is no explicit link between UNEP and the development/adoption/revision/implementation of policies, laws, regulations, strategies, action plans, or official frameworks in Brazil during 2022-2026.",[]
Brazil,2022-2026,https://www.giz.de/en/downloads/giz2025-en-3RproMar-capacity-building.pdf,2022,2026,2024,Capacity Building to Support Marine Litter Reduction in the ...,UNEP supported Brazil hazardous waste regulation adopted policy law regulation strategy action plan circular economy chemicals waste pollution prevention control after:2022-01-01 before:2026-01-01,www_giz_de_Capacity_Building_to_Support_Marine_Litter_Reducti.txt,False,False,False,,0.0,0.0,none,none,none,none,"The document does not contain explicit evidence related to circular approaches/circular economy, chemicals management, waste management, pollution prevention/control, or policies/laws/regulations in key sectors for Brazil during 2022–2026.","There is no explicit link between UNEP and any policy, law, regulation, strategy, action plan, or official framework in Brazil during 2022–2026.",[]
Brazil,2022-2026,https://www.globalcompliancenews.com/2024/08/21/brazil-new-federal-law-establishes-guidelines-for-drawing-up-climate-change-adaptation-plans/,2022,2026,2024,Brazil: New federal law establishes guidelines for drawing ...,in partnership with UNEP Brazil lead paint regulation promulgated policy law regulation strategy action plan circular economy chemicals waste pollution prevention control after:2022-01-01 before:2026-01-01,www_globalcompliancenews_com_Brazil_New_federal_law_establishes_guidelines_for_.txt,False,False,False,,80.0,0.0,climate change adaptation law,adopted,national,cross-sectoral,"The document does not contain explicit evidence related to circular approaches/circular economy, chemicals management, waste management, pollution prevention/control, or policies/laws/regulations in key sectors related to chemicals, waste, or pollution.","There is no explicit link between UNEP and the development/adoption/revision/implementation of the policy, law, regulation, strategy, or framework in Brazil during 2022–2026.","[""Federal Law No. 14.904/2024 was published. The law establishes guidelines for the preparation of climate change adaptation plans""]"
Brazil,2022-2026,https://www.gov.uk/government/publications/international-environmental-protection-report/international-environmental-protection-report-april-2022-to-march-2024,2022,2026,2024,International environmental protection report (April 2022 to ...,UNEP supported Brazil hazardous waste regulation adopted policy law regulation strategy action plan circular economy chemicals waste pollution prevention control after:2022-01-01 before:2026-01-01,www_gov_uk_International_environmental_protection_report_Apri.txt,False,False,False,,0.0,0.0,none,none,global,unclear,"The document does not contain explicit evidence related to circular approaches/circular economy, chemicals management, waste management, pollution prevention and control, or policies/laws/regulations in key sectors for Brazil during 2022-2026.","There is no explicit link between UNEP and any policy, law, regulation, strategy, action plan, or official framework in Brazil during 2022-2026.",[]
Brazil,2022-2026,https://www.lifecycleinitiative.org/may-june-2025-lc-net-newsletter/,2022,2026,2024,May/June 2025 LC Net Newsletter,UNEP supported Brazil hazardous waste regulation adopted policy law regulation strategy action plan circular economy chemicals waste pollution prevention control after:2022-01-01 before:2026-01-01,www_lifecycleinitiative_org_May_June_2025_LC_Net_Newsletter.txt,False,False,False,,0.0,0.0,none,none,unclear,unclear,"The document does not contain explicit evidence related to circular approaches/circular economy, chemicals management, waste management, pollution prevention and control, or policies/laws/regulations in key sectors for Brazil in 2022-2026.",There is no explicit link between UNEP and any policy/law/regulation outcome in Brazil during 2022-2026.,[]
Brazil,2022-2026,https://www.linkedin.com/posts/jacob-olonde-69494a30_welcome-to-the-new-green-year-2025-to-address-activity-7282020198944002048-dPbG,2022,2026,2024,"Welcome to the New Green Year, 2025 | Jacob Olonde",UNEP supported Brazil hazardous waste regulation adopted policy law regulation strategy action plan circular economy chemicals waste pollution prevention control after:2022-01-01 before:2026-01-01,www_linkedin_com_Welcome_to_the_New_Green_Year_2025_Jacob_Olonde.txt,False,False,False,,0.0,0.0,none,none,global,unclear,"The document does not contain explicit evidence related to circular approaches/circular economy, chemicals management, waste management, pollution prevention and control, or policies/laws/regulations in key sectors for Brazil during 2022-2026.",There is no explicit link between UNEP and any policy/law/regulation outcome in Brazil during 2022-2026.,[]
Brazil,2022-2026,https://www.linkedin.com/posts/melissa-owen_pfas-latinamerica-pfos-activity-7300099719697944576-exA9,2022,2026,2024,"Brazil introduces first PFAS bill, focuses on PFOS",UNEP supported Brazil hazardous waste regulation adopted policy law regulation strategy action plan circular economy chemicals waste pollution prevention control after:2022-01-01 before:2026-01-01,www_linkedin_com_Brazil_introduces_first_PFAS_bill_focuses_on_PFOS.txt,True,False,False,,80.0,0.0,chemicals management policy,developing,national,environment,"The document discusses Brazil's introduction of a PFAS bill in 2023, which aims to regulate PFAS emissions, use, production, and disposal. The bill has been presented to three Committees in the Chamber of Deputies and has progressed to the Environment Committee for review.",There is no explicit mention of UNEP's involvement or support in the development of Brazil's PFAS bill or the National Implementation Plan for POPs.,"[""Brazil introduces first PFAS bill, focuses on PFOS"", ""Presented in late June 2023 and set for review by three Committees in the Chamber of Deputies"", ""the bill has not moved very fast"", ""the rapporteur (relatora) in the first of the three Committees – Environment Sustainable Development – moved for approval of a substitute version"", ""Brazil incorporated PFOS, a member of the PFAS family, in its most recent National Implementation Plan for POPs""]"
Brazil,2022-2026,https://www.mcci.org/media/321904/waste-plastic-free-report-web-version-2803.pdf,2022,2026,2024,Waste Plastic Free Mauritius,in partnership with UNEP Brazil lead paint regulation promulgated policy law regulation strategy action plan circular economy chemicals waste pollution prevention control after:2022-01-01 before:2026-01-01,www_mcci_org_Waste_Plastic_Free_Mauritius.txt,False,False,False,,0.0,0.0,none,none,none,none,"The document does not contain explicit evidence related to circular approaches/circular economy, chemicals management, waste management, pollution prevention/control, or policies/laws/regulations in key sectors for Brazil during 2022–2026.","There is no explicit link between UNEP and any policy, law, regulation, strategy, action plan, or official framework in Brazil during 2022–2026.","[""The document is about Mauritius, not Brazil.""]"
Brazil,2022-2026,https://www.mdpi.com/2073-4441/17/10/1547,2022,2026,2024,International Legal Systems in Tackling the Marine Plastic ...,UNEP supported Brazil hazardous waste regulation adopted policy law regulation strategy action plan circular economy chemicals waste pollution prevention control after:2022-01-01 before:2026-01-01,www_mdpi_com_International_Legal_Systems_in_Tackling_the_Marine.txt,False,False,False,,0.0,0.0,none,none,unclear,unclear,"The document does not contain explicit evidence related to circular approaches/circular economy, chemicals management, waste management, pollution prevention and control, or policies/laws/regulations in key sectors for Brazil during 2022–2026.",There is no explicit link between UNEP and any policy/law/regulation outcome in Brazil during 2022–2026.,[]
Brazil,2022-2026,https://www.mitsui.com/jp/en/sustainability/sustainabilityreport/2024/pdf/en_sustainability_2024.pdf,2022,2026,2024,Sustainability Report 2024,in partnership with UNEP Brazil lead paint regulation promulgated policy law regulation strategy action plan circular economy chemicals waste pollution prevention control after:2022-01-01 before:2026-01-01,www_mitsui_com_Sustainability_Report_2024.txt,False,False,False,,0.0,0.0,none,none,unclear,unclear,"The document does not contain any relevant information about chemicals, waste, circular economy, or pollution policies in Brazil for the period 2022-2026.","There is no mention of UNEP in relation to any policy, law, or regulation in the provided text.",[]
Brazil,2022-2026,https://www.nist.gov/document/nistir8438fy21,2022,2026,2024,Twenty-Fifth Annual Report on Federal Agency Use of ...,in partnership with UNEP Brazil lead paint regulation promulgated policy law regulation strategy action plan circular economy chemicals waste pollution prevention control after:2022-01-01 before:2026-01-01,www_nist_gov_Twenty_Fifth_Annual_Report_on_Federal_Agency_Use_o.txt,False,False,False,,0.0,0.0,none,none,national,none,"The document does not contain explicit evidence related to circular approaches/circular economy, chemicals management, waste management, pollution prevention and control, or policies/laws/regulations in key sectors for Brazil during 2022-2026.","There is no explicit link between UNEP and any policy, law, regulation, strategy, action plan, or official framework in Brazil during 2022-2026.","[""No relevant evidence found""]"
Brazil,2022-2026,https://www.npc.gov.na/wp-content/uploads/2022/06/Environmental-Law-and-Policy-in-Namibia-2011-1.pdf,2022,2026,2024,"Environmental Law and Policy in Namibia, 2011",in partnership with UNEP Brazil lead paint regulation promulgated policy law regulation strategy action plan circular economy chemicals waste pollution prevention control after:2022-01-01 before:2026-01-01,www_npc_gov_na_Environmental_Law_and_Policy_in_Namibia_2011.txt,False,False,False,,0.0,0.0,none,none,unclear,unclear,"The document is not about Brazil and does not contain any relevant information about chemicals, waste, or pollution policies.",There is no explicit link to UNEP or any relevant information about Brazil's policies.,[]
Brazil,2022-2026,https://www.oecd.org/content/dam/oecd/en/publications/reports/2025/07/regional-plastics-outlook-for-southeast-and-east-asia_2e7d80a6/5a8ff43c-en.pdf,2022,2026,2024,Regional Plastics Outlook for Southeast and East Asia,in partnership with UNEP Brazil lead paint regulation promulgated policy law regulation strategy action plan circular economy chemicals waste pollution prevention control after:2022-01-01 before:2026-01-01,www_oecd_org_Regional_Plastics_Outlook_for_Southeast_and_East_A.txt,False,False,False,,0.0,0.0,none,none,global,none,"The document does not contain explicit evidence related to circular approaches/circular economy, chemicals management, waste management, pollution prevention/control, or policies/laws/regulations in key sectors for Brazil during 2022–2026.","There is no explicit link between UNEP and any policy, law, regulation, strategy, action plan, or official framework in Brazil during 2022–2026.",[]
Brazil,2022-2026,https://www.oecd.org/en/publications/regional-plastics-outlook-for-southeast-and-east-asia_5a8ff43c-en/full-report/the-landscape-of-current-policies-to-tackle-plastic-pollution_408249bf.html,2022,2026,2024,Regional Plastics Outlook for Southeast and East Asia,UNEP supported Brazil hazardous waste regulation adopted policy law regulation strategy action plan circular economy chemicals waste pollution prevention control after:2022-01-01 before:2026-01-01,www_oecd_org_Regional_Plastics_Outlook_for_Southeast_and_East_A.txt,False,False,False,,0.0,0.0,none,none,global,none,"The document does not contain explicit evidence related to circular approaches/circular economy, chemicals management, waste management, pollution prevention/control, or policies/laws/regulations in key sectors for Brazil during 2022–2026.","There is no explicit link between UNEP and any policy, law, regulation, strategy, action plan, or official framework in Brazil during 2022–2026.","[""The document is a general report on plastic pollution in Southeast and East Asia, and does not specifically mention Brazil or provide evidence of policies, laws, or regulations related to chemicals, waste, or pollution in Brazil.""]"
Brazil,2022-2026,https://www.oneplanetnetwork.org/sites/default/files/from-crm/UNEP_2022_%2520SPP_Global_Review_Part_1_0.pdf,2022,2026,2024,2022 GLOBAL REVIEW,UNEP supported Brazil hazardous waste regulation adopted policy law regulation strategy action plan circular economy chemicals waste pollution prevention control after:2022-01-01 before:2026-01-01,www_oneplanetnetwork_org_2022_GLOBAL_REVIEW.txt,False,False,False,,0.0,0.0,none,none,unclear,unclear,"No evidence found related to chemicals, waste, circular economy, or pollution policies in Brazil during 2022-2026.",No explicit link to UNEP found in the context of SP3.1 policy/law/regulation outcomes in Brazil during 2022-2026.,[]
Brazil,2022-2026,https://www.researchgate.net/publication/357844343_Waste_management_in_fashion_and_textile_industry_Recent_advances_and_trends_life-cycle_assessment_and_circular_economy,2022,2026,2024,(PDF) Waste management in fashion and textile industry,in partnership with UNEP Brazil lead paint regulation promulgated policy law regulation strategy action plan circular economy chemicals waste pollution prevention control after:2022-01-01 before:2026-01-01,www_researchgate_net__PDF_Waste_management_in_fashion_and_textile_indus.txt,False,False,False,,0.0,0.0,none,none,unclear,none,"The document does not contain explicit evidence related to circular approaches/circular economy, chemicals management, waste management, pollution prevention and control, or policies/laws/regulations in key sectors for Brazil during 2022-2026.",There is no explicit link between UNEP and any policy/law/regulation outcome in the document.,[]
Brazil,2022-2026,https://www.sciencedirect.com/science/article/pii/S2666188825006847,2022,2026,2024,An analysis of the legal and management aspects of plastic ...,UNEP supported Brazil hazardous waste regulation adopted policy law regulation strategy action plan circular economy chemicals waste pollution prevention control after:2022-01-01 before:2026-01-01,www_sciencedirect_com_An_analysis_of_the_legal_and_management_aspects_of.txt,False,False,False,,0.0,0.0,none,none,unclear,none,"The document does not contain any information related to chemicals, waste, circular economy, or pollution policies in Brazil for the period 2022-2026.",The document does not mention UNEP or any related activities.,[]
Brazil,2022-2026,https://www.un.org/en/climatechange/reports,2022,2026,2024,Climate Reports,UNEP supported Brazil hazardous waste regulation adopted policy law regulation strategy action plan circular economy chemicals waste pollution prevention control after:2022-01-01 before:2026-01-01,www_un_org_Climate_Reports.txt,False,False,False,,0.0,0.0,none,none,unclear,unclear,No relevant information found,No relevant information found,[]
Brazil,2022-2026,https://www.undp.org/sites/g/files/zskgke326/files/2022-03/UNDP-GEF-Transitioning-to-a-Circular-Economy-Through-Chemical-and-Waste-Management.pdf,2022,2026,2024,TRANSITIONING TO A CIRCULAR ECONOMY THROUGH ...,UNEP supported Brazil hazardous waste regulation adopted policy law regulation strategy action plan circular economy chemicals waste pollution prevention control after:2022-01-01 before:2026-01-01,www_undp_org_TRANSITIONING_TO_A_CIRCULAR_ECONOMY_THROUGH_.txt,False,False,False,,0.0,0.0,none,none,global,unclear,"The document does not contain explicit evidence related to circular approaches/circular economy, chemicals management, waste management, pollution prevention and control, or policies/laws/regulations in key sectors for Brazil during 2022-2026.","There is no explicit link between UNEP and any policy, law, regulation, strategy, action plan, or official framework in Brazil during 2022-2026.","[""No relevant evidence found.""]"
Brazil,2022-2026,https://www.unep.org/annualreport/2022,2022,2026,2024,"UNEP, annual report, 2022",UNEP supported Brazil hazardous waste regulation adopted policy law regulation strategy action plan circular economy chemicals waste pollution prevention control after:2022-01-01 before:2026-01-01,www_unep_org_UNEP_annual_report_2022.txt,False,False,False,,0.0,0.0,none,none,unclear,unclear,No evidence found,No evidence found,[]
Brazil,2022-2026,https://www.unep.org/news-and-stories/press-release/unep-and-ministry-environment-sign-agreement-reinforce-environmental,2022,2026,2024,UNEP and Ministry of Environment sign agreement to ...,in partnership with UNEP Brazil lead paint regulation promulgated policy law regulation strategy action plan circular economy chemicals waste pollution prevention control after:2022-01-01 before:2026-01-01,www_unep_org_UNEP_and_Ministry_of_Environment_sign_agreement_to.txt,False,False,False,,0.0,0.0,none,none,unclear,unclear,No relevant information found,No relevant information found,[]
Brazil,2022-2026,https://www.unep.org/topics/chemicals-and-pollution-action/chemicals-management/pollution-and-health/heavy-metals/global,2022,2026,2024,Global Alliance to Eliminate Lead Paint,in partnership with UNEP Brazil lead paint regulation promulgated policy law regulation strategy action plan circular economy chemicals waste pollution prevention control after:2022-01-01 before:2026-01-01,www_unep_org_Global_Alliance_to_Eliminate_Lead_Paint.txt,False,False,False,,0.0,0.0,none,none,unclear,unclear,"No evidence found related to chemicals, waste, circular economy, or pollution policies in Brazil for 2022-2026.",No explicit link to UNEP found in relation to SP3.1 outcomes for Brazil in 2022-2026.,[]
Brazil,2022-2026,https://www.unido.org/sites/default/files/files/2022-01/REM_LATAM_2021_ENG_Final_dec_10.pdf,2022,2026,2024,"REGIONAL E-WASTE MONITOR for Latin-America, 2021",in partnership with UNEP Brazil lead paint regulation promulgated policy law regulation strategy action plan circular economy chemicals waste pollution prevention control after:2022-01-01 before:2026-01-01,www_unido_org_REGIONAL_E_WASTE_MONITOR_for_Latin_America_2021.txt,False,False,False,,0.0,0.0,none,none,unclear,unclear,No evidence found,No evidence found,[]
Brazil,2022-2026,https://www.who.int/publications/i/item/978924005002,2022,2026,2024,Update on the global status of legal limits on lead in paint ...,in partnership with UNEP Brazil lead paint regulation promulgated policy law regulation strategy action plan circular economy chemicals waste pollution prevention control after:2022-01-01 before:2026-01-01,www_who_int_Update_on_the_global_status_of_legal_limits_on_lea.txt,False,False,False,,0.0,0.0,none,none,unclear,unclear,No relevant information found,No relevant information found,[]
Ghana,2018-2022,https://academic.oup.com/ieam/article/20/1/9/7725080,2018,2022,2020,Solid waste management in the context of the waste hierarchy ...,UNEP provided technical assistance Ghana air pollution control policy adopted policy law regulation strategy action plan circular economy chemicals waste pollution prevention control after:2018-01-01 before:2022-01-01,academic_oup_com_Solid_waste_management_in_the_context_of_the_waste.txt,False,False,False,,0.0,0.0,none,none,global,unclear,"The document does not contain explicit evidence related to circular approaches/circular economy, chemicals management, waste management, pollution prevention/control, or policies/laws/regulations in key sectors for Ghana during 2018-2022.","There is no explicit link between UNEP and any policy, law, regulation, strategy, action plan, or official framework in Ghana during 2018-2022.",[]
Ghana,2018-2022,https://apps1.unep.org/resolutions/uploads/unep_aheg_2018_1_inf_4_unea2_edited.pdf,2018,2022,2020,United Nations Environment Assembly of the ...,UNEP provided technical assistance Ghana air pollution control policy adopted policy law regulation strategy action plan circular economy chemicals waste pollution prevention control after:2018-01-01 before:2022-01-01,apps1_unep_org_United_Nations_Environment_Assembly_of_the_.txt,False,False,False,,0.0,0.0,none,none,global,none,"The document does not contain explicit evidence related to circular approaches/circular economy, chemicals management, waste management, pollution prevention/control, or policies/laws/regulations in key sectors for Ghana during 2018-2022.","There is no explicit link between UNEP and any policy, law, regulation, strategy, action plan, or official framework in Ghana during 2018-2022.","[""The document is a report on marine plastic debris and microplastics, focusing on global lessons and research to inspire action and guide policy change. It does not mention Ghana or any specific policies, laws, or regulations related to chemicals, waste, or pollution control in Ghana.""]"
Ghana,2018-2022,https://docs.un.org/en/A/74/25,2018,2022,2020,Report of the United Nations Environment Assembly of the ...,UNEP provided technical assistance Ghana air pollution control policy adopted policy law regulation strategy action plan circular economy chemicals waste pollution prevention control after:2018-01-01 before:2022-01-01,docs_un_org_Report_of_the_United_Nations_Environment_Assembly_.txt,False,False,False,,0.0,0.0,none,none,unclear,unclear,No evidence found,No evidence found,[]
Ghana,2018-2022,https://documents1.worldbank.org/curated/en/419871588578973802/pdf/Ghana-Country-Environmental-Analysis.pdf,2018,2022,2020,Ghana Country Environmental Analysis - Documents & Reports,UNEP provided technical assistance Ghana air pollution control policy adopted policy law regulation strategy action plan circular economy chemicals waste pollution prevention control after:2018-01-01 before:2022-01-01,documents1_worldbank_org_Ghana_Country_Environmental_Analysis_Documents_Rep.txt,True,False,False,,40.0,0.0,National Environmental Policy,developing,national,cross-sectoral,"The document mentions several policies and laws related to environmental management in Ghana, including the National Environmental Policy (NEP) and the Environmental Protection Agency (EPA). However, it does not provide explicit evidence of new policies, laws, or regulations developed, adopted, revised, or implemented between 2018-2022.","There is no explicit mention of UNEP's involvement in developing, adopting, revising, or implementing environmental policies, laws, or regulations in Ghana between 2018-2022.","[""The National Environmental Action Plan (NEAP) and the National Environmental Policy (NEP) provide a framework for environmental management in Ghana."", ""The Environmental Protection Agency (EPA) is responsible for enforcing environmental regulations and promoting sustainable development."", ""Ghana has made progress in improving its environmental governance, but challenges remain, including inadequate resources and capacity constraints.""]"
Ghana,2018-2022,https://eba.se/app/uploads/2021/05/WP_2021_05_Slunge-Andersson-Wikstr%C3%B6m-Sterner.pdf,2018,2022,2020,Circular Economy,UNEP provided technical assistance Ghana air pollution control policy adopted policy law regulation strategy action plan circular economy chemicals waste pollution prevention control after:2018-01-01 before:2022-01-01,eba_se_Circular_Economy.txt,False,False,False,,0.0,0.0,none,none,unclear,unclear,No evidence found,No evidence found,[]
Ghana,2018-2022,https://ecowap.ecowas.int/media/ecowap/file_document/2020_ECOWAS_ECOWAS_ENVIRONMENTAL_ACTION_PLAN_Final_Version_-_ENG.pdf,2018,2022,2020,ECOWAS ENVIRONMENTAL ACTION PLAN 2020-2026,UNEP provided technical assistance Ghana air pollution control policy adopted policy law regulation strategy action plan circular economy chemicals waste pollution prevention control after:2018-01-01 before:2022-01-01,ecowap_ecowas_int_ECOWAS_ENVIRONMENTAL_ACTION_PLAN_2020_2026.txt,False,False,False,,0.0,0.0,none,none,regional,cross-sectoral,"The document does not contain explicit evidence related to circular approaches/circular economy, chemicals management, waste management, pollution prevention/control, or policies/laws/regulations in key sectors for Ghana during 2018–2022.","There is no explicit link between UNEP and any policy, law, regulation, strategy, action plan, or official framework in Ghana during 2018–2022.","[""The document primarily focuses on the ECOWAS region, not Ghana specifically, and discusses environmental challenges and policies at a regional level, without explicit mention of Ghana or UNEP's direct involvement in policy development.""]"
Ghana,2018-2022,https://environmentalmigration.iom.int/sites/g/files/tmzbdl1411/files/documents/2023-11/environmental_rule_of_law.pdf,2018,2022,2020,First Global Report,UNEP provided technical assistance Ghana air pollution control policy adopted policy law regulation strategy action plan circular economy chemicals waste pollution prevention control after:2018-01-01 before:2022-01-01,environmentalmigration_iom_int_First_Global_Report.txt,False,False,False,,0.0,0.0,none,none,global,unclear,"The document does not contain explicit evidence related to circular economy, chemicals management, waste management, pollution prevention and control, or policies/laws/regulations in key sectors for Ghana during 2018-2022.",There is no explicit link between UNEP and any policy/law/regulation outcome in Ghana during 2018-2022.,[]
Ghana,2018-2022,https://eprints.lse.ac.uk/115509/1/Lopes_dos_Santos_Alignments_between_e_waste_legislation_and_the_Sustainable.pdf,2018,2022,2020,waste legislation and the Sustainable Development Goals,UNEP provided technical assistance Ghana air pollution control policy adopted policy law regulation strategy action plan circular economy chemicals waste pollution prevention control after:2018-01-01 before:2022-01-01,eprints_lse_ac_uk_waste_legislation_and_the_Sustainable_Development_.txt,True,False,False,,40.0,0.0,e-waste management law,adopted,national,waste,"The document discusses Ghana's Hazardous and Electronic Waste Control and Management Act (Act 917) adopted in 2016, which regulates e-waste management.","There is no explicit mention of UNEP's involvement in the development, adoption, or implementation of Ghana's e-waste management law.","[""Hazardous and Electronic Waste Control and Management Act (Act 917) from Ghana (2016)"", ""The Act organises the recycling process to be conducted in an environmentally sound manner."", ""Ghana developed the “Hazardous and Electronic Waste Control and Management Act, 2016 (Act 917)” in 2016""]"
Ghana,2018-2022,https://equitablehealthycities.org/docs/policy-workshop-ghana-rwanda-tanzania-march-2021/?bp-attachment=EPA-presentation_Ghana.pdf,2018,2022,2020,overview of the current policies on air pollution and ...,UNEP provided technical assistance Ghana air pollution control policy adopted policy law regulation strategy action plan circular economy chemicals waste pollution prevention control after:2018-01-01 before:2022-01-01,equitablehealthycities_org_overview_of_the_current_policies_on_air_pollution_.txt,False,False,False,,0.0,0.0,none,none,unclear,unclear,No relevant information found,No relevant information found,[]
Ghana,2018-2022,https://ewastemonitor.info/wp-content/uploads/2020/11/GEM_2020_def_july1_low.pdf,2018,2022,2020,The Global E-waste Monitor 2020,UNEP assisted Ghana e-waste regulation endorsed policy law regulation strategy action plan circular economy chemicals waste pollution prevention control after:2018-01-01 before:2022-01-01,ewastemonitor_info_The_Global_E_waste_Monitor_2020.txt,False,False,False,,0.0,0.0,none,none,unclear,none,No relevant information found,No relevant information found,[]
Ghana,2018-2022,https://gefcrew.org/carrcu/18IGM/4LBSCOP/Info-Docs/gpa-igr4-npa-en.pdf,2018,2022,2020,united nations,UNEP provided technical assistance Ghana air pollution control policy adopted policy law regulation strategy action plan circular economy chemicals waste pollution prevention control after:2018-01-01 before:2022-01-01,gefcrew_org_united_nations.txt,False,False,False,,0.0,0.0,none,none,unclear,unclear,"The document does not contain explicit evidence related to circular approaches/circular economy, chemicals management, waste management, pollution prevention and control, or policies/laws/regulations in key sectors for Ghana during 2018-2022.",There is no explicit link between UNEP and any policy/law/regulation outcome in Ghana during 2018-2022.,[]
Ghana,2018-2022,https://library.sprep.org/sites/default/files/2021-03/international-environmental-law.pdf,2018,2022,2020,International Environmental Law,UNEP provided technical assistance Ghana air pollution control policy adopted policy law regulation strategy action plan circular economy chemicals waste pollution prevention control after:2018-01-01 before:2022-01-01,library_sprep_org_International_Environmental_Law.txt,False,False,False,,0.0,0.0,none,none,unclear,unclear,No relevant information found,No UNEP attribution found,[]
Ghana,2018-2022,https://medblueconomyplatform.org/wp-content/uploads/2021/10/2021_frompollutiontosolution.pdf,2018,2022,2020,FROM POLLUTION TO SOLUTION,UNEP provided technical assistance Ghana air pollution control policy adopted policy law regulation strategy action plan circular economy chemicals waste pollution prevention control after:2018-01-01 before:2022-01-01,medblueconomyplatform_org_FROM_POLLUTION_TO_SOLUTION.txt,False,False,False,,0.0,0.0,none,none,global,none,"The document does not contain explicit evidence related to circular approaches/circular economy, chemicals management, waste management, pollution prevention/control, or policies/laws/regulations in key sectors for Ghana during 2018-2022.","The document does not explicitly link UNEP to development/adoption/revision/implementation/strengthening of any policy, law, regulation, strategy, action plan, or official framework in Ghana during 2018-2022.",[]
Ghana,2018-2022,https://nema.go.ke/wp-content/uploads/2024/09/Environmental-and-Social-Management-Framework-Africa-Environmental-Health-and-Pollution-Management-Program.pdf,2018,2022,2020,Environmental and Social Management Framework Africa ...,UNEP provided technical assistance Ghana air pollution control policy adopted policy law regulation strategy action plan circular economy chemicals waste pollution prevention control after:2018-01-01 before:2022-01-01,nema_go_ke_Environmental_and_Social_Management_Framework_Afri.txt,True,False,False,,61.0,0.0,national integrated e-waste management scheme,adopting,national,waste,"The document mentions Ghana's 2018 National Integrated e-waste Management Scheme, which promotes the establishment of collection centers in every district assembly to facilitate the recovery of e-waste and move the hazardous material out of the informal sector onto the formal sector where recycling activities can be monitored for best environmental practices.",There is no explicit mention of UNEP's support or involvement in the development or implementation of Ghana's 2018 National Integrated e-waste Management Scheme.,"[""Ghana's 2018 National Integrated e-waste Management Scheme"", ""promotes the establishment of collection centers in every district assembly"", ""EPA’s vision for e-waste management anticipates collection centers operating in every district assembly""]"
Ghana,2018-2022,https://nicholasinstitute.duke.edu/sites/default/files/publications/20-Years-of-Government-Responses-to-the-Global-Plastic-Pollution-Problem_final_reduced.pdf,2018,2022,2020,20 Years of Government Responses to the Global Plastic ...,UNEP provided technical assistance Ghana air pollution control policy adopted policy law regulation strategy action plan circular economy chemicals waste pollution prevention control after:2018-01-01 before:2022-01-01,nicholasinstitute_duke_edu_20_Years_of_Government_Responses_to_the_Global_Pla.txt,False,False,False,,0.0,0.0,none,none,unclear,unclear,"No evidence found related to chemicals, waste, circular economy, or pollution policies in Ghana for 2018-2022.",No explicit link to UNEP found in relation to SP3.1 outcomes in Ghana for 2018-2022.,[]
Ghana,2018-2022,https://niua.in/c-cube/sites/all/themes/zap/pdf/clean-air.pdf,2018,2022,2020,Clean Air Action Plan,UNEP provided technical assistance Ghana air pollution control policy adopted policy law regulation strategy action plan circular economy chemicals waste pollution prevention control after:2018-01-01 before:2022-01-01,niua_in_Clean_Air_Action_Plan.txt,False,False,False,,0.0,0.0,none,none,unclear,unclear,No relevant information found,No UNEP attribution found,[]
Ghana,2018-2022,https://nyujilp.org/wp-content/uploads/2019/09/NYI402.pdf,2018,2022,2020,CHINA'S ENVIRONMENTAL CAMPAIGN,UNEP provided technical assistance Ghana air pollution control policy adopted policy law regulation strategy action plan circular economy chemicals waste pollution prevention control after:2018-01-01 before:2022-01-01,nyujilp_org_CHINA_S_ENVIRONMENTAL_CAMPAIGN.txt,False,False,False,,0.0,0.0,none,none,none,none,"The document does not contain explicit evidence related to circular approaches/circular economy, chemicals management, waste management, pollution prevention/control, or policies/laws/regulations in key sectors for Ghana during 2018-2022.","There is no explicit link between UNEP and any policy, law, regulation, strategy, action plan, or official framework in Ghana during 2018-2022.","[""The document text provided does not discuss Ghana or the time window 2018-2022.""]"
Ghana,2018-2022,https://orbit.dtu.dk/files/170843838/GCOII_synth.pdf,2018,2022,2020,UN Environment Global Chemicals Outlook II,UNEP assisted Ghana e-waste regulation endorsed policy law regulation strategy action plan circular economy chemicals waste pollution prevention control after:2018-01-01 before:2022-01-01,orbit_dtu_dk_UN_Environment_Global_Chemicals_Outlook_II.txt,False,False,False,,0.0,0.0,none,none,unclear,unclear,"The document does not contain explicit evidence related to circular approaches/circular economy, chemicals management, waste management, pollution prevention and control, or policies/laws/regulations in key sectors for Ghana during 2018-2022.",There is no explicit link between UNEP and any policy/law/regulation outcome in Ghana during 2018-2022.,[]
Ghana,2018-2022,https://pacecircular.org/sites/default/files/2021-02/action-agenda-electronics-feb2021_FINAL.pdf,2018,2022,2020,ELECTRONICS,UNEP provided technical assistance Ghana air pollution control policy adopted policy law regulation strategy action plan circular economy chemicals waste pollution prevention control after:2018-01-01 before:2022-01-01,pacecircular_org_ELECTRONICS.txt,False,False,False,,0.0,0.0,none,none,unclear,unclear,No relevant information found,No relevant information found,[]
Ghana,2018-2022,https://unepccc.org/wp-content/uploads/2021/11/reducing-consumer-food-waste-using-green-and-digital-technologies.pdf,2018,2022,2020,reducing-consumer-food-waste-using-green-and-digital- ...,UNEP provided technical assistance Ghana air pollution control policy adopted policy law regulation strategy action plan circular economy chemicals waste pollution prevention control after:2018-01-01 before:2022-01-01,unepccc_org_reducing_consumer_food_waste_using_green_and_digit.txt,False,False,False,,0.0,0.0,none,none,none,none,"The document does not contain explicit evidence related to circular approaches/circular economy, chemicals management, waste management, pollution prevention/control, or policies/laws/regulations in key sectors for Ghana during 2018-2022.","There is no explicit link between UNEP and any policy, law, regulation, strategy, action plan, or official framework in Ghana during 2018-2022.",[]
Ghana,2018-2022,https://wires.onlinelibrary.wiley.com/doi/10.1002/wene.360,2018,2022,2020,Politics and the plastic crisis: A review throughout ...,UNEP provided technical assistance Ghana air pollution control policy adopted policy law regulation strategy action plan circular economy chemicals waste pollution prevention control after:2018-01-01 before:2022-01-01,wires_onlinelibrary_wiley_com_Politics_and_the_plastic_crisis_A_review_throughou.txt,False,False,False,,0.0,0.0,none,none,unclear,none,"The document does not contain explicit evidence related to circular approaches/circular economy, chemicals management, waste management, pollution prevention and control, or policies/laws/regulations in key sectors for Ghana during 2018-2022.",There is no explicit link between UNEP and any policy/law/regulation outcome in Ghana during 2018-2022.,[]
Ghana,2018-2022,https://www.ccacoalition.org/sites/default/files/resources/2018_Greater-Accra-Region-Air-Quality-Management_EPA-Ghana.pdf,2018,2022,2020,The Greater Accra Metropolitan Area Draft Air Quality ...,UNEP provided technical assistance Ghana air pollution control policy adopted policy law regulation strategy action plan circular economy chemicals waste pollution prevention control after:2018-01-01 before:2022-01-01,www_ccacoalition_org_The_Greater_Accra_Metropolitan_Area_Draft_Air_Qual.txt,False,False,False,,0.0,0.0,none,none,unclear,none,"Document could not be fetched, no evidence available.","Document could not be fetched, no evidence available.",[]
Ghana,2018-2022,https://www.efdinitiative.org/sites/default/files/publications/gcoii_synth.pdf,2018,2022,2020,Global Chemicals OutlooK II,UNEP provided technical assistance Ghana air pollution control policy adopted policy law regulation strategy action plan circular economy chemicals waste pollution prevention control after:2018-01-01 before:2022-01-01,www_efdinitiative_org_Global_Chemicals_OutlooK_II.txt,False,False,False,,0.0,0.0,none,none,unclear,unclear,No evidence found,No evidence found,[]
Ghana,2018-2022,https://www.eli.org/sites/default/files/files-general/UNEP%20Report-%20Neglected-%20Environmental%20Justice%20Impacts%20of%20Marine%20Litter%20and%20Plastic%20Pollution.pdf,2018,2022,2020,Environmental Justice Impacts of Marine Litter and Plastic ...,UNEP provided technical assistance Ghana air pollution control policy adopted policy law regulation strategy action plan circular economy chemicals waste pollution prevention control after:2018-01-01 before:2022-01-01,www_eli_org_Environmental_Justice_Impacts_of_Marine_Litter_and.txt,False,False,False,,0.0,0.0,none,none,unclear,unclear,"The document could not be accessed, therefore no evidence related to chemicals, waste, circularity, or pollution policies in Ghana from 2018-2022 could be evaluated.","The document could not be accessed, therefore no evidence of UNEP's involvement in policies, laws, or regulations related to chemicals, waste, circularity, or pollution in Ghana from 2018-2022 could be evaluated.",[]
Ghana,2018-2022,https://www.facebook.com/UNDPGhana/posts/communication-is-critical-in-scaling-up-innovative-solutions-for-sustainable-was/4445545058836400/,2018,2022,2020,"Heather Troutman, Project Manager, Ghana National ...",UNEP provided technical assistance Ghana air pollution control policy adopted policy law regulation strategy action plan circular economy chemicals waste pollution prevention control after:2018-01-01 before:2022-01-01,www_facebook_com_Heather_Troutman_Project_Manager_Ghana_National_.txt,False,False,False,,0.0,0.0,none,none,unclear,none,"The document does not contain explicit evidence related to circular approaches/circular economy, chemicals management, waste management, pollution prevention and control, or policies/laws/regulations in key sectors for Ghana during 2018-2022.",There is no explicit link between UNEP and any policy/law/regulation outcome in Ghana during 2018-2022.,[]
Ghana,2018-2022,https://www.facebook.com/UNDPGhana/posts/improper-disposal-of-plastic-electronic-and-chemical-waste-is-having-a-devastati/4442184082505831/,2018,2022,2020,"Improper disposal of plastic, electronic and chemical waste ...",UNEP assisted Ghana e-waste regulation endorsed policy law regulation strategy action plan circular economy chemicals waste pollution prevention control after:2018-01-01 before:2022-01-01,www_facebook_com_Improper_disposal_of_plastic_electronic_and_chemic.txt,False,False,False,,0.0,0.0,none,none,national,unclear,"The document does not contain explicit evidence related to circular approaches/circular economy, chemicals management, waste management, pollution prevention and control, or policies/laws/regulations in key sectors for Ghana during 2018-2022.",There is no explicit link between UNEP and any policy/law/regulation outcome in Ghana during 2018-2022.,[]
Ghana,2018-2022,https://www.facebook.com/WorldBankGhana/posts/didyouknow-that-the-economic-cost-of-air-pollution-is-estimated-at-us25-billion-/6555425614482694/,2018,2022,2020,#DidYouKnow that the economic cost of air pollution is ...,UNEP provided technical assistance Ghana air pollution control policy adopted policy law regulation strategy action plan circular economy chemicals waste pollution prevention control after:2018-01-01 before:2022-01-01,www_facebook_com__DidYouKnow_that_the_economic_cost_of_air_pollutio.txt,False,False,False,,0.0,0.0,none,none,unclear,unclear,No evidence found,No evidence found,[]
Ghana,2018-2022,https://www.geg.ox.ac.uk/sites/default/files/2020-07/GEG%20WP%20142%20Transforming%20the%20Global%20Plastics%20Economy.pdf,2018,2022,2020,Transforming the Global Plastics Economy The Political ...,UNEP provided technical assistance Ghana air pollution control policy adopted policy law regulation strategy action plan circular economy chemicals waste pollution prevention control after:2018-01-01 before:2022-01-01,www_geg_ox_ac_uk_Transforming_the_Global_Plastics_Economy_The_Polit.txt,False,False,False,,0.0,0.0,none,none,unclear,unclear,"The document could not be retrieved, therefore no evidence related to chemicals, waste, and pollution policies in Ghana from 2018-2022 could be assessed.","The document could not be retrieved, therefore no evidence of UNEP's involvement in developing, adopting, revising, or implementing policies, laws, or regulations related to chemicals, waste, and pollution in Ghana from 2018-2022 could be assessed.",[]
Ghana,2018-2022,https://www.iges.or.jp/en/publication_documents/pub/policyreport/en/11066/Best+Practices+for+SWM_Guide+for+Decision+Makers+in+Developing+Countries_Oct+20_0.pdf,2018,2022,2020,Best Practices for Solid Waste Management,UNEP provided technical assistance Ghana air pollution control policy adopted policy law regulation strategy action plan circular economy chemicals waste pollution prevention control after:2018-01-01 before:2022-01-01,www_iges_or_jp_Best_Practices_for_Solid_Waste_Management.txt,False,False,False,,0.0,0.0,none,none,unclear,unclear,"No evidence found related to chemicals, waste, circular economy, or pollution policies in Ghana for 2018-2022.","No explicit link to UNEP found in relation to policy, law, or regulation development in Ghana for 2018-2022.",[]
Ghana,2018-2022,https://www.iges.or.jp/en/publication_documents/pub/policysubmission/en/10850/Final-Myanmar_WMSAM_0829.pdf,2018,2022,2020,National Waste Management Strategy and Master Plan for ...,UNEP assisted Ghana e-waste regulation endorsed policy law regulation strategy action plan circular economy chemicals waste pollution prevention control after:2018-01-01 before:2022-01-01,www_iges_or_jp_National_Waste_Management_Strategy_and_Master_Plan.txt,False,False,False,,0.0,0.0,none,none,unclear,unclear,The document is not available for analysis due to a fetch error.,The document is not available for analysis due to a fetch error.,[]
Ghana,2018-2022,https://www.itu.int/en/ITU-D/Environment/Documents/Publications/2021/Toolkit_Africa_final.pdf?csf=1&e=ivTocK,2018,2022,2020,Policy practices for e-waste management,UNEP assisted Ghana e-waste regulation endorsed policy law regulation strategy action plan circular economy chemicals waste pollution prevention control after:2018-01-01 before:2022-01-01,www_itu_int_Policy_practices_for_e_waste_management.txt,False,False,False,,0.0,0.0,none,none,unclear,unclear,"No evidence found related to chemicals, waste, circular economy or pollution policies in Ghana for 2018-2022.",No explicit link to UNEP found in relation to SP3.1 outcomes in Ghana for 2018-2022.,[]
Ghana,2018-2022,https://www.itu.int/en/ITU-D/Environment/Documents/Toolbox/GEM_2020_def.pdf,2018,2022,2020,The Global E-waste Monitor 2020,UNEP provided technical assistance Ghana air pollution control policy adopted policy law regulation strategy action plan circular economy chemicals waste pollution prevention control after:2018-01-01 before:2022-01-01,www_itu_int_The_Global_E_waste_Monitor_2020.txt,False,False,False,,0.0,0.0,none,none,unclear,unclear,"No evidence found related to chemicals, waste, circular economy, or pollution policies in Ghana for 2018-2022.",No explicit link to UNEP found in the provided text.,[]
Ghana,2018-2022,https://www.mdpi.com/1660-4601/21/1/25,2018,2022,2020,Environmental Injustice and Electronic Waste in Ghana,UNEP assisted Ghana e-waste regulation endorsed policy law regulation strategy action plan circular economy chemicals waste pollution prevention control after:2018-01-01 before:2022-01-01,www_mdpi_com_Environmental_Injustice_and_Electronic_Waste_in_Gh.txt,False,False,False,,0.0,0.0,none,none,unclear,unclear,,,[]
Ghana,2018-2022,https://www.moh.gov.gh/wp-content/uploads/2021/04/HEALTH-CARE-WASTE-MANAGEMENT-POLICY-Final.pdf,2018,2022,2020,Health care waste management Policy for Ghana,UNEP provided technical assistance Ghana air pollution control policy adopted policy law regulation strategy action plan circular economy chemicals waste pollution prevention control after:2018-01-01 before:2022-01-01,www_moh_gov_gh_Health_care_waste_management_Policy_for_Ghana.txt,True,False,False,,81.0,0.0,health care waste management policy,adopted,national,health,"The document provides explicit evidence of a developed and adopted policy for health care waste management in Ghana during 2018-2022. The policy aims to provide direction for effective, efficient, and safe management of health care waste through the adoption of Best Available Techniques (BAT) and Best Environmental Practices.","There is no explicit link between UNEP and the development, adoption, revision, or implementation of the health care waste management policy in Ghana during 2018-2022. The document mentions UNDP and other organizations involved in the policy development process, but not UNEP.","[""The Ministry of Health…has revised the existing National Health Care Waste Management (HCWM), policy and guideline, 2006 and has produced two separate documents - A National Health Care Waste Management Policy and a National Guideline for Health Care Waste Management countrywide."", ""This policy document is the outcome of a collaborative effort between the Ministry of Health, the Ghana Health Service, the Ministry of Local Government and Rural Development (MLGRD) the Environmental Protection Agency (EPA), World Health Organization, United Nations Development Programme and the Global Environment Facility (GEF).""]"
Ghana,2018-2022,https://www.oneplanetnetwork.org/sites/default/files/mainstreaming_scp_and_ce_models_minutes_africa_22-09-2020.pdf,2018,2022,2020,1 Mainstreaming sustainable consumption and production ...,UNEP provided technical assistance Ghana air pollution control policy adopted policy law regulation strategy action plan circular economy chemicals waste pollution prevention control after:2018-01-01 before:2022-01-01,www_oneplanetnetwork_org_1_Mainstreaming_sustainable_consumption_and_produc.txt,False,False,False,,0.0,0.0,none,none,unclear,unclear,"No evidence found related to chemicals, waste, circular economy or pollution policies in Ghana for 2018-2022.",No explicit link to UNEP found in the provided text.,[]
Ghana,2018-2022,https://www.researchgate.net/publication/354380794_Impacts_of_Plastic_Pollution_on_Ecosystem_Services_Sustainable_Development_Goals_and_Need_to_Focus_on_Circular_Economy_and_Policy_Interventions,2018,2022,2020,"(PDF) Impacts of Plastic Pollution on Ecosystem Services, ...",UNEP provided technical assistance Ghana air pollution control policy adopted policy law regulation strategy action plan circular economy chemicals waste pollution prevention control after:2018-01-01 before:2022-01-01,www_researchgate_net__PDF_Impacts_of_Plastic_Pollution_on_Ecosystem_Ser.txt,False,False,False,,0.0,0.0,none,none,global,unclear,"The document does not contain explicit evidence related to circular approaches/circular economy, chemicals management, waste management, pollution prevention and control, or policies/laws/regulations in key sectors for Ghana during 2018-2022.",There is no explicit link between UNEP and any policy/law/regulation outcome in Ghana during 2018-2022.,[]
Ghana,2018-2022,https://www.sciencedirect.com/science/article/pii/S240584402031392X,2018,2022,2020,Challenges of adopting sustainable technologies in e ...,UNEP assisted Ghana e-waste regulation endorsed policy law regulation strategy action plan circular economy chemicals waste pollution prevention control after:2018-01-01 before:2022-01-01,www_sciencedirect_com_Challenges_of_adopting_sustainable_technologies_in.txt,False,False,False,,0.0,0.0,none,none,unclear,unclear,"The document does not contain any relevant information about chemicals, waste, or pollution policies in Ghana for the period 2018-2022.","There is no mention of UNEP or any connection to the policies, laws, or regulations in Ghana for the period 2018-2022.",[]
Ghana,2018-2022,https://www.sciencedirect.com/science/article/pii/S2405844020315528,2018,2022,2020,Plastic pollution in the marine environment,UNEP provided technical assistance Ghana air pollution control policy adopted policy law regulation strategy action plan circular economy chemicals waste pollution prevention control after:2018-01-01 before:2022-01-01,www_sciencedirect_com_Plastic_pollution_in_the_marine_environment.txt,False,False,False,,0.0,0.0,none,none,unclear,unclear,"The document does not contain any information related to Ghana, the time window 2018-2022, or policies/laws/regulations on circular economy, chemicals management, waste management, pollution prevention/control.","The document does not contain any information related to UNEP's involvement in developing, adopting, revising, or implementing policies/laws/regulations in Ghana during 2018-2022.",[]
Ghana,2018-2022,https://www.switchtogreen.eu/wp-content/uploads/2021/02/Integrated-Waste-Management-in-Africa-Focus-on-Circularity-.pdf,2018,2022,2020,Integrated Waste Management in Africa,UNEP assisted Ghana e-waste regulation endorsed policy law regulation strategy action plan circular economy chemicals waste pollution prevention control after:2018-01-01 before:2022-01-01,www_switchtogreen_eu_Integrated_Waste_Management_in_Africa.txt,True,True,True,37.21,61.0,61.0,waste management policy / strategy,implementing,national,waste,"The document discusses Ghana's efforts in integrated waste management, including e-waste recycling and the implementation of the SWITCH Africa Green programme.","The document explicitly mentions UNEP's support for the SWITCH Africa Green programme, which includes the implementation of waste management projects in Ghana.","[""The SWITCH Africa Green programme is funded by the EU to support governments and the private sector in African countries (Burkina Faso, Ghana, Kenya, Mauritius, South Africa, and Uganda) in the transition to an inclusive green economy (IGE)."", ""The programme is implemented by the UNEP in collaboration with the UNDP and UNOPS."", ""In Ghana, 20,000 tonnes of e-waste were recycled, benefiting directly and indirectly about 2,100 Ghanaians living in Accra, and in Mauritius, 2,677 tons of the waste was diverted annually from landfills and used locally as raw materials in the IS subsector.""]"
Ghana,2018-2022,https://www.thegef.org/sites/default/files/publications/PLASTICS%20for%20posting.pdf,2018,2022,2020,Plastics and the circular economy,UNEP provided technical assistance Ghana air pollution control policy adopted policy law regulation strategy action plan circular economy chemicals waste pollution prevention control after:2018-01-01 before:2022-01-01,www_thegef_org_Plastics_and_the_circular_economy.txt,False,False,False,,0.0,0.0,none,none,global,none,"The document does not contain explicit evidence related to circular approaches/circular economy, chemicals management, waste management, pollution prevention/control, or policies/laws/regulations in key sectors for Ghana during 2018-2022.","There is no explicit link between UNEP and any policy, law, regulation, strategy, action plan, or official framework in Ghana during 2018-2022.",[]
Ghana,2018-2022,https://www.unep.org/news-and-stories/press-release/un-report-time-seize-opportunity-tackle-challenge-e-waste,2018,2022,2020,"UN report: Time to seize opportunity, tackle challenge of e- ...",UNEP assisted Ghana e-waste regulation endorsed policy law regulation strategy action plan circular economy chemicals waste pollution prevention control after:2018-01-01 before:2022-01-01,www_unep_org_UN_report_Time_to_seize_opportunity_tackle_challen.txt,False,False,False,,0.0,0.0,none,none,unclear,unclear,No relevant information found,No UNEP attribution found,[]
Ghana,2018-2022,https://www.unep.org/resources/report/actions-air-quality-global-summary-policies-and-programmes-reduce-air-pollution,2018,2022,2020,Actions on Air Quality: A Global Summary of Policies and ...,UNEP provided technical assistance Ghana air pollution control policy adopted policy law regulation strategy action plan circular economy chemicals waste pollution prevention control after:2018-01-01 before:2022-01-01,www_unep_org_Actions_on_Air_Quality_A_Global_Summary_of_Policie.txt,False,False,False,,0.0,0.0,none,none,unclear,unclear,"No evidence found related to chemicals, waste, circular economy, or pollution policies in Ghana for 2018-2022.",No explicit link to UNEP found in relation to SP3.1 outcomes for Ghana in 2018-2022.,[]
Ghana,2018-2022,https://www.unepfi.org/wordpress/wp-content/uploads/2021/03/UNEPFI_DemystfyingFinanceCircularity-2020-2.pdf,2018,2022,2020,Demystifying Finance for Circular Economies,UNEP assisted Ghana e-waste regulation endorsed policy law regulation strategy action plan circular economy chemicals waste pollution prevention control after:2018-01-01 before:2022-01-01,www_unepfi_org_Demystifying_Finance_for_Circular_Economies.txt,True,False,False,,0.0,0.0,none,none,global,cross-sectoral,"The document discusses circular economy and sustainable consumption and production but does not contain explicit evidence related to policies, laws, regulations, or frameworks in Ghana during 2018-2022.","The document mentions UNEP but does not explicitly link UNEP to development, adoption, revision, implementation, or strengthening of policies, laws, regulations, or frameworks in Ghana during 2018-2022.","[""The United Nations Environment Programme Finance Initiative (UNEP FI) is a partnership between UNEP and the global financial sector..."", ""UNEP FI works with more than 350 members..."", ""This publication may be reproduced in whole or in part and in any form for educational or non-profit purposes without special permission from the copyright holder, provided acknowledgement of the source is made.""]"
Ghana,2018-2022,https://www.wto.org/english/res_e/publications_e/unereport2018_e.pdf,2018,2022,2020,"Making trade work for the environment, prosperity and ...",UNEP provided technical assistance Ghana air pollution control policy adopted policy law regulation strategy action plan circular economy chemicals waste pollution prevention control after:2018-01-01 before:2022-01-01,www_wto_org_Making_trade_work_for_the_environment_prosperity_a.txt,False,False,False,,0.0,0.0,none,none,global,none,"The document does not contain explicit evidence related to circular approaches/circular economy, chemicals management, waste management, pollution prevention/control, or policies/laws/regulations in key sectors for Ghana during 2018-2022.","There is no explicit link between UNEP and any policy, law, regulation, strategy, action plan, or official framework in Ghana during 2018-2022.","[""The document does not provide relevant evidence for Ghana or the specified time window.""]"
Ghana,2022-2026,https://africacircular.org/circular-economy-action-plan-and-roadmap-in-ghana/,2022,2026,2024,Circular Economy Action Plan and Roadmap in Ghana,UNEP supported Ghana circular economy strategy passed policy law regulation strategy action plan circular economy chemicals waste pollution prevention control after:2022-01-01 before:2026-01-01,africacircular_org_Circular_Economy_Action_Plan_and_Roadmap_in_Ghana.txt,True,False,False,,80.0,0.0,circular economy policy,developed,national,cross-sectoral,"The document describes the development of a national Circular Economy Action Plan (CEAP) for Ghana, which outlines goals and actions to advance the circular economy in various sectors.","There is no explicit mention of UNEP's involvement in the development, adoption, revision, or implementation of the CEAP in Ghana.","[""In collaboration with the Government of Ghana, through the Ministry of Environment, Science, Technology and Innovation (MESTI), and the European Union Delegation in Ghana a national Circular Economy Action Plan (CEAP) has been developed."", ""The CEAP outlines clear goals and actions to advance the circular economy in Ghana; first for each sector chosen and then for cross-cutting elements such as capacity building and gender equality.""]"
Ghana,2022-2026,https://chm.pops.int/Portals/0/download.aspx?d=UNEP-POPS-COP.12-32.English.docx,2022,2026,2024,https://chm.pops.int/Portals/0/download.aspx?d=UNE...,UNEP supported Ghana persistent organic pollutants policy endorsed policy law regulation strategy action plan circular economy chemicals waste pollution prevention control after:2022-01-01 before:2026-01-01,chm_pops_int_https_chm_pops_int_Portals_0_download_aspx_d_UNE_.txt,False,False,False,,0.0,0.0,none,none,unclear,unclear,"No evidence found related to chemicals, waste, circularity or pollution policies in Ghana for 2022-2026.",No explicit link to UNEP found in relation to SP3.1 outcomes for Ghana in 2022-2026.,[]
Ghana,2022-2026,https://circulareconomy.europa.eu/platform/sites/default/files/2023-12/Full%20Report%20-%20UNEP%20Sustainability%20and%20Circularity%20in%20the%20Textile%20Value%20Chain%20A%20Global%20Roadmap_0.pdf,2022,2026,2024,Sustainability and Circularity in the Textile Value Chain,UNEP supported Ghana circular economy strategy passed policy law regulation strategy action plan circular economy chemicals waste pollution prevention control after:2022-01-01 before:2026-01-01,circulareconomy_europa_eu_Sustainability_and_Circularity_in_the_Textile_Valu.txt,False,False,False,,0.0,0.0,none,none,unclear,none,"No evidence related to circular approaches/circular economy, chemicals management, waste management, pollution prevention and control, or policies/laws/regulations in key sectors for Ghana during 2022-2026.",No explicit link between UNEP and policy/law/regulation outcome for Ghana during 2022-2026.,[]
Ghana,2022-2026,https://digitalcommons.wcl.american.edu/context/auilr/article/1585/viewcontent/5_2_7.pdf,2022,2026,2024,The Role of the United Nations Environment Programme ...,UNEP supported Ghana circular economy strategy passed policy law regulation strategy action plan circular economy chemicals waste pollution prevention control after:2022-01-01 before:2026-01-01,digitalcommons_wcl_american_edu_The_Role_of_the_United_Nations_Environment_Program.txt,False,False,False,,0.0,0.0,none,none,unclear,none,"No evidence found related to chemicals, waste, circular economy or pollution policies in Ghana for 2022-2026.",No explicit link to UNEP found in the provided text.,[]
Ghana,2022-2026,https://en.wikipedia.org/wiki/Circular_economy,2022,2026,2024,Circular economy,UNEP supported Ghana circular economy strategy passed policy law regulation strategy action plan circular economy chemicals waste pollution prevention control after:2022-01-01 before:2026-01-01,en_wikipedia_org_Circular_economy.txt,False,False,False,,0.0,0.0,none,none,unclear,unclear,"No evidence related to circular economy, chemicals management, waste management, or pollution prevention and control policies/laws/regulations in Ghana during 2022-2026.",No explicit link to UNEP in the provided text.,[]
Ghana,2022-2026,https://enb.iisd.org/open-ended-working-group-oewg-global-framework-chemicals-gfc-1-summary,2022,2026,2024,Summary report 24–27 June 2025 - Earth Negotiations Bulletin,UNEP supported Ghana persistent organic pollutants policy endorsed policy law regulation strategy action plan circular economy chemicals waste pollution prevention control after:2022-01-01 before:2026-01-01,enb_iisd_org_Summary_report_24_27_June_2025_Earth_Negotiations_.txt,False,False,False,,0.0,0.0,none,none,unclear,unclear,No relevant information found,No relevant information found,[]
Ghana,2022-2026,https://ewastemonitor.info/wp-content/uploads/2024/03/GEM_2024_18-03_web_page_per_page_web.pdf,2022,2026,2024,THE GLOBAL E-WASTE MONITOR 2024,UNEP supported Ghana persistent organic pollutants policy endorsed policy law regulation strategy action plan circular economy chemicals waste pollution prevention control after:2022-01-01 before:2026-01-01,ewastemonitor_info_THE_GLOBAL_E_WASTE_MONITOR_2024.txt,False,False,False,,0.0,0.0,none,none,unclear,unclear,"No evidence found related to chemicals, waste, circularity, or pollution policies in Ghana for 2022-2026.",No explicit link to UNEP found in relation to SP3.1 outcomes for Ghana in 2022-2026.,[]
Ghana,2022-2026,https://g20mpl.org/partners/unitedkingdom,2022,2026,2024,the United Kingdom,UNEP supported Ghana persistent organic pollutants policy endorsed policy law regulation strategy action plan circular economy chemicals waste pollution prevention control after:2022-01-01 before:2026-01-01,g20mpl_org_the_United_Kingdom.txt,False,False,False,,0.0,0.0,none,none,none,none,"The document does not contain explicit evidence related to circular approaches/circular economy, chemicals management, waste management, pollution prevention/control, or policies/laws/regulations in key sectors for Ghana during 2022-2026.","There is no explicit link between UNEP and any policy, law, regulation, strategy, action plan, or official framework in Ghana during 2022-2026.",[]
Ghana,2022-2026,https://ghanacic.ashesi.edu.gh/wp-content/uploads/2025/08/Waste-Management-Policy-Paper.pdf,2022,2026,2024,Waste Management - Policy Paper,UNEP supported Ghana circular economy strategy passed policy law regulation strategy action plan circular economy chemicals waste pollution prevention control after:2022-01-01 before:2026-01-01,ghanacic_ashesi_edu_gh_Waste_Management_Policy_Paper.txt,False,False,False,,0.0,0.0,none,none,unclear,none,No evidence found,No evidence found,[]
Ghana,2022-2026,https://hal.science/hal-05141046v1/file/1Mihai_Circular-Economy-Transition-on-the-Debate-Big-Dreams-but-Harsh-Realities.pdf,2022,2026,2024,Circular Economy Transition on the Debate: Big Dreams ...,UNEP supported Ghana circular economy strategy passed policy law regulation strategy action plan circular economy chemicals waste pollution prevention control after:2022-01-01 before:2026-01-01,hal_science_Circular_Economy_Transition_on_the_Debate_Big_Drea.txt,False,False,False,,0.0,0.0,none,none,unclear,none,"No evidence found related to circular economy, chemicals management, waste management, pollution prevention/control policies in Ghana during 2022-2026.",No explicit link to UNEP found in relation to SP3.1 outcomes in Ghana during 2022-2026.,[]
Ghana,2022-2026,https://journals.sagepub.com/doi/10.1177/0169796X221104855,2022,2026,2024,Plastic Waste Mitigation Strategies: A Review of Lessons ...,UNEP supported Ghana circular economy strategy passed policy law regulation strategy action plan circular economy chemicals waste pollution prevention control after:2022-01-01 before:2026-01-01,journals_sagepub_com_Plastic_Waste_Mitigation_Strategies_A_Review_of_Le.txt,False,False,False,,0.0,0.0,none,none,unclear,unclear,"The document does not contain explicit evidence related to circular approaches/circular economy, chemicals management, waste management, pollution prevention and control, or policies/laws/regulations in key sectors for Ghana during 2022-2026.",There is no explicit link between UNEP and any policy/law/regulation outcome in Ghana during 2022-2026.,[]
Ghana,2022-2026,https://just2ce.eu/wp-content/uploads/2024/02/D1_1-JUST2CE-Final-Version.pdf,2022,2026,2024,Circular Economy for Social Transformation: Multiple Paths ...,UNEP supported Ghana circular economy strategy passed policy law regulation strategy action plan circular economy chemicals waste pollution prevention control after:2022-01-01 before:2026-01-01,just2ce_eu_Circular_Economy_for_Social_Transformation_Multipl.txt,False,False,False,,0.0,0.0,none,none,global,unclear,"The document does not contain explicit evidence related to circular approaches/circular economy, chemicals management, waste management, pollution prevention/control, or policies/laws/regulations in key sectors for Ghana during 2022-2026.","There is no explicit link between UNEP and the development/adoption/revision/implementation/strengthening of any policy, law, regulation, strategy, action plan, or official framework in Ghana during 2022-2026.",[]
Ghana,2022-2026,https://moef.gov.in/uploads/pdf-uploads/English_Annual_Report_2024-25.pdf,2022,2026,2024,annual report 2024-25,UNEP supported Ghana persistent organic pollutants policy endorsed policy law regulation strategy action plan circular economy chemicals waste pollution prevention control after:2022-01-01 before:2026-01-01,moef_gov_in_annual_report_2024_25.txt,False,False,False,,0.0,0.0,none,none,unclear,none,"No evidence found related to chemicals, waste, circular economy, or pollution policies in Ghana for 2022-2026.",No explicit link to UNEP found in relation to SP3.1 outcomes in Ghana for 2022-2026.,[]
Ghana,2022-2026,https://ndpc.gov.gh/media/2025_VNR_Report.pdf,2022,2026,2024,2025_VNR_Report.pdf,UNEP supported Ghana circular economy strategy passed policy law regulation strategy action plan circular economy chemicals waste pollution prevention control after:2022-01-01 before:2026-01-01,ndpc_gov_gh_2025_VNR_Report_pdf.txt,False,False,False,,0.0,0.0,none,none,national,none,"The document does not contain explicit evidence related to circular approaches/circular economy, chemicals management, waste management, pollution prevention/control, or policies/laws/regulations in key sectors.","There is no explicit link between UNEP and any policy, law, regulation, strategy, action plan, or official framework in 'Ghana' during 2022–2026.",[]
Ghana,2022-2026,https://onlinelibrary.wiley.com/doi/full/10.1002/ieam.4774,2022,2026,2024,Solid waste management in the context of the ...,UNEP supported Ghana circular economy strategy passed policy law regulation strategy action plan circular economy chemicals waste pollution prevention control after:2022-01-01 before:2026-01-01,onlinelibrary_wiley_com_Solid_waste_management_in_the_context_of_the_.txt,False,False,False,,0.0,0.0,none,none,unclear,none,"The document does not contain explicit evidence related to circular approaches/circular economy, chemicals management, waste management, pollution prevention and control, or policies/laws/regulations in key sectors for Ghana in 2022-2026.",There is no explicit link between UNEP and any policy/law/regulation outcome in Ghana during 2022-2026.,[]
Ghana,2022-2026,https://ozone.unep.org/system/files/documents/LRM%20Workshop%20Brochure.pdf,2022,2026,2024,Life-cycle refrigerant management - Ozone Secretariat - UNEP,UNEP supported Ghana persistent organic pollutants policy endorsed policy law regulation strategy action plan circular economy chemicals waste pollution prevention control after:2022-01-01 before:2026-01-01,ozone_unep_org_Life_cycle_refrigerant_management_Ozone_Secretaria.txt,False,False,False,,0.0,0.0,none,none,none,none,"The document does not contain explicit evidence related to Ghana during 2022-2026 about policies/laws/regulations/strategies/action plans for circular economy, chemicals management, waste management, pollution prevention/control, or implementation/revision of such instruments in key sectors.",There is no explicit link between UNEP and any policy/law/regulation/strategy/action plan/framework in Ghana during 2022-2026.,"[""No relevant evidence found.""]"
Ghana,2022-2026,https://pmc.ncbi.nlm.nih.gov/articles/PMC11995256/,2022,2026,2024,Pollution and health: a progress update - PMC - NIH,UNEP supported Ghana persistent organic pollutants policy endorsed policy law regulation strategy action plan circular economy chemicals waste pollution prevention control after:2022-01-01 before:2026-01-01,pmc_ncbi_nlm_nih_gov_Pollution_and_health_a_progress_update_PMC_NIH.txt,False,False,False,,0.0,0.0,none,none,unclear,unclear,,,[]
Ghana,2022-2026,https://pmc.ncbi.nlm.nih.gov/articles/PMC12528791/,2022,2026,2024,Marine plastics and the circular economy: A review of policy ...,UNEP supported Ghana circular economy strategy passed policy law regulation strategy action plan circular economy chemicals waste pollution prevention control after:2022-01-01 before:2026-01-01,pmc_ncbi_nlm_nih_gov_Marine_plastics_and_the_circular_economy_A_review_.txt,False,False,False,,0.0,0.0,none,none,unclear,unclear,,,[]
Ghana,2022-2026,https://repository.usfca.edu/cgi/viewcontent.cgi?article=2693&context=thes,2022,2026,2024,Assesing Electronic Waste Management Strategies in Ghana,UNEP supported Ghana persistent organic pollutants policy endorsed policy law regulation strategy action plan circular economy chemicals waste pollution prevention control after:2022-01-01 before:2026-01-01,repository_usfca_edu_Assesing_Electronic_Waste_Management_Strategies_in.txt,False,False,False,,0.0,0.0,none,none,unclear,unclear,"No evidence found related to chemicals, waste, circular economy or pollution policies in Ghana for 2022-2026.",No explicit link to UNEP found in relation to SP3.1 outcomes for Ghana in 2022-2026.,[]
Ghana,2022-2026,https://research.library.fordham.edu/cgi/viewcontent.cgi?article=1193&context=environ_2015,2022,2026,2024,Unraveling the Waste Issue in Fast Fashion and its Impact on ...,UNEP supported Ghana circular economy strategy passed policy law regulation strategy action plan circular economy chemicals waste pollution prevention control after:2022-01-01 before:2026-01-01,research_library_fordham_edu_Unraveling_the_Waste_Issue_in_Fast_Fashion_and_its.txt,False,False,False,,0.0,0.0,none,none,unclear,unclear,"No relevant information found about Ghana's policies, laws, or regulations related to circular economy, chemicals management, waste management, or pollution prevention and control during 2022-2026.",No explicit link to UNEP found in the provided document.,[]
Ghana,2022-2026,https://scholarship.law.unc.edu/cgi/viewcontent.cgi?article=2165&context=ncilj,2022,2026,2024,The U.N. Global Plastics Treaty: How Narrative Shapes ...,UNEP supported Ghana persistent organic pollutants policy endorsed policy law regulation strategy action plan circular economy chemicals waste pollution prevention control after:2022-01-01 before:2026-01-01,scholarship_law_unc_edu_The_U_N_Global_Plastics_Treaty_How_Narrative_Shape.txt,False,False,False,,0.0,0.0,none,none,unclear,unclear,No relevant information found,No relevant information found,[]
Ghana,2022-2026,https://smepprogramme.org/wp-content/uploads/2025/04/FRESHPPACT-Policy-Blueprint_Plastic-Substitutes-and-Alternatives-in-Ghana_-Report-Final.pdf,2022,2026,2024,Moving Ghana Beyond Plastics: A Policy Blueprint for a ...,UNEP supported Ghana circular economy strategy passed policy law regulation strategy action plan circular economy chemicals waste pollution prevention control after:2022-01-01 before:2026-01-01,smepprogramme_org_Moving_Ghana_Beyond_Plastics_A_Policy_Blueprint_fo.txt,False,False,False,,0.0,0.0,none,none,unclear,none,"No evidence found related to chemicals, waste, circularity, or pollution policies in Ghana for 2022-2026.",No explicit link to UNEP found in the provided document.,[]
Ghana,2022-2026,https://unemg.org/wp-content/uploads/2023/02/20.02.23-Mapping-Efforts-Pollution.pdf,2022,2026,2024,An overview of UN Activities and Initiatives related to ...,UNEP supported Ghana persistent organic pollutants policy endorsed policy law regulation strategy action plan circular economy chemicals waste pollution prevention control after:2022-01-01 before:2026-01-01,unemg_org_An_overview_of_UN_Activities_and_Initiatives_relat.txt,False,False,False,,0.0,0.0,none,none,unclear,unclear,No evidence found related to Ghana and the specified time window.,No explicit link to UNEP found.,[]
Ghana,2022-2026,https://unhabitat.org/sites/default/files/2024-02/WWC-Newsletter_Vol19-ENG_Final_1_0.pdf,2022,2026,2024,NEWSLETTER,UNEP supported Ghana circular economy strategy passed policy law regulation strategy action plan circular economy chemicals waste pollution prevention control after:2022-01-01 before:2026-01-01,unhabitat_org_NEWSLETTER.txt,False,False,False,,0.0,0.0,none,none,none,none,"The document does not contain explicit evidence related to circular approaches/circular economy, chemicals management, waste management, pollution prevention/control, or policies/laws/regulations in key sectors for Ghana during 2022-2026.","There is no explicit link between UNEP and any policy, law, regulation, strategy, action plan, or official framework in Ghana during 2022-2026.","[""The document primarily focuses on Extended Producer Responsibility (EPR) schemes, waste management, and circular economy initiatives in various countries, including Nigeria and Kenya, but does not provide specific information about Ghana or UNEP's involvement in Ghana during 2022-2026.""]"
Ghana,2022-2026,https://wwfafrica.awsassets.panda.org/downloads/wwf_plastic_pollution.pdf,2022,2026,2024,PLASTIC POLLUTION IN AFRICA,UNEP supported Ghana circular economy strategy passed policy law regulation strategy action plan circular economy chemicals waste pollution prevention control after:2022-01-01 before:2026-01-01,wwfafrica_awsassets_panda_org_PLASTIC_POLLUTION_IN_AFRICA.txt,False,False,False,,0.0,0.0,none,none,none,none,"The document does not contain explicit evidence related to circular approaches/circular economy, chemicals management, waste management, pollution prevention/control, or policies/laws/regulations in key sectors for Ghana during 2022-2026.","There is no explicit link between UNEP and any policy, law, regulation, strategy, action plan, or official framework in Ghana during 2022-2026.",[]
Ghana,2022-2026,https://www.actu-environnement.com/media/pdf/news-43582-global-waste-management-outlook.pdf,2022,2026,2024,Beyond an age of waste,UNEP supported Ghana persistent organic pollutants policy endorsed policy law regulation strategy action plan circular economy chemicals waste pollution prevention control after:2022-01-01 before:2026-01-01,www_actu-environnement_com_Beyond_an_age_of_waste.txt,False,False,False,,0.0,0.0,none,none,unclear,none,"No evidence found related to chemicals, waste, circular economy or pollution policies in Ghana for 2022-2026.",No explicit UNEP attribution found.,[]
Ghana,2022-2026,https://www.authorea.com/users/870161/articles/1327888/master/file/data/Waste%20Management%20Policies/Waste%20Management%20Policies.docx.pdf,2022,2026,2024,"Waste Management Policies, Practices, and Public Health ...",UNEP supported Ghana persistent organic pollutants policy endorsed policy law regulation strategy action plan circular economy chemicals waste pollution prevention control after:2022-01-01 before:2026-01-01,www_authorea_com_Waste_Management_Policies_Practices_and_Public_Hea.txt,False,False,False,,0.0,0.0,none,none,unclear,none,"The document does not contain explicit evidence related to circular approaches/circular economy, chemicals management, waste management, pollution prevention and control, or policies/laws/regulations in key sectors for Ghana in 2022-2026.",There is no explicit link between UNEP and any policy/law/regulation outcome in Ghana during 2022-2026.,[]
Ghana,2022-2026,https://www.basel.int/Portals/4/Basel%20Convention/docs/plastic%20waste/UNEP-CHW-PWPWG-PUB-SingleUse-Jan2023.English.pdf,2022,2026,2024,"Compilation of information, best practices and lessons ...",UNEP supported Ghana circular economy strategy passed policy law regulation strategy action plan circular economy chemicals waste pollution prevention control after:2022-01-01 before:2026-01-01,www_basel_int_Compilation_of_information_best_practices_and_less.txt,False,False,False,,0.0,0.0,none,none,unclear,none,"No evidence found related to chemicals, waste, circular economy, or pollution policies in Ghana for 2022-2026.",No explicit link to UNEP found in relation to SP3.1 outcomes for Ghana in 2022-2026.,[]
Ghana,2022-2026,https://www.basel.int/Portals/4/Basel%20Convention/docs/plastic%20waste/UNEP-FAO-CHW-RC-POPS-PUB-GlobalGovernancePlastics-2023.pdf,2022,2026,2024,GLOBAL GOVERNANCE OF PLASTICS AND ...,UNEP supported Ghana persistent organic pollutants policy endorsed policy law regulation strategy action plan circular economy chemicals waste pollution prevention control after:2022-01-01 before:2026-01-01,www_basel_int_GLOBAL_GOVERNANCE_OF_PLASTICS_AND_.txt,False,False,False,,0.0,0.0,none,none,unclear,unclear,"No evidence found related to chemicals, waste, circular economy or pollution policies in Ghana for 2022-2026.",No explicit link to UNEP found in relation to SP3.1 outcomes for Ghana in 2022-2026.,[]
Ghana,2022-2026,https://www.brsmeas.org/MediaHub/PressReleases/tabid/2644/language/en-GB/Default.aspx,2022,2026,2024,Synergies > Media Hub > Press Releases,UNEP supported Ghana persistent organic pollutants policy endorsed policy law regulation strategy action plan circular economy chemicals waste pollution prevention control after:2022-01-01 before:2026-01-01,www_brsmeas_org_Synergies_Media_Hub_Press_Releases.txt,False,False,False,,0.0,0.0,none,none,unclear,unclear,"No evidence found related to chemicals, waste, circular economy or pollution policies in Ghana for 2022-2026.",No explicit link to UNEP found in relation to SP3.1 outcomes for Ghana in 2022-2026.,[]
Ghana,2022-2026,https://www.carrefour.com/sites/default/files/2025-07/Sustainability%20Statement%20Carrefour%20Group%202024_0.pdf,2022,2026,2024,SUSTAINABILITY STATEMENT AND DUTY OF CARE PLAN,UNEP supported Ghana circular economy strategy passed policy law regulation strategy action plan circular economy chemicals waste pollution prevention control after:2022-01-01 before:2026-01-01,www_carrefour_com_SUSTAINABILITY_STATEMENT_AND_DUTY_OF_CARE_PLAN.txt,False,False,False,,0.0,0.0,none,none,none,none,"The document does not contain explicit evidence related to circular approaches/circular economy, chemicals management, waste management, pollution prevention/control, or policies/laws/regulations in key sectors for Ghana during 2022-2026.","There is no explicit link between UNEP and any policy, law, regulation, strategy, action plan, or official framework in Ghana during 2022-2026.",[]
Ghana,2022-2026,https://www.ccacoalition.org/sites/default/files/resources/files/OpenBurning_AfricaRoadmap_2_WHY_0.pdf,2022,2026,2024,roadmap for transformative action on the,UNEP supported Ghana persistent organic pollutants policy endorsed policy law regulation strategy action plan circular economy chemicals waste pollution prevention control after:2022-01-01 before:2026-01-01,www_ccacoalition_org_roadmap_for_transformative_action_on_the.txt,False,False,False,,0.0,0.0,none,none,unclear,none,No relevant information found about Ghana or the specified time window.,No explicit link to UNEP found.,[]
Ghana,2022-2026,https://www.chathamhouse.org/sites/default/files/2024-09/2024-09-19-how-the-circular-economy-can-revive-the-sdgs-schr%C3%B6der-barrie.pdf,2022,2026,2024,How the circular economy can revive the Sustainable ...,UNEP supported Ghana circular economy strategy passed policy law regulation strategy action plan circular economy chemicals waste pollution prevention control after:2022-01-01 before:2026-01-01,www_chathamhouse_org_How_the_circular_economy_can_revive_the_Sustainabl.txt,False,False,False,,0.0,0.0,none,none,unclear,unclear,"No evidence found related to chemicals, waste, circular economy, or pollution policies in Ghana for 2022-2026.",No explicit link to UNEP found in relation to SP3.1 outcomes for Ghana in 2022-2026.,[]
Ghana,2022-2026,https://www.ecologic.eu/sites/default/files/publication/2022/50068-Circular-Economy-and-Developing-Countries-web.pdf,2022,2026,2024,The circular economy and its impact on developing and ...,UNEP supported Ghana circular economy strategy passed policy law regulation strategy action plan circular economy chemicals waste pollution prevention control after:2022-01-01 before:2026-01-01,www_ecologic_eu_The_circular_economy_and_its_impact_on_developing_.txt,False,False,False,,0.0,0.0,none,none,global,none,"The document does not contain explicit evidence related to circular approaches/circular economy, chemicals management, waste management, pollution prevention/control, or policies/laws/regulations in key sectors for Ghana during 2022-2026.","There is no explicit link between UNEP and any policy, law, regulation, strategy, action plan, or official framework in Ghana during 2022-2026.","[""The document does not provide relevant evidence for Ghana or the specified time window.""]"
Ghana,2022-2026,https://www.emerald.com/meq/article/doi/10.1108/MEQ-07-2025-0483/1356003/A-strategic-framework-for-managing-the-circular,2022,2026,2024,A strategic framework for managing the circular economy ...,UNEP supported Ghana circular economy strategy passed policy law regulation strategy action plan circular economy chemicals waste pollution prevention control after:2022-01-01 before:2026-01-01,www_emerald_com_A_strategic_framework_for_managing_the_circular_ec.txt,False,False,False,,0.0,0.0,none,none,none,none,"The document does not contain explicit evidence related to circular approaches/circular economy, chemicals management, waste management, pollution prevention and control, or policies/laws/regulations in key sectors for Ghana during 2022–2026.",There is no explicit link between UNEP and any policy/law/regulation outcome in Ghana during 2022–2026.,[]
Ghana,2022-2026,https://www.epa.gov/system/files/documents/2023-07/SWM_PlasticWaste-Final.pdf,2022,2026,2024,Addressing Plastic Waste,UNEP supported Ghana circular economy strategy passed policy law regulation strategy action plan circular economy chemicals waste pollution prevention control after:2022-01-01 before:2026-01-01,www_epa_gov_Addressing_Plastic_Waste.txt,False,False,False,,0.0,0.0,none,none,unclear,none,"No evidence found related to Ghana's policies, laws, or regulations on circular economy, chemicals management, waste management, or pollution prevention and control.","No explicit link found between UNEP and any policy, law, regulation, or framework in Ghana related to the specified areas.",[]
Ghana,2022-2026,https://www.facebook.com/NemaKenya/posts/inception-workshop-on-circular-and-persistent-organic-pollutants-pops-free-plast/959512519547885/,2022,2026,2024,free Plastics in Africa organized by the Basel Convention ...,UNEP supported Ghana persistent organic pollutants policy endorsed policy law regulation strategy action plan circular economy chemicals waste pollution prevention control after:2022-01-01 before:2026-01-01,www_facebook_com_free_Plastics_in_Africa_organized_by_the_Basel_Con.txt,False,False,False,,0.0,0.0,none,none,unclear,none,"The document does not contain explicit evidence related to circular approaches/circular economy, chemicals management, waste management, pollution prevention and control, or policies/laws/regulations in key sectors for Ghana during 2022-2026.",The document does not explicitly link UNEP to development/adoption/revision/implementation/strengthening of any policy/law/regulation/strategy/action plan or official framework in Ghana during 2022-2026.,[]
Ghana,2022-2026,https://www.facebook.com/UNDPGhana/posts/at-the-just-ended-cop28-announced-an-innovative-waste-management-initiativethis-/729461432545209/,2022,2026,2024,UNDP Ghana's post,UNEP supported Ghana circular economy strategy passed policy law regulation strategy action plan circular economy chemicals waste pollution prevention control after:2022-01-01 before:2026-01-01,www_facebook_com_UNDP_Ghana_s_post.txt,False,False,False,,0.0,0.0,none,none,unclear,none,"The document does not contain explicit evidence related to circular approaches/circular economy, chemicals management, waste management, pollution prevention and control, or policies/laws/regulations in key sectors for Ghana in 2022-2026.",There is no explicit link between UNEP and any policy/law/regulation outcome in Ghana during 2022-2026.,[]
Ghana,2022-2026,https://www.facebook.com/metrotvgh/posts/environment-environmental-protection-agency-holds-workshop-on-effective-plastic-/593744740183791/,2022,2026,2024,[Environment] Environmental Protection Agency Holds ...,UNEP supported Ghana circular economy strategy passed policy law regulation strategy action plan circular economy chemicals waste pollution prevention control after:2022-01-01 before:2026-01-01,www_facebook_com__Environment_Environmental_Protection_Agency_Holds.txt,False,False,False,,0.0,0.0,none,none,unclear,none,"The document does not contain explicit evidence related to circular approaches/circular economy, chemicals management, waste management, pollution prevention and control, or policies/laws/regulations in key sectors for Ghana in 2022-2026.",There is no explicit link between UNEP and any policy/law/regulation outcome in Ghana during 2022-2026.,[]
Ghana,2022-2026,https://www.facebook.com/unep/posts/in-burundi-improper-chemical-and-waste-management-have-led-to-various-human-heal/300241905469228/,2022,2026,2024,"In Burundi, improper chemical and waste management ...",UNEP supported Ghana circular economy strategy passed policy law regulation strategy action plan circular economy chemicals waste pollution prevention control after:2022-01-01 before:2026-01-01,www_facebook_com_In_Burundi_improper_chemical_and_waste_management_.txt,False,False,False,,0.0,0.0,none,none,global,unclear,"The document does not contain explicit evidence related to Ghana or policies/laws/regulations in key sectors for circular economy, chemicals management, waste management, pollution prevention and control.",The document does not explicitly link UNEP to development/adoption/revision/implementation/strengthening of any policy/law/regulation/strategy/action plan in Ghana.,[]
Ghana,2022-2026,https://www.facebook.com/unep/posts/plastic-waste-makes-up-the-largest-share-of-pollution-in-nigeriato-tackle-this-i/1122189483274462/,2022,2026,2024,Plastic waste makes up the largest share of pollution in ...,UNEP supported Ghana persistent organic pollutants policy endorsed policy law regulation strategy action plan circular economy chemicals waste pollution prevention control after:2022-01-01 before:2026-01-01,www_facebook_com_Plastic_waste_makes_up_the_largest_share_of_pollut.txt,False,False,False,,0.0,0.0,none,none,unclear,none,"The document does not contain explicit evidence related to Ghana or the time window 2022-2026. It discusses Nigeria's new regulations on plastic waste, which is not relevant to Ghana.","The document does not explicitly link UNEP to any policy, law, regulation, strategy, action plan, or official framework in Ghana during 2022-2026.",[]
Ghana,2022-2026,https://www.frontiersin.org/journals/sustainability/articles/10.3389/frsus.2024.1300904/full,2022,2026,2024,From waste to resource: demystifying the policy challenges ...,UNEP supported Ghana circular economy strategy passed policy law regulation strategy action plan circular economy chemicals waste pollution prevention control after:2022-01-01 before:2026-01-01,www_frontiersin_org_From_waste_to_resource_demystifying_the_policy_cha.txt,False,False,False,,0.0,0.0,none,none,none,none,"The document does not contain explicit evidence related to circular approaches/circular economy, chemicals management, waste management, pollution prevention/control, or policies/laws/regulations in key sectors for Ghana during 2022-2026.","There is no explicit link between UNEP and any policy, law, regulation, strategy, action plan, or official framework in Ghana during 2022-2026.","[""The document is about Zambia, not Ghana.""]"
Ghana,2022-2026,https://www.greenpolicyplatform.org/sites/default/files/downloads/tools/Guidelines%20to%20Accelerate%20the%20Transition%20Towards%20a%20Circular%20Economy%20in%20Africa.pdf,2022,2026,2024,Guidelines to Accelerate the Transition Towards a Circular ...,UNEP supported Ghana circular economy strategy passed policy law regulation strategy action plan circular economy chemicals waste pollution prevention control after:2022-01-01 before:2026-01-01,www_greenpolicyplatform_org_Guidelines_to_Accelerate_the_Transition_Towards_a_.txt,False,False,False,,0.0,0.0,none,none,unclear,unclear,"No evidence found related to circular economy, chemicals management, waste management, pollution prevention/control policies in Ghana for 2022-2026.",No explicit link to UNEP found in relation to SP3.1 outcomes in Ghana for 2022-2026.,[]
Ghana,2022-2026,https://www.ioe-emp.org/index.php?eID=dumpFile&t=f&f=165214&token=31bf394cdfe2796ffe1d14ef6fbf6f13e61e2c4e,2022,2026,2024,The Business Pathway to Circular Economy: Global ...,UNEP supported Ghana circular economy strategy passed policy law regulation strategy action plan circular economy chemicals waste pollution prevention control after:2022-01-01 before:2026-01-01,www_ioe-emp_org_The_Business_Pathway_to_Circular_Economy_Global_.txt,False,False,False,,0.0,0.0,none,none,unclear,unclear,No relevant information found,No relevant information found,[]
Ghana,2022-2026,https://www.linkedin.com/posts/mohamed-malick-fall-3a01322b8_nigeria-activity-7336271779939651584-uFml,2022,2026,2024,UN supports Nigeria's fight against plastic pollution,UNEP supported Ghana circular economy strategy passed policy law regulation strategy action plan circular economy chemicals waste pollution prevention control after:2022-01-01 before:2026-01-01,www_linkedin_com_UN_supports_Nigeria_s_fight_against_plastic_pollut.txt,False,False,False,,0.0,0.0,none,none,none,none,"The document does not contain explicit evidence related to circular approaches/circular economy, chemicals management, waste management, pollution prevention and control, or policies/laws/regulations in key sectors for Ghana during 2022–2026.","The document does not explicitly link UNEP to development/adoption/revision/implementation/strengthening of any policy, law, regulation, strategy, action plan, or official framework in Ghana during 2022–2026.",[]
Ghana,2022-2026,https://www.oecd.org/en/publications/regional-plastics-outlook-for-southeast-and-east-asia_5a8ff43c-en/full-report/component-15.html,2022,2026,2024,Regional Plastics Outlook for Southeast and East Asia,UNEP supported Ghana persistent organic pollutants policy endorsed policy law regulation strategy action plan circular economy chemicals waste pollution prevention control after:2022-01-01 before:2026-01-01,www_oecd_org_Regional_Plastics_Outlook_for_Southeast_and_East_A.txt,False,False,False,,0.0,0.0,none,none,none,none,"The document does not contain explicit evidence related to circular economy, chemicals management, waste management, pollution prevention/control, or policies/laws/regulations in key sectors for Ghana during 2022-2026.","There is no explicit link between UNEP and any policy, law, regulation, strategy, action plan, or official framework in Ghana during 2022-2026.",[]
Ghana,2022-2026,https://www.oecd.org/en/publications/towards-a-national-circular-economy-strategy-for-hungary_1178c379-en/full-report/transition-to-a-circular-life-cycle-for-plastics_c2ef1e21.html,2022,2026,2024,Towards a National Circular Economy Strategy for Hungary,UNEP supported Ghana circular economy strategy passed policy law regulation strategy action plan circular economy chemicals waste pollution prevention control after:2022-01-01 before:2026-01-01,www_oecd_org_Towards_a_National_Circular_Economy_Strategy_for_H.txt,False,False,False,,0.0,0.0,none,none,none,none,"The document does not contain explicit evidence related to circular approaches/circular economy, chemicals management, waste management, pollution prevention/control, or policies/laws/regulations in key sectors for Ghana during 2022-2026.","There is no explicit link between UNEP and any policy, law, regulation, strategy, action plan, or official framework in Ghana during 2022-2026.",[]
Ghana,2022-2026,https://www.researchgate.net/publication/364597282_Circular_economy_approach_for_sustainable_solid_waste_management_A_developing_economy_perspective,2022,2026,2024,Circular economy approach for sustainable solid waste ...,UNEP supported Ghana persistent organic pollutants policy endorsed policy law regulation strategy action plan circular economy chemicals waste pollution prevention control after:2022-01-01 before:2026-01-01,www_researchgate_net_Circular_economy_approach_for_sustainable_solid_wa.txt,False,False,False,,0.0,0.0,none,none,none,none,"The document does not contain explicit evidence related to circular approaches/circular economy, chemicals management, waste management, pollution prevention and control, or policies/laws/regulations in key sectors for Ghana during 2022-2026.","There is no explicit link between UNEP and any policy, law, regulation, strategy, action plan, or official framework in Ghana during 2022-2026.",[]
Ghana,2022-2026,https://www.sciencedirect.com/science/article/pii/S2772416624000743,2022,2026,2024,Policy pathways to sustainable E-waste management,UNEP supported Ghana circular economy strategy passed policy law regulation strategy action plan circular economy chemicals waste pollution prevention control after:2022-01-01 before:2026-01-01,www_sciencedirect_com_Policy_pathways_to_sustainable_E_waste_management.txt,False,False,False,,0.0,0.0,none,none,unclear,unclear,"The document does not contain explicit evidence related to circular approaches/circular economy, chemicals management, waste management, pollution prevention and control, or policies/laws/regulations in key sectors for Ghana during 2022-2026.",There is no explicit link between UNEP and any policy/law/regulation outcome in Ghana during 2022-2026.,[]
Ghana,2022-2026,https://www.theigc.org/sites/default/files/2025-05/Oteng-Ababio-et-al-Final-Report-April-2023.pdf,2022,2026,2024,Managing solid waste for a sustainable Accra,UNEP supported Ghana persistent organic pollutants policy endorsed policy law regulation strategy action plan circular economy chemicals waste pollution prevention control after:2022-01-01 before:2026-01-01,www_theigc_org_Managing_solid_waste_for_a_sustainable_Accra.txt,False,False,False,,0.0,0.0,none,none,unclear,none,"No evidence found related to chemicals, waste, circular economy, or pollution policies in Ghana for 2022-2026.",No explicit link to UNEP found in relation to SP3.1 outcomes in Ghana for 2022-2026.,[]
Ghana,2022-2026,https://www.undp.org/sites/g/files/zskgke326/files/2022-03/UNDP-GEF-Transitioning-to-a-Circular-Economy-Through-Chemical-and-Waste-Management.pdf,2022,2026,2024,TRANSITIONING TO A CIRCULAR ECONOMY THROUGH ...,UNEP supported Ghana circular economy strategy passed policy law regulation strategy action plan circular economy chemicals waste pollution prevention control after:2022-01-01 before:2026-01-01,www_undp_org_TRANSITIONING_TO_A_CIRCULAR_ECONOMY_THROUGH_.txt,False,False,False,,0.0,0.0,none,none,none,none,"The document does not contain explicit evidence related to circular approaches/circular economy, chemicals management, waste management, pollution prevention/control, or policies/laws/regulations in key sectors for Ghana during 2022-2026.","There is no explicit link between UNEP and any policy, law, regulation, strategy, action plan, or official framework in Ghana during 2022-2026.",[]
Ghana,2022-2026,https://www.unep.org/ghana,2022,2026,2024,Ghana - UN Environment Programme,UNEP supported Ghana circular economy strategy passed policy law regulation strategy action plan circular economy chemicals waste pollution prevention control after:2022-01-01 before:2026-01-01,www_unep_org_Ghana_UN_Environment_Programme.txt,False,False,False,,0.0,0.0,none,none,unclear,unclear,"No evidence found related to chemicals, waste, circular economy, or pollution policies in Ghana for 2022-2026.",No explicit link to UNEP found in the provided text.,[]
Ghana,2022-2026,https://www.unep.org/resources/report/circular-economy-indicators-and-data-policy-making,2022,2026,2024,Circular Economy: from indicators and data to policy-making,UNEP supported Ghana circular economy strategy passed policy law regulation strategy action plan circular economy chemicals waste pollution prevention control after:2022-01-01 before:2026-01-01,www_unep_org_Circular_Economy_from_indicators_and_data_to_polic.txt,False,False,False,,0.0,0.0,none,none,unclear,unclear,"No evidence found related to chemicals, waste, circular economy, or pollution policies in Ghana for 2022-2026.",No explicit link to UNEP found in relation to SP3.1 outcomes for Ghana in 2022-2026.,[]
Ghana,2022-2026,https://www.unido.org/sites/default/files/unido-publications/2024-05/UNIDO_National%20circular%20economy%20roadmaps_v07.pdf,2022,2026,2024,National Circular Economy Roadmaps: A Global Stocktake ...,UNEP supported Ghana circular economy strategy passed policy law regulation strategy action plan circular economy chemicals waste pollution prevention control after:2022-01-01 before:2026-01-01,www_unido_org_National_Circular_Economy_Roadmaps_A_Global_Stockt.txt,False,False,False,,0.0,0.0,none,none,unclear,none,No relevant information found,No relevant information found,[]
Ghana,2022-2026,https://www.wcoomd.org/-/media/wco/public/global/pdf/topics/research/report/circular-economy-report-en.pdf,2022,2026,2024,Transition to a circular economy and implications for ...,UNEP supported Ghana circular economy strategy passed policy law regulation strategy action plan circular economy chemicals waste pollution prevention control after:2022-01-01 before:2026-01-01,www_wcoomd_org_Transition_to_a_circular_economy_and_implications_.txt,False,False,False,,0.0,0.0,none,none,unclear,unclear,"No relevant information found about Ghana's policies, laws, or regulations related to circular economy, chemicals management, waste management, or pollution prevention and control for the period 2022-2026.","No explicit link to UNEP found in relation to any policy, law, regulation, strategy, or framework in Ghana for the period 2022-2026.",[]
Kenya,2018-2022,http://kmco.co.ke/wp-content/uploads/2019/09/Safeguarding-the-Environment-through-Effective-Pollution-Control-in-Kenya-Kariuki-Muigua-28th-SEPT-2019.pdf,2018,2022,2020,Safeguarding-the-Environment-through-Effective-Pollution- ...,UNEP project Kenya chemicals and waste management policy developing policy law regulation strategy action plan circular economy chemicals waste pollution prevention control after:2018-01-01 before:2022-01-01,kmco_co_ke_Safeguarding_the_Environment_through_Effective_Pol.txt,False,False,False,,0.0,0.0,none,none,unclear,unclear,"No relevant information found about Kenya's policies, laws, or regulations related to circular economy, chemicals management, waste management, or pollution prevention and control between 2018 and 2022.","No explicit link to UNEP found in relation to Kenya's policies, laws, or regulations on circular economy, chemicals management, waste management, or pollution prevention and control between 2018 and 2022.",[]
Kenya,2018-2022,https://academic.oup.com/ieam/article/20/1/9/7725080,2018,2022,2020,Solid waste management in the context of the waste hierarchy ...,UNEP project Kenya chemicals and waste management policy developing policy law regulation strategy action plan circular economy chemicals waste pollution prevention control after:2018-01-01 before:2022-01-01,academic_oup_com_Solid_waste_management_in_the_context_of_the_waste.txt,False,False,False,,0.0,0.0,none,none,global,unclear,"The document does not contain explicit evidence related to circular approaches/circular economy, chemicals management, waste management, pollution prevention/control, or policies/laws/regulations in key sectors for Kenya during 2018–2022.","There is no explicit link between UNEP and any policy, law, regulation, strategy, action plan, or official framework in Kenya during 2018–2022.",[]
Kenya,2018-2022,https://apps1.unep.org/resolutions/uploads/unep_aheg_2018_1_inf_4_unea2_edited.pdf,2018,2022,2020,United Nations Environment Assembly of the ...,UNEP project Kenya chemicals and waste management policy developing policy law regulation strategy action plan circular economy chemicals waste pollution prevention control after:2018-01-01 before:2022-01-01,apps1_unep_org_United_Nations_Environment_Assembly_of_the_.txt,False,False,False,,0.0,0.0,none,none,global,none,"The document does not contain explicit evidence related to circular economy, chemicals management, waste management, pollution prevention and control, or policies/laws/regulations in key sectors for Kenya during 2018-2022.","The document does not explicitly link UNEP to any policy, law, regulation, strategy, action plan, or official framework in Kenya during 2018-2022.","[""The document is a report on marine plastic debris and microplastics, focusing on global lessons and research to inspire action and guide policy change.""]"
Kenya,2018-2022,https://apps1.unep.org/resolutions/uploads/unep_aheg_2018_inf3_full_assessment_en.pdf,2018,2022,2020,Combating marine plastic litter and microplast,in partnership with UNEP Kenya mercury management policy endorsed policy law regulation strategy action plan circular economy chemicals waste pollution prevention control after:2018-01-01 before:2022-01-01,apps1_unep_org_Combating_marine_plastic_litter_and_microplast.txt,False,False,False,,0.0,0.0,none,none,global,none,"The document does not contain explicit evidence related to circular economy, chemicals management, waste management, pollution prevention and control, or policies/laws/regulations in key sectors for Kenya during 2018-2022.","The document does not explicitly link UNEP to development/adoption/revision/implementation/strengthening of any policy, law, regulation, strategy, action plan, or official framework in Kenya during 2018-2022.",[]
Kenya,2018-2022,https://circulareconomy.europa.eu/platform/sites/default/files/2023-08/FinCir.pdf,2018,2022,2020,Demystifying Finance for Circular Economies,in partnership with UNEP Kenya mercury management policy endorsed policy law regulation strategy action plan circular economy chemicals waste pollution prevention control after:2018-01-01 before:2022-01-01,circulareconomy_europa_eu_Demystifying_Finance_for_Circular_Economies.txt,False,False,False,,0.0,0.0,none,none,unclear,unclear,No evidence found,No evidence found,[]
Kenya,2018-2022,https://climatepromise.undp.org/sites/default/files/research_report_document/undp-clmate-promise-vanuatu-circular-economy-opportunities.pdf,2018,2022,2020,Circular economy opportunities Vanuatu,UNEP project Kenya chemicals and waste management policy developing policy law regulation strategy action plan circular economy chemicals waste pollution prevention control after:2018-01-01 before:2022-01-01,climatepromise_undp_org_Circular_economy_opportunities_Vanuatu.txt,False,False,False,,0.0,0.0,none,none,national,none,"The document does not contain explicit evidence related to circular approaches/circular economy, chemicals management, waste management, pollution prevention/control, or policies/laws/regulations in key sectors for Kenya during 2018–2022.","There is no explicit link between UNEP and any policy, law, regulation, strategy, action plan, or official framework in Kenya during 2018–2022.","[""The document is about Vanuatu, not Kenya.""]"
Kenya,2018-2022,https://docs.un.org/en/A/74/25,2018,2022,2020,Report of the United Nations Environment Assembly of the ...,in partnership with UNEP Kenya mercury management policy endorsed policy law regulation strategy action plan circular economy chemicals waste pollution prevention control after:2018-01-01 before:2022-01-01,docs_un_org_Report_of_the_United_Nations_Environment_Assembly_.txt,False,False,False,,0.0,0.0,none,none,unclear,unclear,No relevant information found,No UNEP attribution found,[]
Kenya,2018-2022,https://documents1.worldbank.org/curated/en/697271544470229584/pdf/What-a-Waste-2-0-A-Global-Snapshot-of-Solid-Waste-Management-to-2050.pdf,2018,2022,2020,A Global Snapshot of Solid Waste Management to 2050,in partnership with UNEP Kenya mercury management policy endorsed policy law regulation strategy action plan circular economy chemicals waste pollution prevention control after:2018-01-01 before:2022-01-01,documents1_worldbank_org_A_Global_Snapshot_of_Solid_Waste_Management_to_205.txt,False,False,False,,0.0,0.0,none,none,global,none,"The document does not contain explicit evidence related to circular approaches/circular economy, chemicals management, waste management, pollution prevention/control, or policies/laws/regulations in key sectors for Kenya during 2018–2022.","There is no explicit link between UNEP and any policy, law, regulation, strategy, action plan, or official framework in Kenya during 2018–2022.",[]
Kenya,2018-2022,https://eba.se/app/uploads/2021/05/WP_2021_05_Slunge-Andersson-Wikstr%C3%B6m-Sterner.pdf,2018,2022,2020,Circular Economy,in partnership with UNEP Kenya mercury management policy endorsed policy law regulation strategy action plan circular economy chemicals waste pollution prevention control after:2018-01-01 before:2022-01-01,eba_se_Circular_Economy.txt,False,False,False,,0.0,0.0,none,none,unclear,unclear,No relevant information found,No UNEP attribution found,[]
Kenya,2018-2022,https://ecowap.ecowas.int/media/ecowap/file_document/2020_ECOWAS_ECOWAS_ENVIRONMENTAL_ACTION_PLAN_Final_Version_-_ENG.pdf,2018,2022,2020,ECOWAS ENVIRONMENTAL ACTION PLAN 2020-2026,in partnership with UNEP Kenya mercury management policy endorsed policy law regulation strategy action plan circular economy chemicals waste pollution prevention control after:2018-01-01 before:2022-01-01,ecowap_ecowas_int_ECOWAS_ENVIRONMENTAL_ACTION_PLAN_2020_2026.txt,False,False,False,,0.0,0.0,none,none,none,none,"The document does not contain explicit evidence related to circular approaches/circular economy, chemicals management, waste management, pollution prevention/control, or policies/laws/regulations in key sectors for Kenya during 2018-2022.","There is no explicit link between UNEP and any policy, law, regulation, strategy, action plan, or official framework in Kenya during 2018-2022.","[""The document is about ECOWAS Environmental Action Plan 2020-2026 and does not mention Kenya.""]"
Kenya,2018-2022,https://eia-international.org/wp-content/uploads/EIA-The-Truth-Behind-Trash-FINAL.pdf,2018,2022,2020,The Truth Behind Trash,UNEP project Kenya chemicals and waste management policy developing policy law regulation strategy action plan circular economy chemicals waste pollution prevention control after:2018-01-01 before:2022-01-01,eia-international_org_The_Truth_Behind_Trash.txt,False,False,False,,0.0,0.0,none,none,none,none,"The document does not contain explicit evidence related to circular approaches/circular economy, chemicals management, waste management, pollution prevention/control, or policies/laws/regulations in key sectors for Kenya during 2018-2022.","There is no explicit link between UNEP and the development/adoption/revision/implementation/strengthening of any policy, law, regulation, strategy, action plan, or official framework in Kenya during 2018-2022.",[]
Kenya,2018-2022,https://ewastemonitor.info/wp-content/uploads/2020/11/GEM_2020_def_july1_low.pdf,2018,2022,2020,The Global E-waste Monitor 2020,UNEP project Kenya chemicals and waste management policy developing policy law regulation strategy action plan circular economy chemicals waste pollution prevention control after:2018-01-01 before:2022-01-01,ewastemonitor_info_The_Global_E_waste_Monitor_2020.txt,False,False,False,,0.0,0.0,none,none,unclear,none,"No relevant information found about Kenya's policies, laws, or regulations related to circular economy, chemicals management, waste management, or pollution prevention and control between 2018-2022.","No explicit link to UNEP found in relation to Kenya's policies, laws, or regulations on circular economy, chemicals management, waste management, or pollution prevention and control between 2018-2022.",[]
Kenya,2018-2022,https://gefcrew.org/carrcu/18IGM/4LBSCOP/Info-Docs/gpa_igr4_inf8-en.pdf,2018,2022,2020,United Nations Environment Programme Implementation of ...,in partnership with UNEP Kenya mercury management policy endorsed policy law regulation strategy action plan circular economy chemicals waste pollution prevention control after:2018-01-01 before:2022-01-01,gefcrew_org_United_Nations_Environment_Programme_Implementatio.txt,True,False,False,,81.0,0.0,Regional Seas Programme and Action Plans,developed / implementing,national,cross-sectoral,"The document provides detailed information on various Regional Seas Programmes and Action Plans, including their legal frameworks, regional programmes of action, and principal activities. These programmes aim to address land-based pollution, including chemicals and waste management, and promote sustainable development.","Although UNEP is mentioned as the coordinator of the Regional Seas Programme, there is no explicit evidence that UNEP directly supported or developed the policies, laws, or regulations in Kenya during 2018-2022.","[""The Regional Seas Programme, launched in 1974, is one of UN Environment’s most significant achievements in the past four decades."", ""UN Environment coordinates the Regional Seas Programme, based at its headquarters in Nairobi, Kenya."", ""The present document has been issued without formal editing."", ""Regional Seas Conventions and Action Plans have emerged over the last 40 years as the world's only legal framework for protecting the oceans and seas at the regional level.""]"
Kenya,2018-2022,https://greenfinancelac.org/wp-content/uploads/2020/06/Environmental_Social_Governance.2.pdf,2018,2022,2020,"Environmental, Social and Governance",in partnership with UNEP Kenya mercury management policy endorsed policy law regulation strategy action plan circular economy chemicals waste pollution prevention control after:2018-01-01 before:2022-01-01,greenfinancelac_org_Environmental_Social_and_Governance.txt,False,False,False,,0.0,0.0,none,none,unclear,unclear,"No relevant information found about Kenya's policies, laws, or regulations related to circular economy, chemicals management, waste management, or pollution prevention and control between 2018 and 2022.","No explicit link to UNEP found in relation to Kenya's policies, laws, or regulations on circular economy, chemicals management, waste management, or pollution prevention and control between 2018 and 2022.",[]
Kenya,2018-2022,https://iaia.org/wp-content/uploads/2025/03/The-Circular-Economy-and-Impact-Assessment-a-Primer.pdf,2018,2022,2020,The Circular Economy and Impact Assessment,UNEP project Kenya chemicals and waste management policy developing policy law regulation strategy action plan circular economy chemicals waste pollution prevention control after:2018-01-01 before:2022-01-01,iaia_org_The_Circular_Economy_and_Impact_Assessment.txt,False,False,False,,0.0,0.0,none,none,unclear,none,No relevant information found,No relevant information found,[]
Kenya,2018-2022,https://ke.chm-cbd.net/sites/ke/files/2023-09/SWM_Policy_2021_final_copy.pdf,2018,2022,2020,National Sustainable Waste Management Policy,UNEP project Kenya chemicals and waste management policy developing policy law regulation strategy action plan circular economy chemicals waste pollution prevention control after:2018-01-01 before:2022-01-01,ke_chm-cbd_net_National_Sustainable_Waste_Management_Policy.txt,True,False,False,,80.0,0.0,National Sustainable Waste Management Policy,adopted,national,cross-sectoral,"The document outlines a comprehensive National Sustainable Waste Management Policy for Kenya, focusing on waste management, circular economy, and pollution prevention. It provides clear evidence of developed policies advancing sound management of waste, circular approaches, and pollution prevention and control.","There is no explicit evidence linking UNEP to the development, adoption, revision, or implementation of the National Sustainable Waste Management Policy in Kenya during 2018-2022.","[""The formulation of the Sustainable Waste Management Policy, undertook an intensive, inclusive, consultative and participatory approach"", ""This Policy will advance Kenya towards a more sustainable and circular, green economy"", ""The policy aims at addressing Waste management through regulations, guidelines, standards and strategies in the country"", ""Kenya has made significant commitments to environmental protection. Article 42 in the Constitution of Kenya (CoK 2010) guarantees every person the right to a clean and healthy environment""]"
Kenya,2018-2022,https://link.springer.com/rwe/10.1007/978-981-15-7525-9_27-1,2018,2022,2020,Solid Waste Management and Policies Toward Sustainable ...,UNEP project Kenya chemicals and waste management policy developing policy law regulation strategy action plan circular economy chemicals waste pollution prevention control after:2018-01-01 before:2022-01-01,link_springer_com_Solid_Waste_Management_and_Policies_Toward_Sustain.txt,False,False,False,,0.0,0.0,none,none,none,none,"The document does not contain explicit evidence related to circular approaches/circular economy, chemicals management, waste management, pollution prevention/control, or policies/laws/regulations in key sectors for Kenya during 2018-2022.","There is no explicit link between UNEP and any policy, law, regulation, strategy, action plan, or official framework in Kenya during 2018-2022.",[]
Kenya,2018-2022,https://napglobalnetwork.org/wp-content/uploads/2022/01/napgn-en-2022-kenya-NCCAP-2018-2022-Implemantation-Status-Report.pdf,2018,2022,2020,National Climate Change Action Plan 2018-2022,in partnership with UNEP Kenya mercury management policy endorsed policy law regulation strategy action plan circular economy chemicals waste pollution prevention control after:2018-01-01 before:2022-01-01,napglobalnetwork_org_National_Climate_Change_Action_Plan_2018_2022.txt,True,False,False,,60.0,0.0,National Climate Change Action Plan,implemented,national,cross-sectoral,"The document contains explicit evidence related to climate change policies and actions in Kenya, including the National Climate Change Action Plan (NCCAP) 2018-2022, which aims to achieve low carbon climate resilient development. The plan provides a framework for Kenya to deliver on its National Adaptation Plan (NAP) 2015-2030 and its Nationally Determined Contribution (NDC) under the Paris Agreement.","There is no explicit link between UNEP and the development, adoption, revision, implementation, strengthening, or operationalization of the policy, law, regulation, strategy, action plan, or official framework in Kenya during 2018-2022.","[""The National Climate Change Action Plan (NCCAP) 2018-2022 sets out the path towards low carbon climate resilient development"", ""The NCCAP provides a framework for Kenya to deliver on its National Adaptation Plan (NAP) 2015-2030 and its Nationally Determined Contribution (NDC)"", ""The report highlights key achievements made across the seven NCCAP strategic objectives""]"
Kenya,2018-2022,https://nema.go.ke/wp-content/uploads/2024/09/Environmental-and-Social-Management-Framework-Africa-Environmental-Health-and-Pollution-Management-Program.pdf,2018,2022,2020,Environmental and Social Management Framework Africa ...,UNEP project Kenya chemicals and waste management policy developing policy law regulation strategy action plan circular economy chemicals waste pollution prevention control after:2018-01-01 before:2022-01-01,nema_go_ke_Environmental_and_Social_Management_Framework_Afri.txt,True,False,False,,81.0,0.0,Environmental and Social Management Framework,developed,national,environment,"The document provides evidence of a developed Environmental and Social Management Framework (ESMF) for Kenya, which includes policies, laws, and regulations related to environmental and social management, including those relevant to chemicals and waste management.","There is no explicit evidence that UNEP was involved in the development, adoption, revision, or implementation of the ESMF for Kenya.","[""The Ministry of Environment and Natural Resources (MENR) is responsible for the environment at policy level."", ""The National Environment Management Authority (NEMA) is the principal instrument of Government in the implementation of all policies relating to the environment including POPs."", ""The ESMF provides the project implementers with a process that will enable them to identify, assess and mitigate potential environmental and social risks of the project.""]"
Kenya,2018-2022,https://nicholasinstitute.duke.edu/sites/default/files/publications/20-Years-of-Government-Responses-to-the-Global-Plastic-Pollution-Problem_final_reduced.pdf,2018,2022,2020,20 Years of Government Responses to the Global Plastic ...,UNEP project Kenya chemicals and waste management policy developing policy law regulation strategy action plan circular economy chemicals waste pollution prevention control after:2018-01-01 before:2022-01-01,nicholasinstitute_duke_edu_20_Years_of_Government_Responses_to_the_Global_Pla.txt,False,False,False,,0.0,0.0,none,none,unclear,unclear,"No relevant information found about Kenya's policies, laws, or regulations related to circular economy, chemicals management, waste management, or pollution prevention and control between 2018-2022.","No explicit link found between UNEP and any policy, law, regulation, strategy, or framework in Kenya during 2018-2022.",[]
Kenya,2018-2022,https://orbit.dtu.dk/files/170843838/GCOII_synth.pdf,2018,2022,2020,UN Environment Global Chemicals Outlook II,UNEP project Kenya chemicals and waste management policy developing policy law regulation strategy action plan circular economy chemicals waste pollution prevention control after:2018-01-01 before:2022-01-01,orbit_dtu_dk_UN_Environment_Global_Chemicals_Outlook_II.txt,False,False,False,,0.0,0.0,none,none,unclear,unclear,,,[]
Kenya,2018-2022,https://plasticsdb.surrey.ac.uk/documents/kenya/Kenya%20National%20Sustainable%20Waste%20Management%20Policy%202021.pdf,2018,2022,2020,Kenya National Sustainable Waste Management Policy 2021,UNEP project Kenya chemicals and waste management policy developing policy law regulation strategy action plan circular economy chemicals waste pollution prevention control after:2018-01-01 before:2022-01-01,plasticsdb_surrey_ac_uk_Kenya_National_Sustainable_Waste_Management_Policy.txt,True,False,False,,80.0,0.0,waste management policy,adopted,national,waste,"The document contains explicit evidence of a policy/law/regulation/strategy/action plan for waste management in Kenya during 2018-2022, specifically the National Sustainable Waste Management Policy.",There is no explicit link between UNEP and the development/adoption/revision/implementation of the policy/law/regulation/strategy/action plan in Kenya during 2018-2022.,"[""National Sustainable Waste Management Policy"", ""The policy aims at addressing waste management through regulations, guidelines, standards, and strategies in the country."", ""The Government recognizes the importance of providing a new framework through the development of a National Sustainable Waste Management Policy.""]"
Kenya,2018-2022,https://pmc.ncbi.nlm.nih.gov/articles/PMC7202682/,2018,2022,2020,Rethinking sustainability: a review of Liberia's municipal solid ...,UNEP project Kenya chemicals and waste management policy developing policy law regulation strategy action plan circular economy chemicals waste pollution prevention control after:2018-01-01 before:2022-01-01,pmc_ncbi_nlm_nih_gov_Rethinking_sustainability_a_review_of_Liberia_s_mu.txt,False,False,False,,0.0,0.0,none,none,unclear,unclear,,,[]
Kenya,2018-2022,https://prevent-waste.net/wp-content/uploads/2023/06/FS00_Introduction_updated-Sepetmber-2022.pdf,2018,2022,2020,EPR Toolbox |Know-how to enable Extended Producer ...,UNEP project Kenya chemicals and waste management policy developing policy law regulation strategy action plan circular economy chemicals waste pollution prevention control after:2018-01-01 before:2022-01-01,prevent-waste_net_EPR_Toolbox_Know_how_to_enable_Extended_Producer_.txt,False,False,False,,0.0,0.0,none,none,global,unclear,"The document does not contain explicit evidence related to circular approaches/circular economy, chemicals management, waste management, pollution prevention and control, or policies/laws/regulations in key sectors for Kenya during 2018-2022.","There is no explicit link between UNEP and any policy, law, regulation, strategy, action plan, or official framework in Kenya during 2018-2022.",[]
Kenya,2018-2022,https://publication.aercafricalibrary.org/bitstreams/43d69dab-53c7-4b7a-918e-0dec5c6d03c7/download,2018,2022,2020,AFRICAN ECONOMIC RESEARCH CONSORTIUM ( ...,UNEP project Kenya chemicals and waste management policy developing policy law regulation strategy action plan circular economy chemicals waste pollution prevention control after:2018-01-01 before:2022-01-01,publication_aercafricalibrary_org_AFRICAN_ECONOMIC_RESEARCH_CONSORTIUM_.txt,False,False,False,,0.0,0.0,none,none,academic,none,"The document does not contain explicit evidence related to circular approaches/circular economy, chemicals management, waste management, pollution prevention/control, or policies/laws/regulations in key sectors for Kenya during 2018-2022.","There is no explicit link between UNEP and any policy, law, regulation, strategy, action plan, or official framework in Kenya during 2018-2022.","[""The document is a teaching module on environmental economics, focusing on pollution, and does not contain specific information about Kenya or UNEP-supported activities.""]"
Kenya,2018-2022,https://pubs.acs.org/doi/10.1021/acssuschemeng.1c00243,2018,2022,2020,First Steps Toward Sustainable Circular Uses of Chemicals,in partnership with UNEP Kenya mercury management policy endorsed policy law regulation strategy action plan circular economy chemicals waste pollution prevention control after:2018-01-01 before:2022-01-01,pubs_acs_org_First_Steps_Toward_Sustainable_Circular_Uses_of_Ch.txt,False,False,False,,0.0,0.0,none,none,unclear,unclear,"The document does not contain explicit evidence related to circular approaches/circular economy, chemicals management, waste management, pollution prevention and control, or policies/laws/regulations in key sectors for Kenya during 2018-2022.",There is no explicit link between UNEP and any policy/law/regulation outcome for Kenya during 2018-2022.,[]
Kenya,2018-2022,https://repository.kippra.or.ke/bitstreams/79d9dca9-172f-4bdc-9661-6037c8e57f84/download,2018,2022,2020,MINISTRY OF ENVIRONMENT AND FORESTRY ...,in partnership with UNEP Kenya mercury management policy endorsed policy law regulation strategy action plan circular economy chemicals waste pollution prevention control after:2018-01-01 before:2022-01-01,repository_kippra_or_ke_MINISTRY_OF_ENVIRONMENT_AND_FORESTRY_.txt,False,False,False,,0.0,0.0,none,none,unclear,unclear,"No relevant information found about Kenya's policies, laws, or regulations related to circular economy, chemicals management, waste management, or pollution prevention and control between 2018-2022.","No explicit link found between UNEP and any policy, law, regulation, strategy, or framework in Kenya during 2018-2022.",[]
Kenya,2018-2022,https://saiia.org.za/wp-content/uploads/2018/06/Policy-Insights-59.pdf,2018,2022,2020,DEVELOPING EFFECTIVE AFRICAN POLICY RESPONSES,UNEP project Kenya chemicals and waste management policy developing policy law regulation strategy action plan circular economy chemicals waste pollution prevention control after:2018-01-01 before:2022-01-01,saiia_org_za_DEVELOPING_EFFECTIVE_AFRICAN_POLICY_RESPONSES.txt,False,False,False,,0.0,0.0,none,none,unclear,unclear,No evidence found,No evidence found,[]
Kenya,2018-2022,https://um.dk/media/nakniblj/danish-organisation-strategy-for-united-nations-environment-programme-unep-20222025.pdf,2018,2022,2020,danish-organisation-strategy-for-united-nations- ...,UNEP project Kenya chemicals and waste management policy developing policy law regulation strategy action plan circular economy chemicals waste pollution prevention control after:2018-01-01 before:2022-01-01,um_dk_danish_organisation_strategy_for_united_nations_.txt,False,False,False,,0.0,0.0,none,none,global,none,"The document does not contain explicit evidence related to circular approaches/circular economy, chemicals management, waste management, pollution prevention/control, or policies/laws/regulations in key sectors for Kenya during 2018–2022.","The document does not explicitly link UNEP to development/adoption/revision/implementation/strengthening of any policy, law, regulation, strategy, action plan, or official framework in Kenya during 2018–2022.","[""The document primarily discusses the Danish Organisation Strategy for UNEP 2022-2025, focusing on climate action, nature action, and chemicals and pollution action. It outlines Denmark's priorities for UNEP, including support for climate change adaptation, nature conservation, and sustainable consumption and production. However, it does not provide specific information on Kenya or explicit evidence of policy/law/regulation development related to chemicals, waste, or pollution control in Kenya during 2018-2022.""]"
Kenya,2018-2022,https://unesdoc.unesco.org/ark:/48223/pf0000247153,2018,2022,2020,"The United Nations world water development report, 2017",in partnership with UNEP Kenya mercury management policy endorsed policy law regulation strategy action plan circular economy chemicals waste pollution prevention control after:2018-01-01 before:2022-01-01,unesdoc_unesco_org_The_United_Nations_world_water_development_report_.txt,False,False,False,,0.0,0.0,none,none,unclear,none,"The document is not about Kenya, nor is it about the time window 2018-2022. The document is a 2017 report on wastewater and does not contain evidence related to circular approaches, chemicals management, waste management, pollution prevention and control, or policies/laws/regulations in key sectors for Kenya.","There is no explicit link between UNEP and any policy, law, regulation, strategy, action plan, or official framework in Kenya during 2018-2022.",[]
Kenya,2018-2022,https://www.bcrc-caribbean.org/wp-content/uploads/2019/10/GEF-ISLANDS-10279-CEO-Endorsement-Package.pdf,2018,2022,2020,GEF-ISLANDS-10279-CEO-Endorsement-Package.pdf,in partnership with UNEP Kenya mercury management policy endorsed policy law regulation strategy action plan circular economy chemicals waste pollution prevention control after:2018-01-01 before:2022-01-01,www_bcrc-caribbean_org_GEF_ISLANDS_10279_CEO_Endorsement_Package_pdf.txt,False,False,False,,0.0,0.0,none,none,unclear,unclear,The document could not be fetched and analyzed.,The document could not be fetched and analyzed.,[]
Kenya,2018-2022,https://www.chathamhouse.org/sites/default/files/publications/research/2019-05-22-Circular%20Economy.pdf,2018,2022,2020,An Inclusive Circular Economy,UNEP project Kenya chemicals and waste management policy developing policy law regulation strategy action plan circular economy chemicals waste pollution prevention control after:2018-01-01 before:2022-01-01,www_chathamhouse_org_An_Inclusive_Circular_Economy.txt,False,False,False,,0.0,0.0,none,none,unclear,unclear,No evidence found,No evidence found,[]
Kenya,2018-2022,https://www.efdinitiative.org/sites/default/files/publications/gcoii_synth.pdf,2018,2022,2020,Global Chemicals OutlooK II,UNEP project Kenya chemicals and waste management policy developing policy law regulation strategy action plan circular economy chemicals waste pollution prevention control after:2018-01-01 before:2022-01-01,www_efdinitiative_org_Global_Chemicals_OutlooK_II.txt,False,False,False,,0.0,0.0,none,none,unclear,unclear,No evidence found,No evidence found,[]
Kenya,2018-2022,https://www.facebook.com/PlanningTT/posts/marine-litter-and-plastic-waste-household-waste-engineered-landfills-guidelines-/2573987762659240/,2018,2022,2020,"Marine litter and plastic waste, household ...",in partnership with UNEP Kenya mercury management policy endorsed policy law regulation strategy action plan circular economy chemicals waste pollution prevention control after:2018-01-01 before:2022-01-01,www_facebook_com_Marine_litter_and_plastic_waste_household_.txt,False,False,False,,0.0,0.0,none,none,regional,unclear,"The document does not contain explicit evidence related to Kenya or policies/laws/regulations in Kenya during 2018-2022 about circular economy, chemicals management, waste management, pollution prevention/control.",There is no explicit link between UNEP and any policy/law/regulation outcome in Kenya during 2018-2022.,[]
Kenya,2018-2022,https://www.facebook.com/PlanningTT/posts/pollution-and-meas-how-do-they-affect-ttthe-ministry-of-planning-development-sup/4670640509660611/,2018,2022,2020,'Pollution and MEAs: How do they affect T&T? ...,in partnership with UNEP Kenya mercury management policy endorsed policy law regulation strategy action plan circular economy chemicals waste pollution prevention control after:2018-01-01 before:2022-01-01,www_facebook_com__Pollution_and_MEAs_How_do_they_affect_T_T_.txt,False,False,False,,0.0,0.0,none,none,unclear,unclear,"The document does not contain explicit evidence related to circular approaches/circular economy, chemicals management, waste management, pollution prevention and control, or policies/laws/regulations in key sectors for Kenya during 2018-2022.",There is no explicit link between UNEP and any policy/law/regulation outcome in Kenya during 2018-2022.,[]
Kenya,2018-2022,https://www.facebook.com/environment.gov.mv/posts/minister-of-state-for-environment-dr-abdulla-naseer-opened-the-inception-worksho/3407654782664598/,2018,2022,2020,Minister of State for Environment Dr. Abdulla Naseer ...,in partnership with UNEP Kenya mercury management policy endorsed policy law regulation strategy action plan circular economy chemicals waste pollution prevention control after:2018-01-01 before:2022-01-01,www_facebook_com_Minister_of_State_for_Environment_Dr_Abdulla_Nasee.txt,False,False,False,,0.0,0.0,none,none,unclear,unclear,"The document does not contain explicit evidence related to Kenya or the time window 2018-2022. It mentions a workshop on sound management of chemicals in the Maldives, not Kenya.",There is no explicit link between UNEP and any policy/law/regulation outcome in Kenya during 2018-2022.,[]
Kenya,2018-2022,https://www.facebook.com/zemazambia/posts/zema-welcomes-uns-urgent-call-to-action-against-chemical-pollution-chemicals-pla/1024522757758176/,2018,2022,2020,Zambia Environmental Management Agency,UNEP project Kenya chemicals and waste management policy developing policy law regulation strategy action plan circular economy chemicals waste pollution prevention control after:2018-01-01 before:2022-01-01,www_facebook_com_Zambia_Environmental_Management_Agency.txt,False,False,False,,0.0,0.0,none,none,regional,unclear,"The document does not contain explicit evidence related to Kenya during 2018-2022 about policies/laws/regulations/strategies/action plans for circular economy, chemicals management, waste management, pollution prevention/control, or implementation/revision of such instruments in key sectors.",The document does not explicitly link UNEP to development/adoption/revision/implementation/strengthening of any SP3.1 evidence in Kenya during 2018-2022.,[]
Kenya,2018-2022,https://www.frontiersin.org/journals/environmental-science/articles/10.3389/fenvs.2020.00104/full,2018,2022,2020,"The Role of Legislation, Regulatory Initiatives and ...",UNEP project Kenya chemicals and waste management policy developing policy law regulation strategy action plan circular economy chemicals waste pollution prevention control after:2018-01-01 before:2022-01-01,www_frontiersin_org_The_Role_of_Legislation_Regulatory_Initiatives_and.txt,False,False,False,,0.0,0.0,none,none,none,none,"The document does not contain explicit evidence related to circular approaches/circular economy, chemicals management, waste management, pollution prevention/control, or policies/laws/regulations in key sectors for Kenya during 2018-2022.","There is no explicit link between UNEP and any policy, law, regulation, strategy, action plan, or official framework in Kenya during 2018-2022.",[]
Kenya,2018-2022,https://www.gdr-po.cnrs.fr/docs/UNEP_2021.pdf,2018,2022,2020,FROM POLLUTION TO SOLUTION,UNEP project Kenya chemicals and waste management policy developing policy law regulation strategy action plan circular economy chemicals waste pollution prevention control after:2018-01-01 before:2022-01-01,www_gdr-po_cnrs_fr_FROM_POLLUTION_TO_SOLUTION.txt,False,False,False,,0.0,0.0,none,none,unclear,unclear,No evidence found,No evidence found,[]
Kenya,2018-2022,https://www.graduateinstitute.ch/sites/internet/files/2021-06/Greening%20Trade_CDB_Final_Web.pdf,2018,2022,2020,greening international trade: pathways forward,in partnership with UNEP Kenya mercury management policy endorsed policy law regulation strategy action plan circular economy chemicals waste pollution prevention control after:2018-01-01 before:2022-01-01,www_graduateinstitute_ch_greening_international_trade_pathways_forward.txt,False,False,False,,0.0,0.0,none,none,global,unclear,"The document does not contain explicit evidence related to circular approaches/circular economy, chemicals management, waste management, pollution prevention/control, or policies/laws/regulations in key sectors for Kenya during 2018–2022.","There is no explicit link between UNEP and the development/adoption/revision/implementation/strengthening of any policy, law, regulation, strategy, action plan, or official framework in Kenya during 2018–2022.","[""The document does not provide relevant evidence for Kenya during 2018-2022.""]"
Kenya,2018-2022,https://www.greenpolicyplatform.org/sites/default/files/downloads/resource/irp-mineral_resource_governance-full_report-feb2020_compressed_compressed%20(1).pdf,2018,2022,2020,Mineral Resource Governance in the 21st Century,in partnership with UNEP Kenya mercury management policy endorsed policy law regulation strategy action plan circular economy chemicals waste pollution prevention control after:2018-01-01 before:2022-01-01,www_greenpolicyplatform_org_Mineral_Resource_Governance_in_the_21st_Century.txt,False,False,False,,0.0,0.0,none,none,unclear,none,"No relevant information found about Kenya's policies, laws, or regulations related to circular economy, chemicals management, waste management, or pollution prevention and control between 2018 and 2022.","No explicit link to UNEP found in relation to any policy, law, regulation, strategy, or framework in Kenya during 2018-2022.",[]
Kenya,2018-2022,https://www.housingandurban.go.ke/wp-content/uploads/2018/11/Appendix-D-National-Environmental-Policy-2.pdf,2018,2022,2020,Appendix D,UNEP project Kenya chemicals and waste management policy developing policy law regulation strategy action plan circular economy chemicals waste pollution prevention control after:2018-01-01 before:2022-01-01,www_housingandurban_go_ke_Appendix_D.txt,True,False,False,,81.0,0.0,national environmental policy,adopted,national,cross-sectoral,"The document contains explicit evidence related to chemicals management, waste management, pollution prevention and control, and other environmental issues.","There is no explicit link between UNEP and the development, adoption, revision, implementation, strengthening, or operationalization of the policy.","[""The policy aims to provide a framework for an integrated approach to planning and sustainable management of Kenya's environment and natural resources."", ""The policy addresses issues such as environmental governance, loss of biodiversity, valuation of environmental and natural resources, rehabilitation and restoration of degraded areas, urbanization, waste management and pollution, climate change, energy security and disaster management."", ""The policy outlines guiding principles for its implementation, including the polluter pays principle and the precautionary principle."", ""The policy aims to promote and support research and capacity development as well as use of innovative environmental management tools.""]"
Kenya,2018-2022,https://www.iges.or.jp/en/publication_documents/pub/policyreport/en/11066/Best+Practices+for+SWM_Guide+for+Decision+Makers+in+Developing+Countries_Oct+20_0.pdf,2018,2022,2020,Best Practices for Solid Waste Management,UNEP project Kenya chemicals and waste management policy developing policy law regulation strategy action plan circular economy chemicals waste pollution prevention control after:2018-01-01 before:2022-01-01,www_iges_or_jp_Best_Practices_for_Solid_Waste_Management.txt,False,False,False,,0.0,0.0,none,none,unclear,unclear,No relevant information found,No UNEP link found,[]
Kenya,2018-2022,https://www.ilo.org/wcmsp5/groups/public/---ed_dialogue/---sector/documents/publication/wcms_673662.pdf,2018,2022,2020,Decent work in the management of electrical and electronic ...,in partnership with UNEP Kenya mercury management policy endorsed policy law regulation strategy action plan circular economy chemicals waste pollution prevention control after:2018-01-01 before:2022-01-01,www_ilo_org_Decent_work_in_the_management_of_electrical_and_el.txt,False,False,False,,0.0,0.0,none,none,none,none,"The document does not contain explicit evidence related to circular economy, chemicals management, waste management, pollution prevention/control, or policies/laws/regulations in key sectors for Kenya during 2018-2022.","There is no explicit link between UNEP and any policy, law, regulation, strategy, action plan, or official framework in Kenya during 2018-2022.","[""No relevant evidence found""]"
Kenya,2018-2022,https://www.itu.int/en/itu-d/environment/documents/toolbox/gem_2020_def.pdf,2018,2022,2020,The Global E-waste Monitor 2020,in partnership with UNEP Kenya mercury management policy endorsed policy law regulation strategy action plan circular economy chemicals waste pollution prevention control after:2018-01-01 before:2022-01-01,www_itu_int_The_Global_E_waste_Monitor_2020.txt,False,False,False,,0.0,0.0,none,none,unclear,unclear,No relevant information found,No UNEP link found,[]
Kenya,2018-2022,https://www.lifecycleinitiative.org/wp-content/uploads/2021/02/Addressing-SUP-Products-using-LCA_UNEP-2021_FINAL-Report-sml.pdf,2018,2022,2020,Addressing single-use plastic products pollution,UNEP project Kenya chemicals and waste management policy developing policy law regulation strategy action plan circular economy chemicals waste pollution prevention control after:2018-01-01 before:2022-01-01,www_lifecycleinitiative_org_Addressing_single_use_plastic_products_pollution.txt,False,False,False,,0.0,0.0,none,none,unclear,unclear,"The document does not contain explicit evidence related to circular approaches/circular economy, chemicals management, waste management, pollution prevention and control, or policies/laws/regulations in key sectors for Kenya during 2018–2022.",There is no explicit link between UNEP and any SP3.1 policy/law/regulation outcome in Kenya during 2018–2022.,[]
Kenya,2018-2022,https://www.lse.ac.uk/GranthamInstitute/wp-content/uploads/2018/10/8737.pdf,2018,2022,2020,NATIONAL CLIMATE CHANGE ACTION PLAN 2018-2022 ...,in partnership with UNEP Kenya mercury management policy endorsed policy law regulation strategy action plan circular economy chemicals waste pollution prevention control after:2018-01-01 before:2022-01-01,www_lse_ac_uk_NATIONAL_CLIMATE_CHANGE_ACTION_PLAN_2018_2022_.txt,False,False,False,,0.0,0.0,none,none,unclear,unclear,No relevant information found,No relevant information found,[]
Kenya,2018-2022,https://www.mdpi.com/1660-4601/19/11/6773,2018,2022,2020,The Burden of Microplastics Pollution and Contending ...,UNEP project Kenya chemicals and waste management policy developing policy law regulation strategy action plan circular economy chemicals waste pollution prevention control after:2018-01-01 before:2022-01-01,www_mdpi_com_The_Burden_of_Microplastics_Pollution_and_Contendi.txt,False,False,False,,0.0,0.0,none,none,unclear,unclear,,,[]
Kenya,2018-2022,https://www.oneplanetnetwork.org/sites/default/files/from-crm/rethinking_single-use_plastic_products_in_travel_tourism_-_unep_wttc.pdf,2018,2022,2020,Rethinking Single-Use Plastic Products in Travel & Tourism,UNEP project Kenya chemicals and waste management policy developing policy law regulation strategy action plan circular economy chemicals waste pollution prevention control after:2018-01-01 before:2022-01-01,www_oneplanetnetwork_org_Rethinking_Single_Use_Plastic_Products_in_Travel_T.txt,False,False,False,,0.0,0.0,none,none,unclear,none,"No evidence found related to chemicals, waste, circularity, or pollution policies in Kenya during 2018-2022.",No explicit link to UNEP found in relation to SP3.1 outcomes.,[]
Kenya,2018-2022,https://www.pureearth.org/wp-content/uploads/2022/03/Pure-Earth-2030-Strategic-Plan.pdf,2018,2022,2020,Pure Earth 2030 Strategic Plan,in partnership with UNEP Kenya mercury management policy endorsed policy law regulation strategy action plan circular economy chemicals waste pollution prevention control after:2018-01-01 before:2022-01-01,www_pureearth_org_Pure_Earth_2030_Strategic_Plan.txt,False,False,False,,0.0,0.0,none,none,none,none,"The document does not contain explicit evidence related to circular approaches/circular economy, chemicals management, waste management, pollution prevention and control, or policies/laws/regulations in key sectors for Kenya during 2018–2022.","There is no explicit link between UNEP and any policy, law, regulation, strategy, action plan, or official framework in Kenya during 2018–2022.",[]
Kenya,2018-2022,https://www.researchgate.net/publication/336497412_Waste_Management_in_South_Africa,2018,2022,2020,(PDF) Waste Management in South Africa,in partnership with UNEP Kenya mercury management policy endorsed policy law regulation strategy action plan circular economy chemicals waste pollution prevention control after:2018-01-01 before:2022-01-01,www_researchgate_net__PDF_Waste_Management_in_South_Africa.txt,False,False,False,,0.0,0.0,none,none,unclear,unclear,"The document is not about Kenya and does not contain evidence related to circular approaches, chemicals management, waste management, pollution prevention and control, or policies/laws/regulations in key sectors for the time window 2018-2022.",There is no explicit link between UNEP and any policy/law/regulation outcome in Kenya for 2018-2022.,[]
Kenya,2018-2022,https://www.researchgate.net/publication/355889107_UNEP_2021_Sustainable_Public_Procurement_How_to_Wake_the_Sleeping_Giant_Introducing_the_United_Nations_Environment_Programme's_Approach,2018,2022,2020,"(PDF) UNEP 2021, Sustainable Public Procurement",in partnership with UNEP Kenya mercury management policy endorsed policy law regulation strategy action plan circular economy chemicals waste pollution prevention control after:2018-01-01 before:2022-01-01,www_researchgate_net__PDF_UNEP_2021_Sustainable_Public_Procurement.txt,False,False,False,,0.0,0.0,none,none,unclear,none,"The document does not contain explicit evidence related to circular approaches, chemicals management, waste management, pollution prevention and control, or policies/laws/regulations in key sectors for Kenya during 2018-2022.","The document does not explicitly link UNEP to development, adoption, revision, implementation, strengthening, or operationalizing any policy, law, regulation, strategy, action plan, or official framework in Kenya during 2018-2022.",[]
Kenya,2018-2022,https://www.sciencedirect.com/science/article/pii/S0959652620355396,2018,2022,2020,All around the world: Assessing optimality in comparative ...,UNEP project Kenya chemicals and waste management policy developing policy law regulation strategy action plan circular economy chemicals waste pollution prevention control after:2018-01-01 before:2022-01-01,www_sciencedirect_com_All_around_the_world_Assessing_optimality_in_compa.txt,False,False,False,,0.0,0.0,none,none,unclear,unclear,"The document does not contain any information related to Kenya or the time window 2018-2022, nor does it discuss circular approaches, chemicals management, waste management, or pollution prevention and control.",There is no mention of UNEP or any link to SP3.1 outcomes in the provided document.,[]
Kenya,2018-2022,https://www.sparkblue.org/system/files/2021-03/Master%20Deck%20Chemicals%20and%20Waste%20Series%20Session%202.pdf,2018,2022,2020,Master Deck Chemicals and Waste Series Session 2.pdf,in partnership with UNEP Kenya mercury management policy endorsed policy law regulation strategy action plan circular economy chemicals waste pollution prevention control after:2018-01-01 before:2022-01-01,www_sparkblue_org_Master_Deck_Chemicals_and_Waste_Series_Session_2_p.txt,False,False,False,,0.0,0.0,none,none,unclear,unclear,No relevant information found,No UNEP attribution found,[]
Kenya,2018-2022,https://www.switchtogreen.eu/wp-content/uploads/2021/02/Integrated-Waste-Management-in-Africa-Focus-on-Circularity-.pdf,2018,2022,2020,Integrated Waste Management in Africa,in partnership with UNEP Kenya mercury management policy endorsed policy law regulation strategy action plan circular economy chemicals waste pollution prevention control after:2018-01-01 before:2022-01-01,www_switchtogreen_eu_Integrated_Waste_Management_in_Africa.txt,True,False,False,,61.0,0.0,waste management policy / strategy,implementing,national,waste,"The document mentions the SWITCH Africa Green programme, which supports African countries in the transition to an inclusive green economy. It focuses on integrated waste management, circular economy, and sustainable consumption and production practices. The programme has been implemented in Kenya, among other countries.","Although UNEP is mentioned as the implementing agency of the SWITCH Africa Green programme, there is no explicit link between UNEP and the development, adoption, revision, or implementation of specific policies, laws, or regulations in Kenya during 2018-2022.","[""The SWITCH Africa Green programme is funded by the EU to support governments and the private sector in African countries (Burkina Faso, Ghana, Kenya, Mauritius, South Africa, and Uganda) in the transition to an inclusive green economy (IGE)."", ""The programme is implemented by the UNEP in collaboration with the UNDP and UNOPS."", ""Kenya developed a National Waste Management Strategy in 2015."", ""By April 2019, the following laws and regulations were undergoing development or approval: Sustainable Waste Management Bill 2018; e-waste management regulations; asbestos handling and disposal guidelines; and regulations on used oil, waste tires, and plastic wastes.""]"
Kenya,2018-2022,https://www.thegef.org/sites/default/files/web-documents/10523_CW_PIF.pdf,2018,2022,2020,"Reducing uses and releases of chemicals of concern, ...",UNEP project Kenya chemicals and waste management policy developing policy law regulation strategy action plan circular economy chemicals waste pollution prevention control after:2018-01-01 before:2022-01-01,www_thegef_org_Reducing_uses_and_releases_of_chemicals_of_concern.txt,False,False,False,,0.0,0.0,none,none,none,none,"The document does not contain explicit evidence related to circular approaches/circular economy, chemicals management, waste management, pollution prevention and control, or policies/laws/regulations in key sectors for Kenya during 2018–2022.","There is no explicit link between UNEP and any policy, law, regulation, strategy, action plan, or official framework in Kenya during 2018–2022.",[]
Kenya,2018-2022,https://www.unep.org/beatpollution/businesses,2018,2022,2020,Businesses,UNEP project Kenya chemicals and waste management policy developing policy law regulation strategy action plan circular economy chemicals waste pollution prevention control after:2018-01-01 before:2022-01-01,www_unep_org_Businesses.txt,False,False,False,,0.0,0.0,none,none,unclear,unclear,"No evidence found related to chemicals, waste, circular economy or pollution policies in Kenya for 2018-2022.",No explicit link to UNEP found in the provided text.,[]
Kenya,2018-2022,https://www.unepfi.org/wordpress/wp-content/uploads/2021/03/UNEPFI_DemystfyingFinanceCircularity-2020-2.pdf,2018,2022,2020,Demystifying Finance for Circular Economies,UNEP project Kenya chemicals and waste management policy developing policy law regulation strategy action plan circular economy chemicals waste pollution prevention control after:2018-01-01 before:2022-01-01,www_unepfi_org_Demystifying_Finance_for_Circular_Economies.txt,True,False,False,,0.0,0.0,none,none,global,none,"The document does not contain explicit evidence related to circular approaches/circular economy, chemicals management, waste management, pollution prevention/control, or policies/laws/regulations in key sectors for Kenya during 2018-2022.","The document does not explicitly link UNEP to development/adoption/revision/implementation/strengthening of any policy, law, regulation, strategy, action plan, or official framework in Kenya during 2018-2022.",[]
Kenya,2018-2022,https://www.unido.org/sites/default/files/files/2019-11/International_Guidelines_for_Industrial_Parks.pdf,2018,2022,2020,INTERNATIONAL GUIDELINES FOR INDUSTRIAL PARKS,UNEP project Kenya chemicals and waste management policy developing policy law regulation strategy action plan circular economy chemicals waste pollution prevention control after:2018-01-01 before:2022-01-01,www_unido_org_INTERNATIONAL_GUIDELINES_FOR_INDUSTRIAL_PARKS.txt,False,False,False,,0.0,0.0,none,none,unclear,unclear,"No evidence found related to chemicals, waste, circular economy or pollution policies in Kenya for 2018-2022.",No explicit link to UNEP found in the provided document.,[]
Kenya,2018-2022,https://www.unwater.org/sites/default/files/app/uploads/2018/12/SDG6_SynthesisReport2018_WaterandSanitation_04122018.pdf,2018,2022,2020,Sustainable Development Goal 6 Synthesis Report on ...,UNEP project Kenya chemicals and waste management policy developing policy law regulation strategy action plan circular economy chemicals waste pollution prevention control after:2018-01-01 before:2022-01-01,www_unwater_org_Sustainable_Development_Goal_6_Synthesis_Report_on.txt,False,False,False,,0.0,0.0,none,none,unclear,unclear,"No evidence found related to chemicals, waste, circular economy or pollution policies in Kenya for 2018-2022.",No explicit link to UNEP found in relation to SP3.1 outcomes for Kenya in 2018-2022.,[]
Kenya,2018-2022,https://www.wto.org/english/res_e/publications_e/unereport2018_e.pdf,2018,2022,2020,"Making trade work for the environment, prosperity and ...",UNEP project Kenya chemicals and waste management policy developing policy law regulation strategy action plan circular economy chemicals waste pollution prevention control after:2018-01-01 before:2022-01-01,www_wto_org_Making_trade_work_for_the_environment_prosperity_a.txt,False,False,False,,0.0,0.0,none,none,global,unclear,"The document does not contain explicit evidence related to circular approaches/circular economy, chemicals management, waste management, pollution prevention/control, or policies/laws/regulations in key sectors for Kenya during 2018–2022.","There is no explicit link between UNEP and any policy, law, regulation, strategy, action plan, or official framework in Kenya during 2018–2022.","[""The document does not provide any specific information related to Kenya or the specified time window.""]"
Kenya,2018-2022,https://www3.weforum.org/docs/WEF_A_New_Circular_Vision_for_Electronics.pdf,2018,2022,2020,A New Circular Vision for Electronics Time for a Global ...,in partnership with UNEP Kenya mercury management policy endorsed policy law regulation strategy action plan circular economy chemicals waste pollution prevention control after:2018-01-01 before:2022-01-01,www3_weforum_org_A_New_Circular_Vision_for_Electronics_Time_for_a_G.txt,False,False,False,,0.0,0.0,none,none,global,unclear,"The document does not contain explicit evidence related to circular approaches/circular economy, chemicals management, waste management, pollution prevention and control, or policies/laws/regulations in key sectors for Kenya during 2018-2022.","The document does not explicitly link UNEP to development/adoption/revision/implementation/strengthening of any policy, law, regulation, strategy, action plan, or official framework in Kenya during 2018-2022.","[""No relevant evidence found""]"
Kenya,2022-2026,https://asiafoundation.org/wp-content/uploads/2023/12/Philippines_Reducing-Plastic-Pollution-in-Kenya.pdf,2022,2026,2024,Reducing Plastic Pollution in Kenya,UNEP facilitated Kenya single-use plastics regulation adopting policy law regulation strategy action plan circular economy chemicals waste pollution prevention control after:2022-01-01 before:2026-01-01,asiafoundation_org_Reducing_Plastic_Pollution_in_Kenya.txt,False,False,False,,0.0,0.0,none,none,unclear,unclear,No relevant information found,No relevant information found,[]
Kenya,2022-2026,https://cdn.minderoo.org/content/uploads/2024/04/21232940/The-Polymer-Premium-a-Fee-on-Plastic-Pollution.pdf,2022,2026,2024,The Polymer Premium: A Fee on Plastic Pollution,UNEP facilitated Kenya single-use plastics regulation adopting policy law regulation strategy action plan circular economy chemicals waste pollution prevention control after:2022-01-01 before:2026-01-01,cdn_minderoo_org_The_Polymer_Premium_A_Fee_on_Plastic_Pollution.txt,False,False,False,,0.0,0.0,none,none,global,unclear,"The document does not contain explicit evidence related to circular approaches/circular economy, chemicals management, waste management, pollution prevention/control, or policies/laws/regulations in key sectors for Kenya during 2022-2026.","There is no explicit link between UNEP and any policy, law, regulation, strategy, action plan, or official framework in Kenya during 2022-2026.",[]
Kenya,2022-2026,https://cgspace.cgiar.org/bitstreams/03518b23-9dfb-471e-a461-4920fa06865f/download,2022,2026,2024,review of national policies and strategies in Kenya - CGSpace,UNEP supported Kenya circular economy action plan endorsed policy law regulation strategy action plan circular economy chemicals waste pollution prevention control after:2022-01-01 before:2026-01-01,cgspace_cgiar_org_review_of_national_policies_and_strategies_in_Keny.txt,False,False,False,,0.0,0.0,none,none,unclear,unclear,"The document does not contain explicit evidence related to circular approaches/circular economy, chemicals management, waste management, pollution prevention and control, or policies/laws/regulations in key sectors for Kenya during 2022–2026.",There is no explicit link between UNEP and any policy/law/regulation outcome in Kenya during 2022–2026.,[]
Kenya,2022-2026,https://climateandsecurity.org/wp-content/uploads/2025/01/26132.pdf,2022,2026,2024,Reckoning with the U.S. Role in Global Ocean Plastic Waste,UNEP facilitated Kenya single-use plastics regulation adopting policy law regulation strategy action plan circular economy chemicals waste pollution prevention control after:2022-01-01 before:2026-01-01,climateandsecurity_org_Reckoning_with_the_U_S_Role_in_Global_Ocean_Plasti.txt,False,False,False,,0.0,0.0,none,none,unclear,unclear,"The document does not contain explicit evidence related to circular approaches/circular economy, chemicals management, waste management, pollution prevention and control, or policies/laws/regulations in key sectors for Kenya in 2022-2026.",There is no explicit link between UNEP and any policy/law/regulation outcome in Kenya during 2022-2026.,[]
Kenya,2022-2026,https://documents1.worldbank.org/curated/en/099121624201515863/pdf/P1759081d4a8d30e81899a1c0b8bfb342ad.pdf,2022,2026,2024,For Advancing Circular Economies for Plastics in Bangladesh,UNEP supported Kenya circular economy action plan endorsed policy law regulation strategy action plan circular economy chemicals waste pollution prevention control after:2022-01-01 before:2026-01-01,documents1_worldbank_org_For_Advancing_Circular_Economies_for_Plastics_in_B.txt,False,False,False,,0.0,0.0,none,none,none,none,"The document does not contain explicit evidence related to circular approaches/circular economy, chemicals management, waste management, pollution prevention/control, or policies/laws/regulations in key sectors for Kenya during 2022–2026.","There is no explicit link between UNEP and any policy, law, regulation, strategy, action plan, or official framework in Kenya during 2022–2026.","[""The document is about Extended Producer Responsibility in Bangladesh, not Kenya.""]"
Kenya,2022-2026,https://emsi.co.ke/wp-content/uploads/2024/08/Kenya-NCCAP-2023-2027-1.pdf,2022,2026,2024,Kenya-NCCAP-2023-2027-1.pdf,UNEP supported Kenya circular economy action plan endorsed policy law regulation strategy action plan circular economy chemicals waste pollution prevention control after:2022-01-01 before:2026-01-01,emsi_co_ke_Kenya_NCCAP_2023_2027_1_pdf.txt,False,False,False,,0.0,0.0,none,none,unclear,unclear,"No evidence related to chemicals, waste, circularity, or pollution policies in Kenya for 2022-2026.",No explicit link to UNEP in the provided text.,[]
Kenya,2022-2026,https://en.wikipedia.org/wiki/United_Nations_Environment_Programme,2022,2026,2024,United Nations Environment Programme,UNEP facilitated Kenya single-use plastics regulation adopting policy law regulation strategy action plan circular economy chemicals waste pollution prevention control after:2022-01-01 before:2026-01-01,en_wikipedia_org_United_Nations_Environment_Programme.txt,False,False,False,,0.0,0.0,none,none,unclear,unclear,No relevant information found,No relevant information found,[]
Kenya,2022-2026,https://enb.iisd.org/barcelona-convention-cop24-summary,2022,2026,2024,Summary report 2–5 December 2025,UNEP facilitated Kenya single-use plastics regulation adopting policy law regulation strategy action plan circular economy chemicals waste pollution prevention control after:2022-01-01 before:2026-01-01,enb_iisd_org_Summary_report_2_5_December_2025.txt,False,False,False,,0.0,0.0,none,none,unclear,unclear,No relevant information found,No relevant information found,[]
Kenya,2022-2026,https://estatements.un.org/estatements/14.0496/20250610150000000/kKUazWPCjUDxD/NVgWFKsa_Yhb_nce_UNOC25_en.pdf,2022,2026,2024,"MINISTRY OF ENVIRONMENT, CLIMATE CHANGE & ...",UNEP supported Kenya circular economy action plan endorsed policy law regulation strategy action plan circular economy chemicals waste pollution prevention control after:2022-01-01 before:2026-01-01,estatements_un_org_MINISTRY_OF_ENVIRONMENT_CLIMATE_CHANGE_.txt,True,False,False,,90.0,0.0,circular economy policy / waste management policy / pollution prevention regulation,adopted / implemented,national,cross-sectoral,"Kenya has adopted and implemented several policies and regulations related to circular economy, waste management, and pollution prevention, including the Integrated Coastal Zone Management (ICZM) Plan, the National Marine Litter Management Action Plan (2021-2030), and Extended Producer Responsibility (EPR) frameworks.","There is no explicit mention of UNEP's involvement in the development, adoption, revision, or implementation of Kenya's policies and regulations related to circular economy, waste management, and pollution prevention.","[""Kenya has adopted a comprehensive and coordinated approach, anchored in our Integrated Coastal Zone Management (ICZM) Plan"", ""Kenya launched the National Marine Litter Management Action Plan (2021 –2030)"", ""Kenya was among the first countries globally to implement a comprehensive ban on plastic carrier bags in 2017"", ""Kenya is pioneering the integration of the circular economy concept into national waste management policies"", ""Kenya is actively developing Extended Producer Responsibility (EPR) frameworks""]"
Kenya,2022-2026,https://ieep.eu/wp-content/uploads/2022/11/European-Circular-Economy-policy-landscape-overview.pdf,2022,2026,2024,European Circular Economy policy landscape overview,UNEP facilitated Kenya single-use plastics regulation adopting policy law regulation strategy action plan circular economy chemicals waste pollution prevention control after:2022-01-01 before:2026-01-01,ieep_eu_European_Circular_Economy_policy_landscape_overvie.txt,False,False,False,,0.0,0.0,none,none,unclear,none,The document is not about Kenya or the time window 2022-2026.,The document is not about Kenya or the time window 2022-2026.,[]
Kenya,2022-2026,https://journals.sagepub.com/doi/10.1177/0734242X231188664,2022,2026,2024,A review of plastic waste circular actions in seven ...,UNEP supported Kenya circular economy action plan endorsed policy law regulation strategy action plan circular economy chemicals waste pollution prevention control after:2022-01-01 before:2026-01-01,journals_sagepub_com_A_review_of_plastic_waste_circular_actions_in_seve.txt,False,False,False,,0.0,0.0,none,none,unclear,unclear,"The document does not contain any relevant information about Kenya or chemicals, waste and pollution policy evaluation for the time window 2022-2026.","The document does not contain any relevant information about UNEP's involvement in Kenya or chemicals, waste and pollution policy evaluation for the time window 2022-2026.",[]
Kenya,2022-2026,https://journals.sagepub.com/doi/10.3233/EPL-239016,2022,2026,2024,Lessons from the EU's Legal Framework on Plastics,UNEP facilitated Kenya single-use plastics regulation adopting policy law regulation strategy action plan circular economy chemicals waste pollution prevention control after:2022-01-01 before:2026-01-01,journals_sagepub_com_Lessons_from_the_EU_s_Legal_Framework_on_Plastics.txt,False,False,False,,0.0,0.0,none,none,unclear,unclear,"The document does not contain explicit evidence related to circular approaches/circular economy, chemicals management, waste management, pollution prevention and control, or policies/laws/regulations in key sectors for Kenya in 2022-2026.",There is no explicit link between UNEP and any policy/law/regulation outcome in Kenya during 2022-2026.,[]
Kenya,2022-2026,https://ke.chm-cbd.net/sites/ke/files/2023-08/Ecoflash%20Magazine%202023%20Edition%202-min.pdf,2022,2026,2024,BEATING PLASTIC POLLUTION - Kenya Biodiversity,UNEP facilitated Kenya single-use plastics regulation adopting policy law regulation strategy action plan circular economy chemicals waste pollution prevention control after:2022-01-01 before:2026-01-01,ke_chm-cbd_net_BEATING_PLASTIC_POLLUTION_Kenya_Biodiversity.txt,True,False,False,,81.0,0.0,plastic pollution regulation / waste management policy / environmental conservation strategy,implemented / enforced,national,environment / waste management,"The document provides evidence of Kenya's efforts to address plastic pollution, including the ban on single-use plastic bags, enforcement actions against manufacturers and users of banned plastics, and initiatives to promote recycling and circular economy. The government has also launched a wetlands restoration strategy and a 15 billion tree growing program.","There is no explicit evidence linking UNEP to the development, adoption, revision, or implementation of the policy, law, regulation, or strategy in Kenya during 2022-2026.","[""The countrywide enforcement on the banned plastic bags and Effluent Discharge License (EDL)was conducted in the month of May 2023."", ""CS Environment, Climate Change and Forestry Hon. Soipan Tuya stated that as a country, we need to elevate the environmental agenda in the country."", ""The Ministry through NEMA unveiled the Wetlands restoration strategy to facilitate ecosystem restoration through the 15 billion tree growing programme, circular economy and climate action."", ""The Authority has maintained momentum on enforcement of plastic bags with regular inspections countrywide in the bid to get rid of plastics in line with the 2017 ban.""]"
Kenya,2022-2026,https://kpp.or.ke/resources/,2022,2026,2024,Resources – Kenya Plastics Pact,UNEP supported Kenya circular economy action plan endorsed policy law regulation strategy action plan circular economy chemicals waste pollution prevention control after:2022-01-01 before:2026-01-01,kpp_or_ke_Resources_Kenya_Plastics_Pact.txt,False,False,False,,0.0,0.0,none,none,unclear,none,No evidence found,No evidence found,[]
Kenya,2022-2026,https://kpp.or.ke/wp-content/uploads/2025/02/KENYA-PLASTICS-PACT-ROADMAP-TO-2030.pdf,2022,2026,2024,kenya plastics pact roadmap to 2030,UNEP facilitated Kenya single-use plastics regulation adopting policy law regulation strategy action plan circular economy chemicals waste pollution prevention control after:2022-01-01 before:2026-01-01,kpp_or_ke_kenya_plastics_pact_roadmap_to_2030.txt,False,False,False,,0.0,0.0,none,none,unclear,unclear,No relevant information found,No relevant information found,[]
Kenya,2022-2026,https://link.springer.com/article/10.1007/s43621-025-02218-1,2022,2026,2024,Strategic pathways for sustainable plastic management ...,UNEP facilitated Kenya single-use plastics regulation adopting policy law regulation strategy action plan circular economy chemicals waste pollution prevention control after:2022-01-01 before:2026-01-01,link_springer_com_Strategic_pathways_for_sustainable_plastic_managem.txt,False,False,False,,0.0,0.0,none,none,global,none,"The document does not contain explicit evidence related to circular approaches/circular economy, chemicals management, waste management, pollution prevention/control, or policies/laws/regulations in key sectors for Kenya during 2022–2026.","There is no explicit link between UNEP and any policy, law, regulation, strategy, action plan, or official framework in Kenya during 2022–2026.",[]
Kenya,2022-2026,https://nema.go.ke/wp-content/uploads/2025/10/Waste-Management-Policy-2021.pdf,2022,2026,2024,National Sustainable Waste Management Policy,UNEP supported Kenya circular economy action plan endorsed policy law regulation strategy action plan circular economy chemicals waste pollution prevention control after:2022-01-01 before:2026-01-01,nema_go_ke_National_Sustainable_Waste_Management_Policy.txt,True,False,False,,80.0,0.0,National Sustainable Waste Management Policy,developing,national,waste,"The document outlines a comprehensive National Sustainable Waste Management Policy for Kenya, focusing on waste management, circular economy, and pollution prevention. It includes goals, objectives, and guiding principles for sustainable waste management, as well as strategies for waste prevention, reduction, reuse, recycling, and disposal.","There is no explicit mention of UNEP's involvement in the development, adoption, revision, or implementation of the National Sustainable Waste Management Policy in Kenya.","[""The formulation of the Sustainable Waste Management Policy, undertook an intensive, inclusive, consultative and participatory approach"", ""Extensive public participation was done across the country during the development and drafting of this policy"", ""The policy development process adopted a circular economy approach whereby waste is regarded as a resource"", ""The Government recognizes the importance of providing a new framework through the development of a National Sustainable Waste Management Policy""]"
Kenya,2022-2026,https://nicholasinstitute.duke.edu/sites/default/files/projects/Plastic-Pollution-Policy-Country-Profile-Kenya.pdf,2022,2026,2024,Plastic Pollution Policy Country Profile: Kenya,UNEP facilitated Kenya single-use plastics regulation adopting policy law regulation strategy action plan circular economy chemicals waste pollution prevention control after:2022-01-01 before:2026-01-01,nicholasinstitute_duke_edu_Plastic_Pollution_Policy_Country_Profile_Kenya.txt,False,False,False,,0.0,0.0,none,none,unclear,unclear,No evidence found,No evidence found,[]
Kenya,2022-2026,https://oceanlitter.imo.org/site/assets/files/1633/kenya_-_national_action_plan.pdf,2022,2026,2024,kenya national action plan on marine plastic litter from sea ...,UNEP supported Kenya circular economy action plan endorsed policy law regulation strategy action plan circular economy chemicals waste pollution prevention control after:2022-01-01 before:2026-01-01,oceanlitter_imo_org_kenya_national_action_plan_on_marine_plastic_litte.txt,False,False,False,,0.0,0.0,none,none,unclear,unclear,"The document is empty and does not contain any information about Kenya or any policies, laws, or regulations related to chemicals, waste, or pollution.","There is no mention of UNEP or any connection to the policies, laws, or regulations discussed.",[]
Kenya,2022-2026,https://plasticspolicy.port.ac.uk/wp-content/uploads/2022/10/GPPC-Report.pdf,2022,2026,2024,A global review of plastics policies to support improved ...,UNEP facilitated Kenya single-use plastics regulation adopting policy law regulation strategy action plan circular economy chemicals waste pollution prevention control after:2022-01-01 before:2026-01-01,plasticspolicy_port_ac_uk_A_global_review_of_plastics_policies_to_support_im.txt,False,False,False,,0.0,0.0,none,none,unclear,none,"No evidence found related to chemicals, waste, circular economy or pollution policies in Kenya for 2022-2026",No UNEP attribution found,[]
Kenya,2022-2026,https://pmc.ncbi.nlm.nih.gov/articles/PMC12528791/,2022,2026,2024,Marine plastics and the circular economy: A review of policy ...,UNEP facilitated Kenya single-use plastics regulation adopting policy law regulation strategy action plan circular economy chemicals waste pollution prevention control after:2022-01-01 before:2026-01-01,pmc_ncbi_nlm_nih_gov_Marine_plastics_and_the_circular_economy_A_review_.txt,False,False,False,,0.0,0.0,none,none,unclear,unclear,,,[]
Kenya,2022-2026,https://resolutions.unep.org/incres/uploads/kenya_-_opening_statement-inc_5.pdf,2022,2026,2024,republic of kenya,UNEP facilitated Kenya single-use plastics regulation adopting policy law regulation strategy action plan circular economy chemicals waste pollution prevention control after:2022-01-01 before:2026-01-01,resolutions_unep_org_republic_of_kenya.txt,True,False,False,,40.0,0.0,plastic pollution treaty,developing,national,cross-sectoral,"The document mentions Kenya's support for a legally binding instrument to address plastic pollution, which is related to chemicals and waste management.",There is no explicit link between UNEP and the development of the plastic pollution treaty mentioned in the document.,"[""Kenya aligns with the African statement as delivered by the distinguished delegate of Ghana."", ""The Republic of Kenya has demonstrated its unwavering support for the delivery of a legally binding instrument that reflects the aspiration of high ambition commensurate with the detrimental challenge of plastic pollution that the planet is currently facing."", ""Kenya envisions the delivery of a treaty that shall not only provide a roadmap for the ending of plastic pollution within a realistic timeline but one that is implementable by Member States."", ""The treaty aims to tackle cross-cutting challenges of plastic pollution; from chemicals, waste and Kenya is also keen on biodiversity and nature.""]"
Kenya,2022-2026,https://sustainability.hapres.com/htmls/JSR_1693_Detail.html,2022,2026,2024,"Some Countries Can Say “No!” to Single-Use Plastics, Others ...",UNEP facilitated Kenya single-use plastics regulation adopting policy law regulation strategy action plan circular economy chemicals waste pollution prevention control after:2022-01-01 before:2026-01-01,sustainability_hapres_com_Some_Countries_Can_Say_No_to_Single_Use_Plastics_O.txt,False,False,False,,0.0,0.0,none,none,unclear,none,"No evidence found related to chemicals, waste, circular economy or pollution policies in Kenya for 2022-2026.",No explicit link to UNEP found in the provided text.,[]
Kenya,2022-2026,https://unctad.org/system/files/non-official-document/ditc-ted-12042023-Single_Use_Plastics_Report_2023-3.pdf,2022,2026,2024,"Policies, Regulations and Laws that Address the Harmful ...",UNEP facilitated Kenya single-use plastics regulation adopting policy law regulation strategy action plan circular economy chemicals waste pollution prevention control after:2022-01-01 before:2026-01-01,unctad_org_Policies_Regulations_and_Laws_that_Address_the_Har.txt,False,False,False,,0.0,0.0,none,none,unclear,unclear,"The document is not available due to a fetch error, therefore no evidence could be assessed.","The document is not available due to a fetch error, therefore no evidence could be assessed.",[]
Kenya,2022-2026,https://unemg.org/wp-content/uploads/2023/02/20.02.23-Mapping-Efforts-Pollution.pdf,2022,2026,2024,An overview of UN Activities and Initiatives related to ...,UNEP supported Kenya circular economy action plan endorsed policy law regulation strategy action plan circular economy chemicals waste pollution prevention control after:2022-01-01 before:2026-01-01,unemg_org_An_overview_of_UN_Activities_and_Initiatives_relat.txt,False,False,False,,0.0,0.0,none,none,unclear,none,"No evidence found related to chemicals, waste, circular economy or pollution policies in Kenya for 2022-2026.",No explicit link to UNEP found in relation to SP3.1 outcomes for Kenya in 2022-2026.,[]
Kenya,2022-2026,https://unhabitat.org/sites/default/files/2024-02/WWC-Newsletter_Vol19-ENG_Final_1_0.pdf,2022,2026,2024,NEWSLETTER,UNEP supported Kenya circular economy action plan endorsed policy law regulation strategy action plan circular economy chemicals waste pollution prevention control after:2022-01-01 before:2026-01-01,unhabitat_org_NEWSLETTER.txt,True,False,False,,61.0,0.0,Extended Producer Responsibility (EPR) regulation,developing,national,waste,"The document mentions that Kenya has taken significant steps to reduce plastic waste, including a ban on single-use plastics in protected natural areas and the development of legislation for EPR. The Kenyan government enacted the Sustainable Waste Management Act in July 2022, which aims to shift linear to circular model waste management. Draft EPR Regulations have been prepared and procedures are underway for their enactment into law.",There is no explicit link between UNEP and the development of EPR regulations in Kenya.,"[""The Kenyan government enacted the Sustainable Waste Management Act in July 2022."", ""Draft EPR Regulations have been prepared and procedures are underway for their enactment into law."", ""Kenya has taken significant steps to reduce plastic waste, including a ban on single-use plastics in protected natural areas and the development of legislation for EPR.""]"
Kenya,2022-2026,https://wwfafrica.awsassets.panda.org/downloads/wwf_plastic_pollution.pdf,2022,2026,2024,PLASTIC POLLUTION IN AFRICA,UNEP facilitated Kenya single-use plastics regulation adopting policy law regulation strategy action plan circular economy chemicals waste pollution prevention control after:2022-01-01 before:2026-01-01,wwfafrica_awsassets_panda_org_PLASTIC_POLLUTION_IN_AFRICA.txt,False,False,False,,0.0,0.0,none,none,none,none,"The document does not contain explicit evidence related to circular approaches/circular economy, chemicals management, waste management, pollution prevention/control, or policies/laws/regulations in key sectors for Kenya during 2022–2026.","There is no explicit link between UNEP and the development/adoption/revision/implementation of any policy, law, regulation, strategy, or framework in Kenya during 2022–2026.",[]
Kenya,2022-2026,https://www.basel.int/Portals/4/Basel%20Convention/docs/plastic%20waste/UNEP-CHW-PWPWG-PUB-SingleUse-Jan2023.English.pdf,2022,2026,2024,"Compilation of information, best practices and lessons ...",UNEP facilitated Kenya single-use plastics regulation adopting policy law regulation strategy action plan circular economy chemicals waste pollution prevention control after:2022-01-01 before:2026-01-01,www_basel_int_Compilation_of_information_best_practices_and_less.txt,False,False,False,,0.0,0.0,none,none,unclear,unclear,"No relevant information found about Kenya's policies, laws, or regulations related to circular economy, chemicals management, waste management, or pollution prevention and control between 2022 and 2026.","No explicit link to UNEP found in the development, adoption, revision, or implementation of policies, laws, or regulations related to circular economy, chemicals management, waste management, or pollution prevention and control in Kenya between 2022 and 2026.",[]
Kenya,2022-2026,https://www.basel.int/Portals/4/Basel%20Convention/docs/plastic%20waste/UNEP-FAO-CHW-RC-POPS-PUB-GlobalGovernancePlastics-2023.pdf,2022,2026,2024,GLOBAL GOVERNANCE OF PLASTICS AND ...,UNEP supported Kenya circular economy action plan endorsed policy law regulation strategy action plan circular economy chemicals waste pollution prevention control after:2022-01-01 before:2026-01-01,www_basel_int_GLOBAL_GOVERNANCE_OF_PLASTICS_AND_.txt,False,False,False,,0.0,0.0,none,none,unclear,none,"No relevant information found about Kenya's policies, laws, or regulations related to circular economy, chemicals management, waste management, or pollution prevention and control for the years 2022-2026.","No explicit link to UNEP found in relation to Kenya's policies, laws, or regulations for circular economy, chemicals management, waste management, or pollution prevention and control for the years 2022-2026.",[]
Kenya,2022-2026,https://www.cejadkenya.org/sites/default/files/2024-04/CEJAD%20Annual%20Report%202023%20.pdf,2022,2026,2024,Annual Report,UNEP facilitated Kenya single-use plastics regulation adopting policy law regulation strategy action plan circular economy chemicals waste pollution prevention control after:2022-01-01 before:2026-01-01,www_cejadkenya_org_Annual_Report.txt,False,False,False,,0.0,0.0,none,none,unclear,unclear,"No evidence found related to circular economy, chemicals management, waste management, pollution prevention/control policies in Kenya for 2022-2026.",No explicit link to UNEP found in relation to policy/law/regulation outcomes in Kenya for 2022-2026.,[]
Kenya,2022-2026,https://www.commissionoceanindien.org/wp-content/uploads/2023/07/WIO-Proposed-Plastics-Action-Plan-Kelleher-July2023P.pdf,2022,2026,2024,Proposed Regional Action Plan to Combat Marine Plastic ...,UNEP supported Kenya circular economy action plan endorsed policy law regulation strategy action plan circular economy chemicals waste pollution prevention control after:2022-01-01 before:2026-01-01,www_commissionoceanindien_org_Proposed_Regional_Action_Plan_to_Combat_Marine_Pla.txt,False,False,False,,0.0,0.0,none,none,none,none,"The document does not contain explicit evidence related to circular approaches/circular economy, chemicals management, waste management, pollution prevention/control, or policies/laws/regulations in key sectors for Kenya during 2022-2026.","There is no explicit link between UNEP and the development/adoption/revision/implementation/strengthening of any policy, law, regulation, strategy, action plan, or official framework in Kenya during 2022-2026.",[]
Kenya,2022-2026,https://www.dehradunlawreview.com/wp-content/uploads/2025/05/PAPER-13.pdf,2022,2026,2024,TOWARDS SUSTAINABLE SOLUTIONS,UNEP facilitated Kenya single-use plastics regulation adopting policy law regulation strategy action plan circular economy chemicals waste pollution prevention control after:2022-01-01 before:2026-01-01,www_dehradunlawreview_com_TOWARDS_SUSTAINABLE_SOLUTIONS.txt,False,False,False,,0.0,0.0,none,none,unclear,none,"No relevant information found about Kenya's policies, laws, or regulations related to circular economy, chemicals management, waste management, or pollution prevention and control for the period 2022-2026.","No explicit link to UNEP found in relation to any policy, law, regulation, strategy, or framework in Kenya for the period 2022-2026.",[]
Kenya,2022-2026,https://www.diva-portal.org/smash/get/diva2:1833207/FULLTEXT04,2022,2026,2024,Acknowledg ments,UNEP facilitated Kenya single-use plastics regulation adopting policy law regulation strategy action plan circular economy chemicals waste pollution prevention control after:2022-01-01 before:2026-01-01,www_diva-portal_org_Acknowledg_ments.txt,False,False,False,,0.0,0.0,none,none,unclear,none,"No evidence found related to chemicals, waste, circular economy, or pollution policies in Kenya for 2022-2026.",No explicit link to UNEP found in the provided text.,[]
Kenya,2022-2026,https://www.eionet.europa.eu/etcs/etc-ce/products/draft-report-for-dg-env_final.pdf,2022,2026,2024,Circular Economy policy innovation and good practice in ...,UNEP supported Kenya circular economy action plan endorsed policy law regulation strategy action plan circular economy chemicals waste pollution prevention control after:2022-01-01 before:2026-01-01,www_eionet_europa_eu_Circular_Economy_policy_innovation_and_good_practi.txt,False,False,False,,0.0,0.0,none,none,unclear,unclear,"No evidence found related to chemicals, waste, circular economy, or pollution policies in Kenya for 2022-2026.",No explicit link to UNEP found in relation to SP3.1 outcomes for Kenya in 2022-2026.,[]
Kenya,2022-2026,https://www.energy.gov/sites/default/files/2024-10/circularity-for-secure-sustainable-products-materials-report.pdf,2022,2026,2024,circularity-for-secure-sustainable-products-materials- ...,UNEP supported Kenya circular economy action plan endorsed policy law regulation strategy action plan circular economy chemicals waste pollution prevention control after:2022-01-01 before:2026-01-01,www_energy_gov_circularity_for_secure_sustainable_products_materi.txt,False,False,False,,0.0,0.0,none,none,unclear,none,No relevant information found,No relevant information found,[]
Kenya,2022-2026,https://www.epa.gov/system/files/documents/2023-07/SWM_PlasticWaste-Final.pdf,2022,2026,2024,Addressing Plastic Waste,UNEP facilitated Kenya single-use plastics regulation adopting policy law regulation strategy action plan circular economy chemicals waste pollution prevention control after:2022-01-01 before:2026-01-01,www_epa_gov_Addressing_Plastic_Waste.txt,False,False,False,,0.0,0.0,none,none,unclear,none,No evidence related to Kenya or 2022-2026,No UNEP link to SP3.1 outcomes,[]
Kenya,2022-2026,https://www.facebook.com/EnvironmentClimateChangeForestryKenya/posts/environment-and-climate-change-principal-secretary-eng-festus-k-ngeno-is-current/545588524416346/,2022,2026,2024,Environment and Climate Change Principal Secretary Eng ...,UNEP facilitated Kenya single-use plastics regulation adopting policy law regulation strategy action plan circular economy chemicals waste pollution prevention control after:2022-01-01 before:2026-01-01,www_facebook_com_Environment_and_Climate_Change_Principal_Secretary.txt,True,False,False,,90.0,0.0,waste management policy / circular economy policy / law,developed / implementing,national,waste / cross-sectoral,"The document mentions the development of the Sustainable Waste Management Act, extended producer responsibility regulations (EPR), e-waste regulations, plastics regulations and chemicals which are in the process of gazettement into law.","There is no explicit link between UNEP and the development/adoption/revision/implementation of the policy, law, regulation, strategy or framework mentioned in the document.","[""Kenya has developed the Sustainable Waste Management Act to implement a circular economy approach to waste management"", ""extended producer responsibility regulations (EPR), e-waste regulations, plastics regulations and chemicals which are in the process of gazettement into law"", ""Kenya is a beneficiary of the Plastic Waste Partnership Funding""]"
Kenya,2022-2026,https://www.facebook.com/EnvironmentClimateChangeForestryKenya/posts/environment-and-forestry-cabinet-secretary-has-today-launched-the-national-marin/262281252747076/,2022,2026,2024,Environment and Forestry Cabinet Secretary has today ...,UNEP supported Kenya circular economy action plan endorsed policy law regulation strategy action plan circular economy chemicals waste pollution prevention control after:2022-01-01 before:2026-01-01,www_facebook_com_Environment_and_Forestry_Cabinet_Secretary_has_tod.txt,True,False,False,,80.0,0.0,waste management policy / action plan,launched,national,waste,"The document mentions the National Sustainable Waste Management Policy and the National Marine Litter Management Action Plan (NMLMAP), which aim to address waste management through legislation, guidelines, standards, and strategies.","There is no explicit link between UNEP and the development, adoption, revision, or implementation of the policy or action plan mentioned.","[""National Sustainable Waste Management Policy"", ""National Marine Litter Management Action Plan (NMLMAP)"", ""aims at addressing Waste Management through legislations, guidelines, standards and strategies""]"
Kenya,2022-2026,https://www.facebook.com/WWFKenya/posts/the-gazettement-of-the-mandatory-extended-producer-responsibility-epr-regulation/580006727920148/,2022,2026,2024,The gazettement of the Mandatory Extended Producer ...,UNEP facilitated Kenya single-use plastics regulation adopting policy law regulation strategy action plan circular economy chemicals waste pollution prevention control after:2022-01-01 before:2026-01-01,www_facebook_com_The_gazettement_of_the_Mandatory_Extended_Producer.txt,True,False,False,,90.0,0.0,Mandatory Extended Producer Responsibility (EPR) regulations,gazetted / implemented,national,waste,"The document mentions the gazettement of the Mandatory Extended Producer Responsibility (EPR) regulations, 2024, in Kenya, which shows a strong commitment to tackling plastic pollution.","There is no explicit link between UNEP and the development/adoption/revision/implementation of the policy, law, regulation, strategy or framework in Kenya during 2022–2026.","[""The gazettement of the Mandatory Extended Producer Responsibility (EPR) regulations, 2024, shows Kenya’s strong commitment to tackling plastic pollution across five key product categories: non-hazardous product packaging, hazardous product packaging, electrical and electronic equipment, end-of-life motor vehicles, and non-packaging items."", ""These EPR regulations build on the Sustainable Waste Management Act, 2022, further elevating the national ambition for managing post-consumer and end-of-life product waste.""]"
Kenya,2022-2026,https://www.facebook.com/kenyanewsagency/posts/we-want-to-eliminate-plastics-that-are-problematic-and-unnecessary-this-is-not-b/1147768367538808/,2022,2026,2024,“We want to eliminate plastics that are problematic and ...,UNEP supported Kenya circular economy action plan endorsed policy law regulation strategy action plan circular economy chemicals waste pollution prevention control after:2022-01-01 before:2026-01-01,www_facebook_com__We_want_to_eliminate_plastics_that_are_problemati.txt,True,False,False,,60.0,0.0,circular economy policy,developing,national,consumer products,"The document mentions a campaign and manual for phasing out single-use plastics, which aligns with circular economy and pollution prevention goals.",There is no explicit mention of UNEP's involvement or support in the development or implementation of the NO SUP USE campaign or manual.,"[""NO SUP USE (No Single-Use Plastics) campaign and manual"", ""phasing out problematic single-use plastics"", ""Refuse, Reduce, Replace, Reuse, and Refill""]"
Kenya,2022-2026,https://www.frontiersin.org/journals/sustainability/articles/10.3389/frsus.2023.1190470/full,2022,2026,2024,Transitioning circular economy from policy to practice in ...,UNEP facilitated Kenya single-use plastics regulation adopting policy law regulation strategy action plan circular economy chemicals waste pollution prevention control after:2022-01-01 before:2026-01-01,www_frontiersin_org_Transitioning_circular_economy_from_policy_to_prac.txt,True,False,False,,81.0,0.0,circular economy policy,adopted,national,cross-sectoral,"The document discusses Kenya's circular economy policy landscape, including laws, policies, and regulations that advance circular approaches. It mentions several policies and laws that promote circular economy principles, such as the Environmental Management and Coordination Act, the Sustainable Waste Management Act, and the Green Economy Strategy and Implementation Plan.","There is no explicit mention of UNEP's support or involvement in the development, adoption, revision, or implementation of Kenya's circular economy policies and laws.","[""The study examines Kenya's circular economy policy landscape by looking at the strides made by the country to embrace the concept and principles of the circular economy and focusing on the policies formulated so far."", ""The Environmental Management and Coordination Act provides a comprehensive framework for the management and coordination of environmental activities in the country."", ""The Sustainable Waste Management Act has outlined measures that directly relate to the promotion of circular economy-related practices such as reuse and recycling waste at the lowest level of governance.""]"
Kenya,2022-2026,https://www.genevaenvironmentnetwork.org/resources/updates/towards-plastic-pollution-inc-3/,2022,2026,2024,Plastic Pollution INC-3,UNEP supported Kenya circular economy action plan endorsed policy law regulation strategy action plan circular economy chemicals waste pollution prevention control after:2022-01-01 before:2026-01-01,www_genevaenvironmentnetwork_org_Plastic_Pollution_INC_3.txt,True,False,False,,60.0,0.0,international legally binding instrument on plastic pollution,developing,international,cross-sectoral,"The document discusses the development of an international legally binding instrument on plastic pollution, which is relevant to chemicals and waste management.","While UNEP is mentioned as the host of the INC process, there is no explicit link between UNEP and the development of the policy/law/regulation outcome.","[""The third session of the Intergovernmental Negotiating Committee to develop an international legally binding instrument on plastic pollution, including in the marine environment (INC-3), took place from 13 to 19 November 2023 in Nairobi, Kenya."", ""In March 2022, Member States participating in UNEA-5 adopted resolution 5/14 – End plastic pollution: towards an international legally binding instrument, recognizing that “the high and rapidly increasing levels of plastic pollution represent a serious environmental problem at a global scale, negatively impacting the environmental, social and economic dimensions of sustainable development”."", ""The UN Environment Programme Executive Director was mandated to convene an International Negotiating Committee (INC) to develop and adopt a legally binding instrument on plastic pollution based on a comprehensive approach that addresses the full life cycle of plastics.""]"
Kenya,2022-2026,https://www.globalplasticaction.org/globalplasticstreaty,2022,2026,2024,Global Plastics Treaty,UNEP facilitated Kenya single-use plastics regulation adopting policy law regulation strategy action plan circular economy chemicals waste pollution prevention control after:2022-01-01 before:2026-01-01,www_globalplasticaction_org_Global_Plastics_Treaty.txt,False,False,False,,0.0,0.0,none,none,global,none,"The document does not contain explicit evidence related to circular approaches/circular economy, chemicals management, waste management, pollution prevention/control, or policies/laws/regulations in key sectors for Kenya during 2022–2026.",There is no explicit link between UNEP and any policy/law/regulation outcome for Kenya during 2022–2026.,[]
Kenya,2022-2026,https://www.greenpolicyplatform.org/sites/default/files/downloads/tools/Guidelines%20to%20Accelerate%20the%20Transition%20Towards%20a%20Circular%20Economy%20in%20Africa.pdf,2022,2026,2024,Guidelines to Accelerate the Transition Towards a Circular ...,UNEP supported Kenya circular economy action plan endorsed policy law regulation strategy action plan circular economy chemicals waste pollution prevention control after:2022-01-01 before:2026-01-01,www_greenpolicyplatform_org_Guidelines_to_Accelerate_the_Transition_Towards_a_.txt,False,False,False,,0.0,0.0,none,none,unclear,unclear,"No evidence found related to chemicals, waste, circular economy, or pollution policies in Kenya for 2022-2026.",No explicit link to UNEP found in the provided text.,[]
Kenya,2022-2026,https://www.iisd.org/system/files/2025-07/guide-to_global-agreement-end-plastic-pollution.pdf,2022,2026,2024,A Guide to the Global Agreement to End Plastic Pollution,UNEP facilitated Kenya single-use plastics regulation adopting policy law regulation strategy action plan circular economy chemicals waste pollution prevention control after:2022-01-01 before:2026-01-01,www_iisd_org_A_Guide_to_the_Global_Agreement_to_End_Plastic_Pol.txt,False,False,False,,0.0,0.0,none,none,unclear,none,"No evidence found related to chemicals, waste, circular economy, or pollution policies in Kenya for 2022-2026.",No UNEP attribution found.,[]
Kenya,2022-2026,https://www.ioe-emp.org/index.php?eID=dumpFile&t=f&f=165214&token=31bf394cdfe2796ffe1d14ef6fbf6f13e61e2c4e,2022,2026,2024,The Business Pathway to Circular Economy: Global ...,UNEP facilitated Kenya single-use plastics regulation adopting policy law regulation strategy action plan circular economy chemicals waste pollution prevention control after:2022-01-01 before:2026-01-01,www_ioe-emp_org_The_Business_Pathway_to_Circular_Economy_Global_.txt,False,False,False,,0.0,0.0,none,none,unclear,unclear,"No evidence found related to chemicals, waste, circular economy, or pollution policies in Kenya for 2022-2026.",No explicit link to UNEP found in the provided document.,[]
Kenya,2022-2026,https://www.kenyaclimatedirectory.org/resources/65129254c3805,2022,2026,2024,Accelerating the Circular Economy in Plastic Waste ...,UNEP supported Kenya circular economy action plan endorsed policy law regulation strategy action plan circular economy chemicals waste pollution prevention control after:2022-01-01 before:2026-01-01,www_kenyaclimatedirectory_org_Accelerating_the_Circular_Economy_in_Plastic_Waste.txt,False,False,False,,0.0,0.0,none,none,unclear,none,"No evidence found related to chemicals, waste, circular economy, or pollution policies in Kenya for 2022-2026.",No explicit link to UNEP found in the provided document.,[]
Kenya,2022-2026,https://www.kirdi.go.ke/sites/default/files/2024-08/GECKO%20Policy%20Brief%20.pdf,2022,2026,2024,framework to help accelerate kenyan business transition to,UNEP supported Kenya circular economy action plan endorsed policy law regulation strategy action plan circular economy chemicals waste pollution prevention control after:2022-01-01 before:2026-01-01,www_kirdi_go_ke_framework_to_help_accelerate_kenyan_business_trans.txt,True,False,False,,80.0,0.0,circular economy policy / strategy / action plan,developing / developed,national,cross-sectoral,"The document outlines a framework to help accelerate Kenyan business transition to green and circular business practices. It elaborates on policy recommendations for a national Circular Economy Strategy and Action Plan, sustainable product policies, a supportive regulatory framework, tax benefits for green and circular businesses, and more.","There is no explicit mention of UNEP supporting the development, adoption, revision, or implementation of the policy, law, regulation, strategy, action plan, or official framework in Kenya during 2022-2026.","[""Develop a national Circular Economy Strategy and Action Plan"", ""Develop sustainable product policies and stimulate the application of circular design"", ""Create a supportive regulatory framework for sustainable businesses"", ""Tax benefits for green and circular businesses"", ""Promote and enable national partnerships aimed at supporting green and circular business development""]"
Kenya,2022-2026,https://www.lidsen.com/journals/rpm/rpm-07-03-011,2022,2026,2024,An Overview of Circular Economy Approaches for Plastics,UNEP facilitated Kenya single-use plastics regulation adopting policy law regulation strategy action plan circular economy chemicals waste pollution prevention control after:2022-01-01 before:2026-01-01,www_lidsen_com_An_Overview_of_Circular_Economy_Approaches_for_Pla.txt,False,False,False,,0.0,0.0,none,none,none,none,"The document does not contain explicit evidence related to circular approaches/circular economy, chemicals management, waste management, pollution prevention/control, or policies/laws/regulations in key sectors for Kenya during 2022-2026.","There is no explicit link between UNEP and any policy, law, regulation, strategy, action plan, or official framework in Kenya during 2022-2026.",[]
Kenya,2022-2026,https://www.linkedin.com/pulse/towards-plastic-pollution-free-planet-nature-kenya-the-eanhs,2022,2026,2024,Towards a plastic pollution free planet,UNEP facilitated Kenya single-use plastics regulation adopting policy law regulation strategy action plan circular economy chemicals waste pollution prevention control after:2022-01-01 before:2026-01-01,www_linkedin_com_Towards_a_plastic_pollution_free_planet.txt,False,False,False,,0.0,0.0,none,none,global,unclear,"The document does not contain explicit evidence related to circular approaches/circular economy, chemicals management, waste management, pollution prevention and control, or policies/laws/regulations in key sectors for Kenya during 2022-2026.",There is no explicit link between UNEP and any policy/law/regulation outcome in Kenya during 2022-2026.,[]
Kenya,2022-2026,https://www.mazingirasafi.com/kenyas-priorities-in-upcoming-global-plastics-pollution-agreement/,2022,2026,2024,Kenya's priorities in upcoming Global Plastics Pollution ...,UNEP facilitated Kenya single-use plastics regulation adopting policy law regulation strategy action plan circular economy chemicals waste pollution prevention control after:2022-01-01 before:2026-01-01,www_mazingirasafi_com_Kenya_s_priorities_in_upcoming_Global_Plastics_Pol.txt,False,False,False,,0.0,0.0,none,none,unclear,none,"No evidence found related to chemicals, waste, circularity, or pollution policies in Kenya for 2022-2026.",No explicit link to UNEP found in the provided text.,[]
Kenya,2022-2026,https://www.mdpi.com/2071-1050/14/1/480,2022,2026,2024,Solid Waste Management in the Context of a Circular ...,UNEP supported Kenya circular economy action plan endorsed policy law regulation strategy action plan circular economy chemicals waste pollution prevention control after:2022-01-01 before:2026-01-01,www_mdpi_com_Solid_Waste_Management_in_the_Context_of_a_Circula.txt,False,False,False,,0.0,0.0,none,none,unclear,unclear,"The document does not contain explicit evidence related to circular approaches/circular economy, chemicals management, waste management, pollution prevention and control, or policies/laws/regulations in key sectors for Kenya during 2022–2026.",There is no explicit link between UNEP and any policy/law/regulation outcome in Kenya during 2022–2026.,[]
Kenya,2022-2026,https://www.mdpi.com/2073-4441/17/10/1547,2022,2026,2024,International Legal Systems in Tackling the Marine Plastic ...,UNEP facilitated Kenya single-use plastics regulation adopting policy law regulation strategy action plan circular economy chemicals waste pollution prevention control after:2022-01-01 before:2026-01-01,www_mdpi_com_International_Legal_Systems_in_Tackling_the_Marine.txt,False,False,False,,0.0,0.0,none,none,unclear,unclear,"The document does not contain explicit evidence related to circular approaches/circular economy, chemicals management, waste management, pollution prevention and control, or policies/laws/regulations in key sectors for Kenya during 2022–2026.",There is no explicit link between UNEP and any policy/law/regulation outcome in the document for Kenya during 2022–2026.,[]
Kenya,2022-2026,https://www.oecd.org/en/publications/regional-plastics-outlook-for-southeast-and-east-asia_5a8ff43c-en/full-report/the-landscape-of-current-policies-to-tackle-plastic-pollution_408249bf.html,2022,2026,2024,Regional Plastics Outlook for Southeast and East Asia,UNEP supported Kenya circular economy action plan endorsed policy law regulation strategy action plan circular economy chemicals waste pollution prevention control after:2022-01-01 before:2026-01-01,www_oecd_org_Regional_Plastics_Outlook_for_Southeast_and_East_A.txt,False,False,False,,0.0,0.0,none,none,none,none,"The document does not contain explicit evidence related to circular approaches/circular economy, chemicals management, waste management, pollution prevention/control, or policies/laws/regulations in key sectors for Kenya during 2022-2026.","There is no explicit link between UNEP and any policy, law, regulation, strategy, action plan, or official framework in Kenya during 2022-2026.",[]
Kenya,2022-2026,https://www.oneplanetnetwork.org/sites/default/files/2023-01/INT_UNEP_382_Plastic%20Pollution_12Jan2023_WEB.pdf,2022,2026,2024,Solutions from the One Planet network to curb plastic ...,UNEP facilitated Kenya single-use plastics regulation adopting policy law regulation strategy action plan circular economy chemicals waste pollution prevention control after:2022-01-01 before:2026-01-01,www_oneplanetnetwork_org_Solutions_from_the_One_Planet_network_to_curb_plas.txt,False,False,False,,0.0,0.0,none,none,unclear,unclear,"No relevant information found for Kenya in 2022-2026 regarding circular economy, chemicals management, waste management, or pollution prevention and control.","No explicit link to UNEP found in the context of Kenya's policies, laws, or regulations for circular economy, chemicals management, waste management, or pollution prevention and control in 2022-2026.",[]
Kenya,2022-2026,https://www.researchgate.net/publication/370825570_Turning_off_the_Tap_How_the_world_can_end_plastic_pollution_and_create_a_circular_economy,2022,2026,2024,(PDF) Turning off the Tap: How the world can end plastic ...,UNEP supported Kenya circular economy action plan endorsed policy law regulation strategy action plan circular economy chemicals waste pollution prevention control after:2022-01-01 before:2026-01-01,www_researchgate_net__PDF_Turning_off_the_Tap_How_the_world_can_end_pla.txt,False,False,False,,0.0,0.0,none,none,unclear,unclear,"The document does not contain explicit evidence related to Kenya in 2022-2026 about policies, laws, regulations, strategies, or action plans for circular economy, chemicals management, waste management, pollution prevention/control, or implementation/revision of such instruments in key sectors.","There is no explicit link between UNEP and any policy, law, regulation, strategy, or framework in Kenya during 2022-2026.",[]
Kenya,2022-2026,https://www.sciencedirect.com/science/article/pii/S2773167724000189,2022,2026,2024,From science-policy interface to science-policy panel: The ...,UNEP supported Kenya circular economy action plan endorsed policy law regulation strategy action plan circular economy chemicals waste pollution prevention control after:2022-01-01 before:2026-01-01,www_sciencedirect_com_From_science_policy_interface_to_science_policy_pa.txt,False,False,False,,0.0,0.0,none,none,unclear,unclear,"The document does not contain any information related to Kenya or the time window 2022-2026, nor does it discuss circular economy, chemicals management, waste management, or pollution prevention and control.","There is no mention of UNEP or any connection to the policies, laws, or regulations in Kenya during 2022-2026.",[]
Kenya,2022-2026,https://www.undp.org/sites/g/files/zskgke326/files/2022-03/UNDP-GEF-Transitioning-to-a-Circular-Economy-Through-Chemical-and-Waste-Management.pdf,2022,2026,2024,TRANSITIONING TO A CIRCULAR ECONOMY THROUGH ...,UNEP supported Kenya circular economy action plan endorsed policy law regulation strategy action plan circular economy chemicals waste pollution prevention control after:2022-01-01 before:2026-01-01,www_undp_org_TRANSITIONING_TO_A_CIRCULAR_ECONOMY_THROUGH_.txt,False,False,False,,0.0,0.0,none,none,global,none,"The document does not contain explicit evidence related to circular approaches/circular economy, chemicals management, waste management, pollution prevention/control, or policies/laws/regulations in key sectors for Kenya during 2022-2026.","There is no explicit link between UNEP and the development/adoption/revision/implementation of any policy, law, regulation, strategy, or framework in Kenya during 2022-2026.","[""This publication describes UNDP’s interventions in chemicals and waste management and highlights priority supply chains in our efforts to achieve circularity.""]"
Kenya,2022-2026,https://www.unep.org/annualreport/2022,2022,2026,2024,"UNEP, annual report, 2022",UNEP supported Kenya circular economy action plan endorsed policy law regulation strategy action plan circular economy chemicals waste pollution prevention control after:2022-01-01 before:2026-01-01,www_unep_org_UNEP_annual_report_2022.txt,False,False,False,,0.0,0.0,none,none,unclear,unclear,No evidence found,No evidence found,[]
Kenya,2022-2026,https://www.unep.org/news-and-stories/press-release/historic-day-campaign-beat-plastic-pollution-nations-commit-develop,2022,2026,2024,Historic day in the campaign to beat plastic pollution,UNEP facilitated Kenya single-use plastics regulation adopting policy law regulation strategy action plan circular economy chemicals waste pollution prevention control after:2022-01-01 before:2026-01-01,www_unep_org_Historic_day_in_the_campaign_to_beat_plastic_pollu.txt,False,False,False,,0.0,0.0,none,none,unclear,unclear,No relevant information found,No relevant information found,[]
Kenya,2022-2026,https://www.unep.org/news-and-stories/speech/kenya-and-circularity-changing-game,2022,2026,2024,Kenya and circularity: Changing the game,UNEP supported Kenya circular economy action plan endorsed policy law regulation strategy action plan circular economy chemicals waste pollution prevention control after:2022-01-01 before:2026-01-01,www_unep_org_Kenya_and_circularity_Changing_the_game.txt,False,False,False,,0.0,0.0,none,none,unclear,unclear,No relevant information found,No relevant information found,[]
Kenya,2022-2026,https://www.unep.org/resources/turning-off-tap-end-plastic-pollution-create-circular-economy,2022,2026,2024,Turning off the Tap: How the world can end plastic pollution ...,UNEP supported Kenya circular economy action plan endorsed policy law regulation strategy action plan circular economy chemicals waste pollution prevention control after:2022-01-01 before:2026-01-01,www_unep_org_Turning_off_the_Tap_How_the_world_can_end_plastic_.txt,False,False,False,,0.0,0.0,none,none,unclear,unclear,No relevant information found,No relevant information found,[]
Kenya,2022-2026,https://www.unep.org/topics/chemicals-and-pollution-action/plastic-pollution,2022,2026,2024,Plastic pollution,UNEP facilitated Kenya single-use plastics regulation adopting policy law regulation strategy action plan circular economy chemicals waste pollution prevention control after:2022-01-01 before:2026-01-01,www_unep_org_Plastic_pollution.txt,False,False,False,,0.0,0.0,none,none,unclear,unclear,No evidence found,No evidence found,[]
Kenya,2022-2026,https://www.unepfi.org/wordpress/wp-content/uploads/2023/04/Resource-Efficiency-and-CE-Target-Setting.pdf,2022,2026,2024,Guidance on Resource Efficiency and Circular Economy ...,UNEP supported Kenya circular economy action plan endorsed policy law regulation strategy action plan circular economy chemicals waste pollution prevention control after:2022-01-01 before:2026-01-01,www_unepfi_org_Guidance_on_Resource_Efficiency_and_Circular_Econo.txt,False,False,False,,0.0,0.0,none,none,none,none,"The document does not contain explicit evidence related to circular approaches/circular economy, chemicals management, waste management, pollution prevention/control, or policies/laws/regulations in key sectors for Kenya during 2022–2026.","There is no explicit link between UNEP and the development/adoption/revision/implementation/strengthening of any policy, law, regulation, strategy, action plan, or official framework in Kenya during 2022–2026.",[]
Kenya,2022-2026,https://www.unido.org/sites/default/files/unido-publications/2025-08/Africa-Japan%20Cooperation%20on%20Plastic%20Circular%20Economy.pdf,2022,2026,2024,Africa-Japan Cooperation on Plastic Circular Economy,UNEP supported Kenya circular economy action plan endorsed policy law regulation strategy action plan circular economy chemicals waste pollution prevention control after:2022-01-01 before:2026-01-01,www_unido_org_Africa_Japan_Cooperation_on_Plastic_Circular_Econo.txt,False,False,False,,0.0,0.0,none,none,unclear,unclear,No relevant information found,No relevant information found,[]
Kenya,2022-2026,https://www.unido.org/sites/default/files/unido-publications/2025-11/Mapping%20study%20of%20alternatives%20to%20single-use%20plastics%20-%20Reducing%20single-use%20plastics%20in%20Egypt.pdf,2022,2026,2024,Mapping study of alternatives to single-use plastics,UNEP facilitated Kenya single-use plastics regulation adopting policy law regulation strategy action plan circular economy chemicals waste pollution prevention control after:2022-01-01 before:2026-01-01,www_unido_org_Mapping_study_of_alternatives_to_single_use_plasti.txt,False,False,False,,0.0,0.0,none,none,unclear,none,"The document is not about Kenya or the time window 2022-2026. The document text appears to be an error message related to a failed connection to a URL, which seems to be related to a publication about alternatives to single-use plastics in Egypt.",There is no explicit link to UNEP in the provided text.,[]
Kenya,2022-2026,https://www.wcoomd.org/-/media/wco/public/global/pdf/topics/research/report/circular-economy-report-en.pdf,2022,2026,2024,Transition to a circular economy and implications for ...,UNEP supported Kenya circular economy action plan endorsed policy law regulation strategy action plan circular economy chemicals waste pollution prevention control after:2022-01-01 before:2026-01-01,www_wcoomd_org_Transition_to_a_circular_economy_and_implications_.txt,False,False,False,,0.0,0.0,none,none,unclear,unclear,"The document could not be retrieved, therefore no evidence related to chemicals, waste, circular economy or pollution policies in Kenya for 2022-2026 could be assessed.","The document could not be retrieved, therefore no evidence of UNEP's involvement in policies, laws or regulations related to chemicals, waste, circular economy or pollution in Kenya for 2022-2026 could be assessed.",[]
Lebanon,2018-2022,http://ekmsliberia.info/wp-content/uploads/2021/09/cep_liberia_2006_.pdf,2018,2022,2020,Liberia environmental profile,UNEP programme Lebanon hazardous waste regulation revising policy law regulation strategy action plan circular economy chemicals waste pollution prevention control after:2018-01-01 before:2022-01-01,ekmsliberia_info_Liberia_environmental_profile.txt,False,False,False,,0.0,0.0,none,none,unclear,unclear,The document is not about Lebanon and/or not about the time window 2018-2022.,The document is not about Lebanon and/or not about the time window 2018-2022.,[]
Lebanon,2018-2022,https://apps1.unep.org/resolutions/uploads/unep_aheg_2018_1_inf_4_unea2_edited.pdf,2018,2022,2020,United Nations Environment Assembly of the ...,UNEP implemented Lebanon e-waste regulation developing policy law regulation strategy action plan circular economy chemicals waste pollution prevention control after:2018-01-01 before:2022-01-01,apps1_unep_org_United_Nations_Environment_Assembly_of_the_.txt,False,False,False,,0.0,0.0,none,none,global,none,"The document does not contain explicit evidence related to circular approaches/circular economy, chemicals management, waste management, pollution prevention/control, or policies/laws/regulations in key sectors for Lebanon during 2018-2022.","The document does not explicitly link UNEP to development/adoption/revision/implementation/strengthening of any policy, law, regulation, strategy, action plan, or official framework in Lebanon during 2018-2022.",[]
Lebanon,2018-2022,https://apps1.unep.org/resolutions/uploads/unep_aheg_2018_inf3_full_assessment_en.pdf,2018,2022,2020,Combating marine plastic litter and microplast,UNEP implemented Lebanon e-waste regulation developing policy law regulation strategy action plan circular economy chemicals waste pollution prevention control after:2018-01-01 before:2022-01-01,apps1_unep_org_Combating_marine_plastic_litter_and_microplast.txt,False,False,False,,0.0,0.0,none,none,none,none,"The document does not contain explicit evidence related to circular approaches/circular economy, chemicals management, waste management, pollution prevention/control, or policies/laws/regulations in key sectors for Lebanon during 2018-2022.","The document does not explicitly link UNEP to development/adoption/revision/implementation/strengthening of any policy, law, regulation, strategy, action plan, or official framework in Lebanon during 2018-2022.","[""No relevant evidence found.""]"
Lebanon,2018-2022,https://blacksea-cbc.net/wp-content/uploads/2021/04/BSB785_LitOUTer_Report-on-State-of-Art-of-Marine-Litters-and-Legal-Status-in-The-Partner-Countries_EN.pdf,2018,2022,2020,(LitOUTer),UNEP programme Lebanon hazardous waste regulation revising policy law regulation strategy action plan circular economy chemicals waste pollution prevention control after:2018-01-01 before:2022-01-01,blacksea-cbc_net__LitOUTer_.txt,False,False,False,,0.0,0.0,none,none,unclear,none,"No relevant information found about Lebanon's policies, laws, or regulations related to circular economy, chemicals management, waste management, or pollution prevention and control between 2018-2022.","No explicit link to UNEP found in the context of Lebanon's policies, laws, or regulations related to circular economy, chemicals management, waste management, or pollution prevention and control between 2018-2022.",[]
Lebanon,2018-2022,https://cdn.who.int/media/docs/default-source/wash-documents/throwing-away-our-health-19-dec-25.pdf?sfvrsn=1c0ffac2_3,2018,2022,2020,Throwing away our health - The impacts of solid waste on ...,UNEP implemented Lebanon e-waste regulation developing policy law regulation strategy action plan circular economy chemicals waste pollution prevention control after:2018-01-01 before:2022-01-01,cdn_who_int_Throwing_away_our_health_The_impacts_of_solid_wast.txt,False,False,False,,0.0,0.0,none,none,global,none,"The document does not contain explicit evidence related to circular approaches/circular economy, chemicals management, waste management, pollution prevention/control, or policies/laws/regulations in key sectors for Lebanon during 2018-2022.","There is no explicit link between UNEP and any policy, law, regulation, strategy, action plan, or official framework in Lebanon during 2018-2022.","[""No relevant evidence found""]"
Lebanon,2018-2022,https://ceerapub.nls.ac.in/wp-content/uploads/2021/08/Second-Chemical-Hazardous-Waste-in-India-Full-book.pdf,2018,2022,2020,Chemical and Hazardous Waste in India: A Sectoral Analysis,UNEP implemented Lebanon e-waste regulation developing policy law regulation strategy action plan circular economy chemicals waste pollution prevention control after:2018-01-01 before:2022-01-01,ceerapub_nls_ac_in_Chemical_and_Hazardous_Waste_in_India_A_Sectoral_A.txt,False,False,False,,0.0,0.0,none,none,unclear,unclear,The document is not about Lebanon and not about 2018-2022. The document text appears to be an error message and does not contain any relevant information.,There is no explicit link to UNEP or any relevant policy/law/regulation in the provided text.,[]
Lebanon,2018-2022,https://digitallibrary.un.org/record/3993445/files/UNEP_EA.5_INF_7-EN.pdf,2018,2022,2020,Information on reports and updates by the Technology ...,UNEP implemented Lebanon e-waste regulation developing policy law regulation strategy action plan circular economy chemicals waste pollution prevention control after:2018-01-01 before:2022-01-01,digitallibrary_un_org_Information_on_reports_and_updates_by_the_Technolo.txt,False,False,False,,0.0,0.0,none,none,unclear,unclear,,,[]
Lebanon,2018-2022,https://docs.un.org/en/A/74/25,2018,2022,2020,Report of the United Nations Environment Assembly of the ...,UNEP programme Lebanon hazardous waste regulation revising policy law regulation strategy action plan circular economy chemicals waste pollution prevention control after:2018-01-01 before:2022-01-01,docs_un_org_Report_of_the_United_Nations_Environment_Assembly_.txt,False,False,False,,0.0,0.0,none,none,unclear,unclear,,,[]
Lebanon,2018-2022,https://documents1.worldbank.org/curated/en/157141636056129273/pdf/Green-Public-Procurement-An-Overview-of-Green-Reforms-in-Country-Procurement-Systems.pdf,2018,2022,2020,An Overview of Green Reforms in Country Procurement Systems,UNEP implemented Lebanon e-waste regulation developing policy law regulation strategy action plan circular economy chemicals waste pollution prevention control after:2018-01-01 before:2022-01-01,documents1_worldbank_org_An_Overview_of_Green_Reforms_in_Country_Procuremen.txt,False,False,False,,0.0,0.0,none,none,global,none,"The document does not contain explicit evidence related to circular approaches/circular economy, chemicals management, waste management, pollution prevention/control, or policies/laws/regulations in key sectors for Lebanon during 2018-2022.","There is no explicit link between UNEP and any policy, law, regulation, strategy, action plan, or official framework in Lebanon during 2018-2022.",[]
Lebanon,2018-2022,https://environmentalmigration.iom.int/sites/g/files/tmzbdl1411/files/documents/2023-11/environmental_rule_of_law.pdf,2018,2022,2020,First Global Report,UNEP programme Lebanon hazardous waste regulation revising policy law regulation strategy action plan circular economy chemicals waste pollution prevention control after:2018-01-01 before:2022-01-01,environmentalmigration_iom_int_First_Global_Report.txt,False,False,False,,0.0,0.0,none,none,global,unclear,"The document does not contain explicit evidence related to circular approaches/circular economy, chemicals management, waste management, pollution prevention/control, or policies/laws/regulations in key sectors for Lebanon during 2018–2022.","The document does not explicitly link UNEP to development/adoption/revision/implementation/strengthening of any policy, law, regulation, strategy, action plan, or official framework in Lebanon during 2018–2022.",[]
Lebanon,2018-2022,https://ewastemonitor.info/wp-content/uploads/2020/11/GEM_2020_def_july1_low.pdf,2018,2022,2020,The Global E-waste Monitor 2020,UNEP implemented Lebanon e-waste regulation developing policy law regulation strategy action plan circular economy chemicals waste pollution prevention control after:2018-01-01 before:2022-01-01,ewastemonitor_info_The_Global_E_waste_Monitor_2020.txt,False,False,False,,0.0,0.0,none,none,unclear,unclear,"No evidence found related to chemicals, waste, circular economy, or pollution policies in Lebanon from 2018-2022.",No explicit link to UNEP found in relation to SP3.1 outcomes for Lebanon from 2018-2022.,[]
Lebanon,2018-2022,https://gefcrew.org/carrcu/18IGM/4LBSCOP/Info-Docs/gpa_igr4_inf8-en.pdf,2018,2022,2020,United Nations Environment Programme Implementation of ...,UNEP implemented Lebanon e-waste regulation developing policy law regulation strategy action plan circular economy chemicals waste pollution prevention control after:2018-01-01 before:2022-01-01,gefcrew_org_United_Nations_Environment_Programme_Implementatio.txt,True,False,False,,60.0,0.0,regional convention/action plan,adopted,regional,cross-sectoral,"The document discusses the implementation of the Global Programme of Action by Regional Seas Programmes and Action Plans between 2012 and 2018, including Lebanon's participation in the Mediterranean Region's Barcelona Convention.","There is no explicit mention of UNEP's direct involvement in developing, adopting, revising, or implementing policies, laws, or regulations in Lebanon during 2018-2022.","[""The Barcelona Convention as well as each of its Protocols (LBS, Hazardous Waste, Dumping and Offshore) Contracting Parties/ Member States: ... Lebanon"", ""Regional Programme of Action (as planning tool): MED POL - Programme for the Assessment and Control of Marine Pollution in the Mediterranean"", ""Legal Framework for Land Based Activities: Protocol for the Protection of the Mediterranean Sea against Pollution from Land-Based Sources and Activities (LBS Protocol)""]"
Lebanon,2018-2022,https://globalewaste.org/wp-content/uploads/2018/10/Global-E-waste-Monitor-2017.pdf,2018,2022,2020,The Global E-waste Monitor 2017,UNEP implemented Lebanon e-waste regulation developing policy law regulation strategy action plan circular economy chemicals waste pollution prevention control after:2018-01-01 before:2022-01-01,globalewaste_org_The_Global_E_waste_Monitor_2017.txt,False,False,False,,0.0,0.0,none,none,unclear,none,"No relevant information found about Lebanon's policies, laws, or regulations related to circular economy, chemicals management, waste management, or pollution prevention and control.","No explicit link to UNEP found in relation to Lebanon's policies, laws, or regulations.",[]
Lebanon,2018-2022,https://greenfinancelac.org/wp-content/uploads/2020/06/Environmental_Social_Governance.2.pdf,2018,2022,2020,"Environmental, Social and Governance",UNEP programme Lebanon hazardous waste regulation revising policy law regulation strategy action plan circular economy chemicals waste pollution prevention control after:2018-01-01 before:2022-01-01,greenfinancelac_org_Environmental_Social_and_Governance.txt,False,False,False,,0.0,0.0,none,none,unclear,unclear,"No evidence found related to chemicals, waste, circular economy, or pollution policies in Lebanon from 2018-2022.",No UNEP attribution found.,[]
Lebanon,2018-2022,https://library.sprep.org/sites/default/files/2021-11/from-pollution-solution.pdf,2018,2022,2020,FROM POLLUTION TO SOLUTION - Virtual Library,UNEP implemented Lebanon e-waste regulation developing policy law regulation strategy action plan circular economy chemicals waste pollution prevention control after:2018-01-01 before:2022-01-01,library_sprep_org_FROM_POLLUTION_TO_SOLUTION_Virtual_Library.txt,False,False,False,,0.0,0.0,none,none,unclear,unclear,"No evidence found related to Lebanon's policies, laws, or regulations on circular economy, chemicals management, waste management, or pollution prevention and control between 2018-2022.","No explicit link to UNEP found in relation to Lebanon's policies, laws, or regulations on circular economy, chemicals management, waste management, or pollution prevention and control between 2018-2022.",[]
Lebanon,2018-2022,https://medblueconomyplatform.org/wp-content/uploads/2021/10/2021_frompollutiontosolution.pdf,2018,2022,2020,FROM POLLUTION TO SOLUTION,UNEP implemented Lebanon e-waste regulation developing policy law regulation strategy action plan circular economy chemicals waste pollution prevention control after:2018-01-01 before:2022-01-01,medblueconomyplatform_org_FROM_POLLUTION_TO_SOLUTION.txt,False,False,False,,0.0,0.0,none,none,global,unclear,"The document does not contain explicit evidence related to circular approaches/circular economy, chemicals management, waste management, pollution prevention/control, or policies/laws/regulations in key sectors for Lebanon during 2018-2022.","There is no explicit link between UNEP and any policy, law, regulation, strategy, action plan, or official framework in Lebanon during 2018-2022.","[""The document is a global assessment of marine litter and plastic pollution, and does not specifically mention Lebanon or its policies during 2018-2022.""]"
Lebanon,2018-2022,https://minamataconvention.org/sites/default/files/documents/minamata_initial_assessment/Ghana-MIA-2018.pdf,2018,2022,2020,Ghana-MIA-2018.pdf,UNEP programme Lebanon hazardous waste regulation revising policy law regulation strategy action plan circular economy chemicals waste pollution prevention control after:2018-01-01 before:2022-01-01,minamataconvention_org_Ghana_MIA_2018_pdf.txt,False,False,False,,0.0,0.0,none,none,unclear,unclear,,,[]
Lebanon,2018-2022,https://mpra.ub.uni-muenchen.de/109281/1/MPRA_paper_109281.pdf,2018,2022,2020,Circular Economy in China: Towards the Progress,UNEP implemented Lebanon e-waste regulation developing policy law regulation strategy action plan circular economy chemicals waste pollution prevention control after:2018-01-01 before:2022-01-01,mpra_ub_uni-muenchen_de_Circular_Economy_in_China_Towards_the_Progress.txt,False,False,False,,0.0,0.0,none,none,unclear,unclear,"No evidence found related to chemicals, waste, circular economy, or pollution policies in Lebanon from 2018-2022.",No explicit link to UNEP found in relation to SP3.1 outcomes in Lebanon from 2018-2022.,[]
Lebanon,2018-2022,https://planbleu.org/wp-content/uploads/2020/11/SoED-Full-Report.pdf,2018,2022,2020,State of the Environment and Development in ...,UNEP implemented Lebanon e-waste regulation developing policy law regulation strategy action plan circular economy chemicals waste pollution prevention control after:2018-01-01 before:2022-01-01,planbleu_org_State_of_the_Environment_and_Development_in_.txt,False,False,False,,0.0,0.0,none,none,unclear,unclear,"No evidence found related to chemicals, waste, circular economy or pollution policies in Lebanon for 2018-2022.",No explicit link to UNEP found in relation to SP3.1 outcomes for Lebanon in 2018-2022.,[]
Lebanon,2018-2022,https://saiia.org.za/wp-content/uploads/2018/06/Policy-Insights-59.pdf,2018,2022,2020,DEVELOPING EFFECTIVE AFRICAN POLICY RESPONSES,UNEP implemented Lebanon e-waste regulation developing policy law regulation strategy action plan circular economy chemicals waste pollution prevention control after:2018-01-01 before:2022-01-01,saiia_org_za_DEVELOPING_EFFECTIVE_AFRICAN_POLICY_RESPONSES.txt,False,False,False,,0.0,0.0,none,none,unclear,none,"No evidence found related to chemicals, waste, circular economy, or pollution policies in Lebanon from 2018-2022.",No explicit link to UNEP found in relation to SP3.1 outcomes in Lebanon from 2018-2022.,[]
Lebanon,2018-2022,https://stakeholderforum.org/wp-content/uploads/2021/12/UNEP-Asia-Pacific-Region-CB-Webninar-Presentation-2-Dec-2021-Website.pdf,2018,2022,2020,Module 1: A recap - The structure of UNEP and UNEA,UNEP implemented Lebanon e-waste regulation developing policy law regulation strategy action plan circular economy chemicals waste pollution prevention control after:2018-01-01 before:2022-01-01,stakeholderforum_org_Module_1_A_recap_The_structure_of_UNEP_and_UNEA.txt,False,False,False,,0.0,0.0,none,none,unclear,unclear,No evidence found related to Lebanon and 2018-2022 time window.,No explicit link to UNEP found.,[]
Lebanon,2018-2022,https://tehranconvention.org/system/files/tcis/cop6_14_marine_litter_project_prepcom_fin.pdf,2018,2022,2020,"Regional project ""Addressing Marine Litter in the Caspian ...",UNEP programme Lebanon hazardous waste regulation revising policy law regulation strategy action plan circular economy chemicals waste pollution prevention control after:2018-01-01 before:2022-01-01,tehranconvention_org_Regional_project_Addressing_Marine_Litter_in_the_C.txt,False,False,False,,0.0,0.0,none,none,none,none,"The document does not contain explicit evidence related to circular approaches/circular economy, chemicals management, waste management, pollution prevention/control, or policies/laws/regulations in key sectors for Lebanon during 2018-2022.","There is no explicit link between UNEP and any policy, law, regulation, strategy, action plan, or official framework in Lebanon during 2018-2022.",[]
Lebanon,2018-2022,https://unece.org/sites/default/files/2021-05/E_ECE_1494_e_Final.pdf,2018,2022,2020,Economic Commission for Europe,UNEP programme Lebanon hazardous waste regulation revising policy law regulation strategy action plan circular economy chemicals waste pollution prevention control after:2018-01-01 before:2022-01-01,unece_org_Economic_Commission_for_Europe.txt,False,False,False,,0.0,0.0,none,none,unclear,unclear,"No evidence found related to Lebanon's policies, laws, or regulations on circular economy, chemicals management, waste management, pollution prevention, or control in key sectors during 2018-2022.","No explicit link found between UNEP and any policy, law, regulation, strategy, action plan, or official framework in Lebanon during 2018-2022.",[]
Lebanon,2018-2022,https://unesdoc.unesco.org/ark:/48223/pf0000247153,2018,2022,2020,"The United Nations world water development report, 2017",UNEP programme Lebanon hazardous waste regulation revising policy law regulation strategy action plan circular economy chemicals waste pollution prevention control after:2018-01-01 before:2022-01-01,unesdoc_unesco_org_The_United_Nations_world_water_development_report_.txt,False,False,False,,0.0,0.0,none,none,global,unclear,"The document is not relevant to chemicals, waste, or pollution policies in Lebanon during 2018-2022.",There is no explicit link to UNEP or any policy/law/regulation related to SP3.1 in Lebanon during 2018-2022.,[]
Lebanon,2018-2022,https://unfccc.int/sites/default/files/resource/Lebanon%20BUR4%202021.pdf,2018,2022,2020,Lebanon BUR4 2021.pdf,UNEP implemented Lebanon e-waste regulation developing policy law regulation strategy action plan circular economy chemicals waste pollution prevention control after:2018-01-01 before:2022-01-01,unfccc_int_Lebanon_BUR4_2021_pdf.txt,False,False,False,,0.0,0.0,none,none,national,none,"The document does not contain explicit evidence related to circular approaches/circular economy, chemicals management, waste management, pollution prevention/control, or policies/laws/regulations in key sectors.","There is no explicit link between UNEP and any policy, law, regulation, strategy, action plan, or official framework in Lebanon during 2018-2022.",[]
Lebanon,2018-2022,https://wwfint.awsassets.panda.org/downloads/zero_plastic_waste_in_thailand_en.pdf,2018,2022,2020,SCALING UP CIRCULAR STRATEGIES TO ACHIEVE ...,UNEP implemented Lebanon e-waste regulation developing policy law regulation strategy action plan circular economy chemicals waste pollution prevention control after:2018-01-01 before:2022-01-01,wwfint_awsassets_panda_org_SCALING_UP_CIRCULAR_STRATEGIES_TO_ACHIEVE_.txt,False,False,False,,0.0,0.0,none,none,none,none,"The document does not contain explicit evidence related to circular approaches/circular economy, chemicals management, waste management, pollution prevention/control, or policies/laws/regulations in key sectors for Lebanon during 2018-2022.",,[]
Lebanon,2018-2022,https://www.acted.org/wp-content/uploads/2018/01/circular-economy-national-study-final.pdf,2018,2022,2020,Circular Economy National Study in Jordan,UNEP implemented Lebanon e-waste regulation developing policy law regulation strategy action plan circular economy chemicals waste pollution prevention control after:2018-01-01 before:2022-01-01,www_acted_org_Circular_Economy_National_Study_in_Jordan.txt,False,False,False,,0.0,0.0,none,none,unclear,unclear,No evidence found related to Lebanon and 2018-2022,No UNEP attribution found,[]
Lebanon,2018-2022,https://www.adlittle.com/sites/default/files/viewpoints/adl_the_lebanon_municipal_solid_waste_crisis_and_possible_pathways_forward-compressed_0.pdf,2018,2022,2020,The Lebanon municipal solid waste crisis and pathways ...,UNEP programme Lebanon hazardous waste regulation revising policy law regulation strategy action plan circular economy chemicals waste pollution prevention control after:2018-01-01 before:2022-01-01,www_adlittle_com_The_Lebanon_municipal_solid_waste_crisis_and_pathw.txt,False,False,False,,0.0,0.0,none,none,unclear,none,"No evidence found related to chemicals, waste, circular economy or pollution policies in Lebanon from 2018-2022.",No explicit link to UNEP found in the provided text.,[]
Lebanon,2018-2022,https://www.ciel.org/wp-content/uploads/2019/02/Plastic-and-Health-The-Hidden-Costs-of-a-Plastic-Planet-February-2019.pdf,2018,2022,2020,Plastic & Health: The Hidden Costs of a Plastic Planet,UNEP implemented Lebanon e-waste regulation developing policy law regulation strategy action plan circular economy chemicals waste pollution prevention control after:2018-01-01 before:2022-01-01,www_ciel_org_Plastic_Health_The_Hidden_Costs_of_a_Plastic_Plane.txt,False,False,False,,0.0,0.0,none,none,none,none,"The document does not contain explicit evidence related to circular approaches/circular economy, chemicals management, waste management, pollution prevention/control, or policies/laws/regulations in key sectors for Lebanon during 2018-2022.","There is no explicit link between UNEP and any policy, law, regulation, strategy, action plan, or official framework in Lebanon during 2018-2022.",[]
Lebanon,2018-2022,https://www.climateworks.org/wp-content/uploads/2019/09/Green-Public-Procurement-Final-28Aug2019.pdf,2018,2022,2020,THE ROLE OF GREEN PUBLIC PROCUREMENT,UNEP implemented Lebanon e-waste regulation developing policy law regulation strategy action plan circular economy chemicals waste pollution prevention control after:2018-01-01 before:2022-01-01,www_climateworks_org_THE_ROLE_OF_GREEN_PUBLIC_PROCUREMENT.txt,False,False,False,,0.0,0.0,none,none,none,none,"The document does not contain explicit evidence related to circular approaches/circular economy, chemicals management, waste management, pollution prevention/control, or policies/laws/regulations in key sectors for Lebanon during 2018–2022.","There is no explicit link between UNEP and any policy, law, regulation, strategy, action plan, or official framework in Lebanon during 2018–2022.",[]
Lebanon,2018-2022,https://www.earthday.org/wp-content/uploads/2020/07/AFED-2019-Environmental_Education-Eng-Ar3.pdf,2018,2022,2020,ENVIRONMENTAL EDUCATION,UNEP programme Lebanon hazardous waste regulation revising policy law regulation strategy action plan circular economy chemicals waste pollution prevention control after:2018-01-01 before:2022-01-01,www_earthday_org_ENVIRONMENTAL_EDUCATION.txt,False,False,False,,0.0,0.0,none,none,unclear,unclear,No evidence found related to Lebanon and the specified time window.,No evidence found related to Lebanon and the specified time window.,[]
Lebanon,2018-2022,https://www.elibrary.imf.org/view/journals/001/2019/283/article-A001-en.xml,2018,2022,2020,Disposal is Not Free: Fiscal Instruments to Internalize the ...,UNEP implemented Lebanon e-waste regulation developing policy law regulation strategy action plan circular economy chemicals waste pollution prevention control after:2018-01-01 before:2022-01-01,www_elibrary_imf_org_Disposal_is_Not_Free_Fiscal_Instruments_to_Interna.txt,False,False,False,,0.0,0.0,none,none,unclear,unclear,No relevant information found,No UNEP attribution found,[]
Lebanon,2018-2022,https://www.facebook.com/albaladiya/posts/%EF%B8%8F-1st-waste-management-conference-2021-using-visual-and-virtual-technology-5-6-a/3996670973716814/,2018,2022,2020,6 April 2021 🖱 Register: www.wmdoha.com #wmdoha21,UNEP implemented Lebanon e-waste regulation developing policy law regulation strategy action plan circular economy chemicals waste pollution prevention control after:2018-01-01 before:2022-01-01,www_facebook_com_6_April_2021_Register_www_wmdoha_com_wmdoha21.txt,False,False,False,,0.0,0.0,none,none,none,none,,,[]
Lebanon,2018-2022,https://www.facebook.com/ukintunisia/posts/yesterday-our-ambassador-louise-de-sousa-hosted-a-british-tunisian-environmental/10155863732088226/,2018,2022,2020,British Embassy Tunis,UNEP programme Lebanon hazardous waste regulation revising policy law regulation strategy action plan circular economy chemicals waste pollution prevention control after:2018-01-01 before:2022-01-01,www_facebook_com_British_Embassy_Tunis.txt,False,False,False,,0.0,0.0,none,none,unclear,unclear,"The document does not contain any information about Lebanon or policies related to chemicals, waste, or pollution.",There is no mention of UNEP in relation to any policy or action in Lebanon.,[]
Lebanon,2018-2022,https://www.gdr-po.cnrs.fr/docs/UNEP_2021.pdf,2018,2022,2020,FROM POLLUTION TO SOLUTION,UNEP implemented Lebanon e-waste regulation developing policy law regulation strategy action plan circular economy chemicals waste pollution prevention control after:2018-01-01 before:2022-01-01,www_gdr-po_cnrs_fr_FROM_POLLUTION_TO_SOLUTION.txt,False,False,False,,0.0,0.0,none,none,unclear,unclear,"No evidence found related to chemicals, waste, circular economy, or pollution policies in Lebanon from 2018-2022.",No explicit link to UNEP found in relation to SP3.1 outcomes in Lebanon from 2018-2022.,[]
Lebanon,2018-2022,https://www.iaea.org/sites/default/files/21/08/nutec_rt_asiapacific.pdf,2018,2022,2020,ROUNDTABLE,UNEP programme Lebanon hazardous waste regulation revising policy law regulation strategy action plan circular economy chemicals waste pollution prevention control after:2018-01-01 before:2022-01-01,www_iaea_org_ROUNDTABLE.txt,False,False,False,,0.0,0.0,none,none,unclear,unclear,No evidence found related to Lebanon and the specified time window.,No evidence found related to Lebanon and the specified time window.,[]
Lebanon,2018-2022,https://www.itu.int/en/itu-d/environment/documents/toolbox/gem_2020_def.pdf,2018,2022,2020,The Global E-waste Monitor 2020,UNEP implemented Lebanon e-waste regulation developing policy law regulation strategy action plan circular economy chemicals waste pollution prevention control after:2018-01-01 before:2022-01-01,www_itu_int_The_Global_E_waste_Monitor_2020.txt,False,False,False,,0.0,0.0,none,none,unclear,unclear,"No evidence found related to chemicals, waste, circular economy, or pollution policies in Lebanon from 2018-2022.",No explicit link to UNEP found in relation to SP3.1 outcomes for Lebanon from 2018-2022.,[]
Lebanon,2018-2022,https://www.lcps-lebanon.org/en/articles/details/1858/a-wasted-waste-law,2018,2022,2020,LCPS - A Wasted Waste Law,UNEP programme Lebanon hazardous waste regulation revising policy law regulation strategy action plan circular economy chemicals waste pollution prevention control after:2018-01-01 before:2022-01-01,www_lcps-lebanon_org_LCPS_A_Wasted_Waste_Law.txt,False,False,False,,0.0,0.0,none,none,unclear,unclear,"No evidence found related to chemicals, waste, circular economy or pollution policies in Lebanon from 2018-2022.",No explicit link to UNEP found in relation to SP3.1 outcomes.,[]
Lebanon,2018-2022,https://www.moph.gov.lb/userfiles/files/Programs%26Projects/LHRP%20-%20ESMF.pdf,2018,2022,2020,republic of lebanon - ministry of public health,UNEP programme Lebanon hazardous waste regulation revising policy law regulation strategy action plan circular economy chemicals waste pollution prevention control after:2018-01-01 before:2022-01-01,www_moph_gov_lb_republic_of_lebanon_ministry_of_public_health.txt,False,False,False,,0.0,0.0,none,none,unclear,unclear,,,[]
Lebanon,2018-2022,https://www.oecd.org/content/dam/oecd/en/publications/reports/2021/02/international-trade-and-circular-economy-policy-alignment_fee7d5b0/ae4a2176-en.pdf,2018,2022,2020,International trade and circular economy - Policy alignment,UNEP implemented Lebanon e-waste regulation developing policy law regulation strategy action plan circular economy chemicals waste pollution prevention control after:2018-01-01 before:2022-01-01,www_oecd_org_International_trade_and_circular_economy_Policy_al.txt,False,False,False,,0.0,0.0,none,none,global,none,"The document does not contain explicit evidence related to circular approaches/circular economy, chemicals management, waste management, pollution prevention/control, or policies/laws/regulations in key sectors for Lebanon during 2018-2022.","There is no explicit link between UNEP and any policy, law, regulation, strategy, action plan, or official framework in Lebanon during 2018-2022.","[""No relevant evidence found""]"
Lebanon,2018-2022,https://www.oneplanetnetwork.org/sites/default/files/from-crm/9781464813290%2520%25281%2529.pdf,2018,2022,2020,Aglobal Snapshot of Solid Waste Managment to 2050,UNEP programme Lebanon hazardous waste regulation revising policy law regulation strategy action plan circular economy chemicals waste pollution prevention control after:2018-01-01 before:2022-01-01,www_oneplanetnetwork_org_Aglobal_Snapshot_of_Solid_Waste_Managment_to_2050.txt,False,False,False,,0.0,0.0,none,none,unclear,unclear,"No evidence found related to chemicals, waste, circular economy, or pollution policies in Lebanon from 2018-2022.",No explicit link to UNEP found in relation to SP3.1 outcomes in Lebanon from 2018-2022.,[]
Lebanon,2018-2022,https://www.rempec.org/en/knowledge-centre/online-catalogue/e-wg-49-5-2nd-draft-strategy-and-action-plan-2022-2031-1.pdf,2018,2022,2020,MEDITERRANEAN ACTION PLAN (MAP) REGIONAL ...,UNEP implemented Lebanon e-waste regulation developing policy law regulation strategy action plan circular economy chemicals waste pollution prevention control after:2018-01-01 before:2022-01-01,www_rempec_org_MEDITERRANEAN_ACTION_PLAN_MAP_REGIONAL_.txt,False,False,False,,0.0,0.0,none,none,unclear,unclear,"No evidence found related to chemicals, waste, circular economy, or pollution policies in Lebanon from 2018-2022.",No explicit link to UNEP found in relation to SP3.1 outcomes.,[]
Lebanon,2018-2022,https://www.researchgate.net/publication/355889107_UNEP_2021_Sustainable_Public_Procurement_How_to_Wake_the_Sleeping_Giant_Introducing_the_United_Nations_Environment_Programme's_Approach,2018,2022,2020,"(PDF) UNEP 2021, Sustainable Public Procurement",UNEP implemented Lebanon e-waste regulation developing policy law regulation strategy action plan circular economy chemicals waste pollution prevention control after:2018-01-01 before:2022-01-01,www_researchgate_net__PDF_UNEP_2021_Sustainable_Public_Procurement.txt,False,False,False,,0.0,0.0,none,none,global,unclear,"The document does not contain explicit evidence related to circular approaches/circular economy, chemicals management, waste management, pollution prevention and control, or policies/laws/regulations in key sectors for Lebanon during 2018-2022.",There is no explicit link between UNEP and any policy/law/regulation outcome in Lebanon during 2018-2022.,[]
Lebanon,2018-2022,https://www.sparkblue.org/system/files/2021-03/Master%20Deck%20Chemicals%20and%20Waste%20Series%20Session%202.pdf,2018,2022,2020,Master Deck Chemicals and Waste Series Session 2.pdf,UNEP implemented Lebanon e-waste regulation developing policy law regulation strategy action plan circular economy chemicals waste pollution prevention control after:2018-01-01 before:2022-01-01,www_sparkblue_org_Master_Deck_Chemicals_and_Waste_Series_Session_2_p.txt,False,False,False,,0.0,0.0,none,none,unclear,unclear,No relevant information found,No UNEP attribution found,[]
Lebanon,2018-2022,https://www.undp.org/lebanon/publications/lebanon-state-environment-and-future-outlook-turning-crises-opportunities,2018,2022,2020,Lebanon State of the Environment and Future Outlook,UNEP implemented Lebanon e-waste regulation developing policy law regulation strategy action plan circular economy chemicals waste pollution prevention control after:2018-01-01 before:2022-01-01,www_undp_org_Lebanon_State_of_the_Environment_and_Future_Outloo.txt,False,False,False,,0.0,0.0,none,none,national,unclear,"The document does not contain explicit evidence related to circular approaches/circular economy, chemicals management, waste management, pollution prevention and control, or policies/laws/regulations in key sectors for Lebanon during 2018-2022.","There is no explicit link between UNEP and any policy, law, regulation, strategy, action plan, or official framework in Lebanon during 2018-2022.",[]
Lebanon,2018-2022,https://www.unep.org/beatpollution/governments,2018,2022,2020,Governments,UNEP programme Lebanon hazardous waste regulation revising policy law regulation strategy action plan circular economy chemicals waste pollution prevention control after:2018-01-01 before:2022-01-01,www_unep_org_Governments.txt,False,False,False,,0.0,0.0,none,none,unclear,unclear,"No evidence found related to chemicals, waste, circular economy, or pollution policies in Lebanon for 2018-2022.",No explicit link to UNEP found in the provided text.,[]
Lebanon,2018-2022,https://www.unep.org/news-and-stories/press-release/un-report-time-seize-opportunity-tackle-challenge-e-waste,2018,2022,2020,"UN report: Time to seize opportunity, tackle challenge of e- ...",UNEP implemented Lebanon e-waste regulation developing policy law regulation strategy action plan circular economy chemicals waste pollution prevention control after:2018-01-01 before:2022-01-01,www_unep_org_UN_report_Time_to_seize_opportunity_tackle_challen.txt,False,False,False,,0.0,0.0,none,none,unclear,unclear,,,[]
Lebanon,2018-2022,https://www.unep.org/unepmap/what-we-do/technical-guidelines,2018,2022,2020,Technical guidelines | UNEPMAP,UNEP programme Lebanon hazardous waste regulation revising policy law regulation strategy action plan circular economy chemicals waste pollution prevention control after:2018-01-01 before:2022-01-01,www_unep_org_Technical_guidelines_UNEPMAP.txt,False,False,False,,0.0,0.0,none,none,unclear,unclear,"No evidence found related to chemicals, waste, circular economy or pollution policies in Lebanon for 2018-2022.",No explicit link to UNEP found in relation to SP3.1 outcomes.,[]
Lebanon,2018-2022,https://www.unepfi.org/wordpress/wp-content/uploads/2021/01/Sustainable-Arab-Finance-Report-Jan-2021.pdf,2018,2022,2020,Promoting Sustainable Finance and Climate ...,UNEP implemented Lebanon e-waste regulation developing policy law regulation strategy action plan circular economy chemicals waste pollution prevention control after:2018-01-01 before:2022-01-01,www_unepfi_org_Promoting_Sustainable_Finance_and_Climate_.txt,False,False,False,,0.0,0.0,none,none,none,none,"The document does not contain explicit evidence related to circular approaches/circular economy, chemicals management, waste management, pollution prevention/control, or policies/laws/regulations in key sectors for Lebanon during 2018-2022.","There is no explicit link between UNEP and any policy, law, regulation, strategy, action plan, or official framework in Lebanon during 2018-2022.",[]
Lebanon,2018-2022,https://www.unicef.org/lebanon/media/7161/file/SOER_Report_EN.pdf,2018,2022,2020,SOER REPORT,UNEP implemented Lebanon e-waste regulation developing policy law regulation strategy action plan circular economy chemicals waste pollution prevention control after:2018-01-01 before:2022-01-01,www_unicef_org_SOER_REPORT.txt,False,False,False,,0.0,0.0,none,none,unclear,unclear,"The document does not contain explicit evidence related to circular approaches/circular economy, chemicals management, waste management, pollution prevention and control, or policies/laws/regulations in key sectors for Lebanon during 2018-2022.",There is no explicit link between UNEP and any policy/law/regulation outcome in Lebanon during 2018-2022.,[]
Lebanon,2018-2022,https://www.unwater.org/sites/default/files/app/uploads/2018/12/SDG6_SynthesisReport2018_WaterandSanitation_04122018.pdf,2018,2022,2020,Sustainable Development Goal 6 Synthesis Report on ...,UNEP programme Lebanon hazardous waste regulation revising policy law regulation strategy action plan circular economy chemicals waste pollution prevention control after:2018-01-01 before:2022-01-01,www_unwater_org_Sustainable_Development_Goal_6_Synthesis_Report_on.txt,False,False,False,,0.0,0.0,none,none,unclear,unclear,"No evidence found related to chemicals, waste, circular economy, or pollution policies in Lebanon for 2018-2022.",No explicit link to UNEP found in relation to SP3.1 outcomes for Lebanon in 2018-2022.,[]
Lebanon,2018-2022,https://www.wfd.org/sites/default/files/2022-02/WFD_June2020_Wilson_EnvironmentalDemocracy_EnvironmentalInstitutions.pdf,2018,2022,2020,Environmental Institutions,UNEP implemented Lebanon e-waste regulation developing policy law regulation strategy action plan circular economy chemicals waste pollution prevention control after:2018-01-01 before:2022-01-01,www_wfd_org_Environmental_Institutions.txt,False,False,False,,0.0,0.0,none,none,global,none,"The document does not contain explicit evidence related to circular approaches/circular economy, chemicals management, waste management, pollution prevention/control, or policies/laws/regulations in key sectors for Lebanon during 2018–2022.","There is no explicit link between UNEP and the development/adoption/revision/implementation of any policy, law, regulation, strategy, action plan, or official framework in Lebanon during 2018–2022.","[""This document does not mention Lebanon or any specific policies, laws, or regulations related to chemicals, waste, or pollution for the country.""]"
Lebanon,2022-2026,http://sdgs.unep.org/article/circular-economy,2022,2026,2024,circular-economy - Sustainable developments Goals - UNEP,UNEP capacity building Lebanon e-waste regulation promulgated policy law regulation strategy action plan circular economy chemicals waste pollution prevention control after:2022-01-01 before:2026-01-01,sdgs_unep_org_circular_economy_Sustainable_developments_Goals_UN.txt,False,False,False,,0.0,0.0,none,none,global,unclear,"The document does not contain explicit evidence related to circular approaches/circular economy, chemicals management, waste management, pollution prevention and control, or policies/laws/regulations in key sectors for Lebanon during 2022–2026.","The document does not explicitly link UNEP to development/adoption/revision/implementation/strengthening of any policy, law, regulation, strategy, action plan, or official framework in Lebanon during 2022–2026.",[]
Lebanon,2022-2026,https://afsc.org/newsroom/waste-not-pursuing-environmental-justice-lebanon,2022,2026,2024,Waste Not: Pursuing Environmental Justice in Lebanon,UNEP capacity building Lebanon e-waste regulation promulgated policy law regulation strategy action plan circular economy chemicals waste pollution prevention control after:2022-01-01 before:2026-01-01,afsc_org_Waste_Not_Pursuing_Environmental_Justice_in_Lebano.txt,False,False,False,,0.0,0.0,none,none,unclear,unclear,"No evidence found related to chemicals, waste, circular economy, or pollution policies in Lebanon for 2022-2026.",No explicit link to UNEP found in the provided text.,[]
Lebanon,2022-2026,https://berytech.org/wp-content/uploads/2023/09/STANDUp_Policy-Paper.pdf,2022,2026,2024,Textile Study - Final - 25-09-2023,UNEP supported Lebanon circular economy policy developed policy law regulation strategy action plan circular economy chemicals waste pollution prevention control after:2022-01-01 before:2026-01-01,berytech_org_Textile_Study_Final_25_09_2023.txt,False,False,False,,0.0,0.0,none,none,unclear,unclear,"No evidence found related to chemicals, waste, circular economy, or pollution policies in Lebanon for 2022-2026.",No explicit link to UNEP found in relation to SP3.1 outcomes for Lebanon in 2022-2026.,[]
Lebanon,2022-2026,https://chm.pops.int/Portals/0/download.aspx?d=UNEP-POPS-COP.12-32.English.docx,2022,2026,2024,https://chm.pops.int/Portals/0/download.aspx?d=UNE...,UNEP supported Lebanon circular economy policy developed policy law regulation strategy action plan circular economy chemicals waste pollution prevention control after:2022-01-01 before:2026-01-01,chm_pops_int_https_chm_pops_int_Portals_0_download_aspx_d_UNE_.txt,False,False,False,,0.0,0.0,none,none,unclear,unclear,"No evidence found related to chemicals, waste, circular economy, or pollution policies in Lebanon for 2022-2026.",No explicit link to UNEP found in relation to SP3.1 outcomes for Lebanon in 2022-2026.,[]
Lebanon,2022-2026,https://cps.iau.org/documents/233/IAU_CPS._National_Analysis_Report.pdf,2022,2026,2024,National approaches to the protection of dark and quiet skies,UNEP capacity building Lebanon e-waste regulation promulgated policy law regulation strategy action plan circular economy chemicals waste pollution prevention control after:2022-01-01 before:2026-01-01,cps_iau_org_National_approaches_to_the_protection_of_dark_and_.txt,False,False,False,,0.0,0.0,none,none,unclear,unclear,"No evidence found related to chemicals, waste, circular economy or pollution policies in Lebanon for 2022-2026.",No explicit link to UNEP found in relation to SP3.1 outcomes for Lebanon in 2022-2026.,[]
Lebanon,2022-2026,https://docs.un.org/en/UNEP/EA.6/8,2022,2026,2024,United Nations Environment Programme Progress in ...,UNEP supported Lebanon circular economy policy developed policy law regulation strategy action plan circular economy chemicals waste pollution prevention control after:2022-01-01 before:2026-01-01,docs_un_org_United_Nations_Environment_Programme_Progress_in_.txt,False,False,False,,0.0,0.0,none,none,unclear,unclear,No evidence found,No evidence found,[]
Lebanon,2022-2026,https://documents1.worldbank.org/curated/en/099112023054014380/pdf/P179435059e4c00080bd5a091bc0270002d.pdf,2022,2026,2024,Solid Waste Roadmap for Sector Reform and Priority ...,UNEP capacity building Lebanon e-waste regulation promulgated policy law regulation strategy action plan circular economy chemicals waste pollution prevention control after:2022-01-01 before:2026-01-01,documents1_worldbank_org_Solid_Waste_Roadmap_for_Sector_Reform_and_Priority.txt,True,False,False,,80.0,0.0,Solid Waste Roadmap / strategy / action plan,developing / developed,national,waste,"The document provides a detailed Solid Waste Roadmap for Lebanon, focusing on integrated solid waste management, circular economy approaches, and pollution prevention. It outlines priority reforms, investments, and interventions for the 2023-2026 period, including policy and regulatory measures.","There is no explicit mention of UNEP's direct involvement or support in the development, adoption, revision, or implementation of the policies, laws, regulations, or frameworks mentioned in the document.","[""Lebanon Solid Waste Roadmap for 2023-2026"", ""Integrated Solid Waste Management (ISWM) system"", ""Law 80 of 2018"", ""National Solid Waste Management Authority (NSWMA)"", ""circular economy approach""]"
Lebanon,2022-2026,https://documents1.worldbank.org/curated/en/099121624201515863/pdf/P1759081d4a8d30e81899a1c0b8bfb342ad.pdf,2022,2026,2024,For Advancing Circular Economies for Plastics in Bangladesh,UNEP supported Lebanon circular economy policy developed policy law regulation strategy action plan circular economy chemicals waste pollution prevention control after:2022-01-01 before:2026-01-01,documents1_worldbank_org_For_Advancing_Circular_Economies_for_Plastics_in_B.txt,False,False,False,,0.0,0.0,none,none,none,none,"The document is about Extended Producer Responsibility (EPR) for plastics in Bangladesh, not Lebanon. It does not contain explicit evidence related to circular approaches/circular economy, chemicals management, waste management, pollution prevention/control, or policies/laws/regulations in key sectors for Lebanon during 2022-2026.","There is no explicit link between UNEP and any policy, law, regulation, strategy, action plan, or official framework in Lebanon during 2022-2026.","[""The document is not relevant to Lebanon or the specified time window.""]"
Lebanon,2022-2026,https://downloads.unido.org/ot/34/78/34783421/ESMP_210028_Lebanon_Circular_Economy.pdf,2022,2026,2024,Name of the Project PRIVATE SECTOR TRANSITION TO A ...,UNEP supported Lebanon circular economy policy developed policy law regulation strategy action plan circular economy chemicals waste pollution prevention control after:2022-01-01 before:2026-01-01,downloads_unido_org_Name_of_the_Project_PRIVATE_SECTOR_TRANSITION_TO_A.txt,False,False,False,,0.0,0.0,none,none,unclear,unclear,No evidence found,No evidence found,[]
Lebanon,2022-2026,https://en.wikipedia.org/wiki/Waste_management,2022,2026,2024,Waste management,UNEP supported Lebanon circular economy policy developed policy law regulation strategy action plan circular economy chemicals waste pollution prevention control after:2022-01-01 before:2026-01-01,en_wikipedia_org_Waste_management.txt,False,False,False,,0.0,0.0,none,none,unclear,unclear,No relevant information found,No relevant information found,[]
Lebanon,2022-2026,https://enb.iisd.org/barcelona-convention-cop24-summary,2022,2026,2024,Summary report 2–5 December 2025,UNEP supported Lebanon circular economy policy developed policy law regulation strategy action plan circular economy chemicals waste pollution prevention control after:2022-01-01 before:2026-01-01,enb_iisd_org_Summary_report_2_5_December_2025.txt,False,False,False,,0.0,0.0,none,none,unclear,unclear,No relevant information found,No relevant information found,[]
Lebanon,2022-2026,https://escholarship.org/content/qt10v221g7/qt10v221g7.pdf,2022,2026,2024,Medical waste: Current challenges and future opportunities ...,UNEP capacity building Lebanon e-waste regulation promulgated policy law regulation strategy action plan circular economy chemicals waste pollution prevention control after:2022-01-01 before:2026-01-01,escholarship_org_Medical_waste_Current_challenges_and_future_opport.txt,False,False,False,,0.0,0.0,none,none,unclear,unclear,No evidence found related to Lebanon and 2022-2026,No evidence found related to Lebanon and 2022-2026,[]
Lebanon,2022-2026,https://ewastemonitor.info/wp-content/uploads/2022/05/Lebanese-National-E-waste-Monitor-2022-UNITAR.pdf,2022,2026,2024,National E-waste Monitor for Lebanon 2022,UNEP capacity building Lebanon e-waste regulation promulgated policy law regulation strategy action plan circular economy chemicals waste pollution prevention control after:2022-01-01 before:2026-01-01,ewastemonitor_info_National_E_waste_Monitor_for_Lebanon_2022.txt,False,False,False,,0.0,0.0,none,none,unclear,none,No evidence found related to Lebanon and 2022-2026.,No evidence found related to Lebanon and 2022-2026.,[]
Lebanon,2022-2026,https://ewastemonitor.info/wp-content/uploads/2024/03/GEM_2024_18-03_web_page_per_page_web.pdf,2022,2026,2024,THE GLOBAL E-WASTE MONITOR 2024,UNEP supported Lebanon circular economy policy developed policy law regulation strategy action plan circular economy chemicals waste pollution prevention control after:2022-01-01 before:2026-01-01,ewastemonitor_info_THE_GLOBAL_E_WASTE_MONITOR_2024.txt,False,False,False,,0.0,0.0,none,none,unclear,unclear,"No evidence found related to chemicals, waste, circularity, or pollution policies in Lebanon for 2022-2026.",No explicit link to UNEP found in relation to SP3.1 outcomes for Lebanon in 2022-2026.,[]
Lebanon,2022-2026,https://finance.gov.lb/en-us/Our_Latest/Latest%20News/English/Waste%20Management%20Plan%20(WMP).pdf,2022,2026,2024,Waste Management Plan (WMP) - Beirut,UNEP capacity building Lebanon e-waste regulation promulgated policy law regulation strategy action plan circular economy chemicals waste pollution prevention control after:2022-01-01 before:2026-01-01,finance_gov_lb_Waste_Management_Plan_WMP_Beirut.txt,False,False,False,,0.0,0.0,none,none,unclear,none,"No evidence found related to circular economy, chemicals management, waste management, pollution prevention/control policies in Lebanon for 2022-2026.",No explicit link to UNEP found in relation to SP3.1 policy/law/regulation outcomes in Lebanon for 2022-2026.,[]
Lebanon,2022-2026,https://g20re.org/pdf/202503/ECSWG_Waste_and_Circular_Economy_W_CE.pdf,2022,2026,2024,Waste and Circular Economy (W&CE),UNEP capacity building Lebanon e-waste regulation promulgated policy law regulation strategy action plan circular economy chemicals waste pollution prevention control after:2022-01-01 before:2026-01-01,g20re_org_Waste_and_Circular_Economy_W_CE_.txt,False,False,False,,0.0,0.0,none,none,unclear,unclear,"No evidence found related to chemicals, waste, circular economy, or pollution policies in Lebanon for 2022-2026.",No explicit link to UNEP found in the provided document.,[]
Lebanon,2022-2026,https://gefmed.paprac.org/wp-content/uploads/2025/09/Lebanon-ICZM-Strategy-Integrated-Diagnostic-Analysis-Report.pdf,2022,2026,2024,"Lebanon's National ICZM Strategy, Legislation, and Plan ...",UNEP supported Lebanon circular economy policy developed policy law regulation strategy action plan circular economy chemicals waste pollution prevention control after:2022-01-01 before:2026-01-01,gefmed_paprac_org_Lebanon_s_National_ICZM_Strategy_Legislation_and_P.txt,False,False,False,,0.0,0.0,none,none,unclear,unclear,"No evidence found related to chemicals, waste, circular economy, or pollution policies in Lebanon for 2022-2026.",No explicit link to UNEP found in the provided text.,[]
Lebanon,2022-2026,https://ieg.worldbankgroup.org/sites/default/files/Data/Evaluation/files/MunicipalSolidWasteManagement.pdf,2022,2026,2024,Transitioning to a Circular Economy,UNEP supported Lebanon circular economy policy developed policy law regulation strategy action plan circular economy chemicals waste pollution prevention control after:2022-01-01 before:2026-01-01,ieg_worldbankgroup_org_Transitioning_to_a_Circular_Economy.txt,False,False,False,,0.0,0.0,none,none,none,none,"The document does not contain explicit evidence related to circular approaches/circular economy, chemicals management, waste management, pollution prevention/control, or policies/laws/regulations in key sectors for Lebanon during 2022-2026.","There is no explicit link between UNEP and any policy, law, regulation, strategy, action plan, or official framework in Lebanon during 2022-2026.","[""The document does not mention Lebanon or the time window 2022-2026 in the context of chemicals, waste, or pollution policies.""]"
Lebanon,2022-2026,https://policycommons.net/artifacts/4548421/lebanon/5371975/,2022,2026,2024,Lebanon - MIDDLE EAST AND NORTH AFRICA- P172770 ...,UNEP supported Lebanon circular economy policy developed policy law regulation strategy action plan circular economy chemicals waste pollution prevention control after:2022-01-01 before:2026-01-01,policycommons_net_Lebanon_MIDDLE_EAST_AND_NORTH_AFRICA_P172770_.txt,False,False,False,,0.0,0.0,none,none,unclear,unclear,No evidence found,No evidence found,[]
Lebanon,2022-2026,https://scholarworks.aub.edu.lb/bitstreams/11e97a8d-9c71-4ed8-9cc5-750c8d9bd0e3/download,2022,2026,2024,american university of beirut plastic waste management ...,UNEP supported Lebanon circular economy policy developed policy law regulation strategy action plan circular economy chemicals waste pollution prevention control after:2022-01-01 before:2026-01-01,scholarworks_aub_edu_lb_american_university_of_beirut_plastic_waste_manage.txt,False,False,False,,0.0,0.0,none,none,unclear,unclear,"No evidence found related to chemicals, waste, circular economy, or pollution policies in Lebanon for 2022-2026.",No explicit link to UNEP found in the provided text.,[]
Lebanon,2022-2026,https://sdgs.un.org/sites/default/files/2024-07/Module%203.pdf,2022,2026,2024,SUPPORTING THE CIRCULAR ECONOMY THROUGH VLRS,UNEP capacity building Lebanon e-waste regulation promulgated policy law regulation strategy action plan circular economy chemicals waste pollution prevention control after:2022-01-01 before:2026-01-01,sdgs_un_org_SUPPORTING_THE_CIRCULAR_ECONOMY_THROUGH_VLRS.txt,False,False,False,,0.0,0.0,none,none,global,unclear,"The document does not contain explicit evidence related to circular approaches/circular economy, chemicals management, waste management, pollution prevention/control, or policies/laws/regulations in key sectors for Lebanon during 2022-2026.","There is no explicit link between UNEP and any policy, law, regulation, strategy, action plan, or official framework in Lebanon during 2022-2026.",[]
Lebanon,2022-2026,https://sdgs.unep.org/sites/default/files/2025-06/CountryReport-Kenya%2CE-wastetraining-Final.pdf,2022,2026,2024,Country Report - Kenya - Sustainable developments Goals,UNEP capacity building Lebanon e-waste regulation promulgated policy law regulation strategy action plan circular economy chemicals waste pollution prevention control after:2022-01-01 before:2026-01-01,sdgs_unep_org_Country_Report_Kenya_Sustainable_developments_Goal.txt,False,False,False,,0.0,0.0,none,none,unclear,none,"The document is not about Lebanon and does not contain evidence related to circular approaches, chemicals management, waste management, pollution prevention and control, or policies/laws/regulations in key sectors for the time window 2022-2026.","The document does not explicitly link UNEP to any policy, law, regulation, strategy, action plan, or official framework in Lebanon for the time window 2022-2026.",[]
Lebanon,2022-2026,https://ufmsecretariat.org/wp-content/uploads/2024/05/%E2%9C%85-Report-on-Green-Circular-Economy_EN.pdf,2022,2026,2024,REPORT: - Green Circular Economy at the ...,UNEP supported Lebanon circular economy policy developed policy law regulation strategy action plan circular economy chemicals waste pollution prevention control after:2022-01-01 before:2026-01-01,ufmsecretariat_org_REPORT_Green_Circular_Economy_at_the_.txt,False,False,False,,0.0,0.0,none,none,unclear,unclear,No evidence found,No evidence found,[]
Lebanon,2022-2026,https://unece.org/sites/default/files/2023-10/Circular_Economy_Transition_Paper_Series_MSME_Compendium.pdf,2022,2026,2024,Harnessing opportunities from the circular and green ...,UNEP supported Lebanon circular economy policy developed policy law regulation strategy action plan circular economy chemicals waste pollution prevention control after:2022-01-01 before:2026-01-01,unece_org_Harnessing_opportunities_from_the_circular_and_gre.txt,False,False,False,,0.0,0.0,none,none,unclear,unclear,"No evidence found related to chemicals, waste, circular economy or pollution policies in Lebanon for 2022-2026.",No explicit link to UNEP found in the provided text.,[]
Lebanon,2022-2026,https://www-pub.iaea.org/MTCD/publications/PDF/p15294-PUB2089_web.pdf,2022,2026,2024,Policies and Strategies for the Management of NORM ...,UNEP capacity building Lebanon e-waste regulation promulgated policy law regulation strategy action plan circular economy chemicals waste pollution prevention control after:2022-01-01 before:2026-01-01,www-pub_iaea_org_Policies_and_Strategies_for_the_Management_of_NORM.txt,False,False,False,,0.0,0.0,none,none,unclear,unclear,No relevant information found,No relevant information found,[]
Lebanon,2022-2026,https://www.basel.int/Portals/4/Basel%20Convention/docs/plastic%20waste/UNEP-CHW-PWPWG-PUB-SingleUse-Jan2023.English.pdf,2022,2026,2024,"Compilation of information, best practices and lessons ...",UNEP supported Lebanon circular economy policy developed policy law regulation strategy action plan circular economy chemicals waste pollution prevention control after:2022-01-01 before:2026-01-01,www_basel_int_Compilation_of_information_best_practices_and_less.txt,False,False,False,,0.0,0.0,none,none,unclear,none,No evidence found related to Lebanon and the specified time window.,No evidence found related to Lebanon and the specified time window.,[]
Lebanon,2022-2026,https://www.cdr.gov.lb/getmedia/12957a66-0f74-40b3-a6da-d52e73b6eb8f/Draft-National-Integrated-Solid-Waste-Management-Strategy_Executive-Summary_EN.pdf.aspx,2022,2026,2024,Final Draft National Integrated Solid Waste Management ...,UNEP capacity building Lebanon e-waste regulation promulgated policy law regulation strategy action plan circular economy chemicals waste pollution prevention control after:2022-01-01 before:2026-01-01,www_cdr_gov_lb_Final_Draft_National_Integrated_Solid_Waste_Manage.txt,False,False,False,,0.0,0.0,none,none,unclear,unclear,"No evidence found related to circular approaches, chemicals management, waste management, pollution prevention and control policies/laws/regulations in Lebanon for 2022-2026.",No explicit link to UNEP found in the provided document.,[]
Lebanon,2022-2026,https://www.circemed.org/articles/h/focus-lebanon-3-3-waste-prevention-and-the-circular-economy.html,2022,2026,2024,Focus Lebanon 3/3 - Waste prevention and the circular ...,UNEP supported Lebanon circular economy policy developed policy law regulation strategy action plan circular economy chemicals waste pollution prevention control after:2022-01-01 before:2026-01-01,www_circemed_org_Focus_Lebanon_3_3_Waste_prevention_and_the_circula.txt,False,False,False,,0.0,0.0,none,none,unclear,unclear,"No evidence found related to chemicals, waste, circular economy, or pollution policies in Lebanon for 2022-2026.",No explicit link to UNEP found in relation to SP3.1 outcomes for Lebanon in 2022-2026.,[]
Lebanon,2022-2026,https://www.ecoconsulting.net/resources-more/circular-packaging-product-reuse-in-lebanon-policy-paper,2022,2026,2024,Circular Packaging & Product Reuse in Lebanon - Policy Paper,UNEP capacity building Lebanon e-waste regulation promulgated policy law regulation strategy action plan circular economy chemicals waste pollution prevention control after:2022-01-01 before:2026-01-01,www_ecoconsulting_net_Circular_Packaging_Product_Reuse_in_Lebanon_Policy.txt,False,False,False,,0.0,0.0,none,none,unclear,none,"No evidence found related to chemicals, waste, circular approaches, or pollution policies in Lebanon for 2022-2026.",No explicit link to UNEP found in the provided document.,[]
Lebanon,2022-2026,https://www.eeas.europa.eu/eeas/key-actions-launched-advance-circular-economy_en,2022,2026,2024,Key actions launched to advance the circular economy - EEAS,UNEP capacity building Lebanon e-waste regulation promulgated policy law regulation strategy action plan circular economy chemicals waste pollution prevention control after:2022-01-01 before:2026-01-01,www_eeas_europa_eu_Key_actions_launched_to_advance_the_circular_econo.txt,False,False,False,,0.0,0.0,none,none,unclear,unclear,,,[]
Lebanon,2022-2026,https://www.env.go.jp/content/000086490.pdf,2022,2026,2024,G20 Report on Actions against Marine Plastic Litter,UNEP capacity building Lebanon e-waste regulation promulgated policy law regulation strategy action plan circular economy chemicals waste pollution prevention control after:2022-01-01 before:2026-01-01,www_env_go_jp_G20_Report_on_Actions_against_Marine_Plastic_Litte.txt,False,False,False,,0.0,0.0,none,none,none,none,"The document does not contain explicit evidence related to circular approaches/circular economy, chemicals management, waste management, pollution prevention/control, or policies/laws/regulations in key sectors for Lebanon during 2022-2026.","There is no explicit link between UNEP and the development/adoption/revision/implementation/strengthening of any policy, law, regulation, strategy, action plan, or official framework in Lebanon during 2022-2026.","[""This report is about G20 members and other countries/regions sharing the Osaka Blue Ocean Vision, not specifically about Lebanon.""]"
Lebanon,2022-2026,https://www.europarl.europa.eu/RegData/etudes/STUD/2023/733123/IPOL_STU(2023)733123_EN.pdf,2022,2026,2024,Actions of cities and regions in the Mediterranean Sea area to ...,UNEP supported Lebanon circular economy policy developed policy law regulation strategy action plan circular economy chemicals waste pollution prevention control after:2022-01-01 before:2026-01-01,www_europarl_europa_eu_Actions_of_cities_and_regions_in_the_Mediterranean.txt,False,False,False,,0.0,0.0,none,none,unclear,unclear,"No evidence found related to chemicals, waste, circular economy, or pollution policies in Lebanon for 2022-2026.",No explicit link to UNEP found in relation to SP3.1 outcomes for Lebanon in 2022-2026.,[]
Lebanon,2022-2026,https://www.giz.de/sites/default/files/media/document/2025-08/gocircular-plastics-treaty-assist-toolkit.pdf,2022,2026,2024,Plastics Treaty Assist Toolkit,UNEP supported Lebanon circular economy policy developed policy law regulation strategy action plan circular economy chemicals waste pollution prevention control after:2022-01-01 before:2026-01-01,www_giz_de_Plastics_Treaty_Assist_Toolkit.txt,False,False,False,,0.0,0.0,none,none,global,unclear,"The document does not contain explicit evidence related to circular approaches/circular economy, chemicals management, waste management, pollution prevention/control, or policies/laws/regulations in key sectors for Lebanon during 2022-2026.","There is no explicit link between UNEP and any policy, law, regulation, strategy, action plan, or official framework in Lebanon during 2022-2026.","[""No relevant evidence found""]"
Lebanon,2022-2026,https://www.gov.il/en/pages/waste_strategy_2030_circular_economy_2050,2022,2026,2024,"Waste strategy 2030, circular economy 2050",UNEP supported Lebanon circular economy policy developed policy law regulation strategy action plan circular economy chemicals waste pollution prevention control after:2022-01-01 before:2026-01-01,www_gov_il_Waste_strategy_2030_circular_economy_2050.txt,False,False,False,,0.0,0.0,none,none,national,none,"The document does not contain explicit evidence related to circular approaches/circular economy, chemicals management, waste management, pollution prevention/control, or policies/laws/regulations in key sectors for Lebanon during 2022–2026.","The document does not explicitly link UNEP to any policy, law, regulation, strategy, action plan, or official framework in Lebanon during 2022–2026.",[]
Lebanon,2022-2026,https://www.greenpolicyplatform.org/news/birigui-and-unep-launches-circular-economy-pilot-urban-waste-management,2022,2026,2024,Birigui and UNEP Launches Circular Economy Pilot for ...,UNEP supported Lebanon circular economy policy developed policy law regulation strategy action plan circular economy chemicals waste pollution prevention control after:2022-01-01 before:2026-01-01,www_greenpolicyplatform_org_Birigui_and_UNEP_Launches_Circular_Economy_Pilot_f.txt,False,False,False,,0.0,0.0,none,none,unclear,unclear,"No relevant information found for Lebanon in 2022-2026 regarding circular economy, chemicals management, waste management, or pollution prevention/control.",No explicit link found between UNEP and any policy/law/regulation outcome in Lebanon for 2022-2026.,[]
Lebanon,2022-2026,https://www.ilo.org/sites/default/files/2025-12/Employment%20in%20the%20circular%20economy%20-%20Leveraging%20circularity%20to%20create%20decent%20work.pdf,2022,2026,2024,Employment in the Circular Economy,UNEP supported Lebanon circular economy policy developed policy law regulation strategy action plan circular economy chemicals waste pollution prevention control after:2022-01-01 before:2026-01-01,www_ilo_org_Employment_in_the_Circular_Economy.txt,False,False,False,,0.0,0.0,none,none,global,none,"The document does not contain explicit evidence related to circular approaches/circular economy, chemicals management, waste management, pollution prevention/control, or policies/laws/regulations in key sectors for Lebanon during 2022–2026.","There is no explicit link between UNEP and any policy, law, regulation, strategy, action plan, or official framework in Lebanon during 2022–2026.","[""No relevant evidence found.""]"
Lebanon,2022-2026,https://www.learningfornature.org/wp-content/uploads/2023/10/Building-Circularity-into-NDCs_A-Practical-Toolbox-User-Guide-Final.pdf,2022,2026,2024,Building Circularity into Nationally Determined Contributions,UNEP supported Lebanon circular economy policy developed policy law regulation strategy action plan circular economy chemicals waste pollution prevention control after:2022-01-01 before:2026-01-01,www_learningfornature_org_Building_Circularity_into_Nationally_Determined_Co.txt,False,False,False,,0.0,0.0,none,none,global,unclear,"The document does not contain explicit evidence related to circular approaches/circular economy, chemicals management, waste management, pollution prevention/control, or policies/laws/regulations in key sectors for Lebanon during 2022-2026.","The document does not explicitly link UNEP to development/adoption/revision/implementation/strengthening of any policy, law, regulation, strategy, action plan, or official framework in Lebanon during 2022-2026.","[""This document is a general guide on building circularity into Nationally Determined Contributions (NDCs) and does not specifically mention Lebanon or any policies/laws/regulations implemented in Lebanon during 2022-2026.""]"
Lebanon,2022-2026,https://www.mdpi.com/2071-1050/14/1/480,2022,2026,2024,Solid Waste Management in the Context of a Circular ...,UNEP supported Lebanon circular economy policy developed policy law regulation strategy action plan circular economy chemicals waste pollution prevention control after:2022-01-01 before:2026-01-01,www_mdpi_com_Solid_Waste_Management_in_the_Context_of_a_Circula.txt,False,False,False,,0.0,0.0,none,none,unclear,unclear,"The document does not contain explicit evidence related to circular approaches/circular economy, chemicals management, waste management, pollution prevention and control, or policies/laws/regulations in key sectors for Lebanon during 2022-2026.",There is no explicit link between UNEP and any policy/law/regulation outcome in Lebanon during 2022-2026.,[]
Lebanon,2022-2026,https://www.medwaves-centre.org/new/investing-in-the-circular-economy-turning-waste-to-fashion/,2022,2026,2024,Investing in the circular economy: Turning waste to fashion,UNEP supported Lebanon circular economy policy developed policy law regulation strategy action plan circular economy chemicals waste pollution prevention control after:2022-01-01 before:2026-01-01,www_medwaves-centre_org_Investing_in_the_circular_economy_Turning_waste_to.txt,False,False,False,,0.0,0.0,none,none,global,none,"The document does not contain explicit evidence related to circular approaches/circular economy, chemicals management, waste management, pollution prevention/control, or policies/laws/regulations in key sectors for Lebanon during 2022-2026.","There is no explicit link between UNEP and any policy, law, regulation, strategy, action plan, or official framework in Lebanon during 2022-2026.","[""This publication has been commissioned by MedWaves, the UNEP/MAP Regional Activity Centre for SCP."", ""The report explores the value of Circular Economy (CE) and Sustainable Business Models (SBM) in the Mediterranean region in terms of climate change mitigation (CCM).""]"
Lebanon,2022-2026,https://www.moenv.gov.jo/ebv4.0/root_storage/ar/eb_list_page/cicularity_jordans_opportunity_to_promote_economic_growth.pdf,2022,2026,2024,cicularity_jordans_opportunity_to...,UNEP capacity building Lebanon e-waste regulation promulgated policy law regulation strategy action plan circular economy chemicals waste pollution prevention control after:2022-01-01 before:2026-01-01,www_moenv_gov_jo_cicularity_jordans_opportunity_to_.txt,False,False,False,,0.0,0.0,none,none,unclear,unclear,"The document is not about Lebanon and does not contain any relevant information about chemicals, waste, or pollution policies.",There is no explicit link to UNEP and no relevant policy or regulatory outcome.,[]
Lebanon,2022-2026,https://www.niras.com/media/mjcnhwxx/national-planning_final.pdf,2022,2026,2024,National Solid Waste Management Planning,UNEP supported Lebanon circular economy policy developed policy law regulation strategy action plan circular economy chemicals waste pollution prevention control after:2022-01-01 before:2026-01-01,www_niras_com_National_Solid_Waste_Management_Planning.txt,True,False,False,,80.0,0.0,waste management policy,developed,national,waste,"The document discusses the development of a revised national Integrated Solid Waste Management (ISWM) strategy and a national master plan for Lebanon in 2024, along with a Strategic Environmental and Social Assessment. It also mentions the creation of service zones and a solid waste roadmap for 2023-2026.","There is no explicit mention of UNEP's involvement in the development, adoption, revision, or implementation of the policy, law, regulation, strategy, or framework.","[""A revised national Integrated Solid Waste Management (ISWM) strategy, along with the corresponding Strategic Environmental and Social Assessment, and a national master plan were developed in 2024."", ""Service zones (SZs) are proposed and the development of regional master plans is scheduled within the 2023-2026 Lebanon solid waste roadmap.""]"
Lebanon,2022-2026,https://www.oecd.org/en/publications/regional-plastics-outlook-for-southeast-and-east-asia_5a8ff43c-en/full-report/the-landscape-of-current-policies-to-tackle-plastic-pollution_408249bf.html,2022,2026,2024,Regional Plastics Outlook for Southeast and East Asia,UNEP capacity building Lebanon e-waste regulation promulgated policy law regulation strategy action plan circular economy chemicals waste pollution prevention control after:2022-01-01 before:2026-01-01,www_oecd_org_Regional_Plastics_Outlook_for_Southeast_and_East_A.txt,False,False,False,,0.0,0.0,none,none,global,none,"The document does not contain explicit evidence related to circular approaches/circular economy, chemicals management, waste management, pollution prevention/control, or policies/laws/regulations in key sectors for Lebanon during 2022-2026.","There is no explicit link between UNEP and any policy, law, regulation, strategy, action plan, or official framework in Lebanon during 2022-2026.","[""This document does not relate to Lebanon or the specified time window.""]"
Lebanon,2022-2026,https://www.oecd.org/en/publications/towards-a-national-circular-economy-strategy-for-hungary_1178c379-en/full-report/transition-to-a-circular-life-cycle-for-plastics_c2ef1e21.html,2022,2026,2024,Towards a National Circular Economy Strategy for Hungary,UNEP supported Lebanon circular economy policy developed policy law regulation strategy action plan circular economy chemicals waste pollution prevention control after:2022-01-01 before:2026-01-01,www_oecd_org_Towards_a_National_Circular_Economy_Strategy_for_H.txt,False,False,False,,0.0,0.0,none,none,none,none,"The document does not contain explicit evidence related to circular approaches/circular economy, chemicals management, waste management, pollution prevention/control, or policies/laws/regulations in key sectors for Lebanon during 2022–2026.","There is no explicit link between UNEP and any policy, law, regulation, strategy, action plan, or official framework in Lebanon during 2022–2026.","[""The document is about Hungary, not Lebanon.""]"
Lebanon,2022-2026,https://www.oneplanetnetwork.org/sites/default/files/from-crm/UNEP_2022_%2520SPP_Global_Review_Part_1_0.pdf,2022,2026,2024,2022 GLOBAL REVIEW,UNEP supported Lebanon circular economy policy developed policy law regulation strategy action plan circular economy chemicals waste pollution prevention control after:2022-01-01 before:2026-01-01,www_oneplanetnetwork_org_2022_GLOBAL_REVIEW.txt,False,False,False,,0.0,0.0,none,none,unclear,unclear,No evidence found related to Lebanon and the specified time window.,No evidence found related to Lebanon and the specified time window.,[]
Lebanon,2022-2026,https://www.opendatalebanon.org/wp-content/uploads/2022/03/SOER_Report_EN.pdf,2022,2026,2024,SOER REPORT,UNEP capacity building Lebanon e-waste regulation promulgated policy law regulation strategy action plan circular economy chemicals waste pollution prevention control after:2022-01-01 before:2026-01-01,www_opendatalebanon_org_SOER_REPORT.txt,False,False,False,,0.0,0.0,none,none,unclear,unclear,"No evidence found related to chemicals, waste, circularity or pollution policies in Lebanon for 2022-2026.",No explicit link to UNEP found in relation to SP3.1 outcomes for Lebanon in 2022-2026.,[]
Lebanon,2022-2026,https://www.researchgate.net/publication/363258265_United_Nations_Environment_Program_UNEP,2022,2026,2024,(PDF) United Nations Environment Program (UNEP),UNEP supported Lebanon circular economy policy developed policy law regulation strategy action plan circular economy chemicals waste pollution prevention control after:2022-01-01 before:2026-01-01,www_researchgate_net__PDF_United_Nations_Environment_Program_UNEP_.txt,False,False,False,,0.0,0.0,none,none,unclear,unclear,"The document does not contain explicit evidence related to circular approaches/circular economy, chemicals management, waste management, pollution prevention and control, or policies/laws/regulations in key sectors for Lebanon in 2022-2026.",There is no explicit link between UNEP and any policy/law/regulation outcome in Lebanon during 2022-2026.,[]
Lebanon,2022-2026,https://www.researchgate.net/publication/380111304_Municipal_solid_waste_management_challenges_in_developing_regions_A_comprehensive_review_and_future_perspectives_for_Asia_and_Africa,2022,2026,2024,(PDF) Municipal solid waste management challenges in ...,UNEP capacity building Lebanon e-waste regulation promulgated policy law regulation strategy action plan circular economy chemicals waste pollution prevention control after:2022-01-01 before:2026-01-01,www_researchgate_net__PDF_Municipal_solid_waste_management_challenges_i.txt,False,False,False,,0.0,0.0,none,none,global,none,"The document does not contain explicit evidence related to circular approaches/circular economy, chemicals management, waste management, pollution prevention and control, or policies/laws/regulations in key sectors for Lebanon during 2022-2026.","The document does not explicitly link UNEP to any policy, law, regulation, strategy, action plan, or official framework in Lebanon during 2022-2026.",[]
Lebanon,2022-2026,https://www.sciencedirect.com/science/article/pii/S0048969724029413,2022,2026,2024,Municipal solid waste management challenges in ...,UNEP capacity building Lebanon e-waste regulation promulgated policy law regulation strategy action plan circular economy chemicals waste pollution prevention control after:2022-01-01 before:2026-01-01,www_sciencedirect_com_Municipal_solid_waste_management_challenges_in_.txt,False,False,False,,0.0,0.0,none,none,unclear,unclear,"The document does not contain any information related to Lebanon or the time window 2022-2026, nor does it discuss policies, laws, regulations, or strategies related to circular economy, chemicals management, waste management, pollution prevention, or control.","There is no mention of UNEP or any connection to the policies, laws, regulations, or strategies related to circular economy, chemicals management, waste management, pollution prevention, or control in Lebanon during 2022-2026.",[]
Lebanon,2022-2026,https://www.sciencedirect.com/science/article/pii/S2772416625001500,2022,2026,2024,"E-waste management in Saudi Arabia: Policy challenges, ...",UNEP supported Lebanon circular economy policy developed policy law regulation strategy action plan circular economy chemicals waste pollution prevention control after:2022-01-01 before:2026-01-01,www_sciencedirect_com_E_waste_management_in_Saudi_Arabia_Policy_challeng.txt,False,False,False,,0.0,0.0,none,none,unclear,unclear,"The document does not contain any information related to Lebanon or the time window 2022-2026, nor does it discuss circular approaches, chemicals management, waste management, pollution prevention and control, or policies/laws/regulations in key sectors.",There is no explicit link to UNEP or any relevant policy/law/regulation in the provided document.,[]
Lebanon,2022-2026,https://www.scycle.info/wp-content/uploads/2023/03/UNEP-UNITAR-2050-Electronic-and-Electrical-Waste-Outlook-in-West-Asia.pdf,2022,2026,2024,electrical & electronic waste - outlook in west asia,UNEP supported Lebanon circular economy policy developed policy law regulation strategy action plan circular economy chemicals waste pollution prevention control after:2022-01-01 before:2026-01-01,www_scycle_info_electrical_electronic_waste_outlook_in_west_asia.txt,False,False,False,,0.0,0.0,none,none,unclear,unclear,No evidence found related to Lebanon and the specified time window.,No evidence found related to Lebanon and the specified time window.,[]
Lebanon,2022-2026,https://www.undp.org/sites/g/files/zskgke326/files/2022-03/UNDP-GEF-Transitioning-to-a-Circular-Economy-Through-Chemical-and-Waste-Management.pdf,2022,2026,2024,TRANSITIONING TO A CIRCULAR ECONOMY THROUGH ...,UNEP supported Lebanon circular economy policy developed policy law regulation strategy action plan circular economy chemicals waste pollution prevention control after:2022-01-01 before:2026-01-01,www_undp_org_TRANSITIONING_TO_A_CIRCULAR_ECONOMY_THROUGH_.txt,False,False,False,,0.0,0.0,none,none,none,none,"The document does not contain explicit evidence related to circular approaches/circular economy, chemicals management, waste management, pollution prevention/control, or policies/laws/regulations in key sectors for Lebanon during 2022-2026.","There is no explicit link between UNEP and any policy, law, regulation, strategy, action plan, or official framework in Lebanon during 2022-2026.","[""No relevant evidence found.""]"
Lebanon,2022-2026,https://www.undp.org/sites/g/files/zskgke326/files/2024-07/tadwir_e-waste_report_10.07.2024_1.pdf,2022,2026,2024,E-WASTE & BATTERIES IN LEBANON,UNEP capacity building Lebanon e-waste regulation promulgated policy law regulation strategy action plan circular economy chemicals waste pollution prevention control after:2022-01-01 before:2026-01-01,www_undp_org_E_WASTE_BATTERIES_IN_LEBANON.txt,True,False,False,,0.0,0.0,e-waste management system,developing,national,waste,"The document discusses e-waste management in Lebanon, including data on e-waste generation, collection, and treatment. It provides an analysis of the current situation and proposes a framework for Extended Producer Responsibility (EPR) systems.","There is no explicit mention of UNEP's involvement in the development, adoption, revision, or implementation of the e-waste management system in Lebanon.","[""The study was executed by United Nations Development Programme (UNDP), Lebanon"", ""Funded by Delegation of the European Union to Lebanon (EU)""]"
Lebanon,2022-2026,https://www.unep.org/resources/global-waste-management-outlook-2024,2022,2026,2024,Global Waste Management Outlook 2024,UNEP supported Lebanon circular economy policy developed policy law regulation strategy action plan circular economy chemicals waste pollution prevention control after:2022-01-01 before:2026-01-01,www_unep_org_Global_Waste_Management_Outlook_2024.txt,False,False,False,,0.0,0.0,none,none,unclear,unclear,"No evidence found related to chemicals, waste, circular economy or pollution policies in Lebanon for 2022-2026.",No explicit link to UNEP found in relation to SP3.1 outcomes for Lebanon in 2022-2026.,[]
Lebanon,2022-2026,https://www.unep.org/resources/policy-and-strategy/switchmed-lebanon,2022,2026,2024,SwitchMed in Lebanon,UNEP supported Lebanon circular economy policy developed policy law regulation strategy action plan circular economy chemicals waste pollution prevention control after:2022-01-01 before:2026-01-01,www_unep_org_SwitchMed_in_Lebanon.txt,False,False,False,,0.0,0.0,none,none,unclear,unclear,"No evidence found related to chemicals, waste, circular economy, or pollution policies in Lebanon for 2022-2026.",No explicit link to UNEP found in the provided document.,[]
Lebanon,2022-2026,https://www.unep.org/resources/report/circular-economy-indicators-and-data-policy-making,2022,2026,2024,Circular Economy: from indicators and data to policy-making,UNEP supported Lebanon circular economy policy developed policy law regulation strategy action plan circular economy chemicals waste pollution prevention control after:2022-01-01 before:2026-01-01,www_unep_org_Circular_Economy_from_indicators_and_data_to_polic.txt,False,False,False,,0.0,0.0,none,none,unclear,unclear,"No evidence found related to chemicals, waste, circular economy, or pollution policies in Lebanon for 2022-2026.",No UNEP attribution found.,[]
Lebanon,2022-2026,https://www.unepfi.org/category/themes/pollution-circular-economy/,2022,2026,2024,Pollution & Circular Economy,UNEP supported Lebanon circular economy policy developed policy law regulation strategy action plan circular economy chemicals waste pollution prevention control after:2022-01-01 before:2026-01-01,www_unepfi_org_Pollution_Circular_Economy.txt,False,False,False,,0.0,0.0,none,none,global,none,"The document does not contain explicit evidence related to circular approaches/circular economy, chemicals management, waste management, pollution prevention and control, or policies/laws/regulations in key sectors for Lebanon during 2022-2026.","There is no explicit link between UNEP and any policy, law, regulation, strategy, action plan, or official framework in Lebanon during 2022-2026.",[]
Lebanon,2022-2026,https://www.unepfi.org/wordpress/wp-content/uploads/2024/07/PRB_CE-Nexus_Guidance-Doc.pdf,2022,2026,2024,Circular Economy as an Enabler for Responsible Banking,UNEP supported Lebanon circular economy policy developed policy law regulation strategy action plan circular economy chemicals waste pollution prevention control after:2022-01-01 before:2026-01-01,www_unepfi_org_Circular_Economy_as_an_Enabler_for_Responsible_Ban.txt,False,False,False,,0.0,0.0,none,none,global,unclear,"The document does not contain explicit evidence related to circular approaches/circular economy, chemicals management, waste management, pollution prevention/control, or policies/laws/regulations in key sectors for Lebanon during 2022-2026.","There is no explicit link between UNEP and any policy, law, regulation, strategy, action plan, or official framework in Lebanon during 2022-2026.","[""The document does not provide any specific information about Lebanon or the time window 2022-2026.""]"
Lebanon,2022-2026,https://www.unescwa.org/sites/default/files/pubs/pdf/mainstreaming-circular-economy-arab-region-english.pdf,2022,2026,2024,Mainstreaming a circular economy in the Arab region,UNEP supported Lebanon circular economy policy developed policy law regulation strategy action plan circular economy chemicals waste pollution prevention control after:2022-01-01 before:2026-01-01,www_unescwa_org_Mainstreaming_a_circular_economy_in_the_Arab_regio.txt,False,False,False,,0.0,0.0,none,none,unclear,unclear,"No evidence found related to chemicals, waste, circular economy, or pollution policies in Lebanon for 2022-2026.",No explicit link to UNEP found in the provided document.,[]
Lebanon,2022-2026,https://www.unido.org/sites/default/files/unido-publications/2023-02/UNIDO_AR2021_EN.pdf,2022,2026,2024,UNIDO Annual Report 2021,UNEP capacity building Lebanon e-waste regulation promulgated policy law regulation strategy action plan circular economy chemicals waste pollution prevention control after:2022-01-01 before:2026-01-01,www_unido_org_UNIDO_Annual_Report_2021.txt,False,False,False,,0.0,0.0,none,none,unclear,unclear,"No evidence found related to chemicals, waste, circular economy, or pollution policies in Lebanon for 2022-2026.",No explicit link to UNEP found in relation to SP3.1 outcomes for Lebanon in 2022-2026.,[]
Lebanon,2022-2026,https://www.weforum.org/stories/2024/11/least-developed-countries-sustainable-ewaste-management/,2022,2026,2024,E-waste management key to sustainable digital ...,UNEP capacity building Lebanon e-waste regulation promulgated policy law regulation strategy action plan circular economy chemicals waste pollution prevention control after:2022-01-01 before:2026-01-01,www_weforum_org_E_waste_management_key_to_sustainable_digital_.txt,False,False,False,,0.0,0.0,none,none,unclear,unclear,"The document does not contain any information related to Lebanon or the time window 2022-2026, nor does it discuss circular economy, chemicals management, waste management, pollution prevention, or related policies.","There is no mention of UNEP or any connection to the policies, laws, or regulations in Lebanon during 2022-2026.",[]
Lebanon,2022-2026,https://www.wes-bca.eu/news/the-wes-bca-project-is-supporting-the-legal-framework-on-plastic-waste-management-in-lebanon-with-a-focus-on-establishing-an-extended-producer-responsibility-epr-scheme-for-single-use-packaging-plas/,2022,2026,2024,The WES-BCA project is supporting the Legal Framework ...,UNEP supported Lebanon circular economy policy developed policy law regulation strategy action plan circular economy chemicals waste pollution prevention control after:2022-01-01 before:2026-01-01,www_wes-bca_eu_The_WES_BCA_project_is_supporting_the_Legal_Framew.txt,False,False,False,,0.0,0.0,none,none,unclear,none,"No evidence found related to chemicals, waste, circular economy, or pollution policies in Lebanon for 2022-2026.",No explicit link to UNEP found in the provided text.,[]
Rwanda,2018-2022,https://academic.oup.com/ieam/article/20/1/9/7725080,2018,2022,2020,Solid waste management in the context of the waste hierarchy ...,UNEP facilitated Rwanda industrial pollution regulation developed policy law regulation strategy action plan circular economy chemicals waste pollution prevention control after:2018-01-01 before:2022-01-01,academic_oup_com_Solid_waste_management_in_the_context_of_the_waste.txt,False,False,False,,0.0,0.0,none,none,global,unclear,"The document does not contain explicit evidence related to circular approaches/circular economy, chemicals management, waste management, pollution prevention/control, or policies/laws/regulations in key sectors for Rwanda during 2018-2022.","There is no explicit link between UNEP and any policy, law, regulation, strategy, action plan, or official framework in Rwanda during 2018-2022.",[]
Rwanda,2018-2022,https://apps1.unep.org/resolutions/uploads/unep_aheg_2018_1_inf_4_unea2_edited.pdf,2018,2022,2020,United Nations Environment Assembly of the ...,UNEP assisted Rwanda waste management policy developing policy law regulation strategy action plan circular economy chemicals waste pollution prevention control after:2018-01-01 before:2022-01-01,apps1_unep_org_United_Nations_Environment_Assembly_of_the_.txt,False,False,False,,0.0,0.0,none,none,global,none,"The document does not contain explicit evidence related to circular approaches/circular economy, chemicals management, waste management, pollution prevention/control, or policies/laws/regulations in key sectors for Rwanda during 2018-2022.","The document does not explicitly link UNEP to any policy, law, regulation, strategy, action plan, or official framework in Rwanda during 2018-2022.","[""The document is about marine plastic debris and microplastics, not related to Rwanda or specific policies/laws/regulations.""]"
Rwanda,2018-2022,https://au.int/sites/default/files/documents/41658-doc-WWF_AUC_Africa_Regional_Plastic_Policy_Report.pdf,2018,2022,2020,A GLOBAL TREATY ON PLASTIC POLLUTION,UNEP assisted Rwanda waste management policy developing policy law regulation strategy action plan circular economy chemicals waste pollution prevention control after:2018-01-01 before:2022-01-01,au_int_A_GLOBAL_TREATY_ON_PLASTIC_POLLUTION.txt,False,False,False,,0.0,0.0,none,none,global,unclear,"The document does not contain explicit evidence related to circular approaches/circular economy, chemicals management, waste management, pollution prevention/control, or policies/laws/regulations in key sectors for Rwanda during 2018-2022.","There is no explicit link between UNEP and any policy, law, regulation, strategy, action plan, or official framework in Rwanda during 2018-2022.","[""The document primarily discusses plastic pollution, a global treaty on plastic pollution, and Africa's perspectives on addressing plastic pollution. It mentions Rwanda's commitment to supporting a global agreement to combat plastic pollution but does not provide specific details about Rwanda's policies, laws, or regulations during 2018-2022.""]"
Rwanda,2018-2022,https://circulareconomy.europa.eu/platform/sites/default/files/2023-08/FinCir.pdf,2018,2022,2020,Demystifying Finance for Circular Economies,UNEP facilitated Rwanda industrial pollution regulation developed policy law regulation strategy action plan circular economy chemicals waste pollution prevention control after:2018-01-01 before:2022-01-01,circulareconomy_europa_eu_Demystifying_Finance_for_Circular_Economies.txt,False,False,False,,0.0,0.0,none,none,unclear,unclear,"No evidence found related to chemicals, waste, circular economy, or pollution policies in Rwanda from 2018-2022.",No explicit link to UNEP found in relation to SP3.1 outcomes.,[]
Rwanda,2018-2022,https://digitallibrary.un.org/record/3993445/files/UNEP_EA.5_INF_7-EN.pdf,2018,2022,2020,Information on reports and updates by the Technology ...,UNEP facilitated Rwanda industrial pollution regulation developed policy law regulation strategy action plan circular economy chemicals waste pollution prevention control after:2018-01-01 before:2022-01-01,digitallibrary_un_org_Information_on_reports_and_updates_by_the_Technolo.txt,False,False,False,,0.0,0.0,none,none,unclear,unclear,"No evidence related to circular economy, chemicals management, waste management, pollution prevention/control, or policies/laws/regulations in key sectors for Rwanda in 2018-2022.",No explicit link between UNEP and any policy/law/regulation outcome for Rwanda in 2018-2022.,[]
Rwanda,2018-2022,https://eba.se/app/uploads/2021/05/WP_2021_05_Slunge-Andersson-Wikstr%C3%B6m-Sterner.pdf,2018,2022,2020,Circular Economy,UNEP assisted Rwanda waste management policy developing policy law regulation strategy action plan circular economy chemicals waste pollution prevention control after:2018-01-01 before:2022-01-01,eba_se_Circular_Economy.txt,False,False,False,,0.0,0.0,none,none,unclear,unclear,No relevant information found,No UNEP link found,[]
Rwanda,2018-2022,https://environment.prod.risa.rw/fileadmin/user_upload/Moe/Publications/Reports_and_Publications/MoE_Annual_Report_2021-2022.pdf,2018,2022,2020,MINISTRY OF ENVIRONMENT,UNEP facilitated Rwanda industrial pollution regulation developed policy law regulation strategy action plan circular economy chemicals waste pollution prevention control after:2018-01-01 before:2022-01-01,environment_prod_risa_rw_MINISTRY_OF_ENVIRONMENT.txt,False,False,False,,0.0,0.0,none,none,unclear,unclear,"The document does not contain explicit evidence related to circular approaches/circular economy, chemicals management, waste management, pollution prevention and control, or policies/laws/regulations in key sectors for Rwanda during 2018-2022.",There is no explicit link between UNEP and any policy/law/regulation outcome in Rwanda during 2018-2022.,[]
Rwanda,2018-2022,https://environmentalmigration.iom.int/sites/g/files/tmzbdl1411/files/documents/2023-11/environmental_rule_of_law.pdf,2018,2022,2020,First Global Report,UNEP facilitated Rwanda industrial pollution regulation developed policy law regulation strategy action plan circular economy chemicals waste pollution prevention control after:2018-01-01 before:2022-01-01,environmentalmigration_iom_int_First_Global_Report.txt,False,False,False,,0.0,0.0,none,none,global,unclear,"The document does not contain explicit evidence related to circular approaches/circular economy, chemicals management, waste management, pollution prevention/control, or policies/laws/regulations in key sectors for Rwanda during 2018–2022.","The document does not explicitly link UNEP to any policy, law, regulation, strategy, action plan, or official framework in Rwanda during 2018–2022.","[""The document does not contain any relevant phrases related to chemicals, waste, pollution, or Rwanda.""]"
Rwanda,2018-2022,https://eulacfoundation.org/en/system/files/case_studies_circular_economy_eu_lac.pdf,2018,2022,2020,Case studies on Circular Economy models and integration ...,UNEP facilitated Rwanda industrial pollution regulation developed policy law regulation strategy action plan circular economy chemicals waste pollution prevention control after:2018-01-01 before:2022-01-01,eulacfoundation_org_Case_studies_on_Circular_Economy_models_and_integr.txt,False,False,False,,0.0,0.0,none,none,unclear,unclear,"No evidence found related to chemicals, waste, circular economy or pollution policies in Rwanda for 2018-2022.",No explicit link to UNEP found in relation to SP3.1 outcomes for Rwanda in 2018-2022.,[]
Rwanda,2018-2022,https://ewastemonitor.info/wp-content/uploads/2020/11/GEM_2020_def_july1_low.pdf,2018,2022,2020,The Global E-waste Monitor 2020,UNEP assisted Rwanda waste management policy developing policy law regulation strategy action plan circular economy chemicals waste pollution prevention control after:2018-01-01 before:2022-01-01,ewastemonitor_info_The_Global_E_waste_Monitor_2020.txt,False,False,False,,0.0,0.0,none,none,unclear,unclear,"No evidence found related to chemicals, waste, circular economy, or pollution policies in Rwanda from 2018-2022.",No explicit link to UNEP found in relation to SP3.1 outcomes in Rwanda from 2018-2022.,[]
Rwanda,2018-2022,https://fount.aucegypt.edu/context/etds/article/1782/viewcontent/Thesis__20Sustainability_20of_20e_waste_20management__20Egypt_20Case_20study.pdf,2018,2022,2020,Sustainability of e-waste Management: Egypt case study,UNEP assisted Rwanda waste management policy developing policy law regulation strategy action plan circular economy chemicals waste pollution prevention control after:2018-01-01 before:2022-01-01,fount_aucegypt_edu_Sustainability_of_e_waste_Management_Egypt_case_st.txt,False,False,False,,0.0,0.0,none,none,unclear,none,No evidence found related to Rwanda or the specified time window.,No evidence found related to Rwanda or the specified time window.,[]
Rwanda,2018-2022,https://gggi.org/wp-content/uploads/2020/02/Com.2_curt_vs6b.pdf,2018,2022,2020,Report 2 Green City Framework and Guidelines,UNEP facilitated Rwanda industrial pollution regulation developed policy law regulation strategy action plan circular economy chemicals waste pollution prevention control after:2018-01-01 before:2022-01-01,gggi_org_Report_2_Green_City_Framework_and_Guidelines.txt,False,False,False,,0.0,0.0,none,none,unclear,unclear,No evidence found,No evidence found,[]
Rwanda,2018-2022,https://journals.uclpress.co.uk/ucloe/article/id/1349/,2018,2022,2020,Ticking time bomb: implications of the COVID-19 lockdown ...,UNEP assisted Rwanda waste management policy developing policy law regulation strategy action plan circular economy chemicals waste pollution prevention control after:2018-01-01 before:2022-01-01,journals_uclpress_co_uk_Ticking_time_bomb_implications_of_the_COVID_19_loc.txt,False,False,False,,0.0,0.0,none,none,unclear,unclear,No relevant information found,No relevant information found,[]
Rwanda,2018-2022,https://ke.chm-cbd.net/sites/ke/files/2023-09/SWM_Policy_2021_final_copy.pdf,2018,2022,2020,National Sustainable Waste Management Policy,UNEP facilitated Rwanda industrial pollution regulation developed policy law regulation strategy action plan circular economy chemicals waste pollution prevention control after:2018-01-01 before:2022-01-01,ke_chm-cbd_net_National_Sustainable_Waste_Management_Policy.txt,False,False,False,,0.0,0.0,none,none,national,none,"The document does not contain explicit evidence related to circular approaches/circular economy, chemicals management, waste management, pollution prevention/control, or policies/laws/regulations in key sectors for Rwanda during 2018-2022.","There is no explicit link between UNEP and any policy, law, regulation, strategy, action plan, or official framework in Rwanda during 2018-2022.","[""The document is about Kenya's National Sustainable Waste Management Policy, not Rwanda.""]"
Rwanda,2018-2022,https://lcdi-indonesia.id/wp-content/uploads/2021/02/Full-Report-The-Economic-Social-and-Environmental-Benefits-of-a-Circular-Economy-in-Indonesia.pdf,2018,2022,2020,"the economic, social, and environmental benefits of a",UNEP assisted Rwanda waste management policy developing policy law regulation strategy action plan circular economy chemicals waste pollution prevention control after:2018-01-01 before:2022-01-01,lcdi-indonesia_id_the_economic_social_and_environmental_benefits_of_.txt,False,False,False,,0.0,0.0,none,none,none,none,"The document does not contain explicit evidence related to Rwanda or the time window 2018-2022 about policies, laws, regulations, strategies, action plans, or official frameworks for circular economy, chemicals management, waste management, pollution prevention/control, or implementation/revision of such instruments in key sectors.","There is no explicit link between UNEP and any policy, law, regulation, strategy, action plan, or official framework in Rwanda during 2018-2022.","[""The document is about Indonesia, not Rwanda.""]"
Rwanda,2018-2022,https://medblueconomyplatform.org/wp-content/uploads/2021/10/2021_frompollutiontosolution.pdf,2018,2022,2020,FROM POLLUTION TO SOLUTION,UNEP facilitated Rwanda industrial pollution regulation developed policy law regulation strategy action plan circular economy chemicals waste pollution prevention control after:2018-01-01 before:2022-01-01,medblueconomyplatform_org_FROM_POLLUTION_TO_SOLUTION.txt,False,False,False,,0.0,0.0,none,none,global,unclear,"The document does not contain explicit evidence related to circular approaches/circular economy, chemicals management, waste management, pollution prevention/control, or policies/laws/regulations in key sectors for Rwanda during 2018-2022.","There is no explicit link between UNEP and any policy, law, regulation, strategy, action plan, or official framework in Rwanda during 2018-2022.",[]
Rwanda,2018-2022,https://nicholasinstitute.duke.edu/sites/default/files/publications/20-Years-of-Government-Responses-to-the-Global-Plastic-Pollution-Problem_final_reduced.pdf,2018,2022,2020,20 Years of Government Responses to the Global Plastic ...,UNEP facilitated Rwanda industrial pollution regulation developed policy law regulation strategy action plan circular economy chemicals waste pollution prevention control after:2018-01-01 before:2022-01-01,nicholasinstitute_duke_edu_20_Years_of_Government_Responses_to_the_Global_Pla.txt,False,False,False,,0.0,0.0,none,none,unclear,unclear,"No evidence found related to chemicals, waste, circular economy, or pollution policies in Rwanda from 2018-2022.",No explicit link to UNEP found in relation to SP3.1 outcomes.,[]
Rwanda,2018-2022,https://one.oecd.org/document/COM/TAD/ENV/JWPTE(2020)10/FINAL/en/pdf,2018,2022,2020,com/tad/env/jwpte(2020)10/final,UNEP facilitated Rwanda industrial pollution regulation developed policy law regulation strategy action plan circular economy chemicals waste pollution prevention control after:2018-01-01 before:2022-01-01,one_oecd_org_com_tad_env_jwpte_2020_10_final.txt,False,False,False,,0.0,0.0,none,none,unclear,unclear,"The document does not contain explicit evidence related to circular approaches/circular economy, chemicals management, waste management, pollution prevention and control, or policies/laws/regulations in key sectors for Rwanda during 2018-2022.",There is no explicit link between UNEP and any policy/law/regulation outcome in Rwanda during 2018-2022.,[]
Rwanda,2018-2022,https://openknowledge.worldbank.org/bitstreams/1269d406-9e96-559a-8e6a-2fecada5dd5c/download,2018,2022,2020,Plastic Waste Management in Rwanda: An Ex-post Policy ...,UNEP facilitated Rwanda industrial pollution regulation developed policy law regulation strategy action plan circular economy chemicals waste pollution prevention control after:2018-01-01 before:2022-01-01,openknowledge_worldbank_org_Plastic_Waste_Management_in_Rwanda_An_Ex_post_Poli.txt,False,False,False,,0.0,0.0,none,none,unclear,unclear,"No evidence found related to chemicals, waste, circular economy, or pollution policies in Rwanda from 2018-2022.",No explicit link to UNEP found in relation to SP3.1 outcomes for Rwanda from 2018-2022.,[]
Rwanda,2018-2022,https://ore.exeter.ac.uk/articles/journal_contribution/All_around_the_world_assessing_optimality_in_comparative_circular_economy_policy_packages/29775527/1/files/56807147.pdf,2018,2022,2020,assessing optimality in comparative circular economy ...,UNEP facilitated Rwanda industrial pollution regulation developed policy law regulation strategy action plan circular economy chemicals waste pollution prevention control after:2018-01-01 before:2022-01-01,ore_exeter_ac_uk_assessing_optimality_in_comparative_circular_econo.txt,False,False,False,,0.0,0.0,none,none,unclear,unclear,"No evidence related to circular economy, chemicals management, waste management, pollution prevention/control or policies/laws/regulations in key sectors for Rwanda in 2018-2022.",No explicit link between UNEP and any policy/law/regulation outcome for Rwanda in 2018-2022.,[]
Rwanda,2018-2022,https://plasticsdb.surrey.ac.uk/documents/kenya/Kenya%20National%20Sustainable%20Waste%20Management%20Policy%202021.pdf,2018,2022,2020,Kenya National Sustainable Waste Management Policy 2021,UNEP facilitated Rwanda industrial pollution regulation developed policy law regulation strategy action plan circular economy chemicals waste pollution prevention control after:2018-01-01 before:2022-01-01,plasticsdb_surrey_ac_uk_Kenya_National_Sustainable_Waste_Management_Policy.txt,False,False,False,,0.0,0.0,none,none,none,none,"The document is about Kenya's National Sustainable Waste Management Policy, not Rwanda. Therefore, it does not contain explicit evidence related to Rwanda during 2018–2022 about policies/laws/regulations/strategies/action plans for circular economy, chemicals management, waste management, pollution prevention/control, or implementation/revision of such instruments.","There is no mention of UNEP in relation to Rwanda's policy, law, regulation, strategy, or framework development, adoption, revision, or implementation during 2018–2022.","[""Not applicable""]"
Rwanda,2018-2022,https://pubs.acs.org/doi/10.1021/acsenvironau.1c00005,2018,2022,2020,Impacts of COVID-19 Outbreak on the Municipal Solid Waste ...,UNEP assisted Rwanda waste management policy developing policy law regulation strategy action plan circular economy chemicals waste pollution prevention control after:2018-01-01 before:2022-01-01,pubs_acs_org_Impacts_of_COVID_19_Outbreak_on_the_Municipal_Soli.txt,False,False,False,,0.0,0.0,none,none,unclear,unclear,"The document does not contain explicit evidence related to circular approaches/circular economy, chemicals management, waste management, pollution prevention and control, or policies/laws/regulations in key sectors for Rwanda during 2018-2022.",There is no explicit link between UNEP and any policy/law/regulation outcome in Rwanda during 2018-2022.,[]
Rwanda,2018-2022,https://saiia.org.za/wp-content/uploads/2018/06/Policy-Insights-59.pdf,2018,2022,2020,DEVELOPING EFFECTIVE AFRICAN POLICY RESPONSES,UNEP facilitated Rwanda industrial pollution regulation developed policy law regulation strategy action plan circular economy chemicals waste pollution prevention control after:2018-01-01 before:2022-01-01,saiia_org_za_DEVELOPING_EFFECTIVE_AFRICAN_POLICY_RESPONSES.txt,False,False,False,,0.0,0.0,none,none,unclear,unclear,No evidence found,No evidence found,[]
Rwanda,2018-2022,https://stakeholderforum.org/wp-content/uploads/2021/12/UNEP-Asia-Pacific-Region-CB-Webninar-Presentation-2-Dec-2021-Website.pdf,2018,2022,2020,Module 1: A recap - The structure of UNEP and UNEA,UNEP assisted Rwanda waste management policy developing policy law regulation strategy action plan circular economy chemicals waste pollution prevention control after:2018-01-01 before:2022-01-01,stakeholderforum_org_Module_1_A_recap_The_structure_of_UNEP_and_UNEA.txt,False,False,False,,0.0,0.0,none,none,unclear,unclear,No evidence found,No evidence found,[]
Rwanda,2018-2022,https://trinomics.eu/wp-content/uploads/2020/12/Country-Report-Rwanda_Final_20122020.pdf,2018,2022,2020,Circular Economy in Africa-EU Cooperation,UNEP facilitated Rwanda industrial pollution regulation developed policy law regulation strategy action plan circular economy chemicals waste pollution prevention control after:2018-01-01 before:2022-01-01,trinomics_eu_Circular_Economy_in_Africa_EU_Cooperation.txt,False,False,False,,0.0,0.0,none,none,unclear,unclear,No evidence found due to document fetch error.,No evidence found due to document fetch error.,[]
Rwanda,2018-2022,https://unepgrid.ch/storage/app/media/documents/Sand_and_sustainability_UNEP_2019.pdf,2018,2022,2020,Sand and Sustainability: Finding new solutions for ...,UNEP facilitated Rwanda industrial pollution regulation developed policy law regulation strategy action plan circular economy chemicals waste pollution prevention control after:2018-01-01 before:2022-01-01,unepgrid_ch_Sand_and_Sustainability_Finding_new_solutions_for_.txt,False,False,False,,0.0,0.0,none,none,unclear,unclear,No evidence found,No evidence found,[]
Rwanda,2018-2022,https://unesdoc.unesco.org/ark:/48223/pf0000247153,2018,2022,2020,"The United Nations world water development report, 2017",UNEP assisted Rwanda waste management policy developing policy law regulation strategy action plan circular economy chemicals waste pollution prevention control after:2018-01-01 before:2022-01-01,unesdoc_unesco_org_The_United_Nations_world_water_development_report_.txt,False,False,False,,0.0,0.0,none,none,unclear,unclear,"The document is not about Rwanda, and it is not about the time window 2018-2022. The document is a 2017 report on wastewater and does not contain any relevant information about policies, laws, or regulations related to circular economy, chemicals management, waste management, or pollution prevention and control in Rwanda.","There is no explicit link between UNEP and any policy, law, regulation, strategy, action plan, or official framework in Rwanda during 2018-2022.",[]
Rwanda,2018-2022,https://unhabitat.org/sites/default/files/2021/11/geocities_updated.pdf,2018,2022,2020,Towards Green And Just Cities,UNEP assisted Rwanda waste management policy developing policy law regulation strategy action plan circular economy chemicals waste pollution prevention control after:2018-01-01 before:2022-01-01,unhabitat_org_Towards_Green_And_Just_Cities.txt,False,False,False,,0.0,0.0,none,none,global,none,"The document does not contain explicit evidence related to circular approaches/circular economy, chemicals management, waste management, pollution prevention/control, or policies/laws/regulations in key sectors for Rwanda during 2018-2022.","There is no explicit link between UNEP and any policy, law, regulation, strategy, action plan, or official framework in Rwanda during 2018-2022.","[""The document is a general report on GEO for Cities and does not provide specific information on Rwanda's policies or laws related to chemicals, waste, or pollution.""]"
Rwanda,2018-2022,https://www.chathamhouse.org/sites/default/files/publications/research/2019-05-22-Circular%20Economy.pdf,2018,2022,2020,An Inclusive Circular Economy,UNEP facilitated Rwanda industrial pollution regulation developed policy law regulation strategy action plan circular economy chemicals waste pollution prevention control after:2018-01-01 before:2022-01-01,www_chathamhouse_org_An_Inclusive_Circular_Economy.txt,False,False,False,,0.0,0.0,none,none,unclear,unclear,"The document could not be retrieved, therefore no evidence related to chemicals management, circular economy, waste management or pollution prevention could be assessed.","The document could not be retrieved, therefore no evidence of UNEP attribution could be assessed.",[]
Rwanda,2018-2022,https://www.eaco.int/admin/docs/reports/RW-08_Rwanda_E-Waste_Management_strategy_2015.pdf,2018,2022,2020,five year national e-waste strategy,UNEP assisted Rwanda waste management policy developing policy law regulation strategy action plan circular economy chemicals waste pollution prevention control after:2018-01-01 before:2022-01-01,www_eaco_int_five_year_national_e_waste_strategy.txt,False,False,False,,0.0,0.0,none,none,unclear,unclear,"The document is not about Rwanda or the time window 2018-2022, and does not contain any relevant information about chemicals, waste, or pollution policies.",There is no explicit link to UNEP or any relevant policy/law/regulation outcome.,[]
Rwanda,2018-2022,https://www.facebook.com/100068468658617/posts/policies-from-sri-lanka-receive-future-policy-award-2021-on-protection-from-haza/920113628539256/,2018,2022,2020,Policies from Sri Lanka receive Future Policy Award 2021 ...,UNEP facilitated Rwanda industrial pollution regulation developed policy law regulation strategy action plan circular economy chemicals waste pollution prevention control after:2018-01-01 before:2022-01-01,www_facebook_com_Policies_from_Sri_Lanka_receive_Future_Policy_Awar.txt,False,False,False,,0.0,0.0,none,none,none,none,"The document does not contain information about Rwanda or policies related to circular economy, chemicals management, waste management, or pollution prevention and control in Rwanda during 2018-2022.","The document does not mention UNEP in the context of Rwanda or policies related to circular economy, chemicals management, waste management, or pollution prevention and control in Rwanda during 2018-2022.",[]
Rwanda,2018-2022,https://www.frontiersin.org/journals/environmental-science/articles/10.3389/fenvs.2020.00104/full,2018,2022,2020,"The Role of Legislation, Regulatory Initiatives and ...",UNEP facilitated Rwanda industrial pollution regulation developed policy law regulation strategy action plan circular economy chemicals waste pollution prevention control after:2018-01-01 before:2022-01-01,www_frontiersin_org_The_Role_of_Legislation_Regulatory_Initiatives_and.txt,False,False,False,,0.0,0.0,none,none,none,none,"The document does not contain explicit evidence related to circular approaches/circular economy, chemicals management, waste management, pollution prevention/control, or policies/laws/regulations in key sectors for Rwanda during 2018-2022.","There is no explicit link between UNEP and any policy, law, regulation, strategy, or framework in Rwanda during 2018-2022.",[]
Rwanda,2018-2022,https://www.gdr-po.cnrs.fr/docs/UNEP_2021.pdf,2018,2022,2020,FROM POLLUTION TO SOLUTION,UNEP assisted Rwanda waste management policy developing policy law regulation strategy action plan circular economy chemicals waste pollution prevention control after:2018-01-01 before:2022-01-01,www_gdr-po_cnrs_fr_FROM_POLLUTION_TO_SOLUTION.txt,False,False,False,,0.0,0.0,none,none,unclear,unclear,"No evidence found related to chemicals, waste, circular economy or pollution policies in Rwanda for 2018-2022.",No explicit link to UNEP found in relation to SP3.1 outcomes for Rwanda in 2018-2022.,[]
Rwanda,2018-2022,https://www.geg.ox.ac.uk/sites/default/files/2020-07/GEG%20WP%20142%20Transforming%20the%20Global%20Plastics%20Economy.pdf,2018,2022,2020,Transforming the Global Plastics Economy The Political ...,UNEP assisted Rwanda waste management policy developing policy law regulation strategy action plan circular economy chemicals waste pollution prevention control after:2018-01-01 before:2022-01-01,www_geg_ox_ac_uk_Transforming_the_Global_Plastics_Economy_The_Polit.txt,False,False,False,,0.0,0.0,none,none,unclear,unclear,"No evidence found related to chemicals, waste, circular economy, or pollution policies in Rwanda from 2018-2022.",No explicit link to UNEP found in relation to SP3.1 outcomes.,[]
Rwanda,2018-2022,https://www.genevaenvironmentnetwork.org/events/plastic-waste-in-mountains-geneva-beat-plastic-pollution-dialogues-international-mountain-day-2021/,2018,2022,2020,Plastic Waste in Mountains | Geneva Beat Plastic Pollution ...,UNEP assisted Rwanda waste management policy developing policy law regulation strategy action plan circular economy chemicals waste pollution prevention control after:2018-01-01 before:2022-01-01,www_genevaenvironmentnetwork_org_Plastic_Waste_in_Mountains_Geneva_Beat_Plastic_Pol.txt,True,False,False,,81.0,0.0,law / regulation,adopted / implemented,national,cross-sectoral,"Rwanda adopted a law in 2008 prohibiting the manufacturing, importation, exportation, and use of plastic carry bags. In 2019, Rwanda amended the law to include single-use plastics.",No explicit UNEP attribution found in the document.,"[""In 2008, Rwanda adopted the law prohibiting manufacturing, importation, exportation and use of plastic carry bags."", ""In 2019, Rwanda amended the law and included the single use plastics."", ""Today no one is allowed to import, export, manufacture and use plastic bags and single-use plastics in Rwanda.""]"
Rwanda,2018-2022,https://www.greenpolicyplatform.org/sites/default/files/downloads/resource/Africa_highlights_final_211102-COMPRESSED-1.pdf,2018,2022,2020,Circular Built Environment,UNEP facilitated Rwanda industrial pollution regulation developed policy law regulation strategy action plan circular economy chemicals waste pollution prevention control after:2018-01-01 before:2022-01-01,www_greenpolicyplatform_org_Circular_Built_Environment.txt,False,False,False,,0.0,0.0,none,none,unclear,unclear,No evidence found,No evidence found,[]
Rwanda,2018-2022,https://www.greenpolicyplatform.org/sites/default/files/downloads/resource/irp-mineral_resource_governance-full_report-feb2020_compressed_compressed%20(1).pdf,2018,2022,2020,Mineral Resource Governance in the 21st Century,UNEP assisted Rwanda waste management policy developing policy law regulation strategy action plan circular economy chemicals waste pollution prevention control after:2018-01-01 before:2022-01-01,www_greenpolicyplatform_org_Mineral_Resource_Governance_in_the_21st_Century.txt,False,False,False,,0.0,0.0,none,none,unclear,unclear,No relevant information found,No UNEP attribution found,[]
Rwanda,2018-2022,https://www.itu.int/en/ITU-D/Environment/Documents/Publications/2021/Toolkit_Africa_final.pdf?csf=1&e=ivTocK,2018,2022,2020,Policy practices for e-waste management,UNEP facilitated Rwanda industrial pollution regulation developed policy law regulation strategy action plan circular economy chemicals waste pollution prevention control after:2018-01-01 before:2022-01-01,www_itu_int_Policy_practices_for_e_waste_management.txt,False,False,False,,0.0,0.0,none,none,unclear,unclear,No relevant information found,No UNEP attribution found,[]
Rwanda,2018-2022,https://www.itu.int/en/itu-d/environment/documents/toolbox/gem_2020_def.pdf,2018,2022,2020,The Global E-waste Monitor 2020,UNEP assisted Rwanda waste management policy developing policy law regulation strategy action plan circular economy chemicals waste pollution prevention control after:2018-01-01 before:2022-01-01,www_itu_int_The_Global_E_waste_Monitor_2020.txt,False,False,False,,0.0,0.0,none,none,unclear,unclear,No relevant information found,No relevant information found,[]
Rwanda,2018-2022,https://www.lifecycleinitiative.org/wp-content/uploads/2021/02/Addressing-SUP-Products-using-LCA_UNEP-2021_FINAL-Report-sml.pdf,2018,2022,2020,Addressing single-use plastic products pollution,UNEP facilitated Rwanda industrial pollution regulation developed policy law regulation strategy action plan circular economy chemicals waste pollution prevention control after:2018-01-01 before:2022-01-01,www_lifecycleinitiative_org_Addressing_single_use_plastic_products_pollution.txt,False,False,False,,0.0,0.0,none,none,unclear,none,"The document does not contain explicit evidence related to circular approaches/circular economy, chemicals management, waste management, pollution prevention and control, or policies/laws/regulations in key sectors for Rwanda during 2018-2022.",There is no explicit link between UNEP and any policy/law/regulation outcome for Rwanda during 2018-2022.,[]
Rwanda,2018-2022,https://www.longdom.org/open-access/break-free-from-plastics-environmental-perspectives-and-lessons-from-rwanda-68106.html,2018,2022,2020,Break Free From Plastics: Environmental Perspectives and ...,UNEP facilitated Rwanda industrial pollution regulation developed policy law regulation strategy action plan circular economy chemicals waste pollution prevention control after:2018-01-01 before:2022-01-01,www_longdom_org_Break_Free_From_Plastics_Environmental_Perspective.txt,False,False,False,,0.0,0.0,none,none,unclear,unclear,"No evidence found related to chemicals, waste, circularity, or pollution policies in Rwanda from 2018-2022.",No explicit link to UNEP found in relation to SP3.1 outcomes.,[]
Rwanda,2018-2022,https://www.mdpi.com/1660-4601/19/11/6773,2018,2022,2020,The Burden of Microplastics Pollution and Contending ...,UNEP facilitated Rwanda industrial pollution regulation developed policy law regulation strategy action plan circular economy chemicals waste pollution prevention control after:2018-01-01 before:2022-01-01,www_mdpi_com_The_Burden_of_Microplastics_Pollution_and_Contendi.txt,False,False,False,,0.0,0.0,none,none,unclear,unclear,"The document does not contain explicit evidence related to circular approaches/circular economy, chemicals management, waste management, pollution prevention and control, or policies/laws/regulations in key sectors for Rwanda during 2018-2022.",There is no explicit link between UNEP and any policy/law/regulation outcome in Rwanda during 2018-2022.,[]
Rwanda,2018-2022,https://www.mdpi.com/2673-8929/1/1/3,2018,2022,2020,Governance Strategies for Mitigating Microplastic Pollution ...,UNEP assisted Rwanda waste management policy developing policy law regulation strategy action plan circular economy chemicals waste pollution prevention control after:2018-01-01 before:2022-01-01,www_mdpi_com_Governance_Strategies_for_Mitigating_Microplastic_.txt,False,False,False,,0.0,0.0,none,none,unclear,unclear,"The document does not contain explicit evidence related to circular approaches/circular economy, chemicals management, waste management, pollution prevention and control, or policies/laws/regulations in key sectors for Rwanda during 2018-2022.",There is no explicit link between UNEP and any policy/law/regulation outcome in Rwanda during 2018-2022.,[]
Rwanda,2018-2022,https://www.oneplanetnetwork.org/sites/default/files/from-crm/Africa_highlights_final_211102.pdf,2018,2022,2020,Circular Built Environment,UNEP assisted Rwanda waste management policy developing policy law regulation strategy action plan circular economy chemicals waste pollution prevention control after:2018-01-01 before:2022-01-01,www_oneplanetnetwork_org_Circular_Built_Environment.txt,False,False,False,,0.0,0.0,none,none,unclear,unclear,"No evidence found related to chemicals, waste, circular economy, or pollution policies in Rwanda from 2018-2022.",No explicit link to UNEP found in relation to SP3.1 outcomes in Rwanda from 2018-2022.,[]
Rwanda,2018-2022,https://www.oneplanetnetwork.org/sites/default/files/mainstreaming_scp_and_ce_models_minutes_africa_22-09-2020.pdf,2018,2022,2020,1 Mainstreaming sustainable consumption and production ...,UNEP facilitated Rwanda industrial pollution regulation developed policy law regulation strategy action plan circular economy chemicals waste pollution prevention control after:2018-01-01 before:2022-01-01,www_oneplanetnetwork_org_1_Mainstreaming_sustainable_consumption_and_produc.txt,False,False,False,,0.0,0.0,none,none,unclear,unclear,No evidence found,No evidence found,[]
Rwanda,2018-2022,https://www.reloopplatform.org/wp-content/uploads/2018/06/UNEP-report-on-single-use-plastic.pdf,2018,2022,2020,SINGLE-USE PLASTICS,UNEP facilitated Rwanda industrial pollution regulation developed policy law regulation strategy action plan circular economy chemicals waste pollution prevention control after:2018-01-01 before:2022-01-01,www_reloopplatform_org_SINGLE_USE_PLASTICS.txt,False,False,False,,0.0,0.0,none,none,none,none,"The document does not contain explicit evidence related to circular approaches/circular economy, chemicals management, waste management, pollution prevention/control, or policies/laws/regulations in key sectors for Rwanda during 2018-2022.","There is no explicit link between UNEP and any policy, law, regulation, strategy, action plan, or official framework in Rwanda during 2018-2022.","[""No relevant evidence found.""]"
Rwanda,2018-2022,https://www.rema.gov.rw/index.php?eID=dumpFile&t=f&f=138020&token=394bd5b4864a90178b9b135aca226149e172e917,2018,2022,2020,Water Quality Management Plan for Rwanda,UNEP facilitated Rwanda industrial pollution regulation developed policy law regulation strategy action plan circular economy chemicals waste pollution prevention control after:2018-01-01 before:2022-01-01,www_rema_gov_rw_Water_Quality_Management_Plan_for_Rwanda.txt,False,False,False,,0.0,0.0,none,none,unclear,unclear,No evidence found,No evidence found,[]
Rwanda,2018-2022,https://www.researchgate.net/publication/354380794_Impacts_of_Plastic_Pollution_on_Ecosystem_Services_Sustainable_Development_Goals_and_Need_to_Focus_on_Circular_Economy_and_Policy_Interventions,2018,2022,2020,"(PDF) Impacts of Plastic Pollution on Ecosystem Services, ...",UNEP facilitated Rwanda industrial pollution regulation developed policy law regulation strategy action plan circular economy chemicals waste pollution prevention control after:2018-01-01 before:2022-01-01,www_researchgate_net__PDF_Impacts_of_Plastic_Pollution_on_Ecosystem_Ser.txt,False,False,False,,0.0,0.0,none,none,unclear,none,"The document does not contain explicit evidence related to circular approaches/circular economy, chemicals management, waste management, pollution prevention and control, or policies/laws/regulations in key sectors for Rwanda during 2018-2022.",There is no explicit link between UNEP and any policy/law/regulation outcome in Rwanda during 2018-2022.,[]
Rwanda,2018-2022,https://www.sciencedirect.com/science/article/pii/S1462901120301489,2018,2022,2020,A framework for selecting and designing policies to reduce ...,UNEP facilitated Rwanda industrial pollution regulation developed policy law regulation strategy action plan circular economy chemicals waste pollution prevention control after:2018-01-01 before:2022-01-01,www_sciencedirect_com_A_framework_for_selecting_and_designing_policies_t.txt,False,False,False,,0.0,0.0,none,none,unclear,unclear,"The document does not contain any information related to Rwanda or the time window 2018-2022, nor does it discuss circular approaches, chemicals management, waste management, pollution prevention, or related policies/laws/regulations.","There is no mention of UNEP or any connection to the policies, laws, regulations, or outcomes required by SP3.1.",[]
Rwanda,2018-2022,https://www.sparkblue.org/system/files/2020-11/Lets%20Talk%20Plastics%20session%205%20Public%20Policies.pdf,2018,2022,2020,Let's Talk Plastics session 5 Public Policies,UNEP facilitated Rwanda industrial pollution regulation developed policy law regulation strategy action plan circular economy chemicals waste pollution prevention control after:2018-01-01 before:2022-01-01,www_sparkblue_org_Let_s_Talk_Plastics_session_5_Public_Policies.txt,False,False,False,,0.0,0.0,none,none,unclear,unclear,"No evidence found related to chemicals, waste, circular economy, or pollution policies in Rwanda from 2018-2022.",No explicit link to UNEP found in the provided text.,[]
Rwanda,2018-2022,https://www.switchtogreen.eu/wp-content/uploads/2021/02/Integrated-Waste-Management-in-Africa-Focus-on-Circularity-.pdf,2018,2022,2020,Integrated Waste Management in Africa,UNEP facilitated Rwanda industrial pollution regulation developed policy law regulation strategy action plan circular economy chemicals waste pollution prevention control after:2018-01-01 before:2022-01-01,www_switchtogreen_eu_Integrated_Waste_Management_in_Africa.txt,False,False,False,,0.0,0.0,none,none,none,none,"The document does not contain explicit evidence related to circular approaches/circular economy, chemicals management, waste management, pollution prevention/control, or policies/laws/regulations in key sectors for Rwanda during 2018-2022.","The document does not explicitly link UNEP to development/adoption/revision/implementation/strengthening of any policy, law, regulation, strategy, action plan, or official framework in Rwanda during 2018-2022.","[""No relevant evidence found.""]"
Rwanda,2018-2022,https://www.thegef.org/sites/default/files/publications/PLASTICS%20for%20posting.pdf,2018,2022,2020,Plastics and the circular economy,UNEP facilitated Rwanda industrial pollution regulation developed policy law regulation strategy action plan circular economy chemicals waste pollution prevention control after:2018-01-01 before:2022-01-01,www_thegef_org_Plastics_and_the_circular_economy.txt,False,False,False,,0.0,0.0,none,none,global,none,"The document does not contain explicit evidence related to circular approaches/circular economy, chemicals management, waste management, pollution prevention/control, or policies/laws/regulations in key sectors for Rwanda during 2018-2022.","There is no explicit link between UNEP and any policy, law, regulation, strategy, action plan, or official framework in Rwanda during 2018-2022.",[]
Rwanda,2018-2022,https://www.theigc.org/sites/default/files/2019/11/Rajashekar-et-al-2019-paper.pdf,2018,2022,2020,Assessing waste management services in Kigali,UNEP facilitated Rwanda industrial pollution regulation developed policy law regulation strategy action plan circular economy chemicals waste pollution prevention control after:2018-01-01 before:2022-01-01,www_theigc_org_Assessing_waste_management_services_in_Kigali.txt,False,False,False,,0.0,0.0,none,none,unclear,unclear,"No evidence found related to chemicals management, waste management, pollution prevention/control, or circular economy in Rwanda during 2018-2022.",No explicit link to UNEP found in relation to SP3.1 outcomes in Rwanda during 2018-2022.,[]
Rwanda,2018-2022,https://www.unep.org/beatpollution/governments,2018,2022,2020,Governments,UNEP facilitated Rwanda industrial pollution regulation developed policy law regulation strategy action plan circular economy chemicals waste pollution prevention control after:2018-01-01 before:2022-01-01,www_unep_org_Governments.txt,False,False,False,,0.0,0.0,none,none,unclear,unclear,No evidence found,No evidence found,[]
Rwanda,2018-2022,https://www.unep.org/ozonaction/who-we-are/about-montreal-protocol,2018,2022,2020,About Montreal Protocol,UNEP facilitated Rwanda industrial pollution regulation developed policy law regulation strategy action plan circular economy chemicals waste pollution prevention control after:2018-01-01 before:2022-01-01,www_unep_org_About_Montreal_Protocol.txt,False,False,False,,0.0,0.0,none,none,unclear,unclear,"No evidence found related to chemicals, waste, circular economy, or pollution policies in Rwanda from 2018-2022.",No explicit link to UNEP found in relation to policy/law/regulation outcomes.,[]
Rwanda,2018-2022,https://www.unep.org/resources/report/waste-management-during-covid-19-pandemic-response-recovery,2018,2022,2020,Waste Management during the COVID-19 Pandemic,UNEP assisted Rwanda waste management policy developing policy law regulation strategy action plan circular economy chemicals waste pollution prevention control after:2018-01-01 before:2022-01-01,www_unep_org_Waste_Management_during_the_COVID_19_Pandemic.txt,False,False,False,,0.0,0.0,none,none,unclear,unclear,"No evidence found related to chemicals, waste, circular economy, or pollution policies in Rwanda from 2018-2022.",No explicit link to UNEP found in relation to SP3.1 policy/law/regulation outcomes in Rwanda from 2018-2022.,[]
Rwanda,2018-2022,https://www.unepfi.org/wordpress/wp-content/uploads/2021/03/UNEPFI_DemystfyingFinanceCircularity-2020-2.pdf,2018,2022,2020,Demystifying Finance for Circular Economies,UNEP facilitated Rwanda industrial pollution regulation developed policy law regulation strategy action plan circular economy chemicals waste pollution prevention control after:2018-01-01 before:2022-01-01,www_unepfi_org_Demystifying_Finance_for_Circular_Economies.txt,False,False,False,,0.0,0.0,none,none,global,unclear,"The document does not contain explicit evidence related to circular approaches/circular economy, chemicals management, waste management, pollution prevention/control, or policies/laws/regulations in key sectors for Rwanda during 2018-2022.","There is no explicit link between UNEP and any policy, law, regulation, strategy, action plan, or official framework in Rwanda during 2018-2022.",[]
Rwanda,2018-2022,https://www.unwater.org/sites/default/files/app/uploads/2018/12/SDG6_SynthesisReport2018_WaterandSanitation_04122018.pdf,2018,2022,2020,Sustainable Development Goal 6 Synthesis Report on ...,UNEP assisted Rwanda waste management policy developing policy law regulation strategy action plan circular economy chemicals waste pollution prevention control after:2018-01-01 before:2022-01-01,www_unwater_org_Sustainable_Development_Goal_6_Synthesis_Report_on.txt,False,False,False,,0.0,0.0,none,none,unclear,unclear,"The document is not available due to a fetch error, and therefore no evidence related to chemicals management, circular economy, waste management, or pollution prevention and control in Rwanda from 2018-2022 could be assessed.","The document could not be retrieved, so no assessment of UNEP's involvement in policy, law, or regulation development related to SP3.1 indicators in Rwanda from 2018-2022 could be made.",[]
Rwanda,2018-2022,https://www.wto.org/english/res_e/publications_e/unereport2018_e.pdf,2018,2022,2020,"Making trade work for the environment, prosperity and ...",UNEP facilitated Rwanda industrial pollution regulation developed policy law regulation strategy action plan circular economy chemicals waste pollution prevention control after:2018-01-01 before:2022-01-01,www_wto_org_Making_trade_work_for_the_environment_prosperity_a.txt,False,False,False,,0.0,0.0,none,none,global,none,"The document does not contain explicit evidence related to circular approaches/circular economy, chemicals management, waste management, pollution prevention/control, or policies/laws/regulations in key sectors for Rwanda during 2018-2022.","There is no explicit link between UNEP and any policy, law, regulation, strategy, action plan, or official framework in Rwanda during 2018-2022.","[""The document does not mention Rwanda or provide specific information about Rwanda's policies, laws, regulations, or initiatives related to chemicals, waste, or pollution during 2018-2022.""]"
Rwanda,2022-2026,https://academic.oup.com/ieam/advance-article/doi/10.1093/inteam/vjaf090/8203387,2022,2026,2024,a case study of South Africa's plastic pollution management ...,in partnership with UNEP Rwanda national chemicals profile implementing policy law regulation strategy action plan circular economy chemicals waste pollution prevention control after:2022-01-01 before:2026-01-01,academic_oup_com_a_case_study_of_South_Africa_s_plastic_pollution_m.txt,False,False,False,,0.0,0.0,none,none,none,none,"The document does not contain explicit evidence related to circular approaches/circular economy, chemicals management, waste management, pollution prevention and control, or policies/laws/regulations in key sectors for Rwanda in 2022-2026.",There is no explicit link between UNEP and any policy/law/regulation outcome in Rwanda during 2022-2026.,[]
Rwanda,2022-2026,https://afripac.grida.no/wp-content/uploads/2025/11/AFRIPAC_2pagers-Senegal.pdf,2022,2026,2024,Country Factsheet: Senegal,in partnership with UNEP Rwanda national chemicals profile implementing policy law regulation strategy action plan circular economy chemicals waste pollution prevention control after:2022-01-01 before:2026-01-01,afripac_grida_no_Country_Factsheet_Senegal.txt,False,False,False,,0.0,0.0,none,none,unclear,unclear,"No evidence found related to chemicals, waste, circular economy or pollution policies in Rwanda for 2022-2026.",No explicit link to UNEP found in relation to SP3.1 outcomes for Rwanda in 2022-2026.,[]
Rwanda,2022-2026,https://brill.com/view/journals/estu/37/4/article-p727_5.pdf?srsltid=AfmBOoqtTaVoFXiXgBehXwkVR7qCcinIvWFhrAPrV5JzCxD06nRJr92E,2022,2026,2024,Current Legal Developments United Nations Environment ...,with UNEP support Rwanda pollution prevention and control policy adopted policy law regulation strategy action plan circular economy chemicals waste pollution prevention control after:2022-01-01 before:2026-01-01,brill_com_Current_Legal_Developments_United_Nations_Environm.txt,False,False,False,,0.0,0.0,none,none,unclear,unclear,The document does not contain any information about Rwanda or the time window 2022-2026.,The document does not contain any information about Rwanda or the time window 2022-2026.,[]
Rwanda,2022-2026,https://brill.com/view/journals/estu/37/4/article-p727_5.xml?srsltid=AfmBOooeM3rTCPHylEuEM4SnQq4Xv7R0ItO7If_GzCWY-QiYBvwiwonr,2022,2026,2024,The Prospects of an International Treaty on Plastic ...,in partnership with UNEP Rwanda national chemicals profile implementing policy law regulation strategy action plan circular economy chemicals waste pollution prevention control after:2022-01-01 before:2026-01-01,brill_com_The_Prospects_of_an_International_Treaty_on_Plasti.txt,False,False,False,,0.0,0.0,none,none,global,none,"The document does not contain explicit evidence related to circular approaches/circular economy, chemicals management, waste management, pollution prevention/control, or policies/laws/regulations in key sectors for Rwanda during 2022-2026.","The document does not explicitly link UNEP to development/adoption/revision/implementation/strengthening of any policy, law, regulation, strategy, action plan, or official framework in Rwanda during 2022-2026.",[]
Rwanda,2022-2026,https://chm.pops.int/Portals/0/download.aspx?d=UNEP-POPS-COP.12-32.English.docx,2022,2026,2024,https://chm.pops.int/Portals/0/download.aspx?d=UNE...,in partnership with UNEP Rwanda national chemicals profile implementing policy law regulation strategy action plan circular economy chemicals waste pollution prevention control after:2022-01-01 before:2026-01-01,chm_pops_int_https_chm_pops_int_Portals_0_download_aspx_d_UNE_.txt,False,False,False,,0.0,0.0,none,none,unclear,unclear,"No evidence found related to chemicals, waste, circular economy, or pollution policies in Rwanda for 2022-2026.",No UNEP attribution found.,[]
Rwanda,2022-2026,https://circulareconomy.earth/publications/why-lifecycle-solutions-are-needed-to-tackle-marine-plastic-pollution,2022,2026,2024,Why lifecycle solutions are needed to tackle marine plastic ...,with UNEP support Rwanda pollution prevention and control policy adopted policy law regulation strategy action plan circular economy chemicals waste pollution prevention control after:2022-01-01 before:2026-01-01,circulareconomy_earth_Why_lifecycle_solutions_are_needed_to_tackle_marin.txt,False,False,False,,0.0,0.0,none,none,unclear,unclear,"No relevant information found about Rwanda's policies, laws, or regulations related to circular economy, chemicals management, waste management, or pollution prevention and control for the period 2022-2026.","No explicit link to UNEP found in relation to Rwanda's policies, laws, or regulations on circular economy, chemicals management, waste management, or pollution prevention and control for the period 2022-2026.",[]
Rwanda,2022-2026,https://cps.iau.org/documents/233/IAU_CPS._National_Analysis_Report.pdf,2022,2026,2024,National approaches to the protection of dark and quiet skies,in partnership with UNEP Rwanda national chemicals profile implementing policy law regulation strategy action plan circular economy chemicals waste pollution prevention control after:2022-01-01 before:2026-01-01,cps_iau_org_National_approaches_to_the_protection_of_dark_and_.txt,False,False,False,,0.0,0.0,none,none,unclear,none,No evidence found,No evidence found,[]
Rwanda,2022-2026,https://dco.org/wp-content/uploads/2025/05/DCO-E-Waste-Management-Framework.pdf,2022,2026,2024,DCO E-Waste Management Framework,with UNEP support Rwanda pollution prevention and control policy adopted policy law regulation strategy action plan circular economy chemicals waste pollution prevention control after:2022-01-01 before:2026-01-01,dco_org_DCO_E_Waste_Management_Framework.txt,False,False,False,,0.0,0.0,none,none,unclear,none,"No evidence found related to chemicals, waste, circular economy or pollution policies in Rwanda for 2022-2026.",No explicit link to UNEP found in relation to SP3.1 outcomes for Rwanda in 2022-2026.,[]
Rwanda,2022-2026,https://dicf.unepgrid.ch/liberia/pollution,2022,2026,2024,Pollution / Liberia,in partnership with UNEP Rwanda national chemicals profile implementing policy law regulation strategy action plan circular economy chemicals waste pollution prevention control after:2022-01-01 before:2026-01-01,dicf_unepgrid_ch_Pollution_Liberia.txt,False,False,False,,0.0,0.0,none,none,unclear,unclear,The document does not contain any information about Rwanda or relevant policies/laws/regulations for the time window 2022-2026.,The document does not contain any information about UNEP's involvement in Rwanda or relevant policies/laws/regulations for the time window 2022-2026.,[]
Rwanda,2022-2026,https://en.wikipedia.org/wiki/Circular_economy,2022,2026,2024,Circular economy,in partnership with UNEP Rwanda national chemicals profile implementing policy law regulation strategy action plan circular economy chemicals waste pollution prevention control after:2022-01-01 before:2026-01-01,en_wikipedia_org_Circular_economy.txt,False,False,False,,0.0,0.0,none,none,unclear,unclear,The document does not contain any relevant information about Rwanda or the specified time window.,The document does not contain any relevant information about Rwanda or the specified time window.,[]
Rwanda,2022-2026,https://enb.iisd.org/un-science-policy-business-forum-environment-un-spbf-unea6,2022,2026,2024,UN Science-Policy-Business Forum on the Environment ...,with UNEP support Rwanda pollution prevention and control policy adopted policy law regulation strategy action plan circular economy chemicals waste pollution prevention control after:2022-01-01 before:2026-01-01,enb_iisd_org_UN_Science_Policy_Business_Forum_on_the_Environmen.txt,False,False,False,,0.0,0.0,none,none,unclear,unclear,"No relevant information found about Rwanda's policies, laws, or regulations related to circular economy, chemicals management, waste management, or pollution prevention and control for the period 2022-2026.","No explicit link to UNEP found in relation to Rwanda's policies, laws, or regulations for circular economy, chemicals management, waste management, or pollution prevention and control for the period 2022-2026.",[]
Rwanda,2022-2026,https://gefcrew.org/carrcu/LBSSTAC6/WG.44_INF.12%20EN%20ACP%20MEA%20PSC%20Report.pdf,2022,2026,2024,Nineth Intergovernmental Meeting on the,with UNEP support Rwanda pollution prevention and control policy adopted policy law regulation strategy action plan circular economy chemicals waste pollution prevention control after:2022-01-01 before:2026-01-01,gefcrew_org_Nineth_Intergovernmental_Meeting_on_the.txt,False,False,False,,0.0,0.0,none,none,global,none,"The document does not contain explicit evidence related to circular approaches/circular economy, chemicals management, waste management, pollution prevention/control, or policies/laws/regulations in key sectors for Rwanda during 2022-2026.","The document mentions UNEP's involvement in the ACP MEAs 3 Programme, but does not explicitly link UNEP to development/adoption/revision/implementation of policy, law, regulation, strategy, or framework in Rwanda during 2022-2026.","[""The document focuses on the ACP MEAs 3 Programme, which is an initiative of the Organization of the African, Caribbean and Pacific Group of States (OACPS) and is funded by the European Union (EU)."", ""UNEP is mentioned as one of the leading implementing agencies of the programme.""]"
Rwanda,2022-2026,https://ghanacic.ashesi.edu.gh/wp-content/uploads/2025/08/Waste-Management-Policy-Paper.pdf,2022,2026,2024,Waste Management - Policy Paper,with UNEP support Rwanda pollution prevention and control policy adopted policy law regulation strategy action plan circular economy chemicals waste pollution prevention control after:2022-01-01 before:2026-01-01,ghanacic_ashesi_edu_gh_Waste_Management_Policy_Paper.txt,False,False,False,,0.0,0.0,none,none,unclear,unclear,The document could not be fetched and analyzed.,The document could not be fetched and analyzed.,[]
Rwanda,2022-2026,https://journals.sagepub.com/doi/10.1177/0169796X221104855,2022,2026,2024,Plastic Waste Mitigation Strategies: A Review of Lessons ...,with UNEP support Rwanda pollution prevention and control policy adopted policy law regulation strategy action plan circular economy chemicals waste pollution prevention control after:2022-01-01 before:2026-01-01,journals_sagepub_com_Plastic_Waste_Mitigation_Strategies_A_Review_of_Le.txt,False,False,False,,0.0,0.0,none,none,unclear,unclear,"The document does not contain explicit evidence related to circular approaches/circular economy, chemicals management, waste management, pollution prevention and control, or policies/laws/regulations in key sectors for Rwanda during 2022–2026.",There is no explicit link between UNEP and any policy/law/regulation outcome in Rwanda during 2022–2026.,[]
Rwanda,2022-2026,https://journals.sagepub.com/doi/abs/10.1177/0734242X251331339,2022,2026,2024,"A review of policy frameworks in Mombasa County, Kenya",in partnership with UNEP Rwanda national chemicals profile implementing policy law regulation strategy action plan circular economy chemicals waste pollution prevention control after:2022-01-01 before:2026-01-01,journals_sagepub_com_A_review_of_policy_frameworks_in_Mombasa_County_Ke.txt,False,False,False,,0.0,0.0,none,none,unclear,none,"The document does not contain explicit evidence related to circular approaches/circular economy, chemicals management, waste management, pollution prevention and control, or policies/laws/regulations in key sectors for Rwanda in 2022-2026.",There is no explicit link between UNEP and any policy/law/regulation outcome in Rwanda during 2022-2026.,[]
Rwanda,2022-2026,https://just2ce.eu/wp-content/uploads/2024/02/D1_1-JUST2CE-Final-Version.pdf,2022,2026,2024,Circular Economy for Social Transformation: Multiple Paths ...,in partnership with UNEP Rwanda national chemicals profile implementing policy law regulation strategy action plan circular economy chemicals waste pollution prevention control after:2022-01-01 before:2026-01-01,just2ce_eu_Circular_Economy_for_Social_Transformation_Multipl.txt,False,False,False,,0.0,0.0,none,none,global,unclear,"The document does not contain explicit evidence related to circular approaches/circular economy, chemicals management, waste management, pollution prevention/control, or policies/laws/regulations in key sectors for Rwanda during 2022–2026.","There is no explicit link between UNEP and any policy, law, regulation, strategy, action plan, or official framework in Rwanda during 2022–2026.",[]
Rwanda,2022-2026,https://minepded.gov.cm/wp-content/uploads/2024/01/NATIONAL-STRATEGY-TO-COMBAT-PLASTIC-POLLUTION.pdf,2022,2026,2024,NATIONAL STRATEGY TO COMBAT PLASTIC POLLUTION,in partnership with UNEP Rwanda national chemicals profile implementing policy law regulation strategy action plan circular economy chemicals waste pollution prevention control after:2022-01-01 before:2026-01-01,minepded_gov_cm_NATIONAL_STRATEGY_TO_COMBAT_PLASTIC_POLLUTION.txt,False,False,False,,0.0,0.0,none,none,unclear,none,The document is not about Rwanda or the time window 2022-2026. The document text appears to be an error message and does not contain any relevant information.,The document does not contain any information about UNEP's involvement in Rwanda or the time window 2022-2026.,[]
Rwanda,2022-2026,https://nema.go.ke/wp-content/uploads/2025/10/Waste-Management-Policy-2021.pdf,2022,2026,2024,National Sustainable Waste Management Policy,with UNEP support Rwanda pollution prevention and control policy adopted policy law regulation strategy action plan circular economy chemicals waste pollution prevention control after:2022-01-01 before:2026-01-01,nema_go_ke_National_Sustainable_Waste_Management_Policy.txt,False,False,False,,0.0,0.0,none,none,none,none,"The document does not contain explicit evidence related to circular approaches/circular economy, chemicals management, waste management, pollution prevention/control, or policies/laws/regulations in key sectors for Rwanda during 2022-2026.","There is no explicit link between UNEP and any policy, law, regulation, strategy, action plan, or official framework in Rwanda during 2022-2026.",[]
Rwanda,2022-2026,https://pmc.ncbi.nlm.nih.gov/articles/PMC12528791/,2022,2026,2024,Marine plastics and the circular economy: A review of policy ...,with UNEP support Rwanda pollution prevention and control policy adopted policy law regulation strategy action plan circular economy chemicals waste pollution prevention control after:2022-01-01 before:2026-01-01,pmc_ncbi_nlm_nih_gov_Marine_plastics_and_the_circular_economy_A_review_.txt,False,False,False,,0.0,0.0,none,none,unclear,unclear,"The document does not contain any information related to chemicals, waste, circular economy, or pollution policies in Rwanda for the period 2022-2026.",The document does not mention UNEP or any related activities in Rwanda for the period 2022-2026.,[]
Rwanda,2022-2026,https://policycommons.net/artifacts/2256869/rwanda/3015571/,2022,2026,2024,Rwanda's Sustainable Development: Balancing Growth ...,in partnership with UNEP Rwanda national chemicals profile implementing policy law regulation strategy action plan circular economy chemicals waste pollution prevention control after:2022-01-01 before:2026-01-01,policycommons_net_Rwanda_s_Sustainable_Development_Balancing_Growth_.txt,False,False,False,,0.0,0.0,none,none,unclear,unclear,No evidence found,No evidence found,[]
Rwanda,2022-2026,https://prevent-waste.net/wp-content/uploads/2025/06/Financing-Circularity-Factsheet-Part-2.pdf,2022,2026,2024,Guidance to Unlock Finance for Circular Economy Actors,in partnership with UNEP Rwanda national chemicals profile implementing policy law regulation strategy action plan circular economy chemicals waste pollution prevention control after:2022-01-01 before:2026-01-01,prevent-waste_net_Guidance_to_Unlock_Finance_for_Circular_Economy_Ac.txt,False,False,False,,0.0,0.0,none,none,none,none,"The document does not contain explicit evidence related to circular approaches/circular economy, chemicals management, waste management, pollution prevention/control, or policies/laws/regulations in key sectors for Rwanda during 2022-2026.","There is no explicit link between UNEP and any policy, law, regulation, strategy, action plan, or official framework in Rwanda during 2022-2026.",[]
Rwanda,2022-2026,https://repository.usfca.edu/cgi/viewcontent.cgi?article=2693&context=thes,2022,2026,2024,Assesing Electronic Waste Management Strategies in Ghana,in partnership with UNEP Rwanda national chemicals profile implementing policy law regulation strategy action plan circular economy chemicals waste pollution prevention control after:2022-01-01 before:2026-01-01,repository_usfca_edu_Assesing_Electronic_Waste_Management_Strategies_in.txt,False,False,False,,0.0,0.0,none,none,unclear,unclear,"No evidence found related to chemicals, waste, circular economy or pollution policies in Rwanda for 2022-2026.",No explicit link to UNEP found in relation to SP3.1 outcomes for Rwanda in 2022-2026.,[]
Rwanda,2022-2026,https://resolutions.unep.org/incres/uploads/rwanda_gc1_intervention_on_part_2_-_chemicals_and_polymers_of_concern.pdf,2022,2026,2024,Rwanda Intervention on Part 2 - Chemicals and Polymers ...,in partnership with UNEP Rwanda national chemicals profile implementing policy law regulation strategy action plan circular economy chemicals waste pollution prevention control after:2022-01-01 before:2026-01-01,resolutions_unep_org_Rwanda_Intervention_on_Part_2_Chemicals_and_Polyme.txt,True,False,False,,0.0,0.0,none,none,national,none,"The document mentions the need for common legally binding global rules and control measures on chemicals and polymers of concern, but does not provide evidence of a policy, law, or regulation developed, adopted, revised, or implemented in Rwanda during 2022-2026.","There is no explicit link between UNEP and the policy, law, or regulation outcome mentioned in the document.","[""common legally binding global rules and control measures on chemicals and polymers of concern"", ""countries like Rwanda do not possess the technical capability to identify, test and evaluate the more than 16,000 chemicals currently used in plastics""]"
Rwanda,2022-2026,https://theses.hal.science/tel-05064001/file/24_42_C_FRANCOMME.pdf,2022,2026,2024,Circular Economy in the Small Island ...,in partnership with UNEP Rwanda national chemicals profile implementing policy law regulation strategy action plan circular economy chemicals waste pollution prevention control after:2022-01-01 before:2026-01-01,theses_hal_science_Circular_Economy_in_the_Small_Island_.txt,False,False,False,,0.0,0.0,none,none,unclear,unclear,No relevant information found,No relevant information found,[]
Rwanda,2022-2026,https://unctad.org/system/files/non-official-document/ditc-ted-12042023-Single_Use_Plastics_Report_2023-3.pdf,2022,2026,2024,"Policies, Regulations and Laws that Address the Harmful ...",with UNEP support Rwanda pollution prevention and control policy adopted policy law regulation strategy action plan circular economy chemicals waste pollution prevention control after:2022-01-01 before:2026-01-01,unctad_org_Policies_Regulations_and_Laws_that_Address_the_Har.txt,False,False,False,,0.0,0.0,none,none,unclear,unclear,"No evidence found related to chemicals, waste, circular economy, or pollution policies in Rwanda for 2022-2026.",No explicit link to UNEP found in relation to SP3.1 outcomes for Rwanda in 2022-2026.,[]
Rwanda,2022-2026,https://unece.org/sites/default/files/2025-02/2_GFC-GRT4_Nov2024.pdf,2022,2026,2024,Global Framework on Chemicals,in partnership with UNEP Rwanda national chemicals profile implementing policy law regulation strategy action plan circular economy chemicals waste pollution prevention control after:2022-01-01 before:2026-01-01,unece_org_Global_Framework_on_Chemicals.txt,False,False,False,,0.0,0.0,none,none,unclear,unclear,"No evidence found related to chemicals, waste, circularity, or pollution policies in Rwanda for 2022-2026.",No explicit link to UNEP found in relation to SP3.1 outcomes for Rwanda in 2022-2026.,[]
Rwanda,2022-2026,https://unemg.org/wp-content/uploads/2023/05/Mapping-report-%E2%80%98An-Overview-of-UN-Activities-and-Initiatives-related-to-Pollution-v3.pdf,2022,2026,2024,An overview of UN Activities and Initiatives related to ...,in partnership with UNEP Rwanda national chemicals profile implementing policy law regulation strategy action plan circular economy chemicals waste pollution prevention control after:2022-01-01 before:2026-01-01,unemg_org_An_overview_of_UN_Activities_and_Initiatives_relat.txt,False,False,False,,0.0,0.0,none,none,unclear,unclear,"No relevant information found for Rwanda in 2022-2026 regarding circular economy, chemicals management, waste management, pollution prevention/control, or related policies/laws/regulations.",No explicit link to UNEP found for Rwanda in 2022-2026 related to SP3.1 policy/law/regulation outcomes.,[]
Rwanda,2022-2026,https://wcef2025.com/speakers/,2022,2026,2024,Speakers,in partnership with UNEP Rwanda national chemicals profile implementing policy law regulation strategy action plan circular economy chemicals waste pollution prevention control after:2022-01-01 before:2026-01-01,wcef2025_com_Speakers.txt,False,False,False,,0.0,0.0,none,none,unclear,unclear,No relevant information found,No relevant information found,[]
Rwanda,2022-2026,https://wwfafrica.awsassets.panda.org/downloads/wwf_plastic_pollution.pdf,2022,2026,2024,PLASTIC POLLUTION IN AFRICA,with UNEP support Rwanda pollution prevention and control policy adopted policy law regulation strategy action plan circular economy chemicals waste pollution prevention control after:2022-01-01 before:2026-01-01,wwfafrica_awsassets_panda_org_PLASTIC_POLLUTION_IN_AFRICA.txt,False,False,False,,0.0,0.0,none,none,none,none,"The document does not contain explicit evidence related to circular approaches/circular economy, chemicals management, waste management, pollution prevention and control, or policies/laws/regulations in key sectors for Rwanda during 2022–2026.","There is no explicit link between UNEP and any policy, law, regulation, strategy, action plan, or official framework in Rwanda during 2022–2026.","[""The document is primarily focused on plastic pollution in Africa, not Rwanda specifically, and does not mention Rwanda or its policies.""]"
Rwanda,2022-2026,https://www-pub.iaea.org/MTCD/publications/PDF/p15294-PUB2089_web.pdf,2022,2026,2024,Policies and Strategies for the Management of NORM ...,in partnership with UNEP Rwanda national chemicals profile implementing policy law regulation strategy action plan circular economy chemicals waste pollution prevention control after:2022-01-01 before:2026-01-01,www-pub_iaea_org_Policies_and_Strategies_for_the_Management_of_NORM.txt,False,False,False,,0.0,0.0,none,none,unclear,unclear,"No relevant information found for Rwanda in 2022-2026 regarding circular economy, chemicals management, waste management, or pollution prevention/control.",No explicit link to UNEP found in relation to SP3.1 outcomes for Rwanda in 2022-2026.,[]
Rwanda,2022-2026,https://www.afdb.org/sites/default/files/esia_for_the_cross-border_roads_south_western_lot_131.046_km_in_rusizi_and_nyaruguru_districts.pdf,2022,2026,2024,ENVIRONMENTAL AND SOCIAL IMPACT ASSESSMENT ( ...,in partnership with UNEP Rwanda national chemicals profile implementing policy law regulation strategy action plan circular economy chemicals waste pollution prevention control after:2022-01-01 before:2026-01-01,www_afdb_org_ENVIRONMENTAL_AND_SOCIAL_IMPACT_ASSESSMENT_.txt,False,False,False,,0.0,0.0,none,none,unclear,none,"The document does not contain explicit evidence related to circular approaches/circular economy, chemicals management, waste management, pollution prevention and control, or policies/laws/regulations in key sectors for Rwanda in 2022-2026.",There is no explicit link between UNEP and any policy/law/regulation outcome in Rwanda during 2022-2026.,[]
Rwanda,2022-2026,https://www.basel.int/Portals/4/Basel%20Convention/docs/plastic%20waste/UNEP-CHW-PWPWG-PUB-SingleUse-Jan2023.English.pdf,2022,2026,2024,"Compilation of information, best practices and lessons ...",with UNEP support Rwanda pollution prevention and control policy adopted policy law regulation strategy action plan circular economy chemicals waste pollution prevention control after:2022-01-01 before:2026-01-01,www_basel_int_Compilation_of_information_best_practices_and_less.txt,False,False,False,,0.0,0.0,none,none,unclear,unclear,"No relevant information found for Rwanda in 2022-2026 regarding circular economy, chemicals management, waste management, or pollution prevention and control.","No explicit link to UNEP found in the context of Rwanda's policies, laws, or regulations for circular economy, chemicals management, waste management, or pollution prevention and control in 2022-2026.",[]
Rwanda,2022-2026,https://www.basel.int/Portals/4/Basel%20Convention/docs/plastic%20waste/UNEP-FAO-CHW-RC-POPS-PUB-GlobalGovernancePlastics-2023.pdf,2022,2026,2024,GLOBAL GOVERNANCE OF PLASTICS AND ...,in partnership with UNEP Rwanda national chemicals profile implementing policy law regulation strategy action plan circular economy chemicals waste pollution prevention control after:2022-01-01 before:2026-01-01,www_basel_int_GLOBAL_GOVERNANCE_OF_PLASTICS_AND_.txt,False,False,False,,0.0,0.0,none,none,unclear,unclear,"No evidence found related to chemicals, waste, circular economy, or pollution policies in Rwanda for 2022-2026.",No explicit link to UNEP found in the provided text.,[]
Rwanda,2022-2026,https://www.cambridge.org/core/journals/cambridge-prisms-plastics/article/defining-an-effective-plastics-treaty-through-national-perspectives-and-visions-during-early-negotiations/DAF5D7C0501F41F6FDC132C0686BC1C8,2022,2026,2024,Defining an effective “plastics treaty” through national ...,in partnership with UNEP Rwanda national chemicals profile implementing policy law regulation strategy action plan circular economy chemicals waste pollution prevention control after:2022-01-01 before:2026-01-01,www_cambridge_org_Defining_an_effective_plastics_treaty_through_nati.txt,False,False,False,,0.0,0.0,none,none,unclear,unclear,The document does not contain any relevant information about Rwanda or the specified time window (2022-2026).,The document does not contain any relevant information about Rwanda or the specified time window (2022-2026).,[]
Rwanda,2022-2026,https://www.commissionoceanindien.org/wp-content/uploads/2023/07/West-Africa-Proposed-Plastics-Action-Plan-rev24July-CLEAN.pdf,2022,2026,2024,Proposed Regional Action Plan to Combat Marine Plastic ...,with UNEP support Rwanda pollution prevention and control policy adopted policy law regulation strategy action plan circular economy chemicals waste pollution prevention control after:2022-01-01 before:2026-01-01,www_commissionoceanindien_org_Proposed_Regional_Action_Plan_to_Combat_Marine_Pla.txt,False,False,False,,0.0,0.0,none,none,global,none,"The document does not contain explicit evidence related to circular approaches/circular economy, chemicals management, waste management, pollution prevention/control, or policies/laws/regulations in key sectors for Rwanda during 2022-2026.","There is no explicit link between UNEP and the development/adoption/revision/implementation of any policy, law, regulation, strategy, action plan, or official framework in Rwanda during 2022-2026.","[""The document is a discussion paper on a proposed regional action plan to combat marine plastic pollution in the Abidjan Convention region, which includes several African countries, but does not specifically mention Rwanda.""]"
Rwanda,2022-2026,https://www.enel.com/content/dam/enel-com/documenti/investitori/sostenibilita/2024/cdp-corporate-questionnaire-2024-enel-spa.pdf,2022,2026,2024,2025 CDP Corporate Questionnaire 2025,in partnership with UNEP Rwanda national chemicals profile implementing policy law regulation strategy action plan circular economy chemicals waste pollution prevention control after:2022-01-01 before:2026-01-01,www_enel_com_2025_CDP_Corporate_Questionnaire_2025.txt,False,False,False,,0.0,0.0,none,none,none,none,"The document does not contain explicit evidence related to circular economy, chemicals management, waste management, pollution prevention and control, or policies/laws/regulations in key sectors for Rwanda during 2022-2026.","There is no explicit link between UNEP and any policy, law, regulation, strategy, action plan, or official framework in Rwanda during 2022-2026 mentioned in the document.",[]
Rwanda,2022-2026,https://www.eni.com/content/dam/enicom/documents/eng/reports/2024/ar-2024/Annual-Report-2024.pdf,2022,2026,2024,Annual Report 2024,in partnership with UNEP Rwanda national chemicals profile implementing policy law regulation strategy action plan circular economy chemicals waste pollution prevention control after:2022-01-01 before:2026-01-01,www_eni_com_Annual_Report_2024.txt,False,False,False,,0.0,0.0,none,none,unclear,unclear,,,[]
Rwanda,2022-2026,https://www.env.go.jp/content/000312211.pdf,2022,2026,2024,National Plan of Action for the Implementation of the Global ...,in partnership with UNEP Rwanda national chemicals profile implementing policy law regulation strategy action plan circular economy chemicals waste pollution prevention control after:2022-01-01 before:2026-01-01,www_env_go_jp_National_Plan_of_Action_for_the_Implementation_of_.txt,False,False,False,,0.0,0.0,none,none,none,none,"The document is about Japan's National Plan of Action for the Implementation of the Global Framework on Chemicals, not Rwanda.","There is no explicit link between UNEP and the policy, law, regulation, or framework in Rwanda.","[""The document does not contain evidence related to Rwanda's chemicals, waste, circularity, or pollution policies/laws/regulations for 2022-2026.""]"
Rwanda,2022-2026,https://www.environment.gov.rw/news-detail/unea-52-world-takes-major-step-to-end-plastic-pollution-unea-adopts-rwanda-peru-resolution,2022,2026,2024,UNEA 5.2: World Takes Major Step to End Plastic Pollution ...,with UNEP support Rwanda pollution prevention and control policy adopted policy law regulation strategy action plan circular economy chemicals waste pollution prevention control after:2022-01-01 before:2026-01-01,www_environment_gov_rw_UNEA_5_2_World_Takes_Major_Step_to_End_Plastic_Pol.txt,False,False,False,,0.0,0.0,none,none,unclear,unclear,No relevant information found,No relevant information found,[]
Rwanda,2022-2026,https://www.epa.gov.et/images/2024/National%20Plastic%20Strategy%20and%20Action%20Plan.pdf,2022,2026,2024,National Plastic Strategy and Action Plan,with UNEP support Rwanda pollution prevention and control policy adopted policy law regulation strategy action plan circular economy chemicals waste pollution prevention control after:2022-01-01 before:2026-01-01,www_epa_gov_et_National_Plastic_Strategy_and_Action_Plan.txt,False,False,False,,0.0,0.0,none,none,none,none,"The document is about Ethiopia's National Plastic Waste Management Strategy and Roadmap (2024-2034), not Rwanda.","There is no explicit link between UNEP and the development/adoption/revision/implementation of the policy, law, regulation, strategy, or framework in Rwanda during 2022-2026.","[""The document is focused on Ethiopia, not Rwanda.""]"
Rwanda,2022-2026,https://www.facebook.com/EPAGuyana/posts/epa-director-highlights-marine-litter-efforts-mtv-news-update-the-executive-dire/1408657843627765/,2022,2026,2024,EPA Director Highlights Marine Litter Efforts,in partnership with UNEP Rwanda national chemicals profile implementing policy law regulation strategy action plan circular economy chemicals waste pollution prevention control after:2022-01-01 before:2026-01-01,www_facebook_com_EPA_Director_Highlights_Marine_Litter_Efforts.txt,False,False,False,,0.0,0.0,none,none,unclear,none,"The document does not contain explicit evidence related to circular approaches/circular economy, chemicals management, waste management, pollution prevention and control, or policies/laws/regulations in key sectors for Rwanda during 2022-2026.",There is no explicit link between UNEP and any policy/law/regulation outcome in Rwanda during 2022-2026.,[]
Rwanda,2022-2026,https://www.facebook.com/NESREANigeria/posts/circular-and-pops-free-plastics-in-africa-project-begins-stakeholders-engagement/1100223255631992/,2022,2026,2024,Circular and POPs-Free Plastics in Africa Project Begins ...,with UNEP support Rwanda pollution prevention and control policy adopted policy law regulation strategy action plan circular economy chemicals waste pollution prevention control after:2022-01-01 before:2026-01-01,www_facebook_com_Circular_and_POPs_Free_Plastics_in_Africa_Project_.txt,False,False,False,,0.0,0.0,none,none,unclear,none,"The document does not contain explicit evidence related to Rwanda or the time window 2022-2026. It discusses a project in Nigeria focused on eliminating Persistent Organic Pollutants (POPs) in Electrical and Electronic Equipment, which does not match the country and time scope requirements.","The document mentions UNEP as the implementing agency of the Circular and POPs-Free Plastics in Africa Project, but this is related to Nigeria, not Rwanda, and does not match the time window or indicator requirements.",[]
Rwanda,2022-2026,https://www.facebook.com/gamchamber/posts/highlights-of-the-recently-held-public-private-partnership-masterclass-and-concl/310619424968974/,2022,2026,2024,#Highlights of the recently held Public Private Partnership ...,in partnership with UNEP Rwanda national chemicals profile implementing policy law regulation strategy action plan circular economy chemicals waste pollution prevention control after:2022-01-01 before:2026-01-01,www_facebook_com__Highlights_of_the_recently_held_Public_Private_Pa.txt,False,False,False,,0.0,0.0,none,none,unclear,none,The document does not contain any information related to Rwanda or the time window 2022-2026. It appears to be a social media post about a trade fair event in Gambia.,There is no mention of UNEP in the document.,[]
Rwanda,2022-2026,https://www.facebook.com/unep/posts/in-burundi-improper-chemical-and-waste-management-have-led-to-various-human-heal/300241905469228/,2022,2026,2024,"In Burundi, improper chemical and waste management ...",in partnership with UNEP Rwanda national chemicals profile implementing policy law regulation strategy action plan circular economy chemicals waste pollution prevention control after:2022-01-01 before:2026-01-01,www_facebook_com_In_Burundi_improper_chemical_and_waste_management_.txt,False,False,False,,0.0,0.0,none,none,unclear,none,"The document does not contain explicit evidence related to Rwanda or the time window 2022-2026. It mentions Burundi, not Rwanda.","The document does not explicitly link UNEP to any policy, law, regulation, strategy, action plan, or official framework in Rwanda for the period 2022-2026.",[]
Rwanda,2022-2026,https://www.frontiersin.org/journals/sustainability/articles/10.3389/frsus.2023.1092107/full,2022,2026,2024,Implementing circular economy and sustainability policies ...,with UNEP support Rwanda pollution prevention and control policy adopted policy law regulation strategy action plan circular economy chemicals waste pollution prevention control after:2022-01-01 before:2026-01-01,www_frontiersin_org_Implementing_circular_economy_and_sustainability_p.txt,True,False,False,,80.0,0.0,plastic ban policy / circular economy policy,implemented / enforced,national,industry / manufacturing,"The document discusses Rwanda's plastic ban policy and its implementation, which is a key component of the country's circular economy and sustainability policies. The policy prohibits the manufacture, importation, use, and sale of polythene bags and single-use plastics. The government has also provided support to manufacturers during the transition process, including tax exemptions, financial support, and training.","There is no explicit mention of UNEP's involvement in the development, adoption, or implementation of Rwanda's plastic ban policy or circular economy policies.","[""Rwanda became the first country in East Africa to introduce anti-plastic legislation in 2008 when it prohibited the manufacturing, use, sale, and importation of all plastic bags."", ""The law was expanded in August 2019 to include other single-use plastic products, including straws, bottles, and food containers."", ""The Rwandan government provided support in the form of fiscal policies such as tax waivers and special exemptions that allow eligible firms to continue using or importing plastics."", ""The government has also collaborated with the private sector to establish the Sustainable Management of Single Use Plastics Project (PET) to contribute to Rwanda's plastic waste management processes.""]"
Rwanda,2022-2026,https://www.frontiersin.org/journals/sustainability/articles/10.3389/frsus.2024.1300904/full,2022,2026,2024,From waste to resource: demystifying the policy challenges ...,in partnership with UNEP Rwanda national chemicals profile implementing policy law regulation strategy action plan circular economy chemicals waste pollution prevention control after:2022-01-01 before:2026-01-01,www_frontiersin_org_From_waste_to_resource_demystifying_the_policy_cha.txt,False,False,False,,0.0,0.0,none,none,none,none,"The document does not contain explicit evidence related to circular approaches/circular economy, chemicals management, waste management, pollution prevention/control, or policies/laws/regulations in key sectors for Rwanda during 2022-2026.","There is no explicit link between UNEP and any policy, law, regulation, strategy, action plan, or official framework in Rwanda during 2022-2026.",[]
Rwanda,2022-2026,https://www.genevaenvironmentnetwork.org/resources/updates/towards-plastic-pollution-inc-2/,2022,2026,2024,Plastic Pollution INC-2,with UNEP support Rwanda pollution prevention and control policy adopted policy law regulation strategy action plan circular economy chemicals waste pollution prevention control after:2022-01-01 before:2026-01-01,www_genevaenvironmentnetwork_org_Plastic_Pollution_INC_2.txt,False,False,False,,0.0,0.0,none,none,global,none,"The document does not contain explicit evidence related to Rwanda or specific policies, laws, or regulations for circular economy, chemicals management, waste management, pollution prevention/control, or implementation/revision of such instruments in key sectors for the time window 2022-2026.","The document does not explicitly link UNEP to the development, adoption, revision, or implementation of any policy, law, regulation, strategy, or framework in Rwanda for the specified time window.",[]
Rwanda,2022-2026,https://www.giz.de/en/downloads/giz2022-en-finance-circular-economy-low-middle-income.pdf,2022,2026,2024,Finance for circular economy in low- and middle-income ...,in partnership with UNEP Rwanda national chemicals profile implementing policy law regulation strategy action plan circular economy chemicals waste pollution prevention control after:2022-01-01 before:2026-01-01,www_giz_de_Finance_for_circular_economy_in_low_and_middle_inc.txt,True,False,False,,40.0,0.0,circular economy country brief,developing,national,waste management,"The document discusses Rwanda's circular economy approaches, specifically in waste management.",There is no explicit link to UNEP in the provided document.,"[""Country brief Rwanda"", ""waste management""]"
Rwanda,2022-2026,https://www.iaea.org/sites/default/files/22/09/tc_nutec_africa_final-web.pdf,2022,2026,2024,ROUNDTABLE,with UNEP support Rwanda pollution prevention and control policy adopted policy law regulation strategy action plan circular economy chemicals waste pollution prevention control after:2022-01-01 before:2026-01-01,www_iaea_org_ROUNDTABLE.txt,False,False,False,,0.0,0.0,none,none,unclear,unclear,"No relevant information found about Rwanda's policies, laws, or regulations related to circular economy, chemicals management, waste management, or pollution prevention and control for the period 2022-2026.","No explicit link to UNEP found in relation to Rwanda's policies, laws, or regulations for circular economy, chemicals management, waste management, or pollution prevention and control for the period 2022-2026.",[]
Rwanda,2022-2026,https://www.idea.int/publications/catalogue/html/mineral-resource-governance-africa-comparative-study,2022,2026,2024,Mineral Resource Governance in Africa,in partnership with UNEP Rwanda national chemicals profile implementing policy law regulation strategy action plan circular economy chemicals waste pollution prevention control after:2022-01-01 before:2026-01-01,www_idea_int_Mineral_Resource_Governance_in_Africa.txt,False,False,False,,0.0,0.0,none,none,none,none,"The document does not contain explicit evidence related to circular approaches/circular economy, chemicals management, waste management, pollution prevention/control, or policies/laws/regulations in key sectors for Rwanda during 2022-2026.","There is no explicit link between UNEP and any policy, law, regulation, strategy, action plan, or official framework in Rwanda during 2022-2026.",[]
Rwanda,2022-2026,https://www.iisd.org/system/files/2025-07/guide-to_global-agreement-end-plastic-pollution.pdf,2022,2026,2024,A Guide to the Global Agreement to End Plastic Pollution,with UNEP support Rwanda pollution prevention and control policy adopted policy law regulation strategy action plan circular economy chemicals waste pollution prevention control after:2022-01-01 before:2026-01-01,www_iisd_org_A_Guide_to_the_Global_Agreement_to_End_Plastic_Pol.txt,False,False,False,,0.0,0.0,none,none,unclear,unclear,"No evidence found related to chemicals, waste, circularity, or pollution policies in Rwanda for 2022-2026.",No explicit link to UNEP found in relation to SP3.1 outcomes for Rwanda in 2022-2026.,[]
Rwanda,2022-2026,https://www.instagram.com/p/DR1DtAnjMe9/,2022,2026,2024,"We're moving through Dar es Salaam, mapping key ...",in partnership with UNEP Rwanda national chemicals profile implementing policy law regulation strategy action plan circular economy chemicals waste pollution prevention control after:2022-01-01 before:2026-01-01,www_instagram_com_We_re_moving_through_Dar_es_Salaam_mapping_key_.txt,False,False,False,,0.0,0.0,none,none,unclear,none,"The document does not contain explicit evidence related to circular approaches/circular economy, chemicals management, waste management, pollution prevention and control, or policies/laws/regulations in key sectors for Rwanda in 2022-2026.","The document does not explicitly link UNEP to any policy, law, regulation, strategy, action plan, or official framework in Rwanda during 2022-2026.",[]
Rwanda,2022-2026,https://www.instagram.com/reel/DKe9YZ5sNCx/,2022,2026,2024,The Environmental Protection Agency (EPA) has announced ...,in partnership with UNEP Rwanda national chemicals profile implementing policy law regulation strategy action plan circular economy chemicals waste pollution prevention control after:2022-01-01 before:2026-01-01,www_instagram_com_The_Environmental_Protection_Agency_EPA_has_announ.txt,True,False,False,,60.0,0.0,waste management policy,announced plans to implement,national,waste,The Environmental Protection Agency (EPA) has announced plans to implement a comprehensive waste management and recycling plan.,There is no explicit link between UNEP and the announced waste management and recycling plan.,"[""The Environmental Protection Agency (EPA) has announced plans to implement a comprehensive waste management and recycling plan later this month.""]"
Rwanda,2022-2026,https://www.ioe-emp.org/index.php?eID=dumpFile&t=f&f=165214&token=31bf394cdfe2796ffe1d14ef6fbf6f13e61e2c4e,2022,2026,2024,The Business Pathway to Circular Economy: Global ...,with UNEP support Rwanda pollution prevention and control policy adopted policy law regulation strategy action plan circular economy chemicals waste pollution prevention control after:2022-01-01 before:2026-01-01,www_ioe-emp_org_The_Business_Pathway_to_Circular_Economy_Global_.txt,False,False,False,,0.0,0.0,none,none,unclear,unclear,"No evidence found related to chemicals, waste, circularity or pollution policies in Rwanda for 2022-2026.",No explicit link to UNEP found in relation to SP3.1 outcomes for Rwanda in 2022-2026.,[]
Rwanda,2022-2026,https://www.oecd.org/en/publications/regional-plastics-outlook-for-southeast-and-east-asia_5a8ff43c-en/full-report/the-landscape-of-current-policies-to-tackle-plastic-pollution_408249bf.html,2022,2026,2024,Regional Plastics Outlook for Southeast and East Asia,in partnership with UNEP Rwanda national chemicals profile implementing policy law regulation strategy action plan circular economy chemicals waste pollution prevention control after:2022-01-01 before:2026-01-01,www_oecd_org_Regional_Plastics_Outlook_for_Southeast_and_East_A.txt,False,False,False,,0.0,0.0,none,none,global,none,"The document does not contain explicit evidence related to circular approaches/circular economy, chemicals management, waste management, pollution prevention/control, or policies/laws/regulations in key sectors for Rwanda during 2022-2026.","There is no explicit link between UNEP and any policy, law, regulation, strategy, action plan, or official framework in Rwanda during 2022-2026.",[]
Rwanda,2022-2026,https://www.pew.org/en/research-and-analysis/reports/2025/12/breaking-the-plastic-wave-2025,2022,2026,2024,Breaking the Plastic Wave 2025,with UNEP support Rwanda pollution prevention and control policy adopted policy law regulation strategy action plan circular economy chemicals waste pollution prevention control after:2022-01-01 before:2026-01-01,www_pew_org_Breaking_the_Plastic_Wave_2025.txt,False,False,False,,0.0,0.0,none,none,global,unclear,"The document does not contain explicit evidence related to circular approaches/circular economy, chemicals management, waste management, pollution prevention/control, or policies/laws/regulations in key sectors for Rwanda during 2022–2026.","There is no explicit link between UNEP and any policy, law, regulation, strategy, action plan, or official framework in Rwanda during 2022–2026.",[]
Rwanda,2022-2026,https://www.rema.gov.rw/fileadmin/user_upload/REMA/Newsletters/REMA_Quarterly_Newsletter_January-March_2022.pdf,2022,2026,2024,the world takes major step to end plastic pollution,with UNEP support Rwanda pollution prevention and control policy adopted policy law regulation strategy action plan circular economy chemicals waste pollution prevention control after:2022-01-01 before:2026-01-01,www_rema_gov_rw_the_world_takes_major_step_to_end_plastic_pollutio.txt,True,True,True,48.0,80.0,60.0,plastic pollution policy / air pollution regulation / circular economy initiative,developed / implemented / launched,national,environment / health / transport,"The document provides evidence of Rwanda's efforts to address plastic pollution, air pollution, and promote a circular economy. Rwanda has banned single-use plastic bags and implemented a law to phase out single-use plastics. The country is also part of the negotiations for an international legally binding agreement on plastic pollution.","The document mentions UNEP's involvement in supporting Rwanda's environmental initiatives, such as the development of a National Cooling Strategy and the implementation of the Kigali Amendment. UNEP is also credited with providing leadership in the creation of the Montreal Protocol and the development of a treaty to end plastic pollution.","[""Rwanda has built a nationwide monitoring system that provides real-time data on the quality of the air at twenty-three sites across the country."", ""The Rwanda Environment Management Authority (REMA) Launches R-COOL GO - An affordable opportunity to own energy-saving cooling appliances."", ""The Green Amayaga Project aims to increase forest cover in the region."", ""Rwanda, joined with Peru to lead negotiations on a draft resolution that will pave the way for an international legally binding agreement on marine litter and plastic pollution.""]"
Rwanda,2022-2026,https://www.researchgate.net/publication/375683859_Plastic_Waste_Regime_in_Rwanda_Kenya_and_South_Africa_A_Comparative_Case_Study,2022,2026,2024,"Plastic Waste Regime in Rwanda, Kenya and South Africa",with UNEP support Rwanda pollution prevention and control policy adopted policy law regulation strategy action plan circular economy chemicals waste pollution prevention control after:2022-01-01 before:2026-01-01,www_researchgate_net_Plastic_Waste_Regime_in_Rwanda_Kenya_and_South_Afr.txt,False,False,False,,0.0,0.0,none,none,unclear,none,"The document does not contain explicit evidence related to circular approaches/circular economy, chemicals management, waste management, pollution prevention and control, or policies/laws/regulations in key sectors for Rwanda during 2022-2026.",There is no explicit link between UNEP and any policy/law/regulation outcome in Rwanda during 2022-2026.,[]
Rwanda,2022-2026,https://www.sciencedirect.com/science/article/pii/S240584402502064X,2022,2026,2024,A comprehensive review of waste management practices ...,in partnership with UNEP Rwanda national chemicals profile implementing policy law regulation strategy action plan circular economy chemicals waste pollution prevention control after:2022-01-01 before:2026-01-01,www_sciencedirect_com_A_comprehensive_review_of_waste_management_practic.txt,False,False,False,,0.0,0.0,none,none,unclear,unclear,"The document does not contain any information related to Rwanda, the time window 2022-2026, circular economy, chemicals management, waste management, pollution prevention/control, or policies/laws/regulations in key sectors.","The document does not contain any information related to UNEP's involvement in policy, law, regulation, strategy, action plan, or official framework development/adoption/revision/implementation in Rwanda during 2022-2026.",[]
Rwanda,2022-2026,https://www.sciencedirect.com/science/article/pii/S2772397624000042,2022,2026,2024,The world of plastic waste: A review,with UNEP support Rwanda pollution prevention and control policy adopted policy law regulation strategy action plan circular economy chemicals waste pollution prevention control after:2022-01-01 before:2026-01-01,www_sciencedirect_com_The_world_of_plastic_waste_A_review.txt,False,False,False,,0.0,0.0,none,none,unclear,unclear,"The document does not contain any information related to Rwanda, the time window 2022-2026, or policies/laws/regulations about circular economy, chemicals management, waste management, pollution prevention/control.",The document does not mention UNEP or any related activities.,[]
Rwanda,2022-2026,https://www.thegef.org/newsroom/feature-stories/all-hands-effort-address-waste-island-states,2022,2026,2024,An all-hands effort to address waste in island states,in partnership with UNEP Rwanda national chemicals profile implementing policy law regulation strategy action plan circular economy chemicals waste pollution prevention control after:2022-01-01 before:2026-01-01,www_thegef_org_An_all_hands_effort_to_address_waste_in_island_sta.txt,False,False,False,,0.0,0.0,none,none,global,none,"The document does not contain explicit evidence related to Rwanda or policies/laws/regulations in Rwanda for circular economy, chemicals management, waste management, pollution prevention/control, or implementation/revision of such instruments in key sectors during 2022-2026.",The document mentions UNEP as a partner in the ISLANDS program but does not link UNEP to any specific policy/law/regulation outcome in Rwanda during 2022-2026.,[]
Rwanda,2022-2026,https://www.un-page.org/knowledge-hub/inclusive-green-economy-policy-stocktaking-study-for-rwanda/,2022,2026,2024,Inclusive Green Economy Policy Stocktaking Study for ...,with UNEP support Rwanda pollution prevention and control policy adopted policy law regulation strategy action plan circular economy chemicals waste pollution prevention control after:2022-01-01 before:2026-01-01,www_un-page_org_Inclusive_Green_Economy_Policy_Stocktaking_Study_f.txt,True,False,False,,81.0,0.0,Green Growth and Climate Resilience Strategy,developed,national,cross-sectoral,"The document discusses Rwanda's green economy policies, including the Green Growth and Climate Resilience Strategy (GGCRS) and the National Strategy for Transformation (NST-1). These strategies aim to promote sustainable development, reduce poverty, and address climate change.","Although the document mentions the Partnership for Action on Green Economy (PAGE) and the United Nations Environment Programme (UNEP), it does not provide explicit evidence of UNEP's direct involvement in developing, adopting, revising, or implementing Rwanda's green economy policies.","[""The revised GGCRS identifies the country’s long-term green goals."", ""Rwanda joined the United Nations Partnership for Action on Green Economy (PAGE) in 2022."", ""The PAGE team would like to extend its sincere appreciation to the participants of the two workshops.""]"
Rwanda,2022-2026,https://www.undp.org/sites/g/files/zskgke326/files/2022-03/UNDP-GEF-Transitioning-to-a-Circular-Economy-Through-Chemical-and-Waste-Management.pdf,2022,2026,2024,TRANSITIONING TO A CIRCULAR ECONOMY THROUGH ...,with UNEP support Rwanda pollution prevention and control policy adopted policy law regulation strategy action plan circular economy chemicals waste pollution prevention control after:2022-01-01 before:2026-01-01,www_undp_org_TRANSITIONING_TO_A_CIRCULAR_ECONOMY_THROUGH_.txt,False,False,False,,0.0,0.0,none,none,none,none,"The document does not contain explicit evidence related to circular approaches/circular economy, chemicals management, waste management, pollution prevention/control, or policies/laws/regulations in key sectors for Rwanda during 2022-2026.","There is no explicit link between UNEP and any policy, law, regulation, strategy, action plan, or official framework in Rwanda during 2022-2026.","[""No relevant evidence found.""]"
Rwanda,2022-2026,https://www.undp.org/sites/g/files/zskgke326/files/2025-10/undp_chemicals_and_waste_portfolio_in_africa-311025.pdf,2022,2026,2024,Chemicals and waste Africa portfolio,in partnership with UNEP Rwanda national chemicals profile implementing policy law regulation strategy action plan circular economy chemicals waste pollution prevention control after:2022-01-01 before:2026-01-01,www_undp_org_Chemicals_and_waste_Africa_portfolio.txt,True,False,False,,60.0,0.0,Supporting a Green Economy – Decoupling Hazardous Waste Generation from Economic Growth in Rwanda,developing,national,waste,"The document mentions a project in Rwanda titled 'Supporting a Green Economy – Decoupling Hazardous Waste Generation from Economic Growth in Rwanda' which aims to strengthen institutional and private sector capacity for hazardous waste treatment, recovery, and disposal. This project involves developing policies that incentivize safer chemical use, waste reduction, and adoption of cleaner technologies.","There is no explicit mention of UNEP's direct involvement or attribution in the development, adoption, revision, or implementation of the policy or project mentioned for Rwanda.","[""Supporting a Green Economy – Decoupling Hazardous Waste Generation from Economic Growth in Rwanda"", ""Strengthen institutional and private sector capacity for hazardous waste treatment, recovery, and disposal"", ""Develop policies that incentivize safer chemical use, waste reduction, and adoption of cleaner technologies""]"
Rwanda,2022-2026,https://www.unep.org/news-and-stories/statements/unep-welcomes-new-global-framework-chemicals,2022,2026,2024,UNEP welcomes new Global Framework on Chemicals,in partnership with UNEP Rwanda national chemicals profile implementing policy law regulation strategy action plan circular economy chemicals waste pollution prevention control after:2022-01-01 before:2026-01-01,www_unep_org_UNEP_welcomes_new_Global_Framework_on_Chemicals.txt,False,False,False,,0.0,0.0,none,none,unclear,unclear,"No relevant information found for Rwanda in 2022-2026 regarding circular economy, chemicals management, waste management, or pollution prevention/control.",No explicit link to UNEP found in relation to policy/law/regulation outcomes for Rwanda in 2022-2026.,[]
Rwanda,2022-2026,https://www.unep.org/rwanda-balancing-development-human-and-environmental-protection,2022,2026,2024,Rwanda: balancing development with human and ...,in partnership with UNEP Rwanda national chemicals profile implementing policy law regulation strategy action plan circular economy chemicals waste pollution prevention control after:2022-01-01 before:2026-01-01,www_unep_org_Rwanda_balancing_development_with_human_and_.txt,False,False,False,,0.0,0.0,none,none,unclear,unclear,No relevant information found,No relevant information found,[]
Rwanda,2022-2026,https://www.youtube.com/watch?v=M0WRuJN6sDo,2022,2026,2024,COP29: Showcasing Rwanda's Climate and Nature Finance ...,with UNEP support Rwanda pollution prevention and control policy adopted policy law regulation strategy action plan circular economy chemicals waste pollution prevention control after:2022-01-01 before:2026-01-01,www_youtube_com_COP29_Showcasing_Rwanda_s_Climate_and_Nature_Finan.txt,False,False,False,,0.0,0.0,none,none,none,none,,,[]
