Entity,TimeWindow,QueryNumber,Query,Title,Link,Snippet,DisplayLink,TextFile
Kenya,2018–2022,1,UNEP project Kenya chemicals and waste management policy developing policy law regulation strategy action plan circular economy chemicals waste pollution prevention control after:2018-01-01 before:2022-01-01,UN Environment Global Chemicals Outlook II,https://orbit.dtu.dk/files/170843838/GCOII_synth.pdf,"It covered trends and indicators for chemical production, transport, use and disposal, and associated health and environmental impacts; economic implications of ...",https://orbit.dtu.dk › files › GCOII_synth,orbit_dtu_dk_UN_Environment_Global_Chemicals_Outlook_II.txt
Kenya,2018–2022,1,UNEP project Kenya chemicals and waste management policy developing policy law regulation strategy action plan circular economy chemicals waste pollution prevention control after:2018-01-01 before:2022-01-01,National Sustainable Waste Management Policy,https://ke.chm-cbd.net/sites/ke/files/2023-09/SWM_Policy_2021_final_copy.pdf,opportunity.A Nationally Appropriate Mitigation Action (NAMA 2016) proposal for a Circular Economy Solid Waste Management Approach for Urban Areas in Kenya.,https://ke.chm-cbd.net › sites › files › SWM_Poli...,ke_chm-cbd_net_National_Sustainable_Waste_Management_Policy.txt
Kenya,2018–2022,1,UNEP project Kenya chemicals and waste management policy developing policy law regulation strategy action plan circular economy chemicals waste pollution prevention control after:2018-01-01 before:2022-01-01,Demystifying Finance for Circular Economies,https://www.unepfi.org/wordpress/wp-content/uploads/2021/03/UNEPFI_DemystfyingFinanceCircularity-2020-2.pdf,This report offers emerging evidence of the potential to scale up finance to accelerate the shift away from a take-make-waste model of resource use and ...,https://www.unepfi.org › uploads › 2021/03 › U...,www_unepfi_org_Demystifying_Finance_for_Circular_Economies.txt
Kenya,2018–2022,1,UNEP project Kenya chemicals and waste management policy developing policy law regulation strategy action plan circular economy chemicals waste pollution prevention control after:2018-01-01 before:2022-01-01,Businesses,https://www.unep.org/beatpollution/businesses,"By promoting high quality recycling we will work to sustainably guarantee ""the environmentally sound management of chemicals and all wastes throughout their ...",https://www.unep.org › beatpollution › businesses,www_unep_org_Businesses.txt
Kenya,2018–2022,1,UNEP project Kenya chemicals and waste management policy developing policy law regulation strategy action plan circular economy chemicals waste pollution prevention control after:2018-01-01 before:2022-01-01,Zambia Environmental Management Agency,https://www.facebook.com/zemazambia/posts/zema-welcomes-uns-urgent-call-to-action-against-chemical-pollution-chemicals-pla/1024522757758176/,ZEMA WELCOMES UN's URGENT CALL TO ACTION AGAINST CHEMICAL POLLUTION Chemicals play an important role in our daily lives as they are used in every...,20+ reactions,www_facebook_com_Zambia_Environmental_Management_Agency.txt
Kenya,2018–2022,1,UNEP project Kenya chemicals and waste management policy developing policy law regulation strategy action plan circular economy chemicals waste pollution prevention control after:2018-01-01 before:2022-01-01,Kenya National Sustainable Waste Management Policy 2021,https://plasticsdb.surrey.ac.uk/documents/kenya/Kenya%20National%20Sustainable%20Waste%20Management%20Policy%202021.pdf,The policy development process adopted a circular economy approach whereby waste ... and to develop “Five County-based waste management plans and regulations.,https://plasticsdb.surrey.ac.uk › documents › Keny...,plasticsdb_surrey_ac_uk_Kenya_National_Sustainable_Waste_Management_Policy.txt
Kenya,2018–2022,1,UNEP project Kenya chemicals and waste management policy developing policy law regulation strategy action plan circular economy chemicals waste pollution prevention control after:2018-01-01 before:2022-01-01,All around the world: Assessing optimality in comparative ...,https://www.sciencedirect.com/science/article/pii/S0959652620355396,This paper sets out to survey current waste management policy to identify the degree to which circular economy practices are being translated into public ...,https://www.sciencedirect.com › science › article › pii,www_sciencedirect_com_All_around_the_world_Assessing_optimality_in_compa.txt
Kenya,2018–2022,1,UNEP project Kenya chemicals and waste management policy developing policy law regulation strategy action plan circular economy chemicals waste pollution prevention control after:2018-01-01 before:2022-01-01,"Reducing uses and releases of chemicals of concern, ...",https://www.thegef.org/sites/default/files/web-documents/10523_CW_PIF.pdf,These hazardous chemicals include new industrial POPs and uPOPs; and Chemicals of Concern identified as an. Emerging Policy Issue (EPI) under the Strategic ...,https://www.thegef.org › files › 10523_CW_PIF,www_thegef_org_Reducing_uses_and_releases_of_chemicals_of_concern.txt
Kenya,2018–2022,1,UNEP project Kenya chemicals and waste management policy developing policy law regulation strategy action plan circular economy chemicals waste pollution prevention control after:2018-01-01 before:2022-01-01,Global Chemicals OutlooK II,https://www.efdinitiative.org/sites/default/files/publications/gcoii_synth.pdf,"Enable and strengthen the chemicals and waste management aspects of corporate sustainability policies, sustainable business models, and reporting. Bring ...",https://www.efdinitiative.org › files › gcoii_synth,www_efdinitiative_org_Global_Chemicals_OutlooK_II.txt
Kenya,2018–2022,1,UNEP project Kenya chemicals and waste management policy developing policy law regulation strategy action plan circular economy chemicals waste pollution prevention control after:2018-01-01 before:2022-01-01,FROM POLLUTION TO SOLUTION,https://www.gdr-po.cnrs.fr/docs/UNEP_2021.pdf,United Nations Environment Programme (2021). From Pollution to. Solution. A global assessment of marine litter and plastic pollution Nairobi. Production. United ...,https://www.gdr-po.cnrs.fr › docs › UNEP_2021,www_gdr-po_cnrs_fr_FROM_POLLUTION_TO_SOLUTION.txt
Kenya,2018–2022,1,UNEP project Kenya chemicals and waste management policy developing policy law regulation strategy action plan circular economy chemicals waste pollution prevention control after:2018-01-01 before:2022-01-01,FROM POLLUTION TO SOLUTION,https://www.gdr-po.cnrs.fr/docs/UNEP_2021.pdf,United Nations Environment Programme (2021). From Pollution to. Solution. A global assessment of marine litter and plastic pollution Nairobi. Production. United ...,https://www.gdr-po.cnrs.fr › docs › UNEP_2021,www_gdr-po_cnrs_fr_FROM_POLLUTION_TO_SOLUTION.txt
Kenya,2018–2022,1,UNEP project Kenya chemicals and waste management policy developing policy law regulation strategy action plan circular economy chemicals waste pollution prevention control after:2018-01-01 before:2022-01-01,Solid waste management in the context of the waste hierarchy ...,https://academic.oup.com/ieam/article/20/1/9/7725080,"We qualitatively evaluated global SWM strategies and practices, identifying opportunities, barriers, and best practices.",https://academic.oup.com › ieam › article,academic_oup_com_Solid_waste_management_in_the_context_of_the_waste.txt
Kenya,2018–2022,1,UNEP project Kenya chemicals and waste management policy developing policy law regulation strategy action plan circular economy chemicals waste pollution prevention control after:2018-01-01 before:2022-01-01,The Global E-waste Monitor 2020,https://ewastemonitor.info/wp-content/uploads/2020/11/GEM_2020_def_july1_low.pdf,"Monitoring the quantities and flows of e-waste is essential for evaluating developments over time, and to set and assess targets towards a sustainable society ...",https://ewastemonitor.info › uploads › 2020/11,ewastemonitor_info_The_Global_E_waste_Monitor_2020.txt
Kenya,2018–2022,1,UNEP project Kenya chemicals and waste management policy developing policy law regulation strategy action plan circular economy chemicals waste pollution prevention control after:2018-01-01 before:2022-01-01,DEVELOPING EFFECTIVE AFRICAN POLICY RESPONSES,https://saiia.org.za/wp-content/uploads/2018/06/Policy-Insights-59.pdf,"Sustainable use of resources is addressed under the section. 'Management of chemicals and waste, including hazardous waste' (articles 70 and. Page 11. 1 1.",https://saiia.org.za › 2018/06 › Policy-Insights-59,saiia_org_za_DEVELOPING_EFFECTIVE_AFRICAN_POLICY_RESPONSES.txt
Kenya,2018–2022,1,UNEP project Kenya chemicals and waste management policy developing policy law regulation strategy action plan circular economy chemicals waste pollution prevention control after:2018-01-01 before:2022-01-01,United Nations Environment Assembly of the ...,https://apps1.unep.org/resolutions/uploads/unep_aheg_2018_1_inf_4_unea2_edited.pdf,Our distribution policy aims to reduce UNEP's carbon footprint. Recommended citation: UNEP (2016). Marine plastic debris and microplastics – Global ...,https://apps1.unep.org › resolutions › uploads › u...,apps1_unep_org_United_Nations_Environment_Assembly_of_the_.txt
Kenya,2018–2022,1,UNEP project Kenya chemicals and waste management policy developing policy law regulation strategy action plan circular economy chemicals waste pollution prevention control after:2018-01-01 before:2022-01-01,Appendix D,https://www.housingandurban.go.ke/wp-content/uploads/2018/11/Appendix-D-National-Environmental-Policy-2.pdf,"In Kenya, management of chemicals has been without a guiding policy. In its absence, Kenya is vulnerable to risks and hazards associated with chemicals. 5.8 ...",https://www.housingandurban.go.ke › 2018/11,www_housingandurban_go_ke_Appendix_D.txt
Kenya,2018–2022,1,UNEP project Kenya chemicals and waste management policy developing policy law regulation strategy action plan circular economy chemicals waste pollution prevention control after:2018-01-01 before:2022-01-01,20 Years of Government Responses to the Global Plastic ...,https://nicholasinstitute.duke.edu/sites/default/files/publications/20-Years-of-Government-Responses-to-the-Global-Plastic-Pollution-Problem_final_reduced.pdf,• [Strategy recommends to] develop programs and plan for management of waste to reduce the marine litter at source..[including to] encourage direct development.,https://nicholasinstitute.duke.edu › publications,nicholasinstitute_duke_edu_20_Years_of_Government_Responses_to_the_Global_Pla.txt
Kenya,2018–2022,1,UNEP project Kenya chemicals and waste management policy developing policy law regulation strategy action plan circular economy chemicals waste pollution prevention control after:2018-01-01 before:2022-01-01,Addressing single-use plastic products pollution,https://www.lifecycleinitiative.org/wp-content/uploads/2021/02/Addressing-SUP-Products-using-LCA_UNEP-2021_FINAL-Report-sml.pdf,"Policy approach under which the responsibility of producers – financial and/or physical – is extended beyond the use of their products, e.g. for the treatment.",https://www.lifecycleinitiative.org › 2021/02 › A...,www_lifecycleinitiative_org_Addressing_single_use_plastic_products_pollution.txt
Kenya,2018–2022,1,UNEP project Kenya chemicals and waste management policy developing policy law regulation strategy action plan circular economy chemicals waste pollution prevention control after:2018-01-01 before:2022-01-01,"The Role of Legislation, Regulatory Initiatives and ...",https://www.frontiersin.org/journals/environmental-science/articles/10.3389/fenvs.2020.00104/full,"There is the need to create and implement legislation aimed at curtailing, and, ideally, eliminating, the continual growing threats of plastic waste.",https://www.frontiersin.org › fenvs.2020.00104 › full,www_frontiersin_org_The_Role_of_Legislation_Regulatory_Initiatives_and.txt
Kenya,2018–2022,1,UNEP project Kenya chemicals and waste management policy developing policy law regulation strategy action plan circular economy chemicals waste pollution prevention control after:2018-01-01 before:2022-01-01,Rethinking Single-Use Plastic Products in Travel & Tourism,https://www.oneplanetnetwork.org/sites/default/files/from-crm/rethinking_single-use_plastic_products_in_travel_tourism_-_unep_wttc.pdf,"This is the result of high use of single- use products and plastic packaging, inadequate waste management systems, unregulated landfills and insufficient ...",https://www.oneplanetnetwork.org › from-crm,www_oneplanetnetwork_org_Rethinking_Single_Use_Plastic_Products_in_Travel_T.txt
Kenya,2018–2022,1,UNEP project Kenya chemicals and waste management policy developing policy law regulation strategy action plan circular economy chemicals waste pollution prevention control after:2018-01-01 before:2022-01-01,Appendix D,https://www.housingandurban.go.ke/wp-content/uploads/2018/11/Appendix-D-National-Environmental-Policy-2.pdf,"In Kenya, management of chemicals has been without a guiding policy. In its absence, Kenya is vulnerable to risks and hazards associated with chemicals. 5.8 ...",https://www.housingandurban.go.ke › 2018/11,www_housingandurban_go_ke_Appendix_D.txt
Kenya,2018–2022,1,UNEP project Kenya chemicals and waste management policy developing policy law regulation strategy action plan circular economy chemicals waste pollution prevention control after:2018-01-01 before:2022-01-01,"Making trade work for the environment, prosperity and ...",https://www.wto.org/english/res_e/publications_e/unereport2018_e.pdf,"Close collaboration between the Secretariats and past cooperation between UN. Environment and the WTO on topics such as trade and climate change, fisheries.",https://www.wto.org › res_e › unereport2018_e,www_wto_org_Making_trade_work_for_the_environment_prosperity_a.txt
Kenya,2018–2022,1,UNEP project Kenya chemicals and waste management policy developing policy law regulation strategy action plan circular economy chemicals waste pollution prevention control after:2018-01-01 before:2022-01-01,20 Years of Government Responses to the Global Plastic ...,https://nicholasinstitute.duke.edu/sites/default/files/publications/20-Years-of-Government-Responses-to-the-Global-Plastic-Pollution-Problem_final_reduced.pdf,• [Strategy recommends to] develop programs and plan for management of waste to reduce the marine litter at source..[including to] encourage direct development.,https://nicholasinstitute.duke.edu › publications,nicholasinstitute_duke_edu_20_Years_of_Government_Responses_to_the_Global_Pla.txt
Kenya,2018–2022,1,UNEP project Kenya chemicals and waste management policy developing policy law regulation strategy action plan circular economy chemicals waste pollution prevention control after:2018-01-01 before:2022-01-01,Rethinking sustainability: a review of Liberia's municipal solid ...,https://pmc.ncbi.nlm.nih.gov/articles/PMC7202682/,The purpose of this review was to highlight the current waste management activities in Liberia and provide information to the readers about the challenges ...,https://pmc.ncbi.nlm.nih.gov › articles › PMC7202682,pmc_ncbi_nlm_nih_gov_Rethinking_sustainability_a_review_of_Liberia_s_mu.txt
Kenya,2018–2022,1,UNEP project Kenya chemicals and waste management policy developing policy law regulation strategy action plan circular economy chemicals waste pollution prevention control after:2018-01-01 before:2022-01-01,The Truth Behind Trash,https://eia-international.org/wp-content/uploads/EIA-The-Truth-Behind-Trash-FINAL.pdf,Available here (September 2021) and Republic of Kenya. Ministry of Environment & Forestry (2020) National. Sustainable Waste Management Policy. Available here ...,https://eia-international.org › wp-content › uploads,eia-international_org_The_Truth_Behind_Trash.txt
Kenya,2018–2022,1,UNEP project Kenya chemicals and waste management policy developing policy law regulation strategy action plan circular economy chemicals waste pollution prevention control after:2018-01-01 before:2022-01-01,The Circular Economy and Impact Assessment,https://iaia.org/wp-content/uploads/2025/03/The-Circular-Economy-and-Impact-Assessment-a-Primer.pdf,Josh Fothergill MSc FIEMA CEnv. Josh is a recognized expert in both the circular economy (CE) and impact assessment (IA). He was a key author.,https://iaia.org › wp-content › uploads › 2025/03,iaia_org_The_Circular_Economy_and_Impact_Assessment.txt
Kenya,2018–2022,1,UNEP project Kenya chemicals and waste management policy developing policy law regulation strategy action plan circular economy chemicals waste pollution prevention control after:2018-01-01 before:2022-01-01,Circular economy opportunities Vanuatu,https://climatepromise.undp.org/sites/default/files/research_report_document/undp-clmate-promise-vanuatu-circular-economy-opportunities.pdf,"Waste Management and Pollution Control. Strategy and Implementation Plan 2016-. 2020, available from: https://www.nab. vu/sites/default/files/documents/soiws ...",https://climatepromise.undp.org › default › files,climatepromise_undp_org_Circular_economy_opportunities_Vanuatu.txt
Kenya,2018–2022,1,UNEP project Kenya chemicals and waste management policy developing policy law regulation strategy action plan circular economy chemicals waste pollution prevention control after:2018-01-01 before:2022-01-01,INTERNATIONAL GUIDELINES FOR INDUSTRIAL PARKS,https://www.unido.org/sites/default/files/files/2019-11/International_Guidelines_for_Industrial_Parks.pdf,Such strategies should be based on the conventional waste management hierarchy that should encourage: Reduction of hazardous substances at the source by ...,https://www.unido.org › default › files › files › I...,www_unido_org_INTERNATIONAL_GUIDELINES_FOR_INDUSTRIAL_PARKS.txt
Kenya,2018–2022,1,UNEP project Kenya chemicals and waste management policy developing policy law regulation strategy action plan circular economy chemicals waste pollution prevention control after:2018-01-01 before:2022-01-01,Safeguarding-the-Environment-through-Effective-Pollution- ...,http://kmco.co.ke/wp-content/uploads/2019/09/Safeguarding-the-Environment-through-Effective-Pollution-Control-in-Kenya-Kariuki-Muigua-28th-SEPT-2019.pdf,Towards an Effective framework on Pollution Control in Kenya. 6.1 Effective Waste Management. Effective disposal and management of waste is considered as one ...,http://kmco.co.ke › uploads › 2019/09 › Safegua...,kmco_co_ke_Safeguarding_the_Environment_through_Effective_Pol.txt
Kenya,2018–2022,1,UNEP project Kenya chemicals and waste management policy developing policy law regulation strategy action plan circular economy chemicals waste pollution prevention control after:2018-01-01 before:2022-01-01,Sustainable Development Goal 6 Synthesis Report on ...,https://www.unwater.org/sites/default/files/app/uploads/2018/12/SDG6_SynthesisReport2018_WaterandSanitation_04122018.pdf,"Progress in nutrition, health, education, work, equality, environmental protection and international cooperation are all related to the availability and ...",https://www.unwater.org › uploads › 2018/12,www_unwater_org_Sustainable_Development_Goal_6_Synthesis_Report_on.txt
Kenya,2018–2022,1,UNEP project Kenya chemicals and waste management policy developing policy law regulation strategy action plan circular economy chemicals waste pollution prevention control after:2018-01-01 before:2022-01-01,The Burden of Microplastics Pollution and Contending ...,https://www.mdpi.com/1660-4601/19/11/6773,"This review provided the first snapshot of the global and local governance strategies currently aimed at mitigating plastic pollution, their limitations, and ...",https://www.mdpi.com › ...,www_mdpi_com_The_Burden_of_Microplastics_Pollution_and_Contendi.txt
Kenya,2018–2022,1,UNEP project Kenya chemicals and waste management policy developing policy law regulation strategy action plan circular economy chemicals waste pollution prevention control after:2018-01-01 before:2022-01-01,EPR Toolbox |Know-how to enable Extended Producer ...,https://prevent-waste.net/wp-content/uploads/2023/06/FS00_Introduction_updated-Sepetmber-2022.pdf,Organising and financing waste management in a circular economy. Achieving an effective circular economy has important implications for every step of the ...,https://prevent-waste.net › uploads › 2023/06 › F...,prevent-waste_net_EPR_Toolbox_Know_how_to_enable_Extended_Producer_.txt
Kenya,2018–2022,1,UNEP project Kenya chemicals and waste management policy developing policy law regulation strategy action plan circular economy chemicals waste pollution prevention control after:2018-01-01 before:2022-01-01,danish-organisation-strategy-for-united-nations- ...,https://um.dk/media/nakniblj/danish-organisation-strategy-for-united-nations-environment-programme-unep-20222025.pdf,"Finally, for chemicals and pollution action, the outcomes focus on enhancing capacity and leadership in the sound management of chemicals and waste; improving ...",https://um.dk › media › nakniblj › danish-organi...,um_dk_danish_organisation_strategy_for_united_nations_.txt
Kenya,2018–2022,1,UNEP project Kenya chemicals and waste management policy developing policy law regulation strategy action plan circular economy chemicals waste pollution prevention control after:2018-01-01 before:2022-01-01,An Inclusive Circular Economy,https://www.chathamhouse.org/sites/default/files/publications/research/2019-05-22-Circular%20Economy.pdf,"The CE continues to be understood primarily as a waste management and recycling strategy, but the economic opportunities are far broader and more diverse. With ...",https://www.chathamhouse.org › files › research,www_chathamhouse_org_An_Inclusive_Circular_Economy.txt
Kenya,2018–2022,1,UNEP project Kenya chemicals and waste management policy developing policy law regulation strategy action plan circular economy chemicals waste pollution prevention control after:2018-01-01 before:2022-01-01,Solid Waste Management and Policies Toward Sustainable ...,https://link.springer.com/rwe/10.1007/978-981-15-7525-9_27-1,"This chapter mainly focuses on solid waste, its types, various sources, and disposal technologies used for proper management of solid waste.",https://link.springer.com › rwe,link_springer_com_Solid_Waste_Management_and_Policies_Toward_Sustain.txt
Kenya,2018–2022,1,UNEP project Kenya chemicals and waste management policy developing policy law regulation strategy action plan circular economy chemicals waste pollution prevention control after:2018-01-01 before:2022-01-01,Best Practices for Solid Waste Management,https://www.iges.or.jp/en/publication_documents/pub/policyreport/en/11066/Best+Practices+for+SWM_Guide+for+Decision+Makers+in+Developing+Countries_Oct+20_0.pdf,prepared Nepal's “Disaster Waste Management Policy/Strategy Nepal” (UNEP 2018a). The plan's objectives include promoting the latest technology through ...,https://www.iges.or.jp › pub › policyreport › Best...,www_iges_or_jp_Best_Practices_for_Solid_Waste_Management.txt
Kenya,2018–2022,1,UNEP project Kenya chemicals and waste management policy developing policy law regulation strategy action plan circular economy chemicals waste pollution prevention control after:2018-01-01 before:2022-01-01,DEVELOPING EFFECTIVE AFRICAN POLICY RESPONSES,https://saiia.org.za/wp-content/uploads/2018/06/Policy-Insights-59.pdf,"Sustainable use of resources is addressed under the section. 'Management of chemicals and waste, including hazardous waste' (articles 70 and. Page 11. 1 1.",https://saiia.org.za › 2018/06 › Policy-Insights-59,saiia_org_za_DEVELOPING_EFFECTIVE_AFRICAN_POLICY_RESPONSES.txt
Kenya,2018–2022,1,UNEP project Kenya chemicals and waste management policy developing policy law regulation strategy action plan circular economy chemicals waste pollution prevention control after:2018-01-01 before:2022-01-01,Addressing single-use plastic products pollution,https://www.lifecycleinitiative.org/wp-content/uploads/2021/02/Addressing-SUP-Products-using-LCA_UNEP-2021_FINAL-Report-sml.pdf,"Policy approach under which the responsibility of producers – financial and/or physical – is extended beyond the use of their products, e.g. for the treatment.",https://www.lifecycleinitiative.org › 2021/02 › A...,www_lifecycleinitiative_org_Addressing_single_use_plastic_products_pollution.txt
Kenya,2018–2022,1,UNEP project Kenya chemicals and waste management policy developing policy law regulation strategy action plan circular economy chemicals waste pollution prevention control after:2018-01-01 before:2022-01-01,Environmental and Social Management Framework Africa ...,https://nema.go.ke/wp-content/uploads/2024/09/Environmental-and-Social-Management-Framework-Africa-Environmental-Health-and-Pollution-Management-Program.pdf,ESS3 Resource Efficiency and Pollution Prevention and Management: Different activities under the project ... management of chemicals in ASGM and waste recycling ...,https://nema.go.ke › uploads › 2024/09 › Enviro...,nema_go_ke_Environmental_and_Social_Management_Framework_Afri.txt
Kenya,2018–2022,1,UNEP project Kenya chemicals and waste management policy developing policy law regulation strategy action plan circular economy chemicals waste pollution prevention control after:2018-01-01 before:2022-01-01,AFRICAN ECONOMIC RESEARCH CONSORTIUM ( ...,https://publication.aercafricalibrary.org/bitstreams/43d69dab-53c7-4b7a-918e-0dec5c6d03c7/download,"Good public environmental policy requires an understanding of the nature of various pollutants, their effects on the environment, and their costs. Pollution ...",https://publication.aercafricalibrary.org › downlo...,publication_aercafricalibrary_org_AFRICAN_ECONOMIC_RESEARCH_CONSORTIUM_.txt
Kenya,2018–2022,2,in partnership with UNEP Kenya mercury management policy endorsed policy law regulation strategy action plan circular economy chemicals waste pollution prevention control after:2018-01-01 before:2022-01-01,Combating marine plastic litter and microplast,https://apps1.unep.org/resolutions/uploads/unep_aheg_2018_inf3_full_assessment_en.pdf,"UN Environment, 2017. Combating marine plastic litter and microplastics: An assessment of the effectiveness of relevant international, regional and subregional ...",https://apps1.unep.org › resolutions › uploads › u...,apps1_unep_org_Combating_marine_plastic_litter_and_microplast.txt
Kenya,2018–2022,2,in partnership with UNEP Kenya mercury management policy endorsed policy law regulation strategy action plan circular economy chemicals waste pollution prevention control after:2018-01-01 before:2022-01-01,The Global E-waste Monitor 2020,https://ewastemonitor.info/wp-content/uploads/2020/11/GEM_2020_def_july1_low.pdf,"Monitoring the quantities and flows of e-waste is essential for evaluating developments over time, and to set and assess targets towards a sustainable society ...",https://ewastemonitor.info › uploads › 2020/11,ewastemonitor_info_The_Global_E_waste_Monitor_2020.txt
Kenya,2018–2022,2,in partnership with UNEP Kenya mercury management policy endorsed policy law regulation strategy action plan circular economy chemicals waste pollution prevention control after:2018-01-01 before:2022-01-01,"Marine litter and plastic waste, household ...",https://www.facebook.com/PlanningTT/posts/marine-litter-and-plastic-waste-household-waste-engineered-landfills-guidelines-/2573987762659240/,"Together, they aim to strengthen national policies and establish a comprehensive regional structure for waste management and circular economy action across the ...",20+ reactions,www_facebook_com_Marine_litter_and_plastic_waste_household_.txt
Kenya,2018–2022,2,in partnership with UNEP Kenya mercury management policy endorsed policy law regulation strategy action plan circular economy chemicals waste pollution prevention control after:2018-01-01 before:2022-01-01,Demystifying Finance for Circular Economies,https://www.unepfi.org/wordpress/wp-content/uploads/2021/03/UNEPFI_DemystfyingFinanceCircularity-2020-2.pdf,The United Nations Environment Programme Finance Initiative (UNEP FI) is a partnership between UNEP and the global financial sector to mobilize private ...,https://www.unepfi.org › uploads › 2021/03 › U...,www_unepfi_org_Demystifying_Finance_for_Circular_Economies.txt
Kenya,2018–2022,2,in partnership with UNEP Kenya mercury management policy endorsed policy law regulation strategy action plan circular economy chemicals waste pollution prevention control after:2018-01-01 before:2022-01-01,Environmental and Social Management Framework Africa ...,https://nema.go.ke/wp-content/uploads/2024/09/Environmental-and-Social-Management-Framework-Africa-Environmental-Health-and-Pollution-Management-Program.pdf,"... prevention and control of pollution ... Plan aims to mainstream environmental management activities into the Ministries Policies, Strategies and.",https://nema.go.ke › uploads › 2024/09 › Enviro...,nema_go_ke_Environmental_and_Social_Management_Framework_Afri.txt
Kenya,2018–2022,2,in partnership with UNEP Kenya mercury management policy endorsed policy law regulation strategy action plan circular economy chemicals waste pollution prevention control after:2018-01-01 before:2022-01-01,20 Years of Government Responses to the Global Plastic ...,https://nicholasinstitute.duke.edu/sites/default/files/publications/20-Years-of-Government-Responses-to-the-Global-Plastic-Pollution-Problem_final_reduced.pdf,"... action plan for the circular economy which references plans for a more ambitious EU target for recycling of plastic packaging, or 2015 directive on packaging.",https://nicholasinstitute.duke.edu › publications,nicholasinstitute_duke_edu_20_Years_of_Government_Responses_to_the_Global_Pla.txt
Kenya,2018–2022,2,in partnership with UNEP Kenya mercury management policy endorsed policy law regulation strategy action plan circular economy chemicals waste pollution prevention control after:2018-01-01 before:2022-01-01,Circular Economy,https://eba.se/app/uploads/2021/05/WP_2021_05_Slunge-Andersson-Wikstr%C3%B6m-Sterner.pdf,"critical issues for a circular economy such as resource efficiency, decoupling, waste management and pollution prevention. But, generally this literature is ...",https://eba.se › app › uploads › 2021/05 › WP_2...,eba_se_Circular_Economy.txt
Kenya,2018–2022,2,in partnership with UNEP Kenya mercury management policy endorsed policy law regulation strategy action plan circular economy chemicals waste pollution prevention control after:2018-01-01 before:2022-01-01,MINISTRY OF ENVIRONMENT AND FORESTRY ...,https://repository.kippra.or.ke/bitstreams/79d9dca9-172f-4bdc-9661-6037c8e57f84/download,"sustainable E-waste management, this strategy seeks to develop and harmonize policy, legal and regulatory framework for E-waste management in Kenya. There ...",https://repository.kippra.or.ke › download,repository_kippra_or_ke_MINISTRY_OF_ENVIRONMENT_AND_FORESTRY_.txt
Kenya,2018–2022,2,in partnership with UNEP Kenya mercury management policy endorsed policy law regulation strategy action plan circular economy chemicals waste pollution prevention control after:2018-01-01 before:2022-01-01,FROM POLLUTION TO SOLUTION,https://www.gdr-po.cnrs.fr/docs/UNEP_2021.pdf,From Pollution to. Solution. A global assessment of marine litter and plastic pollution Nairobi. Production. United Nations Environment Programme (UNEP). Layout ...,https://www.gdr-po.cnrs.fr › docs › UNEP_2021,www_gdr-po_cnrs_fr_FROM_POLLUTION_TO_SOLUTION.txt
Kenya,2018–2022,2,in partnership with UNEP Kenya mercury management policy endorsed policy law regulation strategy action plan circular economy chemicals waste pollution prevention control after:2018-01-01 before:2022-01-01,Global Chemicals OutlooK II,https://www.efdinitiative.org/sites/default/files/publications/gcoii_synth.pdf,"It covered trends and indicators for chemical production, transport, use and disposal, and associated health and environmental impacts; economic implications of ...",https://www.efdinitiative.org › files › gcoii_synth,www_efdinitiative_org_Global_Chemicals_OutlooK_II.txt
Kenya,2018–2022,2,in partnership with UNEP Kenya mercury management policy endorsed policy law regulation strategy action plan circular economy chemicals waste pollution prevention control after:2018-01-01 before:2022-01-01,Global Chemicals OutlooK II,https://www.efdinitiative.org/sites/default/files/publications/gcoii_synth.pdf,"It covered trends and indicators for chemical production, transport, use and disposal, and associated health and environmental impacts; economic implications of ...",https://www.efdinitiative.org › files › gcoii_synth,www_efdinitiative_org_Global_Chemicals_OutlooK_II.txt
Kenya,2018–2022,2,in partnership with UNEP Kenya mercury management policy endorsed policy law regulation strategy action plan circular economy chemicals waste pollution prevention control after:2018-01-01 before:2022-01-01,Report of the United Nations Environment Assembly of the ...,https://docs.un.org/en/A/74/25,"(c) To advance sustainable consumption and production patterns, including, but not only, through circular economy and other sustainable economic models and the ...",https://docs.un.org › ...,docs_un_org_Report_of_the_United_Nations_Environment_Assembly_.txt
Kenya,2018–2022,2,in partnership with UNEP Kenya mercury management policy endorsed policy law regulation strategy action plan circular economy chemicals waste pollution prevention control after:2018-01-01 before:2022-01-01,Integrated Waste Management in Africa,https://www.switchtogreen.eu/wp-content/uploads/2021/02/Integrated-Waste-Management-in-Africa-Focus-on-Circularity-.pdf,This report presents an analysis of the implementation and results of the SWITCH Africa Green programme in the integrated waste management (IWM) sector focusing ...,https://www.switchtogreen.eu › uploads › 2021/02,www_switchtogreen_eu_Integrated_Waste_Management_in_Africa.txt
Kenya,2018–2022,2,in partnership with UNEP Kenya mercury management policy endorsed policy law regulation strategy action plan circular economy chemicals waste pollution prevention control after:2018-01-01 before:2022-01-01,GEF-ISLANDS-10279-CEO-Endorsement-Package.pdf,https://www.bcrc-caribbean.org/wp-content/uploads/2019/10/GEF-ISLANDS-10279-CEO-Endorsement-Package.pdf,... mercury reduced regionally through the avoided import of mercury added product as well as the environmentally sound management of mercury wastes. Data from ...,https://www.bcrc-caribbean.org › 2019/10 › GE...,www_bcrc-caribbean_org_GEF_ISLANDS_10279_CEO_Endorsement_Package_pdf.txt
Kenya,2018–2022,2,in partnership with UNEP Kenya mercury management policy endorsed policy law regulation strategy action plan circular economy chemicals waste pollution prevention control after:2018-01-01 before:2022-01-01,Circular Economy,https://eba.se/app/uploads/2021/05/WP_2021_05_Slunge-Andersson-Wikstr%C3%B6m-Sterner.pdf,"critical issues for a circular economy such as resource efficiency, decoupling, waste management and pollution prevention. But, generally this literature is ...",https://eba.se › app › uploads › 2021/05 › WP_2...,eba_se_Circular_Economy.txt
Kenya,2018–2022,2,in partnership with UNEP Kenya mercury management policy endorsed policy law regulation strategy action plan circular economy chemicals waste pollution prevention control after:2018-01-01 before:2022-01-01,The Global E-waste Monitor 2020,https://www.itu.int/en/itu-d/environment/documents/toolbox/gem_2020_def.pdf,"Monitoring the quantities and flows of e-waste is essential for evaluating developments over time, and to set and assess targets towards a sustainable society ...",https://www.itu.int › toolbox › gem_2020_def,www_itu_int_The_Global_E_waste_Monitor_2020.txt
Kenya,2018–2022,2,in partnership with UNEP Kenya mercury management policy endorsed policy law regulation strategy action plan circular economy chemicals waste pollution prevention control after:2018-01-01 before:2022-01-01,FROM POLLUTION TO SOLUTION,https://www.gdr-po.cnrs.fr/docs/UNEP_2021.pdf,From Pollution to. Solution. A global assessment of marine litter and plastic pollution Nairobi. Production. United Nations Environment Programme (UNEP). Layout ...,https://www.gdr-po.cnrs.fr › docs › UNEP_2021,www_gdr-po_cnrs_fr_FROM_POLLUTION_TO_SOLUTION.txt
Kenya,2018–2022,2,in partnership with UNEP Kenya mercury management policy endorsed policy law regulation strategy action plan circular economy chemicals waste pollution prevention control after:2018-01-01 before:2022-01-01,United Nations Environment Programme Implementation of ...,https://gefcrew.org/carrcu/18IGM/4LBSCOP/Info-Docs/gpa_igr4_inf8-en.pdf,"Part A captures information on contributions to the policy development cycle that supports action in addressing land-based pollution, specifically problem ...",https://gefcrew.org › Info-Docs › gpa_igr4_inf8-en,gefcrew_org_United_Nations_Environment_Programme_Implementatio.txt
Kenya,2018–2022,2,in partnership with UNEP Kenya mercury management policy endorsed policy law regulation strategy action plan circular economy chemicals waste pollution prevention control after:2018-01-01 before:2022-01-01,National Climate Change Action Plan 2018-2022,https://napglobalnetwork.org/wp-content/uploads/2022/01/napgn-en-2022-kenya-NCCAP-2018-2022-Implemantation-Status-Report.pdf,It is a five-year plan that provides an overarching blueprint to guide the mainstreaming of adaptation and mitigation actions across sectors and levels of ...,https://napglobalnetwork.org › uploads › 2022/01,napglobalnetwork_org_National_Climate_Change_Action_Plan_2018_2022.txt
Kenya,2018–2022,2,in partnership with UNEP Kenya mercury management policy endorsed policy law regulation strategy action plan circular economy chemicals waste pollution prevention control after:2018-01-01 before:2022-01-01,ECOWAS ENVIRONMENTAL ACTION PLAN 2020-2026,https://ecowap.ecowas.int/media/ecowap/file_document/2020_ECOWAS_ECOWAS_ENVIRONMENTAL_ACTION_PLAN_Final_Version_-_ENG.pdf,"Concerning the third strategic line of action relating to « pollution, nuisance and waste control », the Directorate of Environment developed a regional ...",https://ecowap.ecowas.int › ecowap › file_document,ecowap_ecowas_int_ECOWAS_ENVIRONMENTAL_ACTION_PLAN_2020_2026.txt
Kenya,2018–2022,2,in partnership with UNEP Kenya mercury management policy endorsed policy law regulation strategy action plan circular economy chemicals waste pollution prevention control after:2018-01-01 before:2022-01-01,NATIONAL CLIMATE CHANGE ACTION PLAN 2018-2022 ...,https://www.lse.ac.uk/GranthamInstitute/wp-content/uploads/2018/10/8737.pdf,▫ Develop five County-based waste management plans and regulations that are consistent with the National. Waste Management Strategy and other relevant policies.,https://www.lse.ac.uk › uploads › 2018/10,www_lse_ac_uk_NATIONAL_CLIMATE_CHANGE_ACTION_PLAN_2018_2022_.txt
Kenya,2018–2022,2,in partnership with UNEP Kenya mercury management policy endorsed policy law regulation strategy action plan circular economy chemicals waste pollution prevention control after:2018-01-01 before:2022-01-01,Best Practices for Solid Waste Management,https://www.iges.or.jp/en/publication_documents/pub/policyreport/en/11066/Best+Practices+for+SWM_Guide+for+Decision+Makers+in+Developing+Countries_Oct+20_0.pdf,prepared Nepal's “Disaster Waste Management Policy/Strategy Nepal” (UNEP 2018a). The plan's objectives include promoting the latest technology through ...,https://www.iges.or.jp › pub › policyreport › Best...,www_iges_or_jp_Best_Practices_for_Solid_Waste_Management.txt
Kenya,2018–2022,2,in partnership with UNEP Kenya mercury management policy endorsed policy law regulation strategy action plan circular economy chemicals waste pollution prevention control after:2018-01-01 before:2022-01-01,ECOWAS ENVIRONMENTAL ACTION PLAN 2020-2026,https://ecowap.ecowas.int/media/ecowap/file_document/2020_ECOWAS_ECOWAS_ENVIRONMENTAL_ACTION_PLAN_Final_Version_-_ENG.pdf,"Concerning the third strategic line of action relating to « pollution, nuisance and waste control », the Directorate of Environment developed a regional ...",https://ecowap.ecowas.int › ecowap › file_document,ecowap_ecowas_int_ECOWAS_ENVIRONMENTAL_ACTION_PLAN_2020_2026.txt
Kenya,2018–2022,2,in partnership with UNEP Kenya mercury management policy endorsed policy law regulation strategy action plan circular economy chemicals waste pollution prevention control after:2018-01-01 before:2022-01-01,Mineral Resource Governance in the 21st Century,https://www.greenpolicyplatform.org/sites/default/files/downloads/resource/irp-mineral_resource_governance-full_report-feb2020_compressed_compressed%20(1).pdf,"Greater resource efficiency and circularity need to be prioritized around the globe to reduce demand for virgin materials, as current trends of resource ...",https://www.greenpolicyplatform.org › downloads,www_greenpolicyplatform_org_Mineral_Resource_Governance_in_the_21st_Century.txt
Kenya,2018–2022,2,in partnership with UNEP Kenya mercury management policy endorsed policy law regulation strategy action plan circular economy chemicals waste pollution prevention control after:2018-01-01 before:2022-01-01,United Nations Environment Programme Implementation of ...,https://gefcrew.org/carrcu/18IGM/4LBSCOP/Info-Docs/gpa_igr4_inf8-en.pdf,"Part A captures information on contributions to the policy development cycle that supports action in addressing land-based pollution, specifically problem ...",https://gefcrew.org › Info-Docs › gpa_igr4_inf8-en,gefcrew_org_United_Nations_Environment_Programme_Implementatio.txt
Kenya,2018–2022,2,in partnership with UNEP Kenya mercury management policy endorsed policy law regulation strategy action plan circular economy chemicals waste pollution prevention control after:2018-01-01 before:2022-01-01,Demystifying Finance for Circular Economies,https://circulareconomy.europa.eu/platform/sites/default/files/2023-08/FinCir.pdf,The United Nations Environment Programme Finance Initiative (UNEP FI) is a partnership between UNEP and the global financial sector to mobilize private ...,https://circulareconomy.europa.eu › sites › files › FinCir,circulareconomy_europa_eu_Demystifying_Finance_for_Circular_Economies.txt
Kenya,2018–2022,2,in partnership with UNEP Kenya mercury management policy endorsed policy law regulation strategy action plan circular economy chemicals waste pollution prevention control after:2018-01-01 before:2022-01-01,'Pollution and MEAs: How do they affect T&T? ...,https://www.facebook.com/PlanningTT/posts/pollution-and-meas-how-do-they-affect-ttthe-ministry-of-planning-development-sup/4670640509660611/,'Pollution and MEAs: How do they affect T&T?' The Ministry of Planning & Development supports several international conventions to treat with chemicals...,2 reactions,www_facebook_com__Pollution_and_MEAs_How_do_they_affect_T_T_.txt
Kenya,2018–2022,2,in partnership with UNEP Kenya mercury management policy endorsed policy law regulation strategy action plan circular economy chemicals waste pollution prevention control after:2018-01-01 before:2022-01-01,(PDF) Waste Management in South Africa,https://www.researchgate.net/publication/336497412_Waste_Management_in_South_Africa,This book chapter highlights the drivers and state of SWM in RSA and suggests alternatives to make solid waste a resource. The SWM strategy of the country has a ...,https://www.researchgate.net › ... › Waste Management,www_researchgate_net__PDF_Waste_Management_in_South_Africa.txt
Kenya,2018–2022,2,in partnership with UNEP Kenya mercury management policy endorsed policy law regulation strategy action plan circular economy chemicals waste pollution prevention control after:2018-01-01 before:2022-01-01,A Global Snapshot of Solid Waste Management to 2050,https://documents1.worldbank.org/curated/en/697271544470229584/pdf/What-a-Waste-2-0-A-Global-Snapshot-of-Solid-Waste-Management-to-2050.pdf,The series aims to delve substantively into a range of core issues related to urban devel- opment that policy makers and practitioners must address. Cities and ...,https://documents1.worldbank.org › curated › pdf,documents1_worldbank_org_A_Global_Snapshot_of_Solid_Waste_Management_to_205.txt
Kenya,2018–2022,2,in partnership with UNEP Kenya mercury management policy endorsed policy law regulation strategy action plan circular economy chemicals waste pollution prevention control after:2018-01-01 before:2022-01-01,Master Deck Chemicals and Waste Series Session 2.pdf,https://www.sparkblue.org/system/files/2021-03/Master%20Deck%20Chemicals%20and%20Waste%20Series%20Session%202.pdf,Disposal strategy for mercury waste should be in line with the ... Sound Management of Chemicals and Waste: Greening health care waste. 24 April ...,https://www.sparkblue.org › system › files › Mas...,www_sparkblue_org_Master_Deck_Chemicals_and_Waste_Series_Session_2_p.txt
Kenya,2018–2022,2,in partnership with UNEP Kenya mercury management policy endorsed policy law regulation strategy action plan circular economy chemicals waste pollution prevention control after:2018-01-01 before:2022-01-01,First Steps Toward Sustainable Circular Uses of Chemicals,https://pubs.acs.org/doi/10.1021/acssuschemeng.1c00243,We propose next steps on how to embed the concept of “circularity” into practice (including the design phase) to foster systemic transition toward sustainable ...,https://pubs.acs.org › doi,pubs_acs_org_First_Steps_Toward_Sustainable_Circular_Uses_of_Ch.txt
Kenya,2018–2022,2,in partnership with UNEP Kenya mercury management policy endorsed policy law regulation strategy action plan circular economy chemicals waste pollution prevention control after:2018-01-01 before:2022-01-01,Minister of State for Environment Dr. Abdulla Naseer ...,https://www.facebook.com/environment.gov.mv/posts/minister-of-state-for-environment-dr-abdulla-naseer-opened-the-inception-worksho/3407654782664598/,Ad hoc open-ended working group on a science- policy panel to contribute further to the sound management of chemicals and waste and to prevent pollution.,8 reactions,www_facebook_com_Minister_of_State_for_Environment_Dr_Abdulla_Nasee.txt
Kenya,2018–2022,2,in partnership with UNEP Kenya mercury management policy endorsed policy law regulation strategy action plan circular economy chemicals waste pollution prevention control after:2018-01-01 before:2022-01-01,NATIONAL CLIMATE CHANGE ACTION PLAN 2018-2022 ...,https://www.lse.ac.uk/GranthamInstitute/wp-content/uploads/2018/10/8737.pdf,▫ Develop five County-based waste management plans and regulations that are consistent with the National. Waste Management Strategy and other relevant policies.,https://www.lse.ac.uk › uploads › 2018/10,www_lse_ac_uk_NATIONAL_CLIMATE_CHANGE_ACTION_PLAN_2018_2022_.txt
Kenya,2018–2022,2,in partnership with UNEP Kenya mercury management policy endorsed policy law regulation strategy action plan circular economy chemicals waste pollution prevention control after:2018-01-01 before:2022-01-01,"The United Nations world water development report, 2017",https://unesdoc.unesco.org/ark:/48223/pf0000247153,"The United Nations World Water Development Report 2017. Wastewater: The Untapped Resource. Paris, UNESCO. This publication is available in Open Access.",https://unesdoc.unesco.org › ark:,unesdoc_unesco_org_The_United_Nations_world_water_development_report_.txt
Kenya,2018–2022,2,in partnership with UNEP Kenya mercury management policy endorsed policy law regulation strategy action plan circular economy chemicals waste pollution prevention control after:2018-01-01 before:2022-01-01,"(PDF) UNEP 2021, Sustainable Public Procurement",https://www.researchgate.net/publication/355889107_UNEP_2021_Sustainable_Public_Procurement_How_to_Wake_the_Sleeping_Giant_Introducing_the_United_Nations_Environment_Programme's_Approach,"The Sustainable Public Procurement Implementation Guidelines give direction to SPP policy makers, experts and consultants on designing Sustainable Public ...",https://www.researchgate.net › ... › Public Procurement,www_researchgate_net__PDF_UNEP_2021_Sustainable_Public_Procurement.txt
Kenya,2018–2022,2,in partnership with UNEP Kenya mercury management policy endorsed policy law regulation strategy action plan circular economy chemicals waste pollution prevention control after:2018-01-01 before:2022-01-01,Pure Earth 2030 Strategic Plan,https://www.pureearth.org/wp-content/uploads/2022/03/Pure-Earth-2030-Strategic-Plan.pdf,"Pure Earth raises awareness to drive understanding, demand and commitment to invest in toxic chemical pollution control in LMICs. We achieve this through ...",https://www.pureearth.org › uploads › 2022/03,www_pureearth_org_Pure_Earth_2030_Strategic_Plan.txt
Kenya,2018–2022,2,in partnership with UNEP Kenya mercury management policy endorsed policy law regulation strategy action plan circular economy chemicals waste pollution prevention control after:2018-01-01 before:2022-01-01,"Environmental, Social and Governance",https://greenfinancelac.org/wp-content/uploads/2020/06/Environmental_Social_Governance.2.pdf,"At WBCSD, we see how progressive businesses are taking a lead in cultivating solutions — in areas such as patterns of consumption and waste, climate change, and.",https://greenfinancelac.org › uploads › 2020/06,greenfinancelac_org_Environmental_Social_and_Governance.txt
Kenya,2018–2022,2,in partnership with UNEP Kenya mercury management policy endorsed policy law regulation strategy action plan circular economy chemicals waste pollution prevention control after:2018-01-01 before:2022-01-01,A New Circular Vision for Electronics Time for a Global ...,https://www3.weforum.org/docs/WEF_A_New_Circular_Vision_for_Electronics.pdf,"The E-waste Coalition. This report supports the work of the E-waste coalition, a group of seven UN entities that have come together to increase cooperation and ...",https://www3.weforum.org › docs › WEF_A_Ne...,www3_weforum_org_A_New_Circular_Vision_for_Electronics_Time_for_a_G.txt
Kenya,2018–2022,2,in partnership with UNEP Kenya mercury management policy endorsed policy law regulation strategy action plan circular economy chemicals waste pollution prevention control after:2018-01-01 before:2022-01-01,greening international trade: pathways forward,https://www.graduateinstitute.ch/sites/internet/files/2021-06/Greening%20Trade_CDB_Final_Web.pdf,"Circular Economy Action Plan,347 which adopts a targeted approach to material-specific sectors such as plastics, critical raw materials, biomass, and food ...",https://www.graduateinstitute.ch › internet › files,www_graduateinstitute_ch_greening_international_trade_pathways_forward.txt
Kenya,2018–2022,2,in partnership with UNEP Kenya mercury management policy endorsed policy law regulation strategy action plan circular economy chemicals waste pollution prevention control after:2018-01-01 before:2022-01-01,Decent work in the management of electrical and electronic ...,https://www.ilo.org/wcmsp5/groups/public/---ed_dialogue/---sector/documents/publication/wcms_673662.pdf,"Decent work in the management of electrical and electronic waste (e-waste), Issues paper for the Global Dialogue. Forum on Decent Work in the Management of ...",https://www.ilo.org › publication › wcms_673662,www_ilo_org_Decent_work_in_the_management_of_electrical_and_el.txt
Kenya,2022–2026,1,UNEP facilitated Kenya single-use plastics regulation adopting policy law regulation strategy action plan circular economy chemicals waste pollution prevention control after:2022-01-01 before:2026-01-01,Marine plastics and the circular economy: A review of policy ...,https://pmc.ncbi.nlm.nih.gov/articles/PMC12528791/,"Traditional waste management methods are insufficient for addressing plastic waste's systemic challenges, necessitating a holistic, governance-focused approach ...",https://pmc.ncbi.nlm.nih.gov › articles › PMC12528791,pmc_ncbi_nlm_nih_gov_Marine_plastics_and_the_circular_economy_A_review_.txt
Kenya,2022–2026,1,UNEP facilitated Kenya single-use plastics regulation adopting policy law regulation strategy action plan circular economy chemicals waste pollution prevention control after:2022-01-01 before:2026-01-01,The gazettement of the Mandatory Extended Producer ...,https://www.facebook.com/WWFKenya/posts/the-gazettement-of-the-mandatory-extended-producer-responsibility-epr-regulation/580006727920148/,"The gazettement of the Mandatory Extended Producer Responsibility (EPR) regulations, 2024, shows Kenya's strong commitment to tackling plastic pollution...",7 reactions,www_facebook_com_The_gazettement_of_the_Mandatory_Extended_Producer.txt
Kenya,2022–2026,1,UNEP facilitated Kenya single-use plastics regulation adopting policy law regulation strategy action plan circular economy chemicals waste pollution prevention control after:2022-01-01 before:2026-01-01,"Compilation of information, best practices and lessons ...",https://www.basel.int/Portals/4/Basel%20Convention/docs/plastic%20waste/UNEP-CHW-PWPWG-PUB-SingleUse-Jan2023.English.pdf,"It is intended to assist Parties to the Basel Convention, authorities, stakeholders, and the public in the environmentally sound management of plastic wastes.",https://www.basel.int › Portals › docs › plastic waste,www_basel_int_Compilation_of_information_best_practices_and_less.txt
Kenya,2022–2026,1,UNEP facilitated Kenya single-use plastics regulation adopting policy law regulation strategy action plan circular economy chemicals waste pollution prevention control after:2022-01-01 before:2026-01-01,Plastic Pollution Policy Country Profile: Kenya,https://nicholasinstitute.duke.edu/sites/default/files/projects/Plastic-Pollution-Policy-Country-Profile-Kenya.pdf,"Kenya has addressed plastic pollution using three major regulatory tools: single use plastic bans, improvements to solid waste management and administrative and ...",https://nicholasinstitute.duke.edu › files › projects,nicholasinstitute_duke_edu_Plastic_Pollution_Policy_Country_Profile_Kenya.txt
Kenya,2022–2026,1,UNEP facilitated Kenya single-use plastics regulation adopting policy law regulation strategy action plan circular economy chemicals waste pollution prevention control after:2022-01-01 before:2026-01-01,Environment and Climate Change Principal Secretary Eng ...,https://www.facebook.com/EnvironmentClimateChangeForestryKenya/posts/environment-and-climate-change-principal-secretary-eng-festus-k-ngeno-is-current/545588524416346/,The PS said Kenya has developed the Sustainable Waste Management Act to implement a circular economy approach to waste management and move Kenya from linear to ...,10+ reactions,www_facebook_com_Environment_and_Climate_Change_Principal_Secretary.txt
Kenya,2022–2026,1,UNEP facilitated Kenya single-use plastics regulation adopting policy law regulation strategy action plan circular economy chemicals waste pollution prevention control after:2022-01-01 before:2026-01-01,Historic day in the campaign to beat plastic pollution,https://www.unep.org/news-and-stories/press-release/historic-day-campaign-beat-plastic-pollution-nations-commit-develop,A historic resolution at the UN Environment Assembly (UNEA-5) today in Nairobi to End Plastic Pollution and forge an international legally binding agreement by ...,"https://www.unep.org › News, Stories & Speeches",www_unep_org_Historic_day_in_the_campaign_to_beat_plastic_pollu.txt
Kenya,2022–2026,1,UNEP facilitated Kenya single-use plastics regulation adopting policy law regulation strategy action plan circular economy chemicals waste pollution prevention control after:2022-01-01 before:2026-01-01,Lessons from the EU's Legal Framework on Plastics,https://journals.sagepub.com/doi/10.3233/EPL-239016,This contribution sets out some lessons that the UN Treaty can learn from the implementation of the EU's circular approach for plastics.,https://journals.sagepub.com › doi › EPL-239016,journals_sagepub_com_Lessons_from_the_EU_s_Legal_Framework_on_Plastics.txt
Kenya,2022–2026,1,UNEP facilitated Kenya single-use plastics regulation adopting policy law regulation strategy action plan circular economy chemicals waste pollution prevention control after:2022-01-01 before:2026-01-01,"Policies, Regulations and Laws that Address the Harmful ...",https://unctad.org/system/files/non-official-document/ditc-ted-12042023-Single_Use_Plastics_Report_2023-3.pdf,"37 Policies to reduce single-use plastic marine pollution in West Africa ... with these focus areas: Circular Economy (Waste, Recycling, and Plastics), Climate ...",https://unctad.org › files › non-official-document,unctad_org_Policies_Regulations_and_Laws_that_Address_the_Har.txt
Kenya,2022–2026,1,UNEP facilitated Kenya single-use plastics regulation adopting policy law regulation strategy action plan circular economy chemicals waste pollution prevention control after:2022-01-01 before:2026-01-01,A global review of plastics policies to support improved ...,https://plasticspolicy.port.ac.uk/wp-content/uploads/2022/10/GPPC-Report.pdf,"The policy types analysed covered legally binding and voluntary measures: Bans on plastic bags, bans on single use plastic products, taxes on plastic bags,.",https://plasticspolicy.port.ac.uk › GPPC-Report,plasticspolicy_port_ac_uk_A_global_review_of_plastics_policies_to_support_im.txt
Kenya,2022–2026,1,UNEP facilitated Kenya single-use plastics regulation adopting policy law regulation strategy action plan circular economy chemicals waste pollution prevention control after:2022-01-01 before:2026-01-01,Solutions from the One Planet network to curb plastic ...,https://www.oneplanetnetwork.org/sites/default/files/2023-01/INT_UNEP_382_Plastic%20Pollution_12Jan2023_WEB.pdf,Circular economy approaches can support driving this systemic change. The Plastic Waste Amendments to the Basel Convention on the Control of Transboundary ...,https://www.oneplanetnetwork.org › default › files,www_oneplanetnetwork_org_Solutions_from_the_One_Planet_network_to_curb_plas.txt
Kenya,2022–2026,1,UNEP facilitated Kenya single-use plastics regulation adopting policy law regulation strategy action plan circular economy chemicals waste pollution prevention control after:2022-01-01 before:2026-01-01,Mapping study of alternatives to single-use plastics,https://www.unido.org/sites/default/files/unido-publications/2025-11/Mapping%20study%20of%20alternatives%20to%20single-use%20plastics%20-%20Reducing%20single-use%20plastics%20in%20Egypt.pdf,"This report was commissioned by UNIDO under the project “Supporting the Promotion of Circular. Economy Practices in the Single-Use Plastic Value Chain,” with ...",https://www.unido.org › files › unido-publications,www_unido_org_Mapping_study_of_alternatives_to_single_use_plasti.txt
Kenya,2022–2026,1,UNEP facilitated Kenya single-use plastics regulation adopting policy law regulation strategy action plan circular economy chemicals waste pollution prevention control after:2022-01-01 before:2026-01-01,An Overview of Circular Economy Approaches for Plastics,https://www.lidsen.com/journals/rpm/rpm-07-03-011,"It highlights that the current plastic circular economy approaches primarily comprise mechanical recycling, chemical recycling, bio-based and biodegradable ...",https://www.lidsen.com › journals › rpm › rpm-07-03-011,www_lidsen_com_An_Overview_of_Circular_Economy_Approaches_for_Pla.txt
Kenya,2022–2026,1,UNEP facilitated Kenya single-use plastics regulation adopting policy law regulation strategy action plan circular economy chemicals waste pollution prevention control after:2022-01-01 before:2026-01-01,"Some Countries Can Say “No!” to Single-Use Plastics, Others ...",https://sustainability.hapres.com/htmls/JSR_1693_Detail.html,"Despite the increasing awareness and concerns about plastic pollution, plastic packaging and single-use plastic (SUP) consumption continues to increase yearly.",https://sustainability.hapres.com › JSR_1693_Detail,sustainability_hapres_com_Some_Countries_Can_Say_No_to_Single_Use_Plastics_O.txt
Kenya,2022–2026,1,UNEP facilitated Kenya single-use plastics regulation adopting policy law regulation strategy action plan circular economy chemicals waste pollution prevention control after:2022-01-01 before:2026-01-01,Plastic pollution,https://www.unep.org/topics/chemicals-and-pollution-action/plastic-pollution,"UNEP works with stakeholders across the plastics value chain to strengthen regulations, promote innovative solutions, mobilise financing, encourage behavior ...",https://www.unep.org › chemicals-and-pollution-action,www_unep_org_Plastic_pollution.txt
Kenya,2022–2026,1,UNEP facilitated Kenya single-use plastics regulation adopting policy law regulation strategy action plan circular economy chemicals waste pollution prevention control after:2022-01-01 before:2026-01-01,Addressing Plastic Waste,https://www.epa.gov/system/files/documents/2023-07/SWM_PlasticWaste-Final.pdf,Preventing Single-Use Plastic Waste: Implications of Different Policy Approaches–. Environment Working Paper No. 182. https://www.oecd-ilibrary.org/docserver ...,https://www.epa.gov › SWM_PlasticWaste-Final,www_epa_gov_Addressing_Plastic_Waste.txt
Kenya,2022–2026,1,UNEP facilitated Kenya single-use plastics regulation adopting policy law regulation strategy action plan circular economy chemicals waste pollution prevention control after:2022-01-01 before:2026-01-01,Transitioning circular economy from policy to practice in ...,https://www.frontiersin.org/journals/sustainability/articles/10.3389/frsus.2023.1190470/full,Kenya has the potential to become a pioneer in circular economy development in Africa with the implementation of policies and programmes to encourage waste ...,https://www.frontiersin.org › frsus.2023.1190470 › full,www_frontiersin_org_Transitioning_circular_economy_from_policy_to_prac.txt
Kenya,2022–2026,1,UNEP facilitated Kenya single-use plastics regulation adopting policy law regulation strategy action plan circular economy chemicals waste pollution prevention control after:2022-01-01 before:2026-01-01,European Circular Economy policy landscape overview,https://ieep.eu/wp-content/uploads/2022/11/European-Circular-Economy-policy-landscape-overview.pdf,"There appears to be a high degree of synergy between CE initiatives and the zero pollution agenda, with the EU Zero Pollution Action Plan's waste prevention.",https://ieep.eu › wp-content › uploads › 2022/11,ieep_eu_European_Circular_Economy_policy_landscape_overvie.txt
Kenya,2022–2026,1,UNEP facilitated Kenya single-use plastics regulation adopting policy law regulation strategy action plan circular economy chemicals waste pollution prevention control after:2022-01-01 before:2026-01-01,Reducing Plastic Pollution in Kenya,https://asiafoundation.org/wp-content/uploads/2023/12/Philippines_Reducing-Plastic-Pollution-in-Kenya.pdf,"Taking action on plastic waste was a growing international concern and Kenya, host to the. United Nations Environment Programme. (UNEP), needed to take clear ...",https://asiafoundation.org › uploads › 2023/12,asiafoundation_org_Reducing_Plastic_Pollution_in_Kenya.txt
Kenya,2022–2026,1,UNEP facilitated Kenya single-use plastics regulation adopting policy law regulation strategy action plan circular economy chemicals waste pollution prevention control after:2022-01-01 before:2026-01-01,BEATING PLASTIC POLLUTION - Kenya Biodiversity,https://ke.chm-cbd.net/sites/ke/files/2023-08/Ecoflash%20Magazine%202023%20Edition%202-min.pdf,"The UNEP triple planetary crisis - Climate change, nature and biodiversity loss and waste and pollution in our communities today are intertwined, ...",https://ke.chm-cbd.net › sites › files,ke_chm-cbd_net_BEATING_PLASTIC_POLLUTION_Kenya_Biodiversity.txt
Kenya,2022–2026,1,UNEP facilitated Kenya single-use plastics regulation adopting policy law regulation strategy action plan circular economy chemicals waste pollution prevention control after:2022-01-01 before:2026-01-01,kenya plastics pact roadmap to 2030,https://kpp.or.ke/wp-content/uploads/2025/02/KENYA-PLASTICS-PACT-ROADMAP-TO-2030.pdf,"The vision of the Kenya Plastics Pact is to create a circular economy for plastic packaging in which it never becomes waste, using these three principles as ...",https://kpp.or.ke › uploads › 2025/02 › KENYA...,kpp_or_ke_kenya_plastics_pact_roadmap_to_2030.txt
Kenya,2022–2026,1,UNEP facilitated Kenya single-use plastics regulation adopting policy law regulation strategy action plan circular economy chemicals waste pollution prevention control after:2022-01-01 before:2026-01-01,TOWARDS SUSTAINABLE SOLUTIONS,https://www.dehradunlawreview.com/wp-content/uploads/2025/05/PAPER-13.pdf,"The E.U. has also been at the forefront, with the Nature Restoration Law (NRL) and the European Strategy for Plastics in a Circular Economy serving as pillars.",https://www.dehradunlawreview.com › PAPER-13,www_dehradunlawreview_com_TOWARDS_SUSTAINABLE_SOLUTIONS.txt
Kenya,2022–2026,1,UNEP facilitated Kenya single-use plastics regulation adopting policy law regulation strategy action plan circular economy chemicals waste pollution prevention control after:2022-01-01 before:2026-01-01,Reducing Plastic Pollution in Kenya,https://asiafoundation.org/wp-content/uploads/2023/12/Philippines_Reducing-Plastic-Pollution-in-Kenya.pdf,"Taking action on plastic waste was a growing international concern and Kenya, host to the. United Nations Environment Programme. (UNEP), needed to take clear ...",https://asiafoundation.org › uploads › 2023/12,asiafoundation_org_Reducing_Plastic_Pollution_in_Kenya.txt
Kenya,2022–2026,1,UNEP facilitated Kenya single-use plastics regulation adopting policy law regulation strategy action plan circular economy chemicals waste pollution prevention control after:2022-01-01 before:2026-01-01,Acknowledg ments,https://www.diva-portal.org/smash/get/diva2:1833207/FULLTEXT04,"The goal of this report is to contribute to the development of control measures for problematic, unnecessary or avoidable (PUA) plastic products under the.",https://www.diva-portal.org › get › FULLTEXT04,www_diva-portal_org_Acknowledg_ments.txt
Kenya,2022–2026,1,UNEP facilitated Kenya single-use plastics regulation adopting policy law regulation strategy action plan circular economy chemicals waste pollution prevention control after:2022-01-01 before:2026-01-01,Reckoning with the U.S. Role in Global Ocean Plastic Waste,https://climateandsecurity.org/wp-content/uploads/2025/01/26132.pdf,“Preventing Single-use Plastic Waste. ... environment/strategy/circular-economy-action-plan_en. European Commission. 2021. “Circular Economy Action Plan.,https://climateandsecurity.org › uploads › 2025/01,climateandsecurity_org_Reckoning_with_the_U_S_Role_in_Global_Ocean_Plasti.txt
Kenya,2022–2026,1,UNEP facilitated Kenya single-use plastics regulation adopting policy law regulation strategy action plan circular economy chemicals waste pollution prevention control after:2022-01-01 before:2026-01-01,Annual Report,https://www.cejadkenya.org/sites/default/files/2024-04/CEJAD%20Annual%20Report%202023%20.pdf,"Through our support, waste pickers participated in policy and decision- making spaces including; a review of the EPR regulations in Kenya, in the plastics ...",https://www.cejadkenya.org › sites › default › files,www_cejadkenya_org_Annual_Report.txt
Kenya,2022–2026,1,UNEP facilitated Kenya single-use plastics regulation adopting policy law regulation strategy action plan circular economy chemicals waste pollution prevention control after:2022-01-01 before:2026-01-01,kenya plastics pact roadmap to 2030,https://kpp.or.ke/wp-content/uploads/2025/02/KENYA-PLASTICS-PACT-ROADMAP-TO-2030.pdf,"The vision of the Kenya Plastics Pact is to create a circular economy for plastic packaging in which it never becomes waste, using these three principles as ...",https://kpp.or.ke › uploads › 2025/02 › KENYA...,kpp_or_ke_kenya_plastics_pact_roadmap_to_2030.txt
Kenya,2022–2026,1,UNEP facilitated Kenya single-use plastics regulation adopting policy law regulation strategy action plan circular economy chemicals waste pollution prevention control after:2022-01-01 before:2026-01-01,Summary report 2–5 December 2025,https://enb.iisd.org/barcelona-convention-cop24-summary,Its objectives included: ensuring the sustainable management of natural marine and land resources and integrating the environment into socio-economic ...,https://enb.iisd.org › barcelona-convention-cop24-sum...,enb_iisd_org_Summary_report_2_5_December_2025.txt
Kenya,2022–2026,1,UNEP facilitated Kenya single-use plastics regulation adopting policy law regulation strategy action plan circular economy chemicals waste pollution prevention control after:2022-01-01 before:2026-01-01,BEATING PLASTIC POLLUTION - Kenya Biodiversity,https://ke.chm-cbd.net/sites/ke/files/2023-08/Ecoflash%20Magazine%202023%20Edition%202-min.pdf,"The UNEP triple planetary crisis - Climate change, nature and biodiversity loss and waste and pollution in our communities today are intertwined, ...",https://ke.chm-cbd.net › sites › files,ke_chm-cbd_net_BEATING_PLASTIC_POLLUTION_Kenya_Biodiversity.txt
Kenya,2022–2026,1,UNEP facilitated Kenya single-use plastics regulation adopting policy law regulation strategy action plan circular economy chemicals waste pollution prevention control after:2022-01-01 before:2026-01-01,The Business Pathway to Circular Economy: Global ...,https://www.ioe-emp.org/index.php?eID=dumpFile&t=f&f=165214&token=31bf394cdfe2796ffe1d14ef6fbf6f13e61e2c4e,"With the support of appropriate policies and enabling frameworks, circular economy activities have the potential to deliver economic, environmental, and social ...",https://www.ioe-emp.org › ...,www_ioe-emp_org_The_Business_Pathway_to_Circular_Economy_Global_.txt
Kenya,2022–2026,1,UNEP facilitated Kenya single-use plastics regulation adopting policy law regulation strategy action plan circular economy chemicals waste pollution prevention control after:2022-01-01 before:2026-01-01,The Polymer Premium: A Fee on Plastic Pollution,https://cdn.minderoo.org/content/uploads/2024/04/21232940/The-Polymer-Premium-a-Fee-on-Plastic-Pollution.pdf,"This report argues for a modest fee on primary polymers – a fee so minimal that the industry or consumers would scarcely feel it, yet so impactful that it could ...",https://cdn.minderoo.org › uploads › 2024/04 › T...,cdn_minderoo_org_The_Polymer_Premium_A_Fee_on_Plastic_Pollution.txt
Kenya,2022–2026,1,UNEP facilitated Kenya single-use plastics regulation adopting policy law regulation strategy action plan circular economy chemicals waste pollution prevention control after:2022-01-01 before:2026-01-01,Strategic pathways for sustainable plastic management ...,https://link.springer.com/article/10.1007/s43621-025-02218-1,"Efforts specifically aimed at mitigating microplastic pollution include reducing plastic use, improving recycling infrastructure, banning microbeads in personal ...",https://link.springer.com › Discover Sustainability,link_springer_com_Strategic_pathways_for_sustainable_plastic_managem.txt
Kenya,2022–2026,1,UNEP facilitated Kenya single-use plastics regulation adopting policy law regulation strategy action plan circular economy chemicals waste pollution prevention control after:2022-01-01 before:2026-01-01,republic of kenya,https://resolutions.unep.org/incres/uploads/kenya_-_opening_statement-inc_5.pdf,"The treaty aims to tackle cross-cutting challenges of plastic pollution; from chemicals, waste and Kenya is also keen on biodiversity and nature. The ...",https://resolutions.unep.org › incres › uploads › k...,resolutions_unep_org_republic_of_kenya.txt
Kenya,2022–2026,1,UNEP facilitated Kenya single-use plastics regulation adopting policy law regulation strategy action plan circular economy chemicals waste pollution prevention control after:2022-01-01 before:2026-01-01,International Legal Systems in Tackling the Marine Plastic ...,https://www.mdpi.com/2073-4441/17/10/1547,"The proposed measures are aimed at advancing a circular economy model, strengthening legal infrastructure, and fostering a single global response against marine ...",https://www.mdpi.com › ...,www_mdpi_com_International_Legal_Systems_in_Tackling_the_Marine.txt
Kenya,2022–2026,1,UNEP facilitated Kenya single-use plastics regulation adopting policy law regulation strategy action plan circular economy chemicals waste pollution prevention control after:2022-01-01 before:2026-01-01,PLASTIC POLLUTION IN AFRICA,https://wwfafrica.awsassets.panda.org/downloads/wwf_plastic_pollution.pdf,Develop a circular economy action plan and policy strategy that is aligned with global and regional strategies in cooperation with all national government.,https://wwfafrica.awsassets.panda.org › downloads,wwfafrica_awsassets_panda_org_PLASTIC_POLLUTION_IN_AFRICA.txt
Kenya,2022–2026,1,UNEP facilitated Kenya single-use plastics regulation adopting policy law regulation strategy action plan circular economy chemicals waste pollution prevention control after:2022-01-01 before:2026-01-01,Towards a plastic pollution free planet,https://www.linkedin.com/pulse/towards-plastic-pollution-free-planet-nature-kenya-the-eanhs,Approaches like recycling and sound plastic waste management are required. Kenya took a bold step in 2017 when she banned single-use plastic carrier bags. In ...,6 reactions,www_linkedin_com_Towards_a_plastic_pollution_free_planet.txt
Kenya,2022–2026,1,UNEP facilitated Kenya single-use plastics regulation adopting policy law regulation strategy action plan circular economy chemicals waste pollution prevention control after:2022-01-01 before:2026-01-01,A Guide to the Global Agreement to End Plastic Pollution,https://www.iisd.org/system/files/2025-07/guide-to_global-agreement-end-plastic-pollution.pdf,"The European Union has implemented the Single-Use Plastics Directive, which bans certain single-use plastics and promotes circular economy principles. • ...",https://www.iisd.org › system › files › guide-to_...,www_iisd_org_A_Guide_to_the_Global_Agreement_to_End_Plastic_Pol.txt
Kenya,2022–2026,1,UNEP facilitated Kenya single-use plastics regulation adopting policy law regulation strategy action plan circular economy chemicals waste pollution prevention control after:2022-01-01 before:2026-01-01,United Nations Environment Programme,https://en.wikipedia.org/wiki/United_Nations_Environment_Programme,The United Nations Environment Programme (UNEP) is responsible for coordinating responses to environmental issues within the United Nations system.,https://en.wikipedia.org › wiki › United_Nations_Envir...,en_wikipedia_org_United_Nations_Environment_Programme.txt
Kenya,2022–2026,1,UNEP facilitated Kenya single-use plastics regulation adopting policy law regulation strategy action plan circular economy chemicals waste pollution prevention control after:2022-01-01 before:2026-01-01,Nations sign up to end global scourge of plastic pollution,https://news.un.org/en/story/2022/03/1113142,"A historic resolution at the UN Environment Assembly in Nairobi on Wednesday to end plastic pollution, and forge an international legally binding agreement, by ...",https://news.un.org › story › 2022/03,news_un_org_Nations_sign_up_to_end_global_scourge_of_plastic_p.txt
Kenya,2022–2026,1,UNEP facilitated Kenya single-use plastics regulation adopting policy law regulation strategy action plan circular economy chemicals waste pollution prevention control after:2022-01-01 before:2026-01-01,Kenya's priorities in upcoming Global Plastics Pollution ...,https://www.mazingirasafi.com/kenyas-priorities-in-upcoming-global-plastics-pollution-agreement/,Promote the environmentally sound management (ESM) of plastic waste in line with resource efficiency. · Prevent the production and release of toxic emissions ...,https://www.mazingirasafi.com › kenyas-priorities-in-u...,www_mazingirasafi_com_Kenya_s_priorities_in_upcoming_Global_Plastics_Pol.txt
Kenya,2022–2026,1,UNEP facilitated Kenya single-use plastics regulation adopting policy law regulation strategy action plan circular economy chemicals waste pollution prevention control after:2022-01-01 before:2026-01-01,Global Plastics Treaty,https://www.globalplasticaction.org/globalplasticstreaty,"The treaty is to take a comprehensive, full life-cycle approach, addressing plastic from design and production to disposal and waste management.",https://www.globalplasticaction.org › globalplasticstreaty,www_globalplasticaction_org_Global_Plastics_Treaty.txt
Kenya,2022–2026,2,UNEP supported Kenya circular economy action plan endorsed policy law regulation strategy action plan circular economy chemicals waste pollution prevention control after:2022-01-01 before:2026-01-01,Kenya and circularity: Changing the game,https://www.unep.org/news-and-stories/speech/kenya-and-circularity-changing-game,"Kenya has also proven itself a leader on circularity – through the Sustainable Waste Management Bill and Policy, the Kenya Plastics Action plan and banning ...","https://www.unep.org › News, Stories & Speeches",www_unep_org_Kenya_and_circularity_Changing_the_game.txt
Kenya,2022–2026,2,UNEP supported Kenya circular economy action plan endorsed policy law regulation strategy action plan circular economy chemicals waste pollution prevention control after:2022-01-01 before:2026-01-01,TRANSITIONING TO A CIRCULAR ECONOMY THROUGH ...,https://www.undp.org/sites/g/files/zskgke326/files/2022-03/UNDP-GEF-Transitioning-to-a-Circular-Economy-Through-Chemical-and-Waste-Management.pdf,"In aiming towards circularity, UNDP's interventions in the area of chemicals and waste management directly support the implementation of the Montreal Protocol; ...",https://www.undp.org › files › zskgke326 › files,www_undp_org_TRANSITIONING_TO_A_CIRCULAR_ECONOMY_THROUGH_.txt
Kenya,2022–2026,2,UNEP supported Kenya circular economy action plan endorsed policy law regulation strategy action plan circular economy chemicals waste pollution prevention control after:2022-01-01 before:2026-01-01,Marine plastics and the circular economy: A review of policy ...,https://pmc.ncbi.nlm.nih.gov/articles/PMC12528791/,"The national and county governments of Kenya have implemented various policies, strategies and plans aimed at tackling the challenge of plastic pollution and, ...",https://pmc.ncbi.nlm.nih.gov › articles › PMC12528791,pmc_ncbi_nlm_nih_gov_Marine_plastics_and_the_circular_economy_A_review_.txt
Kenya,2022–2026,2,UNEP supported Kenya circular economy action plan endorsed policy law regulation strategy action plan circular economy chemicals waste pollution prevention control after:2022-01-01 before:2026-01-01,The gazettement of the Mandatory Extended Producer ...,https://www.facebook.com/WWFKenya/posts/the-gazettement-of-the-mandatory-extended-producer-responsibility-epr-regulation/580006727920148/,The PS said Kenya has developed the Sustainable Waste Management Act to implement a circular economy approach to waste management and move Kenya from linear to ...,7 reactions,www_facebook_com_The_gazettement_of_the_Mandatory_Extended_Producer.txt
Kenya,2022–2026,2,UNEP supported Kenya circular economy action plan endorsed policy law regulation strategy action plan circular economy chemicals waste pollution prevention control after:2022-01-01 before:2026-01-01,Transitioning circular economy from policy to practice in ...,https://www.frontiersin.org/journals/sustainability/articles/10.3389/frsus.2023.1190470/full,This study examines Kenya's circular economy policy landscape by looking at the strides made by the country to embrace the concept and principles of the ...,https://www.frontiersin.org › frsus.2023.1190470 › full,www_frontiersin_org_Transitioning_circular_economy_from_policy_to_prac.txt
Kenya,2022–2026,2,UNEP supported Kenya circular economy action plan endorsed policy law regulation strategy action plan circular economy chemicals waste pollution prevention control after:2022-01-01 before:2026-01-01,“We want to eliminate plastics that are problematic and ...,https://www.facebook.com/kenyanewsagency/posts/we-want-to-eliminate-plastics-that-are-problematic-and-unnecessary-this-is-not-b/1147768367538808/,The PS said Kenya has developed the Sustainable Waste Management Act to implement a circular economy approach to waste management and move Kenya from linear to ...,6 reactions,www_facebook_com__We_want_to_eliminate_plastics_that_are_problemati.txt
Kenya,2022–2026,2,UNEP supported Kenya circular economy action plan endorsed policy law regulation strategy action plan circular economy chemicals waste pollution prevention control after:2022-01-01 before:2026-01-01,Turning off the Tap: How the world can end plastic pollution ...,https://www.unep.org/resources/turning-off-tap-end-plastic-pollution-create-circular-economy,"The report proposes a systems change to address the causes of plastic pollution, starting by reducing problematic and unnecessary plastic use, redesigning the ...",https://www.unep.org › resources › turning-off-tap-end...,www_unep_org_Turning_off_the_Tap_How_the_world_can_end_plastic_.txt
Kenya,2022–2026,2,UNEP supported Kenya circular economy action plan endorsed policy law regulation strategy action plan circular economy chemicals waste pollution prevention control after:2022-01-01 before:2026-01-01,review of national policies and strategies in Kenya - CGSpace,https://cgspace.cgiar.org/bitstreams/03518b23-9dfb-471e-a461-4920fa06865f/download,"This study assessed the investment climate for circular bioeconomy in Kenya by reviewing the national policies, strategies and regulations, ...",https://cgspace.cgiar.org › bitstreams › download,cgspace_cgiar_org_review_of_national_policies_and_strategies_in_Keny.txt
Kenya,2022–2026,2,UNEP supported Kenya circular economy action plan endorsed policy law regulation strategy action plan circular economy chemicals waste pollution prevention control after:2022-01-01 before:2026-01-01,European Circular Economy policy landscape overview,https://ieep.eu/wp-content/uploads/2022/11/European-Circular-Economy-policy-landscape-overview.pdf,"There appears to be a high degree of synergy between CE initiatives and the zero pollution agenda, with the EU Zero Pollution Action Plan's waste prevention.",https://ieep.eu › wp-content › uploads › 2022/11,ieep_eu_European_Circular_Economy_policy_landscape_overvie.txt
Kenya,2022–2026,2,UNEP supported Kenya circular economy action plan endorsed policy law regulation strategy action plan circular economy chemicals waste pollution prevention control after:2022-01-01 before:2026-01-01,National Sustainable Waste Management Policy,https://nema.go.ke/wp-content/uploads/2025/10/Waste-Management-Policy-2021.pdf,"Kenya has addressed waste management as part of the nation's development agenda (Kenya Vision 2030), National Climate Change Action Plan), and laws and ...",https://nema.go.ke › uploads › 2025/10 › Waste-...,nema_go_ke_National_Sustainable_Waste_Management_Policy.txt
Kenya,2022–2026,2,UNEP supported Kenya circular economy action plan endorsed policy law regulation strategy action plan circular economy chemicals waste pollution prevention control after:2022-01-01 before:2026-01-01,Guidance on Resource Efficiency and Circular Economy ...,https://www.unepfi.org/wordpress/wp-content/uploads/2023/04/Resource-Efficiency-and-CE-Target-Setting.pdf,This second edition of the Guidance on Resource Efficiency and Circular Economy. Target Setting is based on discussions and work undertaken with the ...,https://www.unepfi.org › uploads › 2023/04 › R...,www_unepfi_org_Guidance_on_Resource_Efficiency_and_Circular_Econo.txt
Kenya,2022–2026,2,UNEP supported Kenya circular economy action plan endorsed policy law regulation strategy action plan circular economy chemicals waste pollution prevention control after:2022-01-01 before:2026-01-01,Circular Economy policy innovation and good practice in ...,https://www.eionet.europa.eu/etcs/etc-ce/products/draft-report-for-dg-env_final.pdf,"Targets for 2030: reducing domestic material consumption (DMC) relative to GDP by 30 %, relative to. 2010; reducing waste by 15 %; reducing food waste.",https://www.eionet.europa.eu › etc-ce › products,www_eionet_europa_eu_Circular_Economy_policy_innovation_and_good_practi.txt
Kenya,2022–2026,2,UNEP supported Kenya circular economy action plan endorsed policy law regulation strategy action plan circular economy chemicals waste pollution prevention control after:2022-01-01 before:2026-01-01,Regional Plastics Outlook for Southeast and East Asia,https://www.oecd.org/en/publications/regional-plastics-outlook-for-southeast-and-east-asia_5a8ff43c-en/full-report/the-landscape-of-current-policies-to-tackle-plastic-pollution_408249bf.html,This chapter reviews the current policy landscape related to plastics and plastic pollution in the 13 ASEAN Plus Three (APT) countries.,https://www.oecd.org › ... › Full Report,www_oecd_org_Regional_Plastics_Outlook_for_Southeast_and_East_A.txt
Kenya,2022–2026,2,UNEP supported Kenya circular economy action plan endorsed policy law regulation strategy action plan circular economy chemicals waste pollution prevention control after:2022-01-01 before:2026-01-01,From science-policy interface to science-policy panel: The ...,https://www.sciencedirect.com/science/article/pii/S2773167724000189,"These align with three major action areas: climate action, nature action, and chemicals and pollution action, supported by two foundational subprograms: science ...",https://www.sciencedirect.com › science › article › pii,www_sciencedirect_com_From_science_policy_interface_to_science_policy_pa.txt
Kenya,2022–2026,2,UNEP supported Kenya circular economy action plan endorsed policy law regulation strategy action plan circular economy chemicals waste pollution prevention control after:2022-01-01 before:2026-01-01,The Business Pathway to Circular Economy: Global ...,https://www.ioe-emp.org/index.php?eID=dumpFile&t=f&f=165214&token=31bf394cdfe2796ffe1d14ef6fbf6f13e61e2c4e,"With the support of appropriate policies and enabling frameworks, circular economy activities have the potential to deliver economic, environmental, and social ...",https://www.ioe-emp.org › ...,www_ioe-emp_org_The_Business_Pathway_to_Circular_Economy_Global_.txt
Kenya,2022–2026,2,UNEP supported Kenya circular economy action plan endorsed policy law regulation strategy action plan circular economy chemicals waste pollution prevention control after:2022-01-01 before:2026-01-01,Transition to a circular economy and implications for ...,https://www.wcoomd.org/-/media/wco/public/global/pdf/topics/research/report/circular-economy-report-en.pdf,The two Conventions support the principles of the circular economy by encouraging the use of safer chemicals and the responsible management of waste and ...,https://www.wcoomd.org › pdf › research › report,www_wcoomd_org_Transition_to_a_circular_economy_and_implications_.txt
Kenya,2022–2026,2,UNEP supported Kenya circular economy action plan endorsed policy law regulation strategy action plan circular economy chemicals waste pollution prevention control after:2022-01-01 before:2026-01-01,kenya national action plan on marine plastic litter from sea ...,https://oceanlitter.imo.org/site/assets/files/1633/kenya_-_national_action_plan.pdf,"Kenya is also implementing different initiatives to fight plastic pollution including clean-up activities, outreach programs, revision of policies and laws and ...",https://oceanlitter.imo.org › site › assets › files,oceanlitter_imo_org_kenya_national_action_plan_on_marine_plastic_litte.txt
Kenya,2022–2026,2,UNEP supported Kenya circular economy action plan endorsed policy law regulation strategy action plan circular economy chemicals waste pollution prevention control after:2022-01-01 before:2026-01-01,An Overview of Circular Economy Approaches for Plastics,https://www.lidsen.com/journals/rpm/rpm-07-03-011,"This overview comprehensively presents different plastic circular economy approaches and discusses their advantages, disadvantages, and implementation ...",https://www.lidsen.com › journals › rpm › rpm-07-03-011,www_lidsen_com_An_Overview_of_Circular_Economy_Approaches_for_Pla.txt
Kenya,2022–2026,2,UNEP supported Kenya circular economy action plan endorsed policy law regulation strategy action plan circular economy chemicals waste pollution prevention control after:2022-01-01 before:2026-01-01,circularity-for-secure-sustainable-products-materials- ...,https://www.energy.gov/sites/default/files/2024-10/circularity-for-secure-sustainable-products-materials-report.pdf,“The term 'circular economy' means an economy that uses a systems-focused approach and involves industrial processes and economic activities that – (A) are.,https://www.energy.gov › sites › default › files › c...,www_energy_gov_circularity_for_secure_sustainable_products_materi.txt
Kenya,2022–2026,2,UNEP supported Kenya circular economy action plan endorsed policy law regulation strategy action plan circular economy chemicals waste pollution prevention control after:2022-01-01 before:2026-01-01,Plastic Pollution INC-3,https://www.genevaenvironmentnetwork.org/resources/updates/towards-plastic-pollution-inc-3/,This historic resolution mandates the UN Environment Programme Executive Director to convene an International Negotiating Committee (INC) to develop and adopt a ...,https://www.genevaenvironmentnetwork.org › updates,www_genevaenvironmentnetwork_org_Plastic_Pollution_INC_3.txt
Kenya,2022–2026,2,UNEP supported Kenya circular economy action plan endorsed policy law regulation strategy action plan circular economy chemicals waste pollution prevention control after:2022-01-01 before:2026-01-01,Plastic Pollution INC-3,https://www.genevaenvironmentnetwork.org/resources/updates/towards-plastic-pollution-inc-3/,This historic resolution mandates the UN Environment Programme Executive Director to convene an International Negotiating Committee (INC) to develop and adopt a ...,https://www.genevaenvironmentnetwork.org › updates,www_genevaenvironmentnetwork_org_Plastic_Pollution_INC_3.txt
Kenya,2022–2026,2,UNEP supported Kenya circular economy action plan endorsed policy law regulation strategy action plan circular economy chemicals waste pollution prevention control after:2022-01-01 before:2026-01-01,"MINISTRY OF ENVIRONMENT, CLIMATE CHANGE & ...",https://estatements.un.org/estatements/14.0496/20250610150000000/kKUazWPCjUDxD/NVgWFKsa_Yhb_nce_UNOC25_en.pdf,"Kenya is pioneering the integration of the circular economy concept into national waste management policies, promoting resource efficiency by encouraging ...",https://estatements.un.org › kKUazWPCjUDxD,estatements_un_org_MINISTRY_OF_ENVIRONMENT_CLIMATE_CHANGE_.txt
Kenya,2022–2026,2,UNEP supported Kenya circular economy action plan endorsed policy law regulation strategy action plan circular economy chemicals waste pollution prevention control after:2022-01-01 before:2026-01-01,A review of plastic waste circular actions in seven ...,https://journals.sagepub.com/doi/10.1177/0734242X231188664,This review aims to analyse current plastic waste circular approaches in low-middle income settings. Seven countries were selected based on the economic level.,https://journals.sagepub.com › doi,journals_sagepub_com_A_review_of_plastic_waste_circular_actions_in_seve.txt
Kenya,2022–2026,2,UNEP supported Kenya circular economy action plan endorsed policy law regulation strategy action plan circular economy chemicals waste pollution prevention control after:2022-01-01 before:2026-01-01,Environment and Forestry Cabinet Secretary has today ...,https://www.facebook.com/EnvironmentClimateChangeForestryKenya/posts/environment-and-forestry-cabinet-secretary-has-today-launched-the-national-marin/262281252747076/,The Action Plan is guided by 8 core principles which include precautionary principle; polluter pays principle ; Integration ; the prevention principle ; the ...,5 reactions,www_facebook_com_Environment_and_Forestry_Cabinet_Secretary_has_tod.txt
Kenya,2022–2026,2,UNEP supported Kenya circular economy action plan endorsed policy law regulation strategy action plan circular economy chemicals waste pollution prevention control after:2022-01-01 before:2026-01-01,GLOBAL GOVERNANCE OF PLASTICS AND ...,https://www.basel.int/Portals/4/Basel%20Convention/docs/plastic%20waste/UNEP-FAO-CHW-RC-POPS-PUB-GlobalGovernancePlastics-2023.pdf,"the sound management of chemicals and waste and prevent pollution (para 1). ... • UNCLOS requires states to adopt laws and regulations to prevent, reduce and ...",https://www.basel.int › Portals › docs › plastic waste,www_basel_int_GLOBAL_GOVERNANCE_OF_PLASTICS_AND_.txt
Kenya,2022–2026,2,UNEP supported Kenya circular economy action plan endorsed policy law regulation strategy action plan circular economy chemicals waste pollution prevention control after:2022-01-01 before:2026-01-01,BEATING PLASTIC POLLUTION - Kenya Biodiversity,https://ke.chm-cbd.net/sites/ke/files/2023-08/Ecoflash%20Magazine%202023%20Edition%202-min.pdf,"In line with last year's Sustainable Waste Management. Act, Hon Tuya said her Ministry was working on developing a vibrant circular economy that will transform ...",https://ke.chm-cbd.net › sites › files,ke_chm-cbd_net_BEATING_PLASTIC_POLLUTION_Kenya_Biodiversity.txt
Kenya,2022–2026,2,UNEP supported Kenya circular economy action plan endorsed policy law regulation strategy action plan circular economy chemicals waste pollution prevention control after:2022-01-01 before:2026-01-01,Africa-Japan Cooperation on Plastic Circular Economy,https://www.unido.org/sites/default/files/unido-publications/2025-08/Africa-Japan%20Cooperation%20on%20Plastic%20Circular%20Economy.pdf,Implementing circular economy practices can help keep plas- tics out of the environment – including marine ecosystems – while transforming plastic waste into a ...,https://www.unido.org › files › unido-publications,www_unido_org_Africa_Japan_Cooperation_on_Plastic_Circular_Econo.txt
Kenya,2022–2026,2,UNEP supported Kenya circular economy action plan endorsed policy law regulation strategy action plan circular economy chemicals waste pollution prevention control after:2022-01-01 before:2026-01-01,Resources – Kenya Plastics Pact,https://kpp.or.ke/resources/,"The Kenya Plastics Pact will drive action towards a collective vision of a circular economy for plastics, as outlined by the Ellen MacArthur Foundation's New ...",https://kpp.or.ke › resources,kpp_or_ke_Resources_Kenya_Plastics_Pact.txt
Kenya,2022–2026,2,UNEP supported Kenya circular economy action plan endorsed policy law regulation strategy action plan circular economy chemicals waste pollution prevention control after:2022-01-01 before:2026-01-01,United Nations Environment Programme,https://en.wikipedia.org/wiki/United_Nations_Environment_Programme,The United Nations Environment Programme (UNEP) is responsible for coordinating responses to environmental issues within the United Nations system.,https://en.wikipedia.org › wiki › United_Nations_Envir...,en_wikipedia_org_United_Nations_Environment_Programme.txt
Kenya,2022–2026,2,UNEP supported Kenya circular economy action plan endorsed policy law regulation strategy action plan circular economy chemicals waste pollution prevention control after:2022-01-01 before:2026-01-01,Solid Waste Management in the Context of a Circular ...,https://www.mdpi.com/2071-1050/14/1/480,"This paper presents a comprehensive overview of national systems for municipal solid waste (MSW) management, and material and energy recovery as an important ...",https://www.mdpi.com › ...,www_mdpi_com_Solid_Waste_Management_in_the_Context_of_a_Circula.txt
Kenya,2022–2026,2,UNEP supported Kenya circular economy action plan endorsed policy law regulation strategy action plan circular economy chemicals waste pollution prevention control after:2022-01-01 before:2026-01-01,For Advancing Circular Economies for Plastics in Bangladesh,https://documents1.worldbank.org/curated/en/099121624201515863/pdf/P1759081d4a8d30e81899a1c0b8bfb342ad.pdf,"In 2021, the Ministry of Environment, Forest, and Climate Change (MoEFCC) endorsed the Action Plan for Sustainable Plastic Waste Management, a blueprint to ...",https://documents1.worldbank.org › curated › pdf,documents1_worldbank_org_For_Advancing_Circular_Economies_for_Plastics_in_B.txt
Kenya,2022–2026,2,UNEP supported Kenya circular economy action plan endorsed policy law regulation strategy action plan circular economy chemicals waste pollution prevention control after:2022-01-01 before:2026-01-01,Proposed Regional Action Plan to Combat Marine Plastic ...,https://www.commissionoceanindien.org/wp-content/uploads/2023/07/WIO-Proposed-Plastics-Action-Plan-Kelleher-July2023P.pdf,"The RECs, ideally working in close collaboration with the Nairobi Convention, can include the action plan (or components of the action plan) in existing agendas ...",https://www.commissionoceanindien.org › uploads,www_commissionoceanindien_org_Proposed_Regional_Action_Plan_to_Combat_Marine_Pla.txt
Kenya,2022–2026,2,UNEP supported Kenya circular economy action plan endorsed policy law regulation strategy action plan circular economy chemicals waste pollution prevention control after:2022-01-01 before:2026-01-01,Guidelines to Accelerate the Transition Towards a Circular ...,https://www.greenpolicyplatform.org/sites/default/files/downloads/tools/Guidelines%20to%20Accelerate%20the%20Transition%20Towards%20a%20Circular%20Economy%20in%20Africa.pdf,"• Limited coordination of circular economy strategies and action plans, as well as little monitoring of circular initiatives. • Insufficient and misaligned ...",https://www.greenpolicyplatform.org › files › tools,www_greenpolicyplatform_org_Guidelines_to_Accelerate_the_Transition_Towards_a_.txt
Kenya,2022–2026,2,UNEP supported Kenya circular economy action plan endorsed policy law regulation strategy action plan circular economy chemicals waste pollution prevention control after:2022-01-01 before:2026-01-01,Kenya-NCCAP-2023-2027-1.pdf,https://emsi.co.ke/wp-content/uploads/2024/08/Kenya-NCCAP-2023-2027-1.pdf,"The NCCAP 2023–2027 is therefore Kenya's third National Climate Change Action Plan, demonstrating the nation's ongoing dedication to strategic and progressive ...",https://emsi.co.ke › uploads › 2024/08 › Kenya-...,emsi_co_ke_Kenya_NCCAP_2023_2027_1_pdf.txt
Kenya,2022–2026,2,UNEP supported Kenya circular economy action plan endorsed policy law regulation strategy action plan circular economy chemicals waste pollution prevention control after:2022-01-01 before:2026-01-01,An overview of UN Activities and Initiatives related to ...,https://unemg.org/wp-content/uploads/2023/02/20.02.23-Mapping-Efforts-Pollution.pdf,"... support for circular economy and pollution prevention and reduction, including waste management ... Circular Economy Through. Chemical and Waste Management ...",https://unemg.org › uploads › 2023/02 › 20.02.2...,unemg_org_An_overview_of_UN_Activities_and_Initiatives_relat.txt
Kenya,2022–2026,2,UNEP supported Kenya circular economy action plan endorsed policy law regulation strategy action plan circular economy chemicals waste pollution prevention control after:2022-01-01 before:2026-01-01,(PDF) Turning off the Tap: How the world can end plastic ...,https://www.researchgate.net/publication/370825570_Turning_off_the_Tap_How_the_world_can_end_plastic_pollution_and_create_a_circular_economy,"In a historic decision at the fifth United Nations Environment Assembly in March 2022, all 193 UN Member States decided to end plastic pollution.",https://www.researchgate.net › ... › Plastics,www_researchgate_net__PDF_Turning_off_the_Tap_How_the_world_can_end_pla.txt
Kenya,2022–2026,2,UNEP supported Kenya circular economy action plan endorsed policy law regulation strategy action plan circular economy chemicals waste pollution prevention control after:2022-01-01 before:2026-01-01,NEWSLETTER,https://unhabitat.org/sites/default/files/2024-02/WWC-Newsletter_Vol19-ENG_Final_1_0.pdf,"Call to Action. • Share with us your good practices of EPR, zero waste practices, and other innovative solutions related to EPR and circular economy! • ...",https://unhabitat.org › sites › default › files › WW...,unhabitat_org_NEWSLETTER.txt
Kenya,2022–2026,2,UNEP supported Kenya circular economy action plan endorsed policy law regulation strategy action plan circular economy chemicals waste pollution prevention control after:2022-01-01 before:2026-01-01,"UNEP, annual report, 2022",https://www.unep.org/annualreport/2022,"UNEP enhanced efforts to respond to these crises and started delivering on its 2022-2025 strategy. Drawing upon the strength of its partnerships, UNEP worked ...",https://www.unep.org › annualreport,www_unep_org_UNEP_annual_report_2022.txt
Kenya,2022–2026,2,UNEP supported Kenya circular economy action plan endorsed policy law regulation strategy action plan circular economy chemicals waste pollution prevention control after:2022-01-01 before:2026-01-01,Accelerating the Circular Economy in Plastic Waste ...,https://www.kenyaclimatedirectory.org/resources/65129254c3805,"Recommendations include harmonizing existing waste management policies to address plastic circularity, expediting the development of plastic circular economy ...",https://www.kenyaclimatedirectory.org › resources,www_kenyaclimatedirectory_org_Accelerating_the_Circular_Economy_in_Plastic_Waste.txt
Kenya,2022–2026,2,UNEP supported Kenya circular economy action plan endorsed policy law regulation strategy action plan circular economy chemicals waste pollution prevention control after:2022-01-01 before:2026-01-01,framework to help accelerate kenyan business transition to,https://www.kirdi.go.ke/sites/default/files/2024-08/GECKO%20Policy%20Brief%20.pdf,Develop a national Circular Economy Strategy and Action Plan: outlining the general vision for the circular economy (CE) at national level that encompasses ...,https://www.kirdi.go.ke › GECKO Policy Brief,www_kirdi_go_ke_framework_to_help_accelerate_kenyan_business_trans.txt
Lebanon,2018–2022,1,UNEP implemented Lebanon e-waste regulation developing policy law regulation strategy action plan circular economy chemicals waste pollution prevention control after:2018-01-01 before:2022-01-01,The Global E-waste Monitor 2020,https://ewastemonitor.info/wp-content/uploads/2020/11/GEM_2020_def_july1_low.pdf,"Monitoring the quantities and flows of e-waste is essential for evaluating developments over time, and to set and assess targets towards a sustainable society ...",https://ewastemonitor.info › uploads › 2020/11,ewastemonitor_info_The_Global_E_waste_Monitor_2020.txt
Lebanon,2018–2022,1,UNEP implemented Lebanon e-waste regulation developing policy law regulation strategy action plan circular economy chemicals waste pollution prevention control after:2018-01-01 before:2022-01-01,United Nations Environment Assembly of the ...,https://apps1.unep.org/resolutions/uploads/unep_aheg_2018_1_inf_4_unea2_edited.pdf,Our distribution policy aims to reduce UNEP's carbon footprint. Recommended citation: UNEP (2016). Marine plastic debris and microplastics – Global ...,https://apps1.unep.org › resolutions › uploads › u...,apps1_unep_org_United_Nations_Environment_Assembly_of_the_.txt
Lebanon,2018–2022,1,UNEP implemented Lebanon e-waste regulation developing policy law regulation strategy action plan circular economy chemicals waste pollution prevention control after:2018-01-01 before:2022-01-01,The Global E-waste Monitor 2020,https://www.itu.int/en/itu-d/environment/documents/toolbox/gem_2020_def.pdf,"e-waste strategy to achieve a sustainable e-waste management system (EACO 2017). The strategy prioritizes a) strengthening the policy, legal, and regulatory ...",https://www.itu.int › toolbox › gem_2020_def,www_itu_int_The_Global_E_waste_Monitor_2020.txt
Lebanon,2018–2022,1,UNEP implemented Lebanon e-waste regulation developing policy law regulation strategy action plan circular economy chemicals waste pollution prevention control after:2018-01-01 before:2022-01-01,Information on reports and updates by the Technology ...,https://digitallibrary.un.org/record/3993445/files/UNEP_EA.5_INF_7-EN.pdf,Introduction. 1. This report sets out information on actions taken by Member States to address single-use plastic products pollution and the full lifecycle ...,https://digitallibrary.un.org › record › files › UNE...,digitallibrary_un_org_Information_on_reports_and_updates_by_the_Technolo.txt
Lebanon,2018–2022,1,UNEP implemented Lebanon e-waste regulation developing policy law regulation strategy action plan circular economy chemicals waste pollution prevention control after:2018-01-01 before:2022-01-01,Circular Economy National Study in Jordan,https://www.acted.org/wp-content/uploads/2018/01/circular-economy-national-study-final.pdf,"The SWM strategy also aims to incorporate the hierarchy of integrated SWM practices (i.e. prevention, re-use, recycling, other recovery, and disposal) and other ...",https://www.acted.org › uploads › 2018/01 › circ...,www_acted_org_Circular_Economy_National_Study_in_Jordan.txt
Lebanon,2018–2022,1,UNEP implemented Lebanon e-waste regulation developing policy law regulation strategy action plan circular economy chemicals waste pollution prevention control after:2018-01-01 before:2022-01-01,"UN report: Time to seize opportunity, tackle challenge of e- ...",https://www.unep.org/news-and-stories/press-release/un-report-time-seize-opportunity-tackle-challenge-e-waste,"Global e-waste production is on track to reach 120 million tonnes per year by 2050 if current trends continue, according to a report from the Platform for ...","https://www.unep.org › News, Stories & Speeches",www_unep_org_UN_report_Time_to_seize_opportunity_tackle_challen.txt
Lebanon,2018–2022,1,UNEP implemented Lebanon e-waste regulation developing policy law regulation strategy action plan circular economy chemicals waste pollution prevention control after:2018-01-01 before:2022-01-01,FROM POLLUTION TO SOLUTION,https://www.gdr-po.cnrs.fr/docs/UNEP_2021.pdf,United Nations Environment Programme (2021). From Pollution to. Solution. A global assessment of marine litter and plastic pollution Nairobi. Production. United ...,https://www.gdr-po.cnrs.fr › docs › UNEP_2021,www_gdr-po_cnrs_fr_FROM_POLLUTION_TO_SOLUTION.txt
Lebanon,2018–2022,1,UNEP implemented Lebanon e-waste regulation developing policy law regulation strategy action plan circular economy chemicals waste pollution prevention control after:2018-01-01 before:2022-01-01,Disposal is Not Free: Fiscal Instruments to Internalize the ...,https://www.elibrary.imf.org/view/journals/001/2019/283/article-A001-en.xml,"This paper provides an overview of global solid waste generation, its environmental costs, and fiscal instruments that can be used to encourage waste reduction.",https://www.elibrary.imf.org › journals › article-A001-en,www_elibrary_imf_org_Disposal_is_Not_Free_Fiscal_Instruments_to_Interna.txt
Lebanon,2018–2022,1,UNEP implemented Lebanon e-waste regulation developing policy law regulation strategy action plan circular economy chemicals waste pollution prevention control after:2018-01-01 before:2022-01-01,DEVELOPING EFFECTIVE AFRICAN POLICY RESPONSES,https://saiia.org.za/wp-content/uploads/2018/06/Policy-Insights-59.pdf,"Sustainable use of resources is addressed under the section. 'Management of chemicals and waste, including hazardous waste' (articles 70 and. Page 11. 1 1.",https://saiia.org.za › 2018/06 › Policy-Insights-59,saiia_org_za_DEVELOPING_EFFECTIVE_AFRICAN_POLICY_RESPONSES.txt
Lebanon,2018–2022,1,UNEP implemented Lebanon e-waste regulation developing policy law regulation strategy action plan circular economy chemicals waste pollution prevention control after:2018-01-01 before:2022-01-01,State of the Environment and Development in ...,https://planbleu.org/wp-content/uploads/2020/11/SoED-Full-Report.pdf,"It calls for prioritizing green jobs, renewable energy, integrated water resource management, organic agriculture, sustainable fisheries and aquaculture, ...",https://planbleu.org › 2020/11 › SoED-Full-Report,planbleu_org_State_of_the_Environment_and_Development_in_.txt
Lebanon,2018–2022,1,UNEP implemented Lebanon e-waste regulation developing policy law regulation strategy action plan circular economy chemicals waste pollution prevention control after:2018-01-01 before:2022-01-01,State of the Environment and Development in ...,https://planbleu.org/wp-content/uploads/2020/11/SoED-Full-Report.pdf,"It calls for prioritizing green jobs, renewable energy, integrated water resource management, organic agriculture, sustainable fisheries and aquaculture, ...",https://planbleu.org › 2020/11 › SoED-Full-Report,planbleu_org_State_of_the_Environment_and_Development_in_.txt
Lebanon,2018–2022,1,UNEP implemented Lebanon e-waste regulation developing policy law regulation strategy action plan circular economy chemicals waste pollution prevention control after:2018-01-01 before:2022-01-01,Combating marine plastic litter and microplast,https://apps1.unep.org/resolutions/uploads/unep_aheg_2018_inf3_full_assessment_en.pdf,"UN Environment, 2017. Combating marine plastic litter and microplastics: An assessment of the effectiveness of relevant international, regional and subregional ...",https://apps1.unep.org › resolutions › uploads › u...,apps1_unep_org_Combating_marine_plastic_litter_and_microplast.txt
Lebanon,2018–2022,1,UNEP implemented Lebanon e-waste regulation developing policy law regulation strategy action plan circular economy chemicals waste pollution prevention control after:2018-01-01 before:2022-01-01,Promoting Sustainable Finance and Climate ...,https://www.unepfi.org/wordpress/wp-content/uploads/2021/01/Sustainable-Arab-Finance-Report-Jan-2021.pdf,"NESAP provides a strategic reference for: ◾ developing and implementing environmental policy, plans and action programs,. ◾ identifying priorities, problem ...",https://www.unepfi.org › uploads › 2021/01 › S...,www_unepfi_org_Promoting_Sustainable_Finance_and_Climate_.txt
Lebanon,2018–2022,1,UNEP implemented Lebanon e-waste regulation developing policy law regulation strategy action plan circular economy chemicals waste pollution prevention control after:2018-01-01 before:2022-01-01,Disposal is Not Free: Fiscal Instruments to Internalize the ...,https://www.elibrary.imf.org/view/journals/001/2019/283/article-A001-en.xml,"This paper provides an overview of global solid waste generation, its environmental costs, and fiscal instruments that can be used to encourage waste reduction.",https://www.elibrary.imf.org › journals › article-A001-en,www_elibrary_imf_org_Disposal_is_Not_Free_Fiscal_Instruments_to_Interna.txt
Lebanon,2018–2022,1,UNEP implemented Lebanon e-waste regulation developing policy law regulation strategy action plan circular economy chemicals waste pollution prevention control after:2018-01-01 before:2022-01-01,Lebanon BUR4 2021.pdf,https://unfccc.int/sites/default/files/resource/Lebanon%20BUR4%202021.pdf,to cover the current waste management cost. -Develop a financing plan for recycling activities. (including a cost recovery system and the introduction of ...,https://unfccc.int › sites › default › files › resource,unfccc_int_Lebanon_BUR4_2021_pdf.txt
Lebanon,2018–2022,1,UNEP implemented Lebanon e-waste regulation developing policy law regulation strategy action plan circular economy chemicals waste pollution prevention control after:2018-01-01 before:2022-01-01,International trade and circular economy - Policy alignment,https://www.oecd.org/content/dam/oecd/en/publications/reports/2021/02/international-trade-and-circular-economy-policy-alignment_fee7d5b0/ae4a2176-en.pdf,"Circular economy policies and initiatives largely take place domestically, and yet they have important interlinkages with international trade. These links occur ...",https://www.oecd.org › oecd › reports › 2021/02,www_oecd_org_International_trade_and_circular_economy_Policy_al.txt
Lebanon,2018–2022,1,UNEP implemented Lebanon e-waste regulation developing policy law regulation strategy action plan circular economy chemicals waste pollution prevention control after:2018-01-01 before:2022-01-01,The Global E-waste Monitor 2017,https://globalewaste.org/wp-content/uploads/2018/10/Global-E-waste-Monitor-2017.pdf,"E-waste and its management are integrated in the OECD programme of work on waste, material resources, and circular economy. They are covered in several OECD ...",https://globalewaste.org › uploads › 2018/10 › G...,globalewaste_org_The_Global_E_waste_Monitor_2017.txt
Lebanon,2018–2022,1,UNEP implemented Lebanon e-waste regulation developing policy law regulation strategy action plan circular economy chemicals waste pollution prevention control after:2018-01-01 before:2022-01-01,"(PDF) UNEP 2021, Sustainable Public Procurement",https://www.researchgate.net/publication/355889107_UNEP_2021_Sustainable_Public_Procurement_How_to_Wake_the_Sleeping_Giant_Introducing_the_United_Nations_Environment_Programme's_Approach,"The Sustainable Public Procurement Implementation Guidelines give direction to SPP policy makers, experts and consultants on designing Sustainable Public ...",https://www.researchgate.net › ... › Public Procurement,www_researchgate_net__PDF_UNEP_2021_Sustainable_Public_Procurement.txt
Lebanon,2018–2022,1,UNEP implemented Lebanon e-waste regulation developing policy law regulation strategy action plan circular economy chemicals waste pollution prevention control after:2018-01-01 before:2022-01-01,6 April 2021 🖱 Register: www.wmdoha.com #wmdoha21,https://www.facebook.com/albaladiya/posts/%EF%B8%8F-1st-waste-management-conference-2021-using-visual-and-virtual-technology-5-6-a/3996670973716814/,1st Waste Management Conference 2021 using visual and virtual technology 5 - 6 April 2021 Register: www.wmdoha.com #wmdoha21.,2 reactions,www_facebook_com_6_April_2021_Register_www_wmdoha_com_wmdoha21.txt
Lebanon,2018–2022,1,UNEP implemented Lebanon e-waste regulation developing policy law regulation strategy action plan circular economy chemicals waste pollution prevention control after:2018-01-01 before:2022-01-01,United Nations Environment Programme Implementation of ...,https://gefcrew.org/carrcu/18IGM/4LBSCOP/Info-Docs/gpa_igr4_inf8-en.pdf,"The Programme aims to address the accelerating degradation of the world's oceans and coastal areas through a “shared seas” approach; namely, by engaging ...",https://gefcrew.org › Info-Docs › gpa_igr4_inf8-en,gefcrew_org_United_Nations_Environment_Programme_Implementatio.txt
Lebanon,2018–2022,1,UNEP implemented Lebanon e-waste regulation developing policy law regulation strategy action plan circular economy chemicals waste pollution prevention control after:2018-01-01 before:2022-01-01,United Nations Environment Programme Implementation of ...,https://gefcrew.org/carrcu/18IGM/4LBSCOP/Info-Docs/gpa_igr4_inf8-en.pdf,"The Programme aims to address the accelerating degradation of the world's oceans and coastal areas through a “shared seas” approach; namely, by engaging ...",https://gefcrew.org › Info-Docs › gpa_igr4_inf8-en,gefcrew_org_United_Nations_Environment_Programme_Implementatio.txt
Lebanon,2018–2022,1,UNEP implemented Lebanon e-waste regulation developing policy law regulation strategy action plan circular economy chemicals waste pollution prevention control after:2018-01-01 before:2022-01-01,An Overview of Green Reforms in Country Procurement Systems,https://documents1.worldbank.org/curated/en/157141636056129273/pdf/Green-Public-Procurement-An-Overview-of-Green-Reforms-in-Country-Procurement-Systems.pdf,The EU's 2020 Circular Economy Action Plan proposes an overarching sustainable product policy framework as a way to phase out products that are short-lived ...,https://documents1.worldbank.org › curated › pdf,documents1_worldbank_org_An_Overview_of_Green_Reforms_in_Country_Procuremen.txt
Lebanon,2018–2022,1,UNEP implemented Lebanon e-waste regulation developing policy law regulation strategy action plan circular economy chemicals waste pollution prevention control after:2018-01-01 before:2022-01-01,Throwing away our health - The impacts of solid waste on ...,https://cdn.who.int/media/docs/default-source/wash-documents/throwing-away-our-health-19-dec-25.pdf?sfvrsn=1c0ffac2_3,"Hazardous waste includes any waste that can harm human health, living organisms or the environment due to its hazardous constituents and characteristics.",https://cdn.who.int › docs › wash-documents › thr...,cdn_who_int_Throwing_away_our_health_The_impacts_of_solid_wast.txt
Lebanon,2018–2022,1,UNEP implemented Lebanon e-waste regulation developing policy law regulation strategy action plan circular economy chemicals waste pollution prevention control after:2018-01-01 before:2022-01-01,DEVELOPING EFFECTIVE AFRICAN POLICY RESPONSES,https://saiia.org.za/wp-content/uploads/2018/06/Policy-Insights-59.pdf,"Sustainable use of resources is addressed under the section. 'Management of chemicals and waste, including hazardous waste' (articles 70 and. Page 11. 1 1.",https://saiia.org.za › 2018/06 › Policy-Insights-59,saiia_org_za_DEVELOPING_EFFECTIVE_AFRICAN_POLICY_RESPONSES.txt
Lebanon,2018–2022,1,UNEP implemented Lebanon e-waste regulation developing policy law regulation strategy action plan circular economy chemicals waste pollution prevention control after:2018-01-01 before:2022-01-01,MEDITERRANEAN ACTION PLAN (MAP) REGIONAL ...,https://www.rempec.org/en/knowledge-centre/online-catalogue/e-wg-49-5-2nd-draft-strategy-and-action-plan-2022-2031-1.pdf,"Executive Summary: The present document provides the Second Draft Mediterranean Strategy for the Prevention of, and Response to Marine Pollution from Ships ( ...",https://www.rempec.org › online-catalogue › e-w...,www_rempec_org_MEDITERRANEAN_ACTION_PLAN_MAP_REGIONAL_.txt
Lebanon,2018–2022,1,UNEP implemented Lebanon e-waste regulation developing policy law regulation strategy action plan circular economy chemicals waste pollution prevention control after:2018-01-01 before:2022-01-01,Master Deck Chemicals and Waste Series Session 2.pdf,https://www.sparkblue.org/system/files/2021-03/Master%20Deck%20Chemicals%20and%20Waste%20Series%20Session%202.pdf,"Healthcare Waste Management, e-Waste. Treatment, Scrap Processing and ... For planning waste management activities, budget and storage volume needed ...",https://www.sparkblue.org › system › files › Mas...,www_sparkblue_org_Master_Deck_Chemicals_and_Waste_Series_Session_2_p.txt
Lebanon,2018–2022,1,UNEP implemented Lebanon e-waste regulation developing policy law regulation strategy action plan circular economy chemicals waste pollution prevention control after:2018-01-01 before:2022-01-01,FROM POLLUTION TO SOLUTION,https://medblueconomyplatform.org/wp-content/uploads/2021/10/2021_frompollutiontosolution.pdf,United Nations Environment Programme (2021). From Pollution to. Solution. A global assessment of marine litter and plastic pollution Nairobi. Production. United ...,https://medblueconomyplatform.org › 2021/10,medblueconomyplatform_org_FROM_POLLUTION_TO_SOLUTION.txt
Lebanon,2018–2022,1,UNEP implemented Lebanon e-waste regulation developing policy law regulation strategy action plan circular economy chemicals waste pollution prevention control after:2018-01-01 before:2022-01-01,Environmental Institutions,https://www.wfd.org/sites/default/files/2022-02/WFD_June2020_Wilson_EnvironmentalDemocracy_EnvironmentalInstitutions.pdf,"The European Union's Waste Framework Directive15 is a significant regional update, taken with the Union's most recent policies towards a circular economy, with ...",https://www.wfd.org › sites › default › files › W...,www_wfd_org_Environmental_Institutions.txt
Lebanon,2018–2022,1,UNEP implemented Lebanon e-waste regulation developing policy law regulation strategy action plan circular economy chemicals waste pollution prevention control after:2018-01-01 before:2022-01-01,Circular Economy in China: Towards the Progress,https://mpra.ub.uni-muenchen.de/109281/1/MPRA_paper_109281.pdf,"The strategy of GoC is to implement the CE in the Chinese society based on three supports: i) a production that is environmental favorable, ii) industrial ...",https://mpra.ub.uni-muenchen.de › MPRA_paper_...,mpra_ub_uni-muenchen_de_Circular_Economy_in_China_Towards_the_Progress.txt
Lebanon,2018–2022,1,UNEP implemented Lebanon e-waste regulation developing policy law regulation strategy action plan circular economy chemicals waste pollution prevention control after:2018-01-01 before:2022-01-01,THE ROLE OF GREEN PUBLIC PROCUREMENT,https://www.climateworks.org/wp-content/uploads/2019/09/Green-Public-Procurement-Final-28Aug2019.pdf,"The plan's general objectives, as outlined by the United Nations (UN), include: integrating sustainable public procurement as a core criterion in tenders, ...",https://www.climateworks.org › uploads › 2019/09,www_climateworks_org_THE_ROLE_OF_GREEN_PUBLIC_PROCUREMENT.txt
Lebanon,2018–2022,1,UNEP implemented Lebanon e-waste regulation developing policy law regulation strategy action plan circular economy chemicals waste pollution prevention control after:2018-01-01 before:2022-01-01,An Overview of Green Reforms in Country Procurement Systems,https://documents1.worldbank.org/curated/en/157141636056129273/pdf/Green-Public-Procurement-An-Overview-of-Green-Reforms-in-Country-Procurement-Systems.pdf,The EU's 2020 Circular Economy Action Plan proposes an overarching sustainable product policy framework as a way to phase out products that are short-lived ...,https://documents1.worldbank.org › curated › pdf,documents1_worldbank_org_An_Overview_of_Green_Reforms_in_Country_Procuremen.txt
Lebanon,2018–2022,1,UNEP implemented Lebanon e-waste regulation developing policy law regulation strategy action plan circular economy chemicals waste pollution prevention control after:2018-01-01 before:2022-01-01,Environmental Institutions,https://www.wfd.org/sites/default/files/2022-02/WFD_June2020_Wilson_EnvironmentalDemocracy_EnvironmentalInstitutions.pdf,"The European Union's Waste Framework Directive15 is a significant regional update, taken with the Union's most recent policies towards a circular economy, with ...",https://www.wfd.org › sites › default › files › W...,www_wfd_org_Environmental_Institutions.txt
Lebanon,2018–2022,1,UNEP implemented Lebanon e-waste regulation developing policy law regulation strategy action plan circular economy chemicals waste pollution prevention control after:2018-01-01 before:2022-01-01,Master Deck Chemicals and Waste Series Session 2.pdf,https://www.sparkblue.org/system/files/2021-03/Master%20Deck%20Chemicals%20and%20Waste%20Series%20Session%202.pdf,"Healthcare Waste Management, e-Waste. Treatment, Scrap Processing and ... For planning waste management activities, budget and storage volume needed ...",https://www.sparkblue.org › system › files › Mas...,www_sparkblue_org_Master_Deck_Chemicals_and_Waste_Series_Session_2_p.txt
Lebanon,2018–2022,1,UNEP implemented Lebanon e-waste regulation developing policy law regulation strategy action plan circular economy chemicals waste pollution prevention control after:2018-01-01 before:2022-01-01,Chemical and Hazardous Waste in India: A Sectoral Analysis,https://ceerapub.nls.ac.in/wp-content/uploads/2021/08/Second-Chemical-Hazardous-Waste-in-India-Full-book.pdf,"Under the 'Make in India' initiative, the Government has opened up the petrochemical sector to explore opportunities to improve domestic production, ...",https://ceerapub.nls.ac.in › uploads › 2021/08,ceerapub_nls_ac_in_Chemical_and_Hazardous_Waste_in_India_A_Sectoral_A.txt
Lebanon,2018–2022,1,UNEP implemented Lebanon e-waste regulation developing policy law regulation strategy action plan circular economy chemicals waste pollution prevention control after:2018-01-01 before:2022-01-01,Lebanon State of the Environment and Future Outlook,https://www.undp.org/lebanon/publications/lebanon-state-environment-and-future-outlook-turning-crises-opportunities,"Electronic waste (e-waste) is rapidly growing, posing significant challenges, especially in developing countries lacking proper handling and recycling capacitie ...",https://www.undp.org › lebanon › publications › lebano...,www_undp_org_Lebanon_State_of_the_Environment_and_Future_Outloo.txt
Lebanon,2018–2022,1,UNEP implemented Lebanon e-waste regulation developing policy law regulation strategy action plan circular economy chemicals waste pollution prevention control after:2018-01-01 before:2022-01-01,Plastic & Health: The Hidden Costs of a Plastic Planet,https://www.ciel.org/wp-content/uploads/2019/02/Plastic-and-Health-The-Hidden-Costs-of-a-Plastic-Planet-February-2019.pdf,"Center for International Environmental Law (CIEL) uses the power of law to protect the environment, promote human rights, and ensure a just.",https://www.ciel.org › uploads › 2019/02 › Plasti...,www_ciel_org_Plastic_Health_The_Hidden_Costs_of_a_Plastic_Plane.txt
Lebanon,2018–2022,1,UNEP implemented Lebanon e-waste regulation developing policy law regulation strategy action plan circular economy chemicals waste pollution prevention control after:2018-01-01 before:2022-01-01,SCALING UP CIRCULAR STRATEGIES TO ACHIEVE ...,https://wwfint.awsassets.panda.org/downloads/zero_plastic_waste_in_thailand_en.pdf,"PURPOSE: This report intends to promote existing circular strategies that support plastic waste management in Thailand, as well as to provide key insights.",https://wwfint.awsassets.panda.org › downloads,wwfint_awsassets_panda_org_SCALING_UP_CIRCULAR_STRATEGIES_TO_ACHIEVE_.txt
Lebanon,2018–2022,1,UNEP implemented Lebanon e-waste regulation developing policy law regulation strategy action plan circular economy chemicals waste pollution prevention control after:2018-01-01 before:2022-01-01,FROM POLLUTION TO SOLUTION - Virtual Library,https://library.sprep.org/sites/default/files/2021-11/from-pollution-solution.pdf,Our distribution policy aims to reduce UNEP's carbon footprint. Page 3. FROM POLLUTION. TO SOLUTION. A GLOBAL ASSESSMENT OF MARINE.,https://library.sprep.org › sites › default › files › fr...,library_sprep_org_FROM_POLLUTION_TO_SOLUTION_Virtual_Library.txt
Lebanon,2018–2022,1,UNEP implemented Lebanon e-waste regulation developing policy law regulation strategy action plan circular economy chemicals waste pollution prevention control after:2018-01-01 before:2022-01-01,SOER REPORT,https://www.unicef.org/lebanon/media/7161/file/SOER_Report_EN.pdf,"The purpose of the report is to consolidate, analyse and present the latest available data on the environment in various key sectors in Lebanon. Each chapter.",https://www.unicef.org › lebanon › media › file,www_unicef_org_SOER_REPORT.txt
Lebanon,2018–2022,1,UNEP implemented Lebanon e-waste regulation developing policy law regulation strategy action plan circular economy chemicals waste pollution prevention control after:2018-01-01 before:2022-01-01,Module 1: A recap - The structure of UNEP and UNEA,https://stakeholderforum.org/wp-content/uploads/2021/12/UNEP-Asia-Pacific-Region-CB-Webninar-Presentation-2-Dec-2021-Website.pdf,Session 1. 1. Understanding the United Nations Environment Assembly & the United Nations. Environment Programme. 2. Advice for newcomers on how to engage ...,https://stakeholderforum.org › uploads › 2021/12,stakeholderforum_org_Module_1_A_recap_The_structure_of_UNEP_and_UNEA.txt
Lebanon,2018–2022,2,UNEP programme Lebanon hazardous waste regulation revising policy law regulation strategy action plan circular economy chemicals waste pollution prevention control after:2018-01-01 before:2022-01-01,Governments,https://www.unep.org/beatpollution/governments,It is a national decision making framework that will allow categorisation of chemicals based on their level of risk to the Australian environment.,https://www.unep.org › beatpollution › governments,www_unep_org_Governments.txt
Lebanon,2018–2022,2,UNEP programme Lebanon hazardous waste regulation revising policy law regulation strategy action plan circular economy chemicals waste pollution prevention control after:2018-01-01 before:2022-01-01,Combating marine plastic litter and microplast,https://apps1.unep.org/resolutions/uploads/unep_aheg_2018_inf3_full_assessment_en.pdf,"UN Environment, 2017. Combating marine plastic litter and microplastics: An assessment of the effectiveness of relevant international, regional and subregional ...",https://apps1.unep.org › resolutions › uploads › u...,apps1_unep_org_Combating_marine_plastic_litter_and_microplast.txt
Lebanon,2018–2022,2,UNEP programme Lebanon hazardous waste regulation revising policy law regulation strategy action plan circular economy chemicals waste pollution prevention control after:2018-01-01 before:2022-01-01,Report of the United Nations Environment Assembly of the ...,https://docs.un.org/en/A/74/25,"(c) To advance sustainable consumption and production patterns, including, but not only, through circular economy and other sustainable economic models and the ...",https://docs.un.org › ...,docs_un_org_Report_of_the_United_Nations_Environment_Assembly_.txt
Lebanon,2018–2022,2,UNEP programme Lebanon hazardous waste regulation revising policy law regulation strategy action plan circular economy chemicals waste pollution prevention control after:2018-01-01 before:2022-01-01,The Global E-waste Monitor 2020,https://ewastemonitor.info/wp-content/uploads/2020/11/GEM_2020_def_july1_low.pdf,"In countries that have developed waste management laws, e-waste is collected by individual waste dealers or companies and traded through various channels.",https://ewastemonitor.info › uploads › 2020/11,ewastemonitor_info_The_Global_E_waste_Monitor_2020.txt
Lebanon,2018–2022,2,UNEP programme Lebanon hazardous waste regulation revising policy law regulation strategy action plan circular economy chemicals waste pollution prevention control after:2018-01-01 before:2022-01-01,FROM POLLUTION TO SOLUTION,https://www.gdr-po.cnrs.fr/docs/UNEP_2021.pdf,United Nations Environment Programme (2021). From Pollution to. Solution. A global assessment of marine litter and plastic pollution Nairobi. Production. United ...,https://www.gdr-po.cnrs.fr › docs › UNEP_2021,www_gdr-po_cnrs_fr_FROM_POLLUTION_TO_SOLUTION.txt
Lebanon,2018–2022,2,UNEP programme Lebanon hazardous waste regulation revising policy law regulation strategy action plan circular economy chemicals waste pollution prevention control after:2018-01-01 before:2022-01-01,United Nations Environment Programme Implementation of ...,https://gefcrew.org/carrcu/18IGM/4LBSCOP/Info-Docs/gpa_igr4_inf8-en.pdf,"The Programme aims to address the accelerating degradation of the world's oceans and coastal areas through a “shared seas” approach; namely, by engaging ...",https://gefcrew.org › Info-Docs › gpa_igr4_inf8-en,gefcrew_org_United_Nations_Environment_Programme_Implementatio.txt
Lebanon,2018–2022,2,UNEP programme Lebanon hazardous waste regulation revising policy law regulation strategy action plan circular economy chemicals waste pollution prevention control after:2018-01-01 before:2022-01-01,(LitOUTer),https://blacksea-cbc.net/wp-content/uploads/2021/04/BSB785_LitOUTer_Report-on-State-of-Art-of-Marine-Litters-and-Legal-Status-in-The-Partner-Countries_EN.pdf,"This report presents the review of the Turkish, Georgian, Romanian and Bulgarian national and regional as well as international legal and policy framework ...",https://blacksea-cbc.net › uploads › 2021/04 › B...,blacksea-cbc_net__LitOUTer_.txt
Lebanon,2018–2022,2,UNEP programme Lebanon hazardous waste regulation revising policy law regulation strategy action plan circular economy chemicals waste pollution prevention control after:2018-01-01 before:2022-01-01,United Nations Environment Assembly of the ...,https://apps1.unep.org/resolutions/uploads/unep_aheg_2018_1_inf_4_unea2_edited.pdf,Our distribution policy aims to reduce UNEP's carbon footprint. Recommended citation: UNEP (2016). Marine plastic debris and microplastics – Global ...,https://apps1.unep.org › resolutions › uploads › u...,apps1_unep_org_United_Nations_Environment_Assembly_of_the_.txt
Lebanon,2018–2022,2,UNEP programme Lebanon hazardous waste regulation revising policy law regulation strategy action plan circular economy chemicals waste pollution prevention control after:2018-01-01 before:2022-01-01,The Global E-waste Monitor 2020,https://www.itu.int/en/itu-d/environment/documents/toolbox/gem_2020_def.pdf,"In countries that have developed waste management laws, e-waste is collected by individual waste dealers or companies and traded through various channels.",https://www.itu.int › toolbox › gem_2020_def,www_itu_int_The_Global_E_waste_Monitor_2020.txt
Lebanon,2018–2022,2,UNEP programme Lebanon hazardous waste regulation revising policy law regulation strategy action plan circular economy chemicals waste pollution prevention control after:2018-01-01 before:2022-01-01,"(PDF) UNEP 2021, Sustainable Public Procurement",https://www.researchgate.net/publication/355889107_UNEP_2021_Sustainable_Public_Procurement_How_to_Wake_the_Sleeping_Giant_Introducing_the_United_Nations_Environment_Programme's_Approach,"The Sustainable Public Procurement Implementation Guidelines give direction to SPP policy makers, experts and consultants on designing Sustainable Public ...",https://www.researchgate.net › ... › Public Procurement,www_researchgate_net__PDF_UNEP_2021_Sustainable_Public_Procurement.txt
Lebanon,2018–2022,2,UNEP programme Lebanon hazardous waste regulation revising policy law regulation strategy action plan circular economy chemicals waste pollution prevention control after:2018-01-01 before:2022-01-01,"(PDF) UNEP 2021, Sustainable Public Procurement",https://www.researchgate.net/publication/355889107_UNEP_2021_Sustainable_Public_Procurement_How_to_Wake_the_Sleeping_Giant_Introducing_the_United_Nations_Environment_Programme's_Approach,"The Sustainable Public Procurement Implementation Guidelines give direction to SPP policy makers, experts and consultants on designing Sustainable Public ...",https://www.researchgate.net › ... › Public Procurement,www_researchgate_net__PDF_UNEP_2021_Sustainable_Public_Procurement.txt
Lebanon,2018–2022,2,UNEP programme Lebanon hazardous waste regulation revising policy law regulation strategy action plan circular economy chemicals waste pollution prevention control after:2018-01-01 before:2022-01-01,FROM POLLUTION TO SOLUTION,https://medblueconomyplatform.org/wp-content/uploads/2021/10/2021_frompollutiontosolution.pdf,United Nations Environment Programme (2021). From Pollution to. Solution. A global assessment of marine litter and plastic pollution Nairobi. Production. United ...,https://medblueconomyplatform.org › 2021/10,medblueconomyplatform_org_FROM_POLLUTION_TO_SOLUTION.txt
Lebanon,2018–2022,2,UNEP programme Lebanon hazardous waste regulation revising policy law regulation strategy action plan circular economy chemicals waste pollution prevention control after:2018-01-01 before:2022-01-01,MEDITERRANEAN ACTION PLAN (MAP) REGIONAL ...,https://www.rempec.org/en/knowledge-centre/online-catalogue/e-wg-49-5-2nd-draft-strategy-and-action-plan-2022-2031-1.pdf,"Executive Summary: The present document provides the Second Draft Mediterranean Strategy for the Prevention of, and Response to Marine Pollution from Ships ( ...",https://www.rempec.org › online-catalogue › e-w...,www_rempec_org_MEDITERRANEAN_ACTION_PLAN_MAP_REGIONAL_.txt
Lebanon,2018–2022,2,UNEP programme Lebanon hazardous waste regulation revising policy law regulation strategy action plan circular economy chemicals waste pollution prevention control after:2018-01-01 before:2022-01-01,republic of lebanon - ministry of public health,https://www.moph.gov.lb/userfiles/files/Programs%26Projects/LHRP%20-%20ESMF.pdf,Waste Management Plan for Medical Activities. A waste management plan has ... integrated solid waste management hierarchy towards a circular economy. 3 ...,https://www.moph.gov.lb › Programs&Projects,www_moph_gov_lb_republic_of_lebanon_ministry_of_public_health.txt
Lebanon,2018–2022,2,UNEP programme Lebanon hazardous waste regulation revising policy law regulation strategy action plan circular economy chemicals waste pollution prevention control after:2018-01-01 before:2022-01-01,The Lebanon municipal solid waste crisis and pathways ...,https://www.adlittle.com/sites/default/files/viewpoints/adl_the_lebanon_municipal_solid_waste_crisis_and_possible_pathways_forward-compressed_0.pdf,"The first being environmental regulations aimed at limiting the impact of waste on the environment (including emissions control, proper site localization and ...",https://www.adlittle.com › sites › files › viewpoints,www_adlittle_com_The_Lebanon_municipal_solid_waste_crisis_and_pathw.txt
Lebanon,2018–2022,2,UNEP programme Lebanon hazardous waste regulation revising policy law regulation strategy action plan circular economy chemicals waste pollution prevention control after:2018-01-01 before:2022-01-01,DEVELOPING EFFECTIVE AFRICAN POLICY RESPONSES,https://saiia.org.za/wp-content/uploads/2018/06/Policy-Insights-59.pdf,"Sustainable use of resources is addressed under the section. 'Management of chemicals and waste, including hazardous waste' (articles 70 and. Page 11. 1 1.",https://saiia.org.za › 2018/06 › Policy-Insights-59,saiia_org_za_DEVELOPING_EFFECTIVE_AFRICAN_POLICY_RESPONSES.txt
Lebanon,2018–2022,2,UNEP programme Lebanon hazardous waste regulation revising policy law regulation strategy action plan circular economy chemicals waste pollution prevention control after:2018-01-01 before:2022-01-01,Master Deck Chemicals and Waste Series Session 2.pdf,https://www.sparkblue.org/system/files/2021-03/Master%20Deck%20Chemicals%20and%20Waste%20Series%20Session%202.pdf,"Sound Management of Chemicals and Waste: Greening health care waste. 24 ... For planning waste management activities, budget and storage volume needed ...",https://www.sparkblue.org › system › files › Mas...,www_sparkblue_org_Master_Deck_Chemicals_and_Waste_Series_Session_2_p.txt
Lebanon,2018–2022,2,UNEP programme Lebanon hazardous waste regulation revising policy law regulation strategy action plan circular economy chemicals waste pollution prevention control after:2018-01-01 before:2022-01-01,Throwing away our health - The impacts of solid waste on ...,https://cdn.who.int/media/docs/default-source/wash-documents/throwing-away-our-health-19-dec-25.pdf?sfvrsn=1c0ffac2_3,"Hazardous waste includes any waste that can harm human health, living organisms or the environment due to its hazardous constituents and characteristics.",https://cdn.who.int › docs › wash-documents › thr...,cdn_who_int_Throwing_away_our_health_The_impacts_of_solid_wast.txt
Lebanon,2018–2022,2,UNEP programme Lebanon hazardous waste regulation revising policy law regulation strategy action plan circular economy chemicals waste pollution prevention control after:2018-01-01 before:2022-01-01,Lebanon BUR4 2021.pdf,https://unfccc.int/sites/default/files/resource/Lebanon%20BUR4%202021.pdf,"Beirut, Lebanon. MoE/UNEP/GEF, (2016). Lebanon's National Biodiversity Strategy and Action Plan. Ministry of Environment,. Beirut, Lebanon. MoE/UOB (2018) ...",https://unfccc.int › sites › default › files › resource,unfccc_int_Lebanon_BUR4_2021_pdf.txt
Lebanon,2018–2022,2,UNEP programme Lebanon hazardous waste regulation revising policy law regulation strategy action plan circular economy chemicals waste pollution prevention control after:2018-01-01 before:2022-01-01,State of the Environment and Development in ...,https://planbleu.org/wp-content/uploads/2020/11/SoED-Full-Report.pdf,"It calls for prioritizing green jobs, renewable energy, integrated water resource management, organic agriculture, sustainable fisheries and aquaculture, ...",https://planbleu.org › 2020/11 › SoED-Full-Report,planbleu_org_State_of_the_Environment_and_Development_in_.txt
Lebanon,2018–2022,2,UNEP programme Lebanon hazardous waste regulation revising policy law regulation strategy action plan circular economy chemicals waste pollution prevention control after:2018-01-01 before:2022-01-01,First Global Report,https://environmentalmigration.iom.int/sites/g/files/tmzbdl1411/files/documents/2023-11/environmental_rule_of_law.pdf,"This new report on the Environmental. Rule of Law will help us improve compliance with environmental law, which is essential to ensuring protection of ...",https://environmentalmigration.iom.int › files › e...,environmentalmigration_iom_int_First_Global_Report.txt
Lebanon,2018–2022,2,UNEP programme Lebanon hazardous waste regulation revising policy law regulation strategy action plan circular economy chemicals waste pollution prevention control after:2018-01-01 before:2022-01-01,"Regional project ""Addressing Marine Litter in the Caspian ...",https://tehranconvention.org/system/files/tcis/cop6_14_marine_litter_project_prepcom_fin.pdf,Changes in the legislation in the field of preventing pollution of the Caspian Sea from land-based sources in 2017 were based on changes in the environmental.,https://tehranconvention.org › system › files › tcis,tehranconvention_org_Regional_project_Addressing_Marine_Litter_in_the_C.txt
Lebanon,2018–2022,2,UNEP programme Lebanon hazardous waste regulation revising policy law regulation strategy action plan circular economy chemicals waste pollution prevention control after:2018-01-01 before:2022-01-01,SOER REPORT,https://www.unicef.org/lebanon/media/7161/file/SOER_Report_EN.pdf,"The purpose of the report is to consolidate, analyse and present the latest available data on the environment in various key sectors in Lebanon. Each chapter.",https://www.unicef.org › lebanon › media › file,www_unicef_org_SOER_REPORT.txt
Lebanon,2018–2022,2,UNEP programme Lebanon hazardous waste regulation revising policy law regulation strategy action plan circular economy chemicals waste pollution prevention control after:2018-01-01 before:2022-01-01,LCPS - A Wasted Waste Law,https://www.lcps-lebanon.org/en/articles/details/1858/a-wasted-waste-law,The Lebanese Parliament passed the “Integrated Solid Waste Management Law” (ISWML) in its first session since it was elected in May 2018.,https://www.lcps-lebanon.org › articles › details › a-wast...,www_lcps-lebanon_org_LCPS_A_Wasted_Waste_Law.txt
Lebanon,2018–2022,2,UNEP programme Lebanon hazardous waste regulation revising policy law regulation strategy action plan circular economy chemicals waste pollution prevention control after:2018-01-01 before:2022-01-01,Environmental Institutions,https://www.wfd.org/sites/default/files/2022-02/WFD_June2020_Wilson_EnvironmentalDemocracy_EnvironmentalInstitutions.pdf,The UNEP report goes on to make clear that “shortcomings in implementing environmental laws” are by no means limited to developing nations. It cites a 2017 ...,https://www.wfd.org › sites › default › files › W...,www_wfd_org_Environmental_Institutions.txt
Lebanon,2018–2022,2,UNEP programme Lebanon hazardous waste regulation revising policy law regulation strategy action plan circular economy chemicals waste pollution prevention control after:2018-01-01 before:2022-01-01,"The United Nations world water development report, 2017",https://unesdoc.unesco.org/ark:/48223/pf0000247153,"International environmental law is applicable to the management of solid waste, including hazardous waste, and the management of air pollution, all of which ...",https://unesdoc.unesco.org › ark:,unesdoc_unesco_org_The_United_Nations_world_water_development_report_.txt
Lebanon,2018–2022,2,UNEP programme Lebanon hazardous waste regulation revising policy law regulation strategy action plan circular economy chemicals waste pollution prevention control after:2018-01-01 before:2022-01-01,Technical guidelines | UNEPMAP,https://www.unep.org/unepmap/what-we-do/technical-guidelines,"Guidelines for industrial wastewater, application of Best Available Techniques (BAT) and Best Environmental Practices (BEP) for management of pollutants such as ...",https://www.unep.org › unepmap › what-we-do › techn...,www_unep_org_Technical_guidelines_UNEPMAP.txt
Lebanon,2018–2022,2,UNEP programme Lebanon hazardous waste regulation revising policy law regulation strategy action plan circular economy chemicals waste pollution prevention control after:2018-01-01 before:2022-01-01,Promoting Sustainable Finance and Climate ...,https://www.unepfi.org/wordpress/wp-content/uploads/2021/01/Sustainable-Arab-Finance-Report-Jan-2021.pdf,"The Strategy's Action Plan consists of the national environment protection and improve- ment programs and projects, estimated at more than 65 programs ...",https://www.unepfi.org › uploads › 2021/01 › S...,www_unepfi_org_Promoting_Sustainable_Finance_and_Climate_.txt
Lebanon,2018–2022,2,UNEP programme Lebanon hazardous waste regulation revising policy law regulation strategy action plan circular economy chemicals waste pollution prevention control after:2018-01-01 before:2022-01-01,An Overview of Green Reforms in Country Procurement Systems,https://documents1.worldbank.org/curated/en/157141636056129273/pdf/Green-Public-Procurement-An-Overview-of-Green-Reforms-in-Country-Procurement-Systems.pdf,The EU's 2020 Circular Economy Action Plan proposes an overarching sustainable product policy framework as a way to phase out products that are short-lived ...,https://documents1.worldbank.org › curated › pdf,documents1_worldbank_org_An_Overview_of_Green_Reforms_in_Country_Procuremen.txt
Lebanon,2018–2022,2,UNEP programme Lebanon hazardous waste regulation revising policy law regulation strategy action plan circular economy chemicals waste pollution prevention control after:2018-01-01 before:2022-01-01,THE ROLE OF GREEN PUBLIC PROCUREMENT,https://www.climateworks.org/wp-content/uploads/2019/09/Green-Public-Procurement-Final-28Aug2019.pdf,"The environmental aspects of products that are addressed by the MSME policy are: energy efficiency, GHG emissions reduction, re-use or recycling, energy ...",https://www.climateworks.org › uploads › 2019/09,www_climateworks_org_THE_ROLE_OF_GREEN_PUBLIC_PROCUREMENT.txt
Lebanon,2018–2022,2,UNEP programme Lebanon hazardous waste regulation revising policy law regulation strategy action plan circular economy chemicals waste pollution prevention control after:2018-01-01 before:2022-01-01,"Environmental, Social and Governance",https://greenfinancelac.org/wp-content/uploads/2020/06/Environmental_Social_Governance.2.pdf,"The complex challenges we face — health, economic, social, and environmental — require meaningful dialogue across borders, industries, and sectors, now more.",https://greenfinancelac.org › uploads › 2020/06,greenfinancelac_org_Environmental_Social_and_Governance.txt
Lebanon,2018–2022,2,UNEP programme Lebanon hazardous waste regulation revising policy law regulation strategy action plan circular economy chemicals waste pollution prevention control after:2018-01-01 before:2022-01-01,British Embassy Tunis,https://www.facebook.com/ukintunisia/posts/yesterday-our-ambassador-louise-de-sousa-hosted-a-british-tunisian-environmental/10155863732088226/,"It was a great opportunity to raise the awareness about pollution, climate change and recycling issues. The main theme was about plastic recycling . it is ...",30+ reactions,www_facebook_com_British_Embassy_Tunis.txt
Lebanon,2018–2022,2,UNEP programme Lebanon hazardous waste regulation revising policy law regulation strategy action plan circular economy chemicals waste pollution prevention control after:2018-01-01 before:2022-01-01,ROUNDTABLE,https://www.iaea.org/sites/default/files/21/08/nutec_rt_asiapacific.pdf,Calls for action include scientific developments to provide effective and accurate methodologies to monitor plastic pollution and prevent it at its roots on ...,https://www.iaea.org › files › nutec_rt_asiapacific,www_iaea_org_ROUNDTABLE.txt
Lebanon,2018–2022,2,UNEP programme Lebanon hazardous waste regulation revising policy law regulation strategy action plan circular economy chemicals waste pollution prevention control after:2018-01-01 before:2022-01-01,Plastic & Health: The Hidden Costs of a Plastic Planet,https://www.ciel.org/wp-content/uploads/2019/02/Plastic-and-Health-The-Hidden-Costs-of-a-Plastic-Planet-February-2019.pdf,"Center for International Environmental Law (CIEL) uses the power of law to protect the environment, promote human rights, and ensure a just.",https://www.ciel.org › uploads › 2019/02 › Plasti...,www_ciel_org_Plastic_Health_The_Hidden_Costs_of_a_Plastic_Plane.txt
Lebanon,2018–2022,2,UNEP programme Lebanon hazardous waste regulation revising policy law regulation strategy action plan circular economy chemicals waste pollution prevention control after:2018-01-01 before:2022-01-01,Sustainable Development Goal 6 Synthesis Report on ...,https://www.unwater.org/sites/default/files/app/uploads/2018/12/SDG6_SynthesisReport2018_WaterandSanitation_04122018.pdf,These are the objectives of Sustainable Development Goal 6. If we remain off track to deliver on. SDG 6 then we jeopardize the entire 2030 Agenda for ...,https://www.unwater.org › uploads › 2018/12,www_unwater_org_Sustainable_Development_Goal_6_Synthesis_Report_on.txt
Lebanon,2018–2022,2,UNEP programme Lebanon hazardous waste regulation revising policy law regulation strategy action plan circular economy chemicals waste pollution prevention control after:2018-01-01 before:2022-01-01,ENVIRONMENTAL EDUCATION,https://www.earthday.org/wp-content/uploads/2020/07/AFED-2019-Environmental_Education-Eng-Ar3.pdf,"Arab Forum for Environment and Development (AFED) is an international not-for-profit, non-governmental, membership-based organization.",https://www.earthday.org › uploads › 2020/07,www_earthday_org_ENVIRONMENTAL_EDUCATION.txt
Lebanon,2018–2022,2,UNEP programme Lebanon hazardous waste regulation revising policy law regulation strategy action plan circular economy chemicals waste pollution prevention control after:2018-01-01 before:2022-01-01,Economic Commission for Europe,https://unece.org/sites/default/files/2021-05/E_ECE_1494_e_Final.pdf,"Emphasizing the importance of circular economy and the sustainable use of natural resources in achieving the Sustainable Development Goals (SDGs), supporting.",https://unece.org › files › E_ECE_1494_e_Final,unece_org_Economic_Commission_for_Europe.txt
Lebanon,2018–2022,2,UNEP programme Lebanon hazardous waste regulation revising policy law regulation strategy action plan circular economy chemicals waste pollution prevention control after:2018-01-01 before:2022-01-01,Ghana-MIA-2018.pdf,https://minamataconvention.org/sites/default/files/documents/minamata_initial_assessment/Ghana-MIA-2018.pdf,"Hazardous and Electronic Waste Control and Management Act, 2016 (Act 917) ... Action plan will also include strategies to prevent the exposure to mercury ...",https://minamataconvention.org › documents › G...,minamataconvention_org_Ghana_MIA_2018_pdf.txt
Lebanon,2018–2022,2,UNEP programme Lebanon hazardous waste regulation revising policy law regulation strategy action plan circular economy chemicals waste pollution prevention control after:2018-01-01 before:2022-01-01,Liberia environmental profile,http://ekmsliberia.info/wp-content/uploads/2021/09/cep_liberia_2006_.pdf,7.6 Waste management. Policy/information/knowledge gaps. Hazardous waste management. - Provision of incentives for waste reduction/minimisation. - Guidelines ...,http://ekmsliberia.info › cep_liberia_2006_,ekmsliberia_info_Liberia_environmental_profile.txt
Lebanon,2018–2022,2,UNEP programme Lebanon hazardous waste regulation revising policy law regulation strategy action plan circular economy chemicals waste pollution prevention control after:2018-01-01 before:2022-01-01,Aglobal Snapshot of Solid Waste Managment to 2050,https://www.oneplanetnetwork.org/sites/default/files/from-crm/9781464813290%2520%25281%2529.pdf,The series aims to delve substantively into a range of core issues related to urban devel- opment that policy makers and practitioners must address. Cities and ...,https://www.oneplanetnetwork.org › from-crm,www_oneplanetnetwork_org_Aglobal_Snapshot_of_Solid_Waste_Managment_to_2050.txt
Lebanon,2022–2026,1,UNEP supported Lebanon circular economy policy developed policy law regulation strategy action plan circular economy chemicals waste pollution prevention control after:2022-01-01 before:2026-01-01,SwitchMed in Lebanon,https://www.unep.org/resources/policy-and-strategy/switchmed-lebanon,The Lebanese Sustainable Consumption and Production National Action Plan (SCP-NAP) was developed under the coordination of the Ministry of Environment (MoE) ...,https://www.unep.org › resources › policy-and-strategy,www_unep_org_SwitchMed_in_Lebanon.txt
Lebanon,2022–2026,1,UNEP supported Lebanon circular economy policy developed policy law regulation strategy action plan circular economy chemicals waste pollution prevention control after:2022-01-01 before:2026-01-01,Circular Economy as an Enabler for Responsible Banking,https://www.unepfi.org/wordpress/wp-content/uploads/2024/07/PRB_CE-Nexus_Guidance-Doc.pdf,"This report aims to identify and operationalise the nexus between circular economy and climate, nature, pollution, and healthy and inclusive economies. It ...",https://www.unepfi.org › uploads › 2024/07 › P...,www_unepfi_org_Circular_Economy_as_an_Enabler_for_Responsible_Ban.txt
Lebanon,2022–2026,1,UNEP supported Lebanon circular economy policy developed policy law regulation strategy action plan circular economy chemicals waste pollution prevention control after:2022-01-01 before:2026-01-01,TRANSITIONING TO A CIRCULAR ECONOMY THROUGH ...,https://www.undp.org/sites/g/files/zskgke326/files/2022-03/UNDP-GEF-Transitioning-to-a-Circular-Economy-Through-Chemical-and-Waste-Management.pdf,"United Nations Development Programme. 2022. Transitioning to a Circular Economy Through Chemical and Waste Management. All rights reserved. UNDP,. New York.",https://www.undp.org › files › zskgke326 › files,www_undp_org_TRANSITIONING_TO_A_CIRCULAR_ECONOMY_THROUGH_.txt
Lebanon,2022–2026,1,UNEP supported Lebanon circular economy policy developed policy law regulation strategy action plan circular economy chemicals waste pollution prevention control after:2022-01-01 before:2026-01-01,REPORT: - Green Circular Economy at the ...,https://ufmsecretariat.org/wp-content/uploads/2024/05/%E2%9C%85-Report-on-Green-Circular-Economy_EN.pdf,"Chapter 3 focuses on key pathways for transitioning the Mediterranean economy to a ""green"" circular model, highlighting the crucial roles of green policies, ...",https://ufmsecretariat.org › uploads › 2024/05,ufmsecretariat_org_REPORT_Green_Circular_Economy_at_the_.txt
Lebanon,2022–2026,1,UNEP supported Lebanon circular economy policy developed policy law regulation strategy action plan circular economy chemicals waste pollution prevention control after:2022-01-01 before:2026-01-01,Name of the Project PRIVATE SECTOR TRANSITION TO A ...,https://downloads.unido.org/ot/34/78/34783421/ESMP_210028_Lebanon_Circular_Economy.pdf,Lebanon's National Biodiversity Strategy and Action Plan (NBSAP). Lebanon's National Biodiversity Strategy and Action Plan (NBSAP) 2016-2030. UNEP Law and.,https://downloads.unido.org › ESMP_210028_Le...,downloads_unido_org_Name_of_the_Project_PRIVATE_SECTOR_TRANSITION_TO_A.txt
Lebanon,2022–2026,1,UNEP supported Lebanon circular economy policy developed policy law regulation strategy action plan circular economy chemicals waste pollution prevention control after:2022-01-01 before:2026-01-01,United Nations Environment Programme Progress in ...,https://docs.un.org/en/UNEP/EA.6/8,The present report provides an update on progress made in implementing resolution 5/11 of the. United Nations Environment Assembly of the United Nations ...,https://docs.un.org › UNEP,docs_un_org_United_Nations_Environment_Programme_Progress_in_.txt
Lebanon,2022–2026,1,UNEP supported Lebanon circular economy policy developed policy law regulation strategy action plan circular economy chemicals waste pollution prevention control after:2022-01-01 before:2026-01-01,Solid Waste Management in the Context of a Circular ...,https://www.mdpi.com/2071-1050/14/1/480,"This paper presents a comprehensive overview of national systems for municipal solid waste (MSW) management, and material and energy recovery as an important ...",https://www.mdpi.com › ...,www_mdpi_com_Solid_Waste_Management_in_the_Context_of_a_Circula.txt
Lebanon,2022–2026,1,UNEP supported Lebanon circular economy policy developed policy law regulation strategy action plan circular economy chemicals waste pollution prevention control after:2022-01-01 before:2026-01-01,Investing in the circular economy: Turning waste to fashion,https://www.medwaves-centre.org/new/investing-in-the-circular-economy-turning-waste-to-fashion/,The project will contribute to implementing Barcelona Convention and UNEP/MAP's policies and strategies (e.g. the MSSD & Regional SCP Action Plan) by promoting ...,https://www.medwaves-centre.org › new › investing-in-t...,www_medwaves-centre_org_Investing_in_the_circular_economy_Turning_waste_to.txt
Lebanon,2022–2026,1,UNEP supported Lebanon circular economy policy developed policy law regulation strategy action plan circular economy chemicals waste pollution prevention control after:2022-01-01 before:2026-01-01,"Compilation of information, best practices and lessons ...",https://www.basel.int/Portals/4/Basel%20Convention/docs/plastic%20waste/UNEP-CHW-PWPWG-PUB-SingleUse-Jan2023.English.pdf,"It is intended to assist Parties to the Basel Convention, authorities, stakeholders, and the public in the environmentally sound management of plastic wastes.",https://www.basel.int › Portals › docs › plastic waste,www_basel_int_Compilation_of_information_best_practices_and_less.txt
Lebanon,2022–2026,1,UNEP supported Lebanon circular economy policy developed policy law regulation strategy action plan circular economy chemicals waste pollution prevention control after:2022-01-01 before:2026-01-01,"E-waste management in Saudi Arabia: Policy challenges, ...",https://www.sciencedirect.com/science/article/pii/S2772416625001500,"Saudi Vision 2030 supports circular economy strategies for e-waste recycling and reuse. •. A roadmap proposes EPR, recycling targets, and data-driven policies ...",https://www.sciencedirect.com › science › article › pii,www_sciencedirect_com_E_waste_management_in_Saudi_Arabia_Policy_challeng.txt
Lebanon,2022–2026,1,UNEP supported Lebanon circular economy policy developed policy law regulation strategy action plan circular economy chemicals waste pollution prevention control after:2022-01-01 before:2026-01-01,Plastics Treaty Assist Toolkit,https://www.giz.de/sites/default/files/media/document/2025-08/gocircular-plastics-treaty-assist-toolkit.pdf,"The National Guidance for Plastic Pollution Hotspotting and Shaping Action, developed by UNEP and IUCN ... strategic pillar of circular economy policy.",https://www.giz.de › files › media › document,www_giz_de_Plastics_Treaty_Assist_Toolkit.txt
Lebanon,2022–2026,1,UNEP supported Lebanon circular economy policy developed policy law regulation strategy action plan circular economy chemicals waste pollution prevention control after:2022-01-01 before:2026-01-01,"E-waste management in Saudi Arabia: Policy challenges, ...",https://www.sciencedirect.com/science/article/pii/S2772416625001500,"Saudi Vision 2030 supports circular economy strategies for e-waste recycling and reuse. •. A roadmap proposes EPR, recycling targets, and data-driven policies ...",https://www.sciencedirect.com › science › article › pii,www_sciencedirect_com_E_waste_management_in_Saudi_Arabia_Policy_challeng.txt
Lebanon,2022–2026,1,UNEP supported Lebanon circular economy policy developed policy law regulation strategy action plan circular economy chemicals waste pollution prevention control after:2022-01-01 before:2026-01-01,Birigui and UNEP Launches Circular Economy Pilot for ...,https://www.greenpolicyplatform.org/news/birigui-and-unep-launches-circular-economy-pilot-urban-waste-management,"By focusing on waste prevention, resource recovery and reuse, the initiative aims to reduce environmental impacts while generating economic and social benefits, ...",https://www.greenpolicyplatform.org › news › birigui-an...,www_greenpolicyplatform_org_Birigui_and_UNEP_Launches_Circular_Economy_Pilot_f.txt
Lebanon,2022–2026,1,UNEP supported Lebanon circular economy policy developed policy law regulation strategy action plan circular economy chemicals waste pollution prevention control after:2022-01-01 before:2026-01-01,Textile Study - Final - 25-09-2023,https://berytech.org/wp-content/uploads/2023/09/STANDUp_Policy-Paper.pdf,‎4- ‎Legal framework on Circular Economy and Decarbonization in Lebanon ... new laws to support circular economy in the textile and clothing industry ...,https://berytech.org › STANDUp_Policy-Paper,berytech_org_Textile_Study_Final_25_09_2023.txt
Lebanon,2022–2026,1,UNEP supported Lebanon circular economy policy developed policy law regulation strategy action plan circular economy chemicals waste pollution prevention control after:2022-01-01 before:2026-01-01,Employment in the Circular Economy,https://www.ilo.org/sites/default/files/2025-12/Employment%20in%20the%20circular%20economy%20-%20Leveraging%20circularity%20to%20create%20decent%20work.pdf,"The Partnership for Action on Green Economy is a joint initiative of five UN agencies – UN Environment. Programme, International Labour Organization, UN.",https://www.ilo.org › sites › default › files › Emp...,www_ilo_org_Employment_in_the_Circular_Economy.txt
Lebanon,2022–2026,1,UNEP supported Lebanon circular economy policy developed policy law regulation strategy action plan circular economy chemicals waste pollution prevention control after:2022-01-01 before:2026-01-01,Summary report 2–5 December 2025,https://enb.iisd.org/barcelona-convention-cop24-summary,Its objectives included: ensuring the sustainable management of natural marine and land resources and integrating the environment into socio-economic ...,https://enb.iisd.org › barcelona-convention-cop24-sum...,enb_iisd_org_Summary_report_2_5_December_2025.txt
Lebanon,2022–2026,1,UNEP supported Lebanon circular economy policy developed policy law regulation strategy action plan circular economy chemicals waste pollution prevention control after:2022-01-01 before:2026-01-01,Circular Economy: from indicators and data to policy-making,https://www.unep.org/resources/report/circular-economy-indicators-and-data-policy-making,"This report aims to map data at national, regional, and global levels, for core Circular Economy Indicators based on the Guidelines for measuring circular ...",https://www.unep.org › resources › report › circular-ec...,www_unep_org_Circular_Economy_from_indicators_and_data_to_polic.txt
Lebanon,2022–2026,1,UNEP supported Lebanon circular economy policy developed policy law regulation strategy action plan circular economy chemicals waste pollution prevention control after:2022-01-01 before:2026-01-01,Lebanon - MIDDLE EAST AND NORTH AFRICA- P172770 ...,https://policycommons.net/artifacts/4548421/lebanon/5371975/,Summary. This is a report published by World Bank Group in July 2023 about Lebanon and Waste Management. It was written by Bassam Sabbagh.,https://policycommons.net › artifacts › lebanon,policycommons_net_Lebanon_MIDDLE_EAST_AND_NORTH_AFRICA_P172770_.txt
Lebanon,2022–2026,1,UNEP supported Lebanon circular economy policy developed policy law regulation strategy action plan circular economy chemicals waste pollution prevention control after:2022-01-01 before:2026-01-01,Towards a National Circular Economy Strategy for Hungary,https://www.oecd.org/en/publications/towards-a-national-circular-economy-strategy-for-hungary_1178c379-en/full-report/transition-to-a-circular-life-cycle-for-plastics_c2ef1e21.html,"It provides an overview of the current situation and policy landscape, identifies areas for improvement and proposes a set of concrete policy recommendations.",https://www.oecd.org › ... › Full Report,www_oecd_org_Towards_a_National_Circular_Economy_Strategy_for_H.txt
Lebanon,2022–2026,1,UNEP supported Lebanon circular economy policy developed policy law regulation strategy action plan circular economy chemicals waste pollution prevention control after:2022-01-01 before:2026-01-01,2022 GLOBAL REVIEW,https://www.oneplanetnetwork.org/sites/default/files/from-crm/UNEP_2022_%2520SPP_Global_Review_Part_1_0.pdf,"In response to these challenges, UNEP has led the development of a methodology and reporting tool to monitor progress in SDG In- dicator 12.7.1 (the number of ...",https://www.oneplanetnetwork.org › from-crm,www_oneplanetnetwork_org_2022_GLOBAL_REVIEW.txt
Lebanon,2022–2026,1,UNEP supported Lebanon circular economy policy developed policy law regulation strategy action plan circular economy chemicals waste pollution prevention control after:2022-01-01 before:2026-01-01,american university of beirut plastic waste management ...,https://scholarworks.aub.edu.lb/bitstreams/11e97a8d-9c71-4ed8-9cc5-750c8d9bd0e3/download,"By embracing circular economy concepts and integrating the local community in waste management procedures, there is an opportunity to address the challenges of ...",https://scholarworks.aub.edu.lb › download,scholarworks_aub_edu_lb_american_university_of_beirut_plastic_waste_manage.txt
Lebanon,2022–2026,1,UNEP supported Lebanon circular economy policy developed policy law regulation strategy action plan circular economy chemicals waste pollution prevention control after:2022-01-01 before:2026-01-01,Waste management,https://en.wikipedia.org/wiki/Waste_management,Waste management or waste disposal includes the processes and actions required to manage waste from its inception to its final disposal.,https://en.wikipedia.org › wiki › Waste_management,en_wikipedia_org_Waste_management.txt
Lebanon,2022–2026,1,UNEP supported Lebanon circular economy policy developed policy law regulation strategy action plan circular economy chemicals waste pollution prevention control after:2022-01-01 before:2026-01-01,Actions of cities and regions in the Mediterranean Sea area to ...,https://www.europarl.europa.eu/RegData/etudes/STUD/2023/733123/IPOL_STU(2023)733123_EN.pdf,Abstract. This study provides a comprehensive analysis of the most common types of marine pollutants in the Mediterranean Sea.,https://www.europarl.europa.eu › etudes › STUD,www_europarl_europa_eu_Actions_of_cities_and_regions_in_the_Mediterranean.txt
Lebanon,2022–2026,1,UNEP supported Lebanon circular economy policy developed policy law regulation strategy action plan circular economy chemicals waste pollution prevention control after:2022-01-01 before:2026-01-01,Building Circularity into Nationally Determined Contributions,https://www.learningfornature.org/wp-content/uploads/2023/10/Building-Circularity-into-NDCs_A-Practical-Toolbox-User-Guide-Final.pdf,"As such, circular economy is a sustainable economic model, in which products and materials are designed in such a way that they can be reused, remanufactured, ...",https://www.learningfornature.org › 2023/10 › B...,www_learningfornature_org_Building_Circularity_into_Nationally_Determined_Co.txt
Lebanon,2022–2026,1,UNEP supported Lebanon circular economy policy developed policy law regulation strategy action plan circular economy chemicals waste pollution prevention control after:2022-01-01 before:2026-01-01,For Advancing Circular Economies for Plastics in Bangladesh,https://documents1.worldbank.org/curated/en/099121624201515863/pdf/P1759081d4a8d30e81899a1c0b8bfb342ad.pdf,"Aligned with the 3R strategy (reduce, reuse, recycle), the. Action Plan acknowledges the complexities of plastic management and proposes comprehensive policies ...",https://documents1.worldbank.org › curated › pdf,documents1_worldbank_org_For_Advancing_Circular_Economies_for_Plastics_in_B.txt
Lebanon,2022–2026,1,UNEP supported Lebanon circular economy policy developed policy law regulation strategy action plan circular economy chemicals waste pollution prevention control after:2022-01-01 before:2026-01-01,Focus Lebanon 3/3 - Waste prevention and the circular ...,https://www.circemed.org/articles/h/focus-lebanon-3-3-waste-prevention-and-the-circular-economy.html,"Against a backdrop of economic and financial crisis, the Lebanese have adopted a change in consumption habits due to the reduction in their purchasing power.",https://www.circemed.org › articles › focus-lebanon-3-3-...,www_circemed_org_Focus_Lebanon_3_3_Waste_prevention_and_the_circula.txt
Lebanon,2022–2026,1,UNEP supported Lebanon circular economy policy developed policy law regulation strategy action plan circular economy chemicals waste pollution prevention control after:2022-01-01 before:2026-01-01,(PDF) United Nations Environment Program (UNEP),https://www.researchgate.net/publication/363258265_United_Nations_Environment_Program_UNEP,(1) Introduction UNEP sets the environmental agenda and priorities for global policies on environment and develops environmental law. Its functions cover ...,https://www.researchgate.net › publication › 36325826...,www_researchgate_net__PDF_United_Nations_Environment_Program_UNEP_.txt
Lebanon,2022–2026,1,UNEP supported Lebanon circular economy policy developed policy law regulation strategy action plan circular economy chemicals waste pollution prevention control after:2022-01-01 before:2026-01-01,Mainstreaming a circular economy in the Arab region,https://www.unescwa.org/sites/default/files/pubs/pdf/mainstreaming-circular-economy-arab-region-english.pdf,"The circular economy is being implemented in the waste management sector through policies like extended producer responsibility, innovative waste-to-energy and.",https://www.unescwa.org › files › pubs › pdf,www_unescwa_org_Mainstreaming_a_circular_economy_in_the_Arab_regio.txt
Lebanon,2022–2026,1,UNEP supported Lebanon circular economy policy developed policy law regulation strategy action plan circular economy chemicals waste pollution prevention control after:2022-01-01 before:2026-01-01,"Lebanon's National ICZM Strategy, Legislation, and Plan ...",https://gefmed.paprac.org/wp-content/uploads/2025/09/Lebanon-ICZM-Strategy-Integrated-Diagnostic-Analysis-Report.pdf,"This document was developed through the project “Lebanon's National Integrated Coastal. Zone Management (ICZM) Strategy, Legislation, and Plan Development” ...",https://gefmed.paprac.org › uploads › 2025/09,gefmed_paprac_org_Lebanon_s_National_ICZM_Strategy_Legislation_and_P.txt
Lebanon,2022–2026,1,UNEP supported Lebanon circular economy policy developed policy law regulation strategy action plan circular economy chemicals waste pollution prevention control after:2022-01-01 before:2026-01-01,Transitioning to a Circular Economy,https://ieg.worldbankgroup.org/sites/default/files/Data/Evaluation/files/MunicipalSolidWasteManagement.pdf,"The newly launched. World Bank Group Climate Change Action Plan 2021–2025, for example, sets out a goal of pursuing integrated waste management and circular ...",https://ieg.worldbankgroup.org › Evaluation › files,ieg_worldbankgroup_org_Transitioning_to_a_Circular_Economy.txt
Lebanon,2022–2026,1,UNEP supported Lebanon circular economy policy developed policy law regulation strategy action plan circular economy chemicals waste pollution prevention control after:2022-01-01 before:2026-01-01,Transitioning to a Circular Economy,https://ieg.worldbankgroup.org/sites/default/files/Data/Evaluation/files/MunicipalSolidWasteManagement.pdf,"The newly launched. World Bank Group Climate Change Action Plan 2021–2025, for example, sets out a goal of pursuing integrated waste management and circular ...",https://ieg.worldbankgroup.org › Evaluation › files,ieg_worldbankgroup_org_Transitioning_to_a_Circular_Economy.txt
Lebanon,2022–2026,1,UNEP supported Lebanon circular economy policy developed policy law regulation strategy action plan circular economy chemicals waste pollution prevention control after:2022-01-01 before:2026-01-01,THE GLOBAL E-WASTE MONITOR 2024,https://ewastemonitor.info/wp-content/uploads/2024/03/GEM_2024_18-03_web_page_per_page_web.pdf,A waste management strategy was developed for the period 2019 to 2030. The strategy contains a comprehensive government plan to promote sustainable waste ...,https://ewastemonitor.info › uploads › 2024/03,ewastemonitor_info_THE_GLOBAL_E_WASTE_MONITOR_2024.txt
Lebanon,2022–2026,1,UNEP supported Lebanon circular economy policy developed policy law regulation strategy action plan circular economy chemicals waste pollution prevention control after:2022-01-01 before:2026-01-01,"Waste strategy 2030, circular economy 2050",https://www.gov.il/en/pages/waste_strategy_2030_circular_economy_2050,"The strategy determines aspirational goals for recycling waste and reducing landfills, and determines a regulated and complete outline that describes the method ...",https://www.gov.il › pages › waste_strategy_2030_circ...,www_gov_il_Waste_strategy_2030_circular_economy_2050.txt
Lebanon,2022–2026,1,UNEP supported Lebanon circular economy policy developed policy law regulation strategy action plan circular economy chemicals waste pollution prevention control after:2022-01-01 before:2026-01-01,https://chm.pops.int/Portals/0/download.aspx?d=UNE...,https://chm.pops.int/Portals/0/download.aspx?d=UNEP-POPS-COP.12-32.English.docx,"Multilateral environmental agreements could incentivize industry to innovate and produce better and more circular products, in turn reducing the high costs of ...",https://chm.pops.int › Portals › download › d=UN...,chm_pops_int_https_chm_pops_int_Portals_0_download_aspx_d_UNE_.txt
Lebanon,2022–2026,1,UNEP supported Lebanon circular economy policy developed policy law regulation strategy action plan circular economy chemicals waste pollution prevention control after:2022-01-01 before:2026-01-01,Harnessing opportunities from the circular and green ...,https://unece.org/sites/default/files/2023-10/Circular_Economy_Transition_Paper_Series_MSME_Compendium.pdf,"- Resource efficiency: By minimizing waste, promoting renewable energy and optimizing energy consumption in buildings, industries, and transportation, circular ...",https://unece.org › sites › default › files › Circular...,unece_org_Harnessing_opportunities_from_the_circular_and_gre.txt
Lebanon,2022–2026,1,UNEP supported Lebanon circular economy policy developed policy law regulation strategy action plan circular economy chemicals waste pollution prevention control after:2022-01-01 before:2026-01-01,Pollution & Circular Economy,https://www.unepfi.org/category/themes/pollution-circular-economy/,"This series focuses on the nexus between circular economy and climate mitigation, outlining steps for banks to effectively embed circular solutions in their ...",https://www.unepfi.org › category › themes › pollution...,www_unepfi_org_Pollution_Circular_Economy.txt
Lebanon,2022–2026,1,UNEP supported Lebanon circular economy policy developed policy law regulation strategy action plan circular economy chemicals waste pollution prevention control after:2022-01-01 before:2026-01-01,Global Waste Management Outlook 2024,https://www.unep.org/resources/global-waste-management-outlook-2024,The report provides an update on global waste generation and the cost of waste and its management since 2018.,https://www.unep.org › resources › global-waste-manag...,www_unep_org_Global_Waste_Management_Outlook_2024.txt
Lebanon,2022–2026,1,UNEP supported Lebanon circular economy policy developed policy law regulation strategy action plan circular economy chemicals waste pollution prevention control after:2022-01-01 before:2026-01-01,The WES-BCA project is supporting the Legal Framework ...,https://www.wes-bca.eu/news/the-wes-bca-project-is-supporting-the-legal-framework-on-plastic-waste-management-in-lebanon-with-a-focus-on-establishing-an-extended-producer-responsibility-epr-scheme-for-single-use-packaging-plas/,The WES-BCA project is supporting the Legal Framework on Plastic Waste Management in Lebanon with a focus on establishing an Extended Producer Responsibility ( ...,https://www.wes-bca.eu › Category: Actualités,www_wes-bca_eu_The_WES_BCA_project_is_supporting_the_Legal_Framew.txt
Lebanon,2022–2026,1,UNEP supported Lebanon circular economy policy developed policy law regulation strategy action plan circular economy chemicals waste pollution prevention control after:2022-01-01 before:2026-01-01,National Solid Waste Management Planning,https://www.niras.com/media/mjcnhwxx/national-planning_final.pdf,"This approach should consider factors such as land availability, public perception, and integration with circular economy strategies. • Dynamic landfills: ...",https://www.niras.com › media › mjcnhwxx › na...,www_niras_com_National_Solid_Waste_Management_Planning.txt
Lebanon,2022–2026,1,UNEP supported Lebanon circular economy policy developed policy law regulation strategy action plan circular economy chemicals waste pollution prevention control after:2022-01-01 before:2026-01-01,electrical & electronic waste - outlook in west asia,https://www.scycle.info/wp-content/uploads/2023/03/UNEP-UNITAR-2050-Electronic-and-Electrical-Waste-Outlook-in-West-Asia.pdf,This publication also puts forth recommendations and opportunities for transitioning from a linear economy toward a circular economy to manage e-waste in an ...,https://www.scycle.info › uploads › 2023/03 › U...,www_scycle_info_electrical_electronic_waste_outlook_in_west_asia.txt
Lebanon,2022–2026,2,UNEP capacity building Lebanon e-waste regulation promulgated policy law regulation strategy action plan circular economy chemicals waste pollution prevention control after:2022-01-01 before:2026-01-01,SwitchMed in Lebanon,https://www.unep.org/resources/policy-and-strategy/switchmed-lebanon,The Lebanese Sustainable Consumption and Production National Action Plan (SCP-NAP) was developed under the coordination of the Ministry of Environment (MoE) ...,https://www.unep.org › resources › policy-and-strategy,www_unep_org_SwitchMed_in_Lebanon.txt
Lebanon,2022–2026,2,UNEP capacity building Lebanon e-waste regulation promulgated policy law regulation strategy action plan circular economy chemicals waste pollution prevention control after:2022-01-01 before:2026-01-01,TRANSITIONING TO A CIRCULAR ECONOMY THROUGH ...,https://www.undp.org/sites/g/files/zskgke326/files/2022-03/UNDP-GEF-Transitioning-to-a-Circular-Economy-Through-Chemical-and-Waste-Management.pdf,These interventions will also facilitate the mainstreaming of chemicals and waste management into national development planning and budgeting processes.,https://www.undp.org › files › zskgke326 › files,www_undp_org_TRANSITIONING_TO_A_CIRCULAR_ECONOMY_THROUGH_.txt
Lebanon,2022–2026,2,UNEP capacity building Lebanon e-waste regulation promulgated policy law regulation strategy action plan circular economy chemicals waste pollution prevention control after:2022-01-01 before:2026-01-01,Circular Economy as an Enabler for Responsible Banking,https://www.unepfi.org/wordpress/wp-content/uploads/2024/07/PRB_CE-Nexus_Guidance-Doc.pdf,This report is the first in a series of publications aimed at setting the scene and provid- ing a general overview on operationalising the nexus between ...,https://www.unepfi.org › uploads › 2024/07 › P...,www_unepfi_org_Circular_Economy_as_an_Enabler_for_Responsible_Ban.txt
Lebanon,2022–2026,2,UNEP capacity building Lebanon e-waste regulation promulgated policy law regulation strategy action plan circular economy chemicals waste pollution prevention control after:2022-01-01 before:2026-01-01,"Compilation of information, best practices and lessons ...",https://www.basel.int/Portals/4/Basel%20Convention/docs/plastic%20waste/UNEP-CHW-PWPWG-PUB-SingleUse-Jan2023.English.pdf,"It is intended to assist Parties to the Basel Convention, authorities, stakeholders, and the public in the environmentally sound management of plastic wastes.",https://www.basel.int › Portals › docs › plastic waste,www_basel_int_Compilation_of_information_best_practices_and_less.txt
Lebanon,2022–2026,2,UNEP capacity building Lebanon e-waste regulation promulgated policy law regulation strategy action plan circular economy chemicals waste pollution prevention control after:2022-01-01 before:2026-01-01,National E-waste Monitor for Lebanon 2022,https://ewastemonitor.info/wp-content/uploads/2022/05/Lebanese-National-E-waste-Monitor-2022-UNITAR.pdf,The government has been working on introducing the circular economy principle through legislation and pilot demonstration projects. 7 Environmental Code Law ...,https://ewastemonitor.info › uploads › 2022/05,ewastemonitor_info_National_E_waste_Monitor_for_Lebanon_2022.txt
Lebanon,2022–2026,2,UNEP capacity building Lebanon e-waste regulation promulgated policy law regulation strategy action plan circular economy chemicals waste pollution prevention control after:2022-01-01 before:2026-01-01,Solid Waste Management in the Context of a Circular ...,https://www.mdpi.com/2071-1050/14/1/480,"This paper presents a comprehensive overview of national systems for municipal solid waste (MSW) management, and material and energy recovery as an important ...",https://www.mdpi.com › ...,www_mdpi_com_Solid_Waste_Management_in_the_Context_of_a_Circula.txt
Lebanon,2022–2026,2,UNEP capacity building Lebanon e-waste regulation promulgated policy law regulation strategy action plan circular economy chemicals waste pollution prevention control after:2022-01-01 before:2026-01-01,Country Report - Kenya - Sustainable developments Goals,https://sdgs.unep.org/sites/default/files/2025-06/CountryReport-Kenya%2CE-wastetraining-Final.pdf,The UN Environment Assembly adopted Resolution 5/11 (2022) on 'Enhancing circular economy as a contribution to achieving sustainable consumption and production'.,https://sdgs.unep.org › sites › default › files › Cou...,sdgs_unep_org_Country_Report_Kenya_Sustainable_developments_Goal.txt
Lebanon,2022–2026,2,UNEP capacity building Lebanon e-waste regulation promulgated policy law regulation strategy action plan circular economy chemicals waste pollution prevention control after:2022-01-01 before:2026-01-01,Municipal solid waste management challenges in ...,https://www.sciencedirect.com/science/article/pii/S0048969724029413,"This review examines the key challenges of MSW management in developing countries in Asia and Africa from 2013 to 2023, drawing insights from 170 academic ...",https://www.sciencedirect.com › science › article › pii,www_sciencedirect_com_Municipal_solid_waste_management_challenges_in_.txt
Lebanon,2022–2026,2,UNEP capacity building Lebanon e-waste regulation promulgated policy law regulation strategy action plan circular economy chemicals waste pollution prevention control after:2022-01-01 before:2026-01-01,Regional Plastics Outlook for Southeast and East Asia,https://www.oecd.org/en/publications/regional-plastics-outlook-for-southeast-and-east-asia_5a8ff43c-en/full-report/the-landscape-of-current-policies-to-tackle-plastic-pollution_408249bf.html,This chapter reviews the current policy landscape related to plastics and plastic pollution in the 13 ASEAN Plus Three (APT) countries.,https://www.oecd.org › ... › Full Report,www_oecd_org_Regional_Plastics_Outlook_for_Southeast_and_East_A.txt
Lebanon,2022–2026,2,UNEP capacity building Lebanon e-waste regulation promulgated policy law regulation strategy action plan circular economy chemicals waste pollution prevention control after:2022-01-01 before:2026-01-01,United Nations Environment Programme Progress in ...,https://docs.un.org/en/UNEP/EA.6/8,The present report provides an update on progress made in implementing resolution 5/11 of the. United Nations Environment Assembly of the United Nations ...,https://docs.un.org › UNEP,docs_un_org_United_Nations_Environment_Programme_Progress_in_.txt
Lebanon,2022–2026,2,UNEP capacity building Lebanon e-waste regulation promulgated policy law regulation strategy action plan circular economy chemicals waste pollution prevention control after:2022-01-01 before:2026-01-01,The WES-BCA project is supporting the Legal Framework ...,https://www.wes-bca.eu/news/the-wes-bca-project-is-supporting-the-legal-framework-on-plastic-waste-management-in-lebanon-with-a-focus-on-establishing-an-extended-producer-responsibility-epr-scheme-for-single-use-packaging-plas/,The WES-BCA project is supporting the Legal Framework on Plastic Waste Management in Lebanon with a focus on establishing an Extended Producer Responsibility ( ...,https://www.wes-bca.eu › Category: Actualités,www_wes-bca_eu_The_WES_BCA_project_is_supporting_the_Legal_Framew.txt
Lebanon,2022–2026,2,UNEP capacity building Lebanon e-waste regulation promulgated policy law regulation strategy action plan circular economy chemicals waste pollution prevention control after:2022-01-01 before:2026-01-01,Solid Waste Roadmap for Sector Reform and Priority ...,https://documents1.worldbank.org/curated/en/099112023054014380/pdf/P179435059e4c00080bd5a091bc0270002d.pdf,This Technical Note summarizes the direction and main findings of the Solid Waste Roadmap prepared by the Ministry of Environment in Lebanon in close ...,https://documents1.worldbank.org › curated › pdf,documents1_worldbank_org_Solid_Waste_Roadmap_for_Sector_Reform_and_Priority.txt
Lebanon,2022–2026,2,UNEP capacity building Lebanon e-waste regulation promulgated policy law regulation strategy action plan circular economy chemicals waste pollution prevention control after:2022-01-01 before:2026-01-01,Focus Lebanon 3/3 - Waste prevention and the circular ...,https://www.circemed.org/articles/h/focus-lebanon-3-3-waste-prevention-and-the-circular-economy.html,"In Lebanon, solid waste management is the responsibility of several ministries and public bodies. Similarly, the planning of policies and regulations at ...",https://www.circemed.org › articles › focus-lebanon-3-3-...,www_circemed_org_Focus_Lebanon_3_3_Waste_prevention_and_the_circula.txt
Lebanon,2022–2026,2,UNEP capacity building Lebanon e-waste regulation promulgated policy law regulation strategy action plan circular economy chemicals waste pollution prevention control after:2022-01-01 before:2026-01-01,Key actions launched to advance the circular economy - EEAS,https://www.eeas.europa.eu/eeas/key-actions-launched-advance-circular-economy_en,The WEEE is critical to address the growing challenges in e-waste management and to better align EU rules with the objectives of a competitive circular economy.,https://www.eeas.europa.eu › eeas › key-actions-launche...,www_eeas_europa_eu_Key_actions_launched_to_advance_the_circular_econo.txt
Lebanon,2022–2026,2,UNEP capacity building Lebanon e-waste regulation promulgated policy law regulation strategy action plan circular economy chemicals waste pollution prevention control after:2022-01-01 before:2026-01-01,SUPPORTING THE CIRCULAR ECONOMY THROUGH VLRS,https://sdgs.un.org/sites/default/files/2024-07/Module%203.pdf,"Actions include developing the local recycling economy, establishing a regulatory framework for recycling, coordinating local recycling activities, and capacity ...",https://sdgs.un.org › sites › default › files,sdgs_un_org_SUPPORTING_THE_CIRCULAR_ECONOMY_THROUGH_VLRS.txt
Lebanon,2022–2026,2,UNEP capacity building Lebanon e-waste regulation promulgated policy law regulation strategy action plan circular economy chemicals waste pollution prevention control after:2022-01-01 before:2026-01-01,National Solid Waste Management Planning,https://www.niras.com/media/mjcnhwxx/national-planning_final.pdf,"Policy instruments: Propose the use of comprehensive policy instruments, including bans on specific waste materials, financial incentives, and robust ...",https://www.niras.com › media › mjcnhwxx › na...,www_niras_com_National_Solid_Waste_Management_Planning.txt
Lebanon,2022–2026,2,UNEP capacity building Lebanon e-waste regulation promulgated policy law regulation strategy action plan circular economy chemicals waste pollution prevention control after:2022-01-01 before:2026-01-01,Final Draft National Integrated Solid Waste Management ...,https://www.cdr.gov.lb/getmedia/12957a66-0f74-40b3-a6da-d52e73b6eb8f/Draft-National-Integrated-Solid-Waste-Management-Strategy_Executive-Summary_EN.pdf.aspx,"In addition to the national legislative framework, Lebanon has also ratified several conventions related to the protection of the environment, natural and ...",https://www.cdr.gov.lb › getmedia › Draft-Nation...,www_cdr_gov_lb_Final_Draft_National_Integrated_Solid_Waste_Manage.txt
Lebanon,2022–2026,2,UNEP capacity building Lebanon e-waste regulation promulgated policy law regulation strategy action plan circular economy chemicals waste pollution prevention control after:2022-01-01 before:2026-01-01,Plastics Treaty Assist Toolkit,https://www.giz.de/sites/default/files/media/document/2025-08/gocircular-plastics-treaty-assist-toolkit.pdf,Reducing chemical complexity is critical for effective plastic waste management and achieving a non-toxic circular economy.13. Transparency and Disclosure.,https://www.giz.de › files › media › document,www_giz_de_Plastics_Treaty_Assist_Toolkit.txt
Lebanon,2022–2026,2,UNEP capacity building Lebanon e-waste regulation promulgated policy law regulation strategy action plan circular economy chemicals waste pollution prevention control after:2022-01-01 before:2026-01-01,Lebanon - MIDDLE EAST AND NORTH AFRICA- P172770 ...,https://policycommons.net/artifacts/4548421/lebanon/5371975/,Summary. This is a report published by World Bank Group in July 2023 about Lebanon and Waste Management. It was written by Bassam Sabbagh.,https://policycommons.net › artifacts › lebanon,policycommons_net_Lebanon_MIDDLE_EAST_AND_NORTH_AFRICA_P172770_.txt
Lebanon,2022–2026,2,UNEP capacity building Lebanon e-waste regulation promulgated policy law regulation strategy action plan circular economy chemicals waste pollution prevention control after:2022-01-01 before:2026-01-01,Waste Not: Pursuing Environmental Justice in Lebanon,https://afsc.org/newsroom/waste-not-pursuing-environmental-justice-lebanon,"This article aims to illuminate the environmental and social injustices entrenched in Lebanon's waste management system, exploring how these inequities impact ...",https://afsc.org › newsroom › waste-not-pursuing-envir...,afsc_org_Waste_Not_Pursuing_Environmental_Justice_in_Lebano.txt
Lebanon,2022–2026,2,UNEP capacity building Lebanon e-waste regulation promulgated policy law regulation strategy action plan circular economy chemicals waste pollution prevention control after:2022-01-01 before:2026-01-01,Textile Study - Final - 25-09-2023,https://berytech.org/wp-content/uploads/2023/09/STANDUp_Policy-Paper.pdf,"‎. Lebanon has not promulgated yet a comprehen- sive legal framework on circular economy and decarbonization. However, there are several laws and regulations ...",https://berytech.org › STANDUp_Policy-Paper,berytech_org_Textile_Study_Final_25_09_2023.txt
Lebanon,2022–2026,2,UNEP capacity building Lebanon e-waste regulation promulgated policy law regulation strategy action plan circular economy chemicals waste pollution prevention control after:2022-01-01 before:2026-01-01,Final Draft National Integrated Solid Waste Management ...,https://www.cdr.gov.lb/getmedia/12957a66-0f74-40b3-a6da-d52e73b6eb8f/Draft-National-Integrated-Solid-Waste-Management-Strategy_Executive-Summary_EN.pdf.aspx,"In addition to the national legislative framework, Lebanon has also ratified several conventions related to the protection of the environment, natural and ...",https://www.cdr.gov.lb › getmedia › Draft-Nation...,www_cdr_gov_lb_Final_Draft_National_Integrated_Solid_Waste_Manage.txt
Lebanon,2022–2026,2,UNEP capacity building Lebanon e-waste regulation promulgated policy law regulation strategy action plan circular economy chemicals waste pollution prevention control after:2022-01-01 before:2026-01-01,Policies and Strategies for the Management of NORM ...,https://www-pub.iaea.org/MTCD/publications/PDF/p15294-PUB2089_web.pdf,An example of the adoption of policies supporting the circular economy can be seen in the European Commission Circular Economy Action Plan [23]. This plan ...,https://www-pub.iaea.org › publications › PDF,www-pub_iaea_org_Policies_and_Strategies_for_the_Management_of_NORM.txt
Lebanon,2022–2026,2,UNEP capacity building Lebanon e-waste regulation promulgated policy law regulation strategy action plan circular economy chemicals waste pollution prevention control after:2022-01-01 before:2026-01-01,Waste Not: Pursuing Environmental Justice in Lebanon,https://afsc.org/newsroom/waste-not-pursuing-environmental-justice-lebanon,"This article aims to illuminate the environmental and social injustices entrenched in Lebanon's waste management system, exploring how these inequities impact ...",https://afsc.org › newsroom › waste-not-pursuing-envir...,afsc_org_Waste_Not_Pursuing_Environmental_Justice_in_Lebano.txt
Lebanon,2022–2026,2,UNEP capacity building Lebanon e-waste regulation promulgated policy law regulation strategy action plan circular economy chemicals waste pollution prevention control after:2022-01-01 before:2026-01-01,circular-economy - Sustainable developments Goals - UNEP,http://sdgs.unep.org/article/circular-economy,This project aims to accelerate the transition towards a circular economy in the context of sustainable development by focusing on three areas.,http://sdgs.unep.org › article › circular-economy,sdgs_unep_org_circular_economy_Sustainable_developments_Goals_UN.txt
Lebanon,2022–2026,2,UNEP capacity building Lebanon e-waste regulation promulgated policy law regulation strategy action plan circular economy chemicals waste pollution prevention control after:2022-01-01 before:2026-01-01,Waste Management Plan (WMP) - Beirut,https://finance.gov.lb/en-us/Our_Latest/Latest%20News/English/Waste%20Management%20Plan%20(WMP).pdf,"The MOE is responsible for the implementation of the Law on. Environmental Protection and for drafting waste regulations, standards and guidelines; develop.",https://finance.gov.lb › Our_Latest › English › W...,finance_gov_lb_Waste_Management_Plan_WMP_Beirut.txt
Lebanon,2022–2026,2,UNEP capacity building Lebanon e-waste regulation promulgated policy law regulation strategy action plan circular economy chemicals waste pollution prevention control after:2022-01-01 before:2026-01-01,SOER REPORT,https://www.opendatalebanon.org/wp-content/uploads/2022/03/SOER_Report_EN.pdf,"The purpose of the report is to consolidate, analyse and present the latest available data on the environment in various key sectors in Lebanon. Each chapter.",https://www.opendatalebanon.org › 2022/03 › S...,www_opendatalebanon_org_SOER_REPORT.txt
Lebanon,2022–2026,2,UNEP capacity building Lebanon e-waste regulation promulgated policy law regulation strategy action plan circular economy chemicals waste pollution prevention control after:2022-01-01 before:2026-01-01,"Waste strategy 2030, circular economy 2050",https://www.gov.il/en/pages/waste_strategy_2030_circular_economy_2050,"The strategy determines aspirational goals for recycling waste and reducing landfills, and determines a regulated and complete outline that describes the method ...",https://www.gov.il › pages › waste_strategy_2030_circ...,www_gov_il_Waste_strategy_2030_circular_economy_2050.txt
Lebanon,2022–2026,2,UNEP capacity building Lebanon e-waste regulation promulgated policy law regulation strategy action plan circular economy chemicals waste pollution prevention control after:2022-01-01 before:2026-01-01,Waste and Circular Economy (W&CE),https://g20re.org/pdf/202503/ECSWG_Waste_and_Circular_Economy_W_CE.pdf,"“An inclusive circular economy, as a contribution to achieving sustainable consumption and production patterns, is one that aims to keep products and materials ...",https://g20re.org › pdf › ECSWG_Waste_and_Cir...,g20re_org_Waste_and_Circular_Economy_W_CE_.txt
Lebanon,2022–2026,2,UNEP capacity building Lebanon e-waste regulation promulgated policy law regulation strategy action plan circular economy chemicals waste pollution prevention control after:2022-01-01 before:2026-01-01,"Lebanon's National ICZM Strategy, Legislation, and Plan ...",https://gefmed.paprac.org/wp-content/uploads/2025/09/Lebanon-ICZM-Strategy-Integrated-Diagnostic-Analysis-Report.pdf,Other types of solid waste produced in Lebanon include electronic and electric waste; construction and demolition waste; wastewater sludge; slaughterhouse ...,https://gefmed.paprac.org › uploads › 2025/09,gefmed_paprac_org_Lebanon_s_National_ICZM_Strategy_Legislation_and_P.txt
Lebanon,2022–2026,2,UNEP capacity building Lebanon e-waste regulation promulgated policy law regulation strategy action plan circular economy chemicals waste pollution prevention control after:2022-01-01 before:2026-01-01,"Lebanon's National ICZM Strategy, Legislation, and Plan ...",https://gefmed.paprac.org/wp-content/uploads/2025/09/Lebanon-ICZM-Strategy-Integrated-Diagnostic-Analysis-Report.pdf,Other types of solid waste produced in Lebanon include electronic and electric waste; construction and demolition waste; wastewater sludge; slaughterhouse ...,https://gefmed.paprac.org › uploads › 2025/09,gefmed_paprac_org_Lebanon_s_National_ICZM_Strategy_Legislation_and_P.txt
Lebanon,2022–2026,2,UNEP capacity building Lebanon e-waste regulation promulgated policy law regulation strategy action plan circular economy chemicals waste pollution prevention control after:2022-01-01 before:2026-01-01,E-waste management key to sustainable digital ...,https://www.weforum.org/stories/2024/11/least-developed-countries-sustainable-ewaste-management/,"Given the global volume of electronic waste, LDCs can support sustainable digital transformation through responsible e-waste management. At a time when the ...",https://www.weforum.org › stories › 2024/11 › least-de...,www_weforum_org_E_waste_management_key_to_sustainable_digital_.txt
Lebanon,2022–2026,2,UNEP capacity building Lebanon e-waste regulation promulgated policy law regulation strategy action plan circular economy chemicals waste pollution prevention control after:2022-01-01 before:2026-01-01,E-WASTE & BATTERIES IN LEBANON,https://www.undp.org/sites/g/files/zskgke326/files/2024-07/tadwir_e-waste_report_10.07.2024_1.pdf,Developing comprehensive legislation and regulations specifically addressing e-waste management;. ▫ Establishing a well-coordinated collection system with ...,https://www.undp.org › files › zskgke326 › files,www_undp_org_E_WASTE_BATTERIES_IN_LEBANON.txt
Lebanon,2022–2026,2,UNEP capacity building Lebanon e-waste regulation promulgated policy law regulation strategy action plan circular economy chemicals waste pollution prevention control after:2022-01-01 before:2026-01-01,(PDF) Municipal solid waste management challenges in ...,https://www.researchgate.net/publication/380111304_Municipal_solid_waste_management_challenges_in_developing_regions_A_comprehensive_review_and_future_perspectives_for_Asia_and_Africa,"This review examines the key challenges of MSW management in developing countries in Asia and Africa from 2013 to 2023, drawing insights from 170 academic ...",https://www.researchgate.net › publication › 38011130...,www_researchgate_net__PDF_Municipal_solid_waste_management_challenges_i.txt
Lebanon,2022–2026,2,UNEP capacity building Lebanon e-waste regulation promulgated policy law regulation strategy action plan circular economy chemicals waste pollution prevention control after:2022-01-01 before:2026-01-01,G20 Report on Actions against Marine Plastic Litter,https://www.env.go.jp/content/000086490.pdf,"This report is the fourth compilation report on policies and measures taken / to be taken by the countries, regions and organisations.",https://www.env.go.jp › content,www_env_go_jp_G20_Report_on_Actions_against_Marine_Plastic_Litte.txt
Lebanon,2022–2026,2,UNEP capacity building Lebanon e-waste regulation promulgated policy law regulation strategy action plan circular economy chemicals waste pollution prevention control after:2022-01-01 before:2026-01-01,Medical waste: Current challenges and future opportunities ...,https://escholarship.org/content/qt10v221g7/qt10v221g7.pdf,"This study exam- ines the available knowledge and current practices in medical/ healthcare waste management worldwide, particularly in coun- tries with ...",https://escholarship.org › content,escholarship_org_Medical_waste_Current_challenges_and_future_opport.txt
Lebanon,2022–2026,2,UNEP capacity building Lebanon e-waste regulation promulgated policy law regulation strategy action plan circular economy chemicals waste pollution prevention control after:2022-01-01 before:2026-01-01,cicularity_jordans_opportunity_to...,https://www.moenv.gov.jo/ebv4.0/root_storage/ar/eb_list_page/cicularity_jordans_opportunity_to_promote_economic_growth.pdf,"This includes embracing the principles of the circular economy, such as reducing waste and pollution, reusing, and recycling materials, and creating closed-loop ...",https://www.moenv.gov.jo › ebv4.0 › eb_list_page,www_moenv_gov_jo_cicularity_jordans_opportunity_to_.txt
Lebanon,2022–2026,2,UNEP capacity building Lebanon e-waste regulation promulgated policy law regulation strategy action plan circular economy chemicals waste pollution prevention control after:2022-01-01 before:2026-01-01,Circular Packaging & Product Reuse in Lebanon - Policy Paper,https://www.ecoconsulting.net/resources-more/circular-packaging-product-reuse-in-lebanon-policy-paper,"Although a transition towards a circular economy includes many trades and topics, this paper explores possible strategies for Lebanon to adopt a circular ...",https://www.ecoconsulting.net › resources-more › circul...,www_ecoconsulting_net_Circular_Packaging_Product_Reuse_in_Lebanon_Policy.txt
Lebanon,2022–2026,2,UNEP capacity building Lebanon e-waste regulation promulgated policy law regulation strategy action plan circular economy chemicals waste pollution prevention control after:2022-01-01 before:2026-01-01,UNIDO Annual Report 2021,https://www.unido.org/sites/default/files/unido-publications/2023-02/UNIDO_AR2021_EN.pdf,"Convention on Persistent Organic Pollutants by supporting circular economy and sectoral approaches to chemicals and waste management. From 2014 to. 2020, the ...",https://www.unido.org › UNIDO_AR2021_EN,www_unido_org_UNIDO_Annual_Report_2021.txt
Lebanon,2022–2026,2,UNEP capacity building Lebanon e-waste regulation promulgated policy law regulation strategy action plan circular economy chemicals waste pollution prevention control after:2022-01-01 before:2026-01-01,National approaches to the protection of dark and quiet skies,https://cps.iau.org/documents/233/IAU_CPS._National_Analysis_Report.pdf,"This document presents an in-depth overview of policy and regulatory instruments adopted by national states worldwide. To get in touch about this report, please ...",https://cps.iau.org › documents › IAU_CPS._Natio...,cps_iau_org_National_approaches_to_the_protection_of_dark_and_.txt
Ghana,2018–2022,1,UNEP assisted Ghana e-waste regulation endorsed policy law regulation strategy action plan circular economy chemicals waste pollution prevention control after:2018-01-01 before:2022-01-01,"Improper disposal of plastic, electronic and chemical waste ...",https://www.facebook.com/UNDPGhana/posts/improper-disposal-of-plastic-electronic-and-chemical-waste-is-having-a-devastati/4442184082505831/,"Although Ghana has implemented regulations to curb plastic waste, enforcement and monitoring remain inconsistent. EcoEmpower Alliance is dedicated to addressing ...",20+ reactions,www_facebook_com_Improper_disposal_of_plastic_electronic_and_chemic.txt
Ghana,2018–2022,1,UNEP assisted Ghana e-waste regulation endorsed policy law regulation strategy action plan circular economy chemicals waste pollution prevention control after:2018-01-01 before:2022-01-01,The Global E-waste Monitor 2020,https://ewastemonitor.info/wp-content/uploads/2020/11/GEM_2020_def_july1_low.pdf,"Monitoring the quantities and flows of e-waste is essential for evaluating developments over time, and to set and assess targets towards a sustainable society ...",https://ewastemonitor.info › uploads › 2020/11,ewastemonitor_info_The_Global_E_waste_Monitor_2020.txt
Ghana,2018–2022,1,UNEP assisted Ghana e-waste regulation endorsed policy law regulation strategy action plan circular economy chemicals waste pollution prevention control after:2018-01-01 before:2022-01-01,Challenges of adopting sustainable technologies in e ...,https://www.sciencedirect.com/science/article/pii/S240584402031392X,"The study investigated why sustainable technologies are not used to collect, dismantle and sell e-waste at Agbogbloshie given the risk of injury and ...",https://www.sciencedirect.com › science › article › pii,www_sciencedirect_com_Challenges_of_adopting_sustainable_technologies_in.txt
Ghana,2018–2022,1,UNEP assisted Ghana e-waste regulation endorsed policy law regulation strategy action plan circular economy chemicals waste pollution prevention control after:2018-01-01 before:2022-01-01,Demystifying Finance for Circular Economies,https://www.unepfi.org/wordpress/wp-content/uploads/2021/03/UNEPFI_DemystfyingFinanceCircularity-2020-2.pdf,This report offers emerging evidence of the potential to scale up finance to accelerate the shift away from a take-make-waste model of resource use and ...,https://www.unepfi.org › uploads › 2021/03 › U...,www_unepfi_org_Demystifying_Finance_for_Circular_Economies.txt
Ghana,2018–2022,1,UNEP assisted Ghana e-waste regulation endorsed policy law regulation strategy action plan circular economy chemicals waste pollution prevention control after:2018-01-01 before:2022-01-01,"UN report: Time to seize opportunity, tackle challenge of e- ...",https://www.unep.org/news-and-stories/press-release/un-report-time-seize-opportunity-tackle-challenge-e-waste,"Global e-waste production is on track to reach 120 million tonnes per year by 2050 if current trends continue, according to a report from the Platform for ...","https://www.unep.org › News, Stories & Speeches",www_unep_org_UN_report_Time_to_seize_opportunity_tackle_challen.txt
Ghana,2018–2022,1,UNEP assisted Ghana e-waste regulation endorsed policy law regulation strategy action plan circular economy chemicals waste pollution prevention control after:2018-01-01 before:2022-01-01,Policy practices for e-waste management,https://www.itu.int/en/ITU-D/Environment/Documents/Publications/2021/Toolkit_Africa_final.pdf?csf=1&e=ivTocK,"» A legal framework covers the administrative, technical, social and economic aspects of the environmentally sound management of e-waste. » Planning instruments ...",https://www.itu.int › ITU-D › Toolkit_Africa_final,www_itu_int_Policy_practices_for_e_waste_management.txt
Ghana,2018–2022,1,UNEP assisted Ghana e-waste regulation endorsed policy law regulation strategy action plan circular economy chemicals waste pollution prevention control after:2018-01-01 before:2022-01-01,Integrated Waste Management in Africa,https://www.switchtogreen.eu/wp-content/uploads/2021/02/Integrated-Waste-Management-in-Africa-Focus-on-Circularity-.pdf,"The e-waste management GEMOD project in. Ghana contributed to the recycling of 20,000 tonnes of e-waste with the emerging economic activity benefiting ...",https://www.switchtogreen.eu › uploads › 2021/02,www_switchtogreen_eu_Integrated_Waste_Management_in_Africa.txt
Ghana,2018–2022,1,UNEP assisted Ghana e-waste regulation endorsed policy law regulation strategy action plan circular economy chemicals waste pollution prevention control after:2018-01-01 before:2022-01-01,UN Environment Global Chemicals Outlook II,https://orbit.dtu.dk/files/170843838/GCOII_synth.pdf,"It covered trends and indicators for chemical production, transport, use and disposal, and associated health and environmental impacts; economic implications of ...",https://orbit.dtu.dk › files › GCOII_synth,orbit_dtu_dk_UN_Environment_Global_Chemicals_Outlook_II.txt
Ghana,2018–2022,1,UNEP assisted Ghana e-waste regulation endorsed policy law regulation strategy action plan circular economy chemicals waste pollution prevention control after:2018-01-01 before:2022-01-01,Environmental Injustice and Electronic Waste in Ghana,https://www.mdpi.com/1660-4601/21/1/25,"The discard of e-waste in Ghana presents an issue of environmental injustice, defined as the disproportionate exposure of communities of color and low-income ...",https://www.mdpi.com › ...,www_mdpi_com_Environmental_Injustice_and_Electronic_Waste_in_Gh.txt
Ghana,2018–2022,1,UNEP assisted Ghana e-waste regulation endorsed policy law regulation strategy action plan circular economy chemicals waste pollution prevention control after:2018-01-01 before:2022-01-01,National Waste Management Strategy and Master Plan for ...,https://www.iges.or.jp/en/publication_documents/pub/policysubmission/en/10850/Final-Myanmar_WMSAM_0829.pdf,"To address these issues, the National Waste Management Strategy and Master Plan (2018-2030) was developed by the Ministry of Natural Resources and Environmental ...",https://www.iges.or.jp › pub › policysubmission,www_iges_or_jp_National_Waste_Management_Strategy_and_Master_Plan.txt
Ghana,2018–2022,2,UNEP provided technical assistance Ghana air pollution control policy adopted policy law regulation strategy action plan circular economy chemicals waste pollution prevention control after:2018-01-01 before:2022-01-01,Actions on Air Quality: A Global Summary of Policies and ...,https://www.unep.org/resources/report/actions-air-quality-global-summary-policies-and-programmes-reduce-air-pollution,This global report provides a review of policy actions of Member States per the mandate provided by UNEA Resolution 3/8 on Preventing and reducing air ...,https://www.unep.org › resources › report › actions-air-...,www_unep_org_Actions_on_Air_Quality_A_Global_Summary_of_Policie.txt
Ghana,2018–2022,2,UNEP provided technical assistance Ghana air pollution control policy adopted policy law regulation strategy action plan circular economy chemicals waste pollution prevention control after:2018-01-01 before:2022-01-01,"Heather Troutman, Project Manager, Ghana National ...",https://www.facebook.com/UNDPGhana/posts/communication-is-critical-in-scaling-up-innovative-solutions-for-sustainable-was/4445545058836400/,UNDP Ghana is developing a WASTE RECOVERY strategy for effective management of MATERIALS in transit and we all need to join hands to MAKE IT WORK. This content ...,10+ reactions,www_facebook_com_Heather_Troutman_Project_Manager_Ghana_National_.txt
Ghana,2018–2022,2,UNEP provided technical assistance Ghana air pollution control policy adopted policy law regulation strategy action plan circular economy chemicals waste pollution prevention control after:2018-01-01 before:2022-01-01,Demystifying Finance for Circular Economies,https://www.unepfi.org/wordpress/wp-content/uploads/2021/03/UNEPFI_DemystfyingFinanceCircularity-2020-2.pdf,This report offers emerging evidence of the potential to scale up finance to accelerate the shift away from a take-make-waste model of resource use and ...,https://www.unepfi.org › uploads › 2021/03 › U...,www_unepfi_org_Demystifying_Finance_for_Circular_Economies.txt
Ghana,2018–2022,2,UNEP provided technical assistance Ghana air pollution control policy adopted policy law regulation strategy action plan circular economy chemicals waste pollution prevention control after:2018-01-01 before:2022-01-01,UN Environment Global Chemicals Outlook II,https://orbit.dtu.dk/files/170843838/GCOII_synth.pdf,"It covered trends and indicators for chemical production, transport, use and disposal, and associated health and environmental impacts; economic implications of ...",https://orbit.dtu.dk › files › GCOII_synth,orbit_dtu_dk_UN_Environment_Global_Chemicals_Outlook_II.txt
Ghana,2018–2022,2,UNEP provided technical assistance Ghana air pollution control policy adopted policy law regulation strategy action plan circular economy chemicals waste pollution prevention control after:2018-01-01 before:2022-01-01,Plastics and the circular economy,https://www.thegef.org/sites/default/files/publications/PLASTICS%20for%20posting.pdf,"Facilitate technical assistance and capacity building, especially in waste management. • Create awareness-raising activities to encourage changes128, for ...",https://www.thegef.org › sites › files › publications,www_thegef_org_Plastics_and_the_circular_economy.txt
Ghana,2018–2022,2,UNEP provided technical assistance Ghana air pollution control policy adopted policy law regulation strategy action plan circular economy chemicals waste pollution prevention control after:2018-01-01 before:2022-01-01,ECOWAS ENVIRONMENTAL ACTION PLAN 2020-2026,https://ecowap.ecowas.int/media/ecowap/file_document/2020_ECOWAS_ECOWAS_ENVIRONMENTAL_ACTION_PLAN_Final_Version_-_ENG.pdf,"An organized fight against environmental pollution and nuisance, urban waste and control over the movements of hazardous waste/products in the economy; iv.",https://ecowap.ecowas.int › ecowap › file_document,ecowap_ecowas_int_ECOWAS_ENVIRONMENTAL_ACTION_PLAN_2020_2026.txt
Ghana,2018–2022,2,UNEP provided technical assistance Ghana air pollution control policy adopted policy law regulation strategy action plan circular economy chemicals waste pollution prevention control after:2018-01-01 before:2022-01-01,20 Years of Government Responses to the Global Plastic ...,https://nicholasinstitute.duke.edu/sites/default/files/publications/20-Years-of-Government-Responses-to-the-Global-Plastic-Pollution-Problem_final_reduced.pdf,"national policies and strategies for improved solid waste management, prevention and reduction, including expanding user-pays waste collection services.",https://nicholasinstitute.duke.edu › publications,nicholasinstitute_duke_edu_20_Years_of_Government_Responses_to_the_Global_Pla.txt
Ghana,2018–2022,2,UNEP provided technical assistance Ghana air pollution control policy adopted policy law regulation strategy action plan circular economy chemicals waste pollution prevention control after:2018-01-01 before:2022-01-01,#DidYouKnow that the economic cost of air pollution is ...,https://www.facebook.com/WorldBankGhana/posts/didyouknow-that-the-economic-cost-of-air-pollution-is-estimated-at-us25-billion-/6555425614482694/,#DidYouKnow that the economic cost of air pollution is estimated at US$2.5 billion or roughly 4.2% of Ghana's 2017 Gross Domestic Product?,1 reaction,www_facebook_com__DidYouKnow_that_the_economic_cost_of_air_pollutio.txt
Ghana,2018–2022,2,UNEP provided technical assistance Ghana air pollution control policy adopted policy law regulation strategy action plan circular economy chemicals waste pollution prevention control after:2018-01-01 before:2022-01-01,The Global E-waste Monitor 2020,https://ewastemonitor.info/wp-content/uploads/2020/11/GEM_2020_def_july1_low.pdf,"Monitoring the quantities and flows of e-waste is essential for evaluating developments over time, and to set and assess targets towards a sustainable society ...",https://ewastemonitor.info › uploads › 2020/11,ewastemonitor_info_The_Global_E_waste_Monitor_2020.txt
Ghana,2018–2022,2,UNEP provided technical assistance Ghana air pollution control policy adopted policy law regulation strategy action plan circular economy chemicals waste pollution prevention control after:2018-01-01 before:2022-01-01,Solid waste management in the context of the waste hierarchy ...,https://academic.oup.com/ieam/article/20/1/9/7725080,"We qualitatively evaluated global SWM strategies and practices, identifying opportunities, barriers, and best practices.",https://academic.oup.com › ieam › article,academic_oup_com_Solid_waste_management_in_the_context_of_the_waste.txt
Ghana,2018–2022,2,UNEP provided technical assistance Ghana air pollution control policy adopted policy law regulation strategy action plan circular economy chemicals waste pollution prevention control after:2018-01-01 before:2022-01-01,Solid waste management in the context of the waste hierarchy ...,https://academic.oup.com/ieam/article/20/1/9/7725080,"We qualitatively evaluated global SWM strategies and practices, identifying opportunities, barriers, and best practices.",https://academic.oup.com › ieam › article,academic_oup_com_Solid_waste_management_in_the_context_of_the_waste.txt
Ghana,2018–2022,2,UNEP provided technical assistance Ghana air pollution control policy adopted policy law regulation strategy action plan circular economy chemicals waste pollution prevention control after:2018-01-01 before:2022-01-01,Global Chemicals OutlooK II,https://www.efdinitiative.org/sites/default/files/publications/gcoii_synth.pdf,"It covered trends and indicators for chemical production, transport, use and disposal, and associated health and environmental impacts; economic implications of ...",https://www.efdinitiative.org › files › gcoii_synth,www_efdinitiative_org_Global_Chemicals_OutlooK_II.txt
Ghana,2018–2022,2,UNEP provided technical assistance Ghana air pollution control policy adopted policy law regulation strategy action plan circular economy chemicals waste pollution prevention control after:2018-01-01 before:2022-01-01,"Making trade work for the environment, prosperity and ...",https://www.wto.org/english/res_e/publications_e/unereport2018_e.pdf,"Air pollution includes smog from power plants, factories and vehicles, along with household emissions from dirty indoor stoves used in many less developed ...",https://www.wto.org › res_e › unereport2018_e,www_wto_org_Making_trade_work_for_the_environment_prosperity_a.txt
Ghana,2018–2022,2,UNEP provided technical assistance Ghana air pollution control policy adopted policy law regulation strategy action plan circular economy chemicals waste pollution prevention control after:2018-01-01 before:2022-01-01,Circular Economy,https://eba.se/app/uploads/2021/05/WP_2021_05_Slunge-Andersson-Wikstr%C3%B6m-Sterner.pdf,There is a risk that too much effort is devoted to discussing the visionary aspects of a circular economy at the expense of addressing the very real health and.,https://eba.se › app › uploads › 2021/05 › WP_2...,eba_se_Circular_Economy.txt
Ghana,2018–2022,2,UNEP provided technical assistance Ghana air pollution control policy adopted policy law regulation strategy action plan circular economy chemicals waste pollution prevention control after:2018-01-01 before:2022-01-01,ELECTRONICS,https://pacecircular.org/sites/default/files/2021-02/action-agenda-electronics-feb2021_FINAL.pdf,"By working towards a circular economy we can transition to a system that is designed to prevent waste and pollution, keep products and materials in use, and ...",https://pacecircular.org › sites › default › files › a...,pacecircular_org_ELECTRONICS.txt
Ghana,2018–2022,2,UNEP provided technical assistance Ghana air pollution control policy adopted policy law regulation strategy action plan circular economy chemicals waste pollution prevention control after:2018-01-01 before:2022-01-01,Report of the United Nations Environment Assembly of the ...,https://docs.un.org/en/A/74/25,"The Assembly further agreed that three leadership dialogues would be held, the first, on environmental challenges related to poverty and natural resources.",https://docs.un.org › ...,docs_un_org_Report_of_the_United_Nations_Environment_Assembly_.txt
Ghana,2018–2022,2,UNEP provided technical assistance Ghana air pollution control policy adopted policy law regulation strategy action plan circular economy chemicals waste pollution prevention control after:2018-01-01 before:2022-01-01,Plastic pollution in the marine environment,https://www.sciencedirect.com/science/article/pii/S2405844020315528,"Hence, this review paper focuses on (I) seeking the sources of plastic pollution, (II) identifying the current status of the effects of plastic debris ...",https://www.sciencedirect.com › science › article › pii,www_sciencedirect_com_Plastic_pollution_in_the_marine_environment.txt
Ghana,2018–2022,2,UNEP provided technical assistance Ghana air pollution control policy adopted policy law regulation strategy action plan circular economy chemicals waste pollution prevention control after:2018-01-01 before:2022-01-01,CHINA'S ENVIRONMENTAL CAMPAIGN,https://nyujilp.org/wp-content/uploads/2019/09/NYI402.pdf,"As of the 2015 revision of the Law on Prevention and Control of Envi- ronmental Pollution by Solid Waste, importation of wastes that fell within the non ...",https://nyujilp.org › uploads › 2019/09 › NYI402,nyujilp_org_CHINA_S_ENVIRONMENTAL_CAMPAIGN.txt
Ghana,2018–2022,2,UNEP provided technical assistance Ghana air pollution control policy adopted policy law regulation strategy action plan circular economy chemicals waste pollution prevention control after:2018-01-01 before:2022-01-01,Environmental and Social Management Framework Africa ...,https://nema.go.ke/wp-content/uploads/2024/09/Environmental-and-Social-Management-Framework-Africa-Environmental-Health-and-Pollution-Management-Program.pdf,"The Environmental Action. Plan aims to mainstream environmental management activities into the Ministries Policies, Strategies and. Plans. Eight key issues ...",https://nema.go.ke › uploads › 2024/09 › Enviro...,nema_go_ke_Environmental_and_Social_Management_Framework_Afri.txt
Ghana,2018–2022,2,UNEP provided technical assistance Ghana air pollution control policy adopted policy law regulation strategy action plan circular economy chemicals waste pollution prevention control after:2018-01-01 before:2022-01-01,Integrated Waste Management in Africa,https://www.switchtogreen.eu/wp-content/uploads/2021/02/Integrated-Waste-Management-in-Africa-Focus-on-Circularity-.pdf,This report presents an analysis of the implementation and results of the SWITCH Africa Green programme in the integrated waste management (IWM) sector focusing ...,https://www.switchtogreen.eu › uploads › 2021/02,www_switchtogreen_eu_Integrated_Waste_Management_in_Africa.txt
Ghana,2018–2022,2,UNEP provided technical assistance Ghana air pollution control policy adopted policy law regulation strategy action plan circular economy chemicals waste pollution prevention control after:2018-01-01 before:2022-01-01,Clean Air Action Plan,https://niua.in/c-cube/sites/all/themes/zap/pdf/clean-air.pdf,"Air pollution prevention and control strategies are adopted to maintain acceptable ambient air quality in key urban areas. For example, improved fuel quality in ...",https://niua.in › sites › all › themes › zap › pdf,niua_in_Clean_Air_Action_Plan.txt
Ghana,2018–2022,2,UNEP provided technical assistance Ghana air pollution control policy adopted policy law regulation strategy action plan circular economy chemicals waste pollution prevention control after:2018-01-01 before:2022-01-01,waste legislation and the Sustainable Development Goals,https://eprints.lse.ac.uk/115509/1/Lopes_dos_Santos_Alignments_between_e_waste_legislation_and_the_Sustainable.pdf,"Based on an exploratory approach, this study aims to understand the alignments among national e- w aste legislation from three case studies — the United Kingdom ...",https://eprints.lse.ac.uk › Lopes_dos_Santos_Alig...,eprints_lse_ac_uk_waste_legislation_and_the_Sustainable_Development_.txt
Ghana,2018–2022,2,UNEP provided technical assistance Ghana air pollution control policy adopted policy law regulation strategy action plan circular economy chemicals waste pollution prevention control after:2018-01-01 before:2022-01-01,Best Practices for Solid Waste Management,https://www.iges.or.jp/en/publication_documents/pub/policyreport/en/11066/Best+Practices+for+SWM_Guide+for+Decision+Makers+in+Developing+Countries_Oct+20_0.pdf,prepared Nepal's “Disaster Waste Management Policy/Strategy Nepal” (UNEP 2018a). The plan's objectives include promoting the latest technology through ...,https://www.iges.or.jp › pub › policyreport › Best...,www_iges_or_jp_Best_Practices_for_Solid_Waste_Management.txt
Ghana,2018–2022,2,UNEP provided technical assistance Ghana air pollution control policy adopted policy law regulation strategy action plan circular economy chemicals waste pollution prevention control after:2018-01-01 before:2022-01-01,Ghana Country Environmental Analysis - Documents & Reports,https://documents1.worldbank.org/curated/en/419871588578973802/pdf/Ghana-Country-Environmental-Analysis.pdf,"e-waste recycling and associated activities to the Ghanaian economy at. US$105-268 million, mostly undertaken by the informal sector (Prakash et al., 2010) ...",https://documents1.worldbank.org › curated › pdf,documents1_worldbank_org_Ghana_Country_Environmental_Analysis_Documents_Rep.txt
Ghana,2018–2022,2,UNEP provided technical assistance Ghana air pollution control policy adopted policy law regulation strategy action plan circular economy chemicals waste pollution prevention control after:2018-01-01 before:2022-01-01,Transforming the Global Plastics Economy The Political ...,https://www.geg.ox.ac.uk/sites/default/files/2020-07/GEG%20WP%20142%20Transforming%20the%20Global%20Plastics%20Economy.pdf,"In the policy arena, the greatest focus of attention has been on government support and policies to boost better waste management of the land-based sources of ...",https://www.geg.ox.ac.uk › sites › default › files,www_geg_ox_ac_uk_Transforming_the_Global_Plastics_Economy_The_Polit.txt
Ghana,2018–2022,2,UNEP provided technical assistance Ghana air pollution control policy adopted policy law regulation strategy action plan circular economy chemicals waste pollution prevention control after:2018-01-01 before:2022-01-01,International Environmental Law,https://library.sprep.org/sites/default/files/2021-03/international-environmental-law.pdf,"The book covers all major environmental agreements, paying particular attention to their underlying structure, main legal provisions and practical operation. It ...",https://library.sprep.org › sites › default › files › i...,library_sprep_org_International_Environmental_Law.txt
Ghana,2018–2022,2,UNEP provided technical assistance Ghana air pollution control policy adopted policy law regulation strategy action plan circular economy chemicals waste pollution prevention control after:2018-01-01 before:2022-01-01,"Improper disposal of plastic, electronic and chemical waste ...",https://www.facebook.com/UNDPGhana/posts/improper-disposal-of-plastic-electronic-and-chemical-waste-is-having-a-devastati/4442184082505831/,What challenges have you noticed in your community regarding plastic pollution and what eco-friendly tips or solutions can help reduce it in Ghana?,20+ reactions,www_facebook_com_Improper_disposal_of_plastic_electronic_and_chemic.txt
Ghana,2018–2022,2,UNEP provided technical assistance Ghana air pollution control policy adopted policy law regulation strategy action plan circular economy chemicals waste pollution prevention control after:2018-01-01 before:2022-01-01,The Global E-waste Monitor 2020,https://www.itu.int/en/ITU-D/Environment/Documents/Toolbox/GEM_2020_def.pdf,"Monitoring the quantities and flows of e-waste is essential for evaluating developments over time, and to set and assess targets towards a sustainable society ...",https://www.itu.int › Toolbox › GEM_2020_def,www_itu_int_The_Global_E_waste_Monitor_2020.txt
Ghana,2018–2022,2,UNEP provided technical assistance Ghana air pollution control policy adopted policy law regulation strategy action plan circular economy chemicals waste pollution prevention control after:2018-01-01 before:2022-01-01,united nations,https://gefcrew.org/carrcu/18IGM/4LBSCOP/Info-Docs/gpa-igr4-npa-en.pdf,"The following describes the national existing legal situation with regard to LBS of marine pollution control measures, where there might also be constraints in ...",https://gefcrew.org › Info-Docs › gpa-igr4-npa-en,gefcrew_org_united_nations.txt
Ghana,2018–2022,2,UNEP provided technical assistance Ghana air pollution control policy adopted policy law regulation strategy action plan circular economy chemicals waste pollution prevention control after:2018-01-01 before:2022-01-01,Environmental Justice Impacts of Marine Litter and Plastic ...,https://www.eli.org/sites/default/files/files-general/UNEP%20Report-%20Neglected-%20Environmental%20Justice%20Impacts%20of%20Marine%20Litter%20and%20Plastic%20Pollution.pdf,This report directly responds to the United Nations. Environment Assembly (UNEA) resolution 2/11 which calls for more research on marine plastic debris and.,https://www.eli.org › default › files › files-general,www_eli_org_Environmental_Justice_Impacts_of_Marine_Litter_and.txt
Ghana,2018–2022,2,UNEP provided technical assistance Ghana air pollution control policy adopted policy law regulation strategy action plan circular economy chemicals waste pollution prevention control after:2018-01-01 before:2022-01-01,Politics and the plastic crisis: A review throughout ...,https://wires.onlinelibrary.wiley.com/doi/10.1002/wene.360,"Circular economy policies are focused on the economy, industry, production, and disposal on or pollution of terrestrial land (as opposed to plastics in the ...",https://wires.onlinelibrary.wiley.com › doi › wene,wires_onlinelibrary_wiley_com_Politics_and_the_plastic_crisis_A_review_throughou.txt
Ghana,2018–2022,2,UNEP provided technical assistance Ghana air pollution control policy adopted policy law regulation strategy action plan circular economy chemicals waste pollution prevention control after:2018-01-01 before:2022-01-01,1 Mainstreaming sustainable consumption and production ...,https://www.oneplanetnetwork.org/sites/default/files/mainstreaming_scp_and_ce_models_minutes_africa_22-09-2020.pdf,"The policies mentioned focus on supporting a green or circular economy, water demand management and energy efficiency. Sectoral product policies were mentioned ...",https://www.oneplanetnetwork.org › default › files,www_oneplanetnetwork_org_1_Mainstreaming_sustainable_consumption_and_produc.txt
Ghana,2018–2022,2,UNEP provided technical assistance Ghana air pollution control policy adopted policy law regulation strategy action plan circular economy chemicals waste pollution prevention control after:2018-01-01 before:2022-01-01,Health care waste management Policy for Ghana,https://www.moh.gov.gh/wp-content/uploads/2021/04/HEALTH-CARE-WASTE-MANAGEMENT-POLICY-Final.pdf,Ghana's attempt to regulate health care waste management started in 2002 with the development of guidelines on health care waste management by the Environmental.,https://www.moh.gov.gh › uploads › 2021/04 › H...,www_moh_gov_gh_Health_care_waste_management_Policy_for_Ghana.txt
Ghana,2018–2022,2,UNEP provided technical assistance Ghana air pollution control policy adopted policy law regulation strategy action plan circular economy chemicals waste pollution prevention control after:2018-01-01 before:2022-01-01,FROM POLLUTION TO SOLUTION,https://medblueconomyplatform.org/wp-content/uploads/2021/10/2021_frompollutiontosolution.pdf,United Nations Environment Programme (2021). From Pollution to. Solution. A global assessment of marine litter and plastic pollution Nairobi. Production. United ...,https://medblueconomyplatform.org › 2021/10,medblueconomyplatform_org_FROM_POLLUTION_TO_SOLUTION.txt
Ghana,2018–2022,2,UNEP provided technical assistance Ghana air pollution control policy adopted policy law regulation strategy action plan circular economy chemicals waste pollution prevention control after:2018-01-01 before:2022-01-01,"(PDF) Impacts of Plastic Pollution on Ecosystem Services, ...",https://www.researchgate.net/publication/354380794_Impacts_of_Plastic_Pollution_on_Ecosystem_Services_Sustainable_Development_Goals_and_Need_to_Focus_on_Circular_Economy_and_Policy_Interventions,The overall goal of this review is to provide background assessment on the adverse effects of plastic pollution on natural ecosystems; interlink the management ...,https://www.researchgate.net › publication › 35438079...,www_researchgate_net__PDF_Impacts_of_Plastic_Pollution_on_Ecosystem_Ser.txt
Ghana,2018–2022,2,UNEP provided technical assistance Ghana air pollution control policy adopted policy law regulation strategy action plan circular economy chemicals waste pollution prevention control after:2018-01-01 before:2022-01-01,reducing-consumer-food-waste-using-green-and-digital- ...,https://unepccc.org/wp-content/uploads/2021/11/reducing-consumer-food-waste-using-green-and-digital-technologies.pdf,"Food- waste reduction in this report refers to activities that either address the food surplus through prevention or re-use, or that improve the management of ...",https://unepccc.org › uploads › 2021/11 › reduci...,unepccc_org_reducing_consumer_food_waste_using_green_and_digit.txt
Ghana,2018–2022,2,UNEP provided technical assistance Ghana air pollution control policy adopted policy law regulation strategy action plan circular economy chemicals waste pollution prevention control after:2018-01-01 before:2022-01-01,United Nations Environment Assembly of the ...,https://apps1.unep.org/resolutions/uploads/unep_aheg_2018_1_inf_4_unea2_edited.pdf,Our distribution policy aims to reduce UNEP's carbon footprint. Recommended citation: UNEP (2016). Marine plastic debris and microplastics – Global ...,https://apps1.unep.org › resolutions › uploads › u...,apps1_unep_org_United_Nations_Environment_Assembly_of_the_.txt
Ghana,2018–2022,2,UNEP provided technical assistance Ghana air pollution control policy adopted policy law regulation strategy action plan circular economy chemicals waste pollution prevention control after:2018-01-01 before:2022-01-01,First Global Report,https://environmentalmigration.iom.int/sites/g/files/tmzbdl1411/files/documents/2023-11/environmental_rule_of_law.pdf,"This new report on the Environmental. Rule of Law will help us improve compliance with environmental law, which is essential to ensuring protection of ...",https://environmentalmigration.iom.int › files › e...,environmentalmigration_iom_int_First_Global_Report.txt
Ghana,2018–2022,2,UNEP provided technical assistance Ghana air pollution control policy adopted policy law regulation strategy action plan circular economy chemicals waste pollution prevention control after:2018-01-01 before:2022-01-01,The Greater Accra Metropolitan Area Draft Air Quality ...,https://www.ccacoalition.org/sites/default/files/resources/2018_Greater-Accra-Region-Air-Quality-Management_EPA-Ghana.pdf,"Specifically, EPA. Ghana has implemented a number of programmes aimed at prevention, control and management of air emissions from the transport, mining, energy ...",https://www.ccacoalition.org › files › resources,www_ccacoalition_org_The_Greater_Accra_Metropolitan_Area_Draft_Air_Qual.txt
Ghana,2018–2022,2,UNEP provided technical assistance Ghana air pollution control policy adopted policy law regulation strategy action plan circular economy chemicals waste pollution prevention control after:2018-01-01 before:2022-01-01,overview of the current policies on air pollution and ...,https://equitablehealthycities.org/docs/policy-workshop-ghana-rwanda-tanzania-march-2021/?bp-attachment=EPA-presentation_Ghana.pdf,Ghana National Action Plan (NAP) to mitigate SLCP identifies 16 cross-sectors measures to control. SLCPs. □ GAMA Air Quality Management Plan (AQMP) and ...,https://equitablehealthycities.org › docs › policy-...,equitablehealthycities_org_overview_of_the_current_policies_on_air_pollution_.txt
Ghana,2022–2026,1,UNEP supported Ghana circular economy strategy passed policy law regulation strategy action plan circular economy chemicals waste pollution prevention control after:2022-01-01 before:2026-01-01,TRANSITIONING TO A CIRCULAR ECONOMY THROUGH ...,https://www.undp.org/sites/g/files/zskgke326/files/2022-03/UNDP-GEF-Transitioning-to-a-Circular-Economy-Through-Chemical-and-Waste-Management.pdf,"In aiming towards circularity, UNDP's interventions in the area of chemicals and waste management directly support the implementation of the Montreal Protocol; ...",https://www.undp.org › files › zskgke326 › files,www_undp_org_TRANSITIONING_TO_A_CIRCULAR_ECONOMY_THROUGH_.txt
Ghana,2022–2026,1,UNEP supported Ghana circular economy strategy passed policy law regulation strategy action plan circular economy chemicals waste pollution prevention control after:2022-01-01 before:2026-01-01,Marine plastics and the circular economy: A review of policy ...,https://pmc.ncbi.nlm.nih.gov/articles/PMC12528791/,"Traditional waste management methods are insufficient for addressing plastic waste's systemic challenges, necessitating a holistic, governance-focused approach ...",https://pmc.ncbi.nlm.nih.gov › articles › PMC12528791,pmc_ncbi_nlm_nih_gov_Marine_plastics_and_the_circular_economy_A_review_.txt
Ghana,2022–2026,1,UNEP supported Ghana circular economy strategy passed policy law regulation strategy action plan circular economy chemicals waste pollution prevention control after:2022-01-01 before:2026-01-01,UNDP Ghana's post,https://www.facebook.com/UNDPGhana/posts/at-the-just-ended-cop28-announced-an-innovative-waste-management-initiativethis-/729461432545209/,- Recycling and reusing waste can reduce global greenhouse gas #emissions by 15-20% (UN Environment Programme). - A circular economy could save the world $4.5 ...,8 reactions,www_facebook_com_UNDP_Ghana_s_post.txt
Ghana,2022–2026,1,UNEP supported Ghana circular economy strategy passed policy law regulation strategy action plan circular economy chemicals waste pollution prevention control after:2022-01-01 before:2026-01-01,National Circular Economy Roadmaps: A Global Stocktake ...,https://www.unido.org/sites/default/files/unido-publications/2024-05/UNIDO_National%20circular%20economy%20roadmaps_v07.pdf,Circular Economy Strategy and Action Plan. 2021. Call to action. Chile. Roadmap ... Circular Economy Action Plan and Roadmap in Ghana. 2022. Roadmap. Greece.,https://www.unido.org › files › unido-publications,www_unido_org_National_Circular_Economy_Roadmaps_A_Global_Stockt.txt
Ghana,2022–2026,1,UNEP supported Ghana circular economy strategy passed policy law regulation strategy action plan circular economy chemicals waste pollution prevention control after:2022-01-01 before:2026-01-01,From waste to resource: demystifying the policy challenges ...,https://www.frontiersin.org/journals/sustainability/articles/10.3389/frsus.2024.1300904/full,"Circular strategies often surround adoption of the 3R principles (reduce, reuse, recycle) to close, slow, and narrow resource loops while using cleaner ...",https://www.frontiersin.org › frsus.2024.1300904 › full,www_frontiersin_org_From_waste_to_resource_demystifying_the_policy_cha.txt
Ghana,2022–2026,1,UNEP supported Ghana circular economy strategy passed policy law regulation strategy action plan circular economy chemicals waste pollution prevention control after:2022-01-01 before:2026-01-01,Waste Management - Policy Paper,https://ghanacic.ashesi.edu.gh/wp-content/uploads/2025/08/Waste-Management-Policy-Paper.pdf,"This report proposes a transformative shift towards a circular economy for waste, offering a data-driven roadmap for. Ghana to unlock substantial economic and.",https://ghanacic.ashesi.edu.gh › uploads › 2025/08,ghanacic_ashesi_edu_gh_Waste_Management_Policy_Paper.txt
Ghana,2022–2026,1,UNEP supported Ghana circular economy strategy passed policy law regulation strategy action plan circular economy chemicals waste pollution prevention control after:2022-01-01 before:2026-01-01,Transition to a circular economy and implications for ...,https://www.wcoomd.org/-/media/wco/public/global/pdf/topics/research/report/circular-economy-report-en.pdf,The two Conventions support the principles of the circular economy by encouraging the use of safer chemicals and the responsible management of waste and ...,https://www.wcoomd.org › pdf › research › report,www_wcoomd_org_Transition_to_a_circular_economy_and_implications_.txt
Ghana,2022–2026,1,UNEP supported Ghana circular economy strategy passed policy law regulation strategy action plan circular economy chemicals waste pollution prevention control after:2022-01-01 before:2026-01-01,The Business Pathway to Circular Economy: Global ...,https://www.ioe-emp.org/index.php?eID=dumpFile&t=f&f=165214&token=31bf394cdfe2796ffe1d14ef6fbf6f13e61e2c4e,"With the support of appropriate policies and enabling frameworks, circular economy activities have the potential to deliver economic, environmental, and social ...",https://www.ioe-emp.org › ...,www_ioe-emp_org_The_Business_Pathway_to_Circular_Economy_Global_.txt
Ghana,2022–2026,1,UNEP supported Ghana circular economy strategy passed policy law regulation strategy action plan circular economy chemicals waste pollution prevention control after:2022-01-01 before:2026-01-01,"Compilation of information, best practices and lessons ...",https://www.basel.int/Portals/4/Basel%20Convention/docs/plastic%20waste/UNEP-CHW-PWPWG-PUB-SingleUse-Jan2023.English.pdf,"It is intended to assist Parties to the Basel Convention, authorities, stakeholders, and the public in the environmentally sound management of plastic wastes.",https://www.basel.int › Portals › docs › plastic waste,www_basel_int_Compilation_of_information_best_practices_and_less.txt
Ghana,2022–2026,1,UNEP supported Ghana circular economy strategy passed policy law regulation strategy action plan circular economy chemicals waste pollution prevention control after:2022-01-01 before:2026-01-01,Policy pathways to sustainable E-waste management,https://www.sciencedirect.com/science/article/pii/S2772416624000743,The law has aimed to reduce E-waste by 10 % and increase recycling by 5 % every year as to improve the E-waste framework and the also to help improve public ...,https://www.sciencedirect.com › science › article › pii,www_sciencedirect_com_Policy_pathways_to_sustainable_E_waste_management.txt
Ghana,2022–2026,1,UNEP supported Ghana circular economy strategy passed policy law regulation strategy action plan circular economy chemicals waste pollution prevention control after:2022-01-01 before:2026-01-01,UN supports Nigeria's fight against plastic pollution,https://www.linkedin.com/posts/mohamed-malick-fall-3a01322b8_nigeria-activity-7336271779939651584-uFml,"On this World Environment Day, observed every 5 June, we confront a crisis of plastic pollution choking Nigeria's cities, rivers, and coastlines.",300+ reactions,www_linkedin_com_UN_supports_Nigeria_s_fight_against_plastic_pollut.txt
Ghana,2022–2026,1,UNEP supported Ghana circular economy strategy passed policy law regulation strategy action plan circular economy chemicals waste pollution prevention control after:2022-01-01 before:2026-01-01,Sustainability and Circularity in the Textile Value Chain,https://circulareconomy.europa.eu/platform/sites/default/files/2023-12/Full%20Report%20-%20UNEP%20Sustainability%20and%20Circularity%20in%20the%20Textile%20Value%20Chain%20A%20Global%20Roadmap_0.pdf,32 UNEP (2022). Enhancing circular economy as a contribution to achieving sustainable consumption and production. space (such as those focusing on scaling ...,https://circulareconomy.europa.eu › default › files,circulareconomy_europa_eu_Sustainability_and_Circularity_in_the_Textile_Valu.txt
Ghana,2022–2026,1,UNEP supported Ghana circular economy strategy passed policy law regulation strategy action plan circular economy chemicals waste pollution prevention control after:2022-01-01 before:2026-01-01,Towards a National Circular Economy Strategy for Hungary,https://www.oecd.org/en/publications/towards-a-national-circular-economy-strategy-for-hungary_1178c379-en/full-report/transition-to-a-circular-life-cycle-for-plastics_c2ef1e21.html,"It provides an overview of the current situation and policy landscape, identifies areas for improvement and proposes a set of concrete policy recommendations.",https://www.oecd.org › ... › Full Report,www_oecd_org_Towards_a_National_Circular_Economy_Strategy_for_H.txt
Ghana,2022–2026,1,UNEP supported Ghana circular economy strategy passed policy law regulation strategy action plan circular economy chemicals waste pollution prevention control after:2022-01-01 before:2026-01-01,Circular economy,https://en.wikipedia.org/wiki/Circular_economy,"The concept aims to tackle global challenges such as climate change, biodiversity loss, waste, and pollution by emphasizing the design-based implementation of ...",https://en.wikipedia.org › wiki › Circular_economy,en_wikipedia_org_Circular_economy.txt
Ghana,2022–2026,1,UNEP supported Ghana circular economy strategy passed policy law regulation strategy action plan circular economy chemicals waste pollution prevention control after:2022-01-01 before:2026-01-01,Circular Economy: from indicators and data to policy-making,https://www.unep.org/resources/report/circular-economy-indicators-and-data-policy-making,"This report aims to map data at national, regional, and global levels, for core Circular Economy Indicators based on the Guidelines for measuring circular ...",https://www.unep.org › resources › report › circular-ec...,www_unep_org_Circular_Economy_from_indicators_and_data_to_polic.txt
Ghana,2022–2026,1,UNEP supported Ghana circular economy strategy passed policy law regulation strategy action plan circular economy chemicals waste pollution prevention control after:2022-01-01 before:2026-01-01,Circular Economy Transition on the Debate: Big Dreams ...,https://hal.science/hal-05141046v1/file/1Mihai_Circular-Economy-Transition-on-the-Debate-Big-Dreams-but-Harsh-Realities.pdf,Abstract. This paper aims to reveal some discrepancies in scientific discourse related to the circular economy subtopics and.,https://hal.science › file › 1Mihai_Circular-Econ...,hal_science_Circular_Economy_Transition_on_the_Debate_Big_Drea.txt
Ghana,2022–2026,1,UNEP supported Ghana circular economy strategy passed policy law regulation strategy action plan circular economy chemicals waste pollution prevention control after:2022-01-01 before:2026-01-01,Addressing Plastic Waste,https://www.epa.gov/system/files/documents/2023-07/SWM_PlasticWaste-Final.pdf,National Action Plan on Plastic Waste Management 2021–2030. ... Financing Waste Management and Recycling Infrastructure to Prevent Ocean Plastic Pollution.,https://www.epa.gov › SWM_PlasticWaste-Final,www_epa_gov_Addressing_Plastic_Waste.txt
Ghana,2022–2026,1,UNEP supported Ghana circular economy strategy passed policy law regulation strategy action plan circular economy chemicals waste pollution prevention control after:2022-01-01 before:2026-01-01,The circular economy and its impact on developing and ...,https://www.ecologic.eu/sites/default/files/publication/2022/50068-Circular-Economy-and-Developing-Countries-web.pdf,"Reduction in waste flows: Circular economy policies can help reduce waste flows to developing and emerging countries. In the case of valuable waste, ...",https://www.ecologic.eu › sites › files › publication,www_ecologic_eu_The_circular_economy_and_its_impact_on_developing_.txt
Ghana,2022–2026,1,UNEP supported Ghana circular economy strategy passed policy law regulation strategy action plan circular economy chemicals waste pollution prevention control after:2022-01-01 before:2026-01-01,Guidelines to Accelerate the Transition Towards a Circular ...,https://www.greenpolicyplatform.org/sites/default/files/downloads/tools/Guidelines%20to%20Accelerate%20the%20Transition%20Towards%20a%20Circular%20Economy%20in%20Africa.pdf,"• Launched its Green Economy Strategy and Action Plan for Sustainable · Development aimed at enabling even, resource-efficient, and sustainable socio-economic ...",https://www.greenpolicyplatform.org › files › tools,www_greenpolicyplatform_org_Guidelines_to_Accelerate_the_Transition_Towards_a_.txt
Ghana,2022–2026,1,UNEP supported Ghana circular economy strategy passed policy law regulation strategy action plan circular economy chemicals waste pollution prevention control after:2022-01-01 before:2026-01-01,A strategic framework for managing the circular economy ...,https://www.emerald.com/meq/article/doi/10.1108/MEQ-07-2025-0483/1356003/A-strategic-framework-for-managing-the-circular,"The international community confronts intensifying environmental and economic pressures from unsustainable resource consumption and rising waste volumes (UNEP, ...",https://www.emerald.com › doi › MEQ-07-2025-0483,www_emerald_com_A_strategic_framework_for_managing_the_circular_ec.txt
Ghana,2022–2026,1,UNEP supported Ghana circular economy strategy passed policy law regulation strategy action plan circular economy chemicals waste pollution prevention control after:2022-01-01 before:2026-01-01,Circular Economy Transition on the Debate: Big Dreams ...,https://hal.science/hal-05141046v1/file/1Mihai_Circular-Economy-Transition-on-the-Debate-Big-Dreams-but-Harsh-Realities.pdf,Abstract. This paper aims to reveal some discrepancies in scientific discourse related to the circular economy subtopics and.,https://hal.science › file › 1Mihai_Circular-Econ...,hal_science_Circular_Economy_Transition_on_the_Debate_Big_Drea.txt
Ghana,2022–2026,1,UNEP supported Ghana circular economy strategy passed policy law regulation strategy action plan circular economy chemicals waste pollution prevention control after:2022-01-01 before:2026-01-01,Unraveling the Waste Issue in Fast Fashion and its Impact on ...,https://research.library.fordham.edu/cgi/viewcontent.cgi?article=1193&context=environ_2015,"These recommendations include advancing recycling technologies, promoting longer-lasting clothing designs, and fostering circular economy practices that ...",https://research.library.fordham.edu › viewcontent,research_library_fordham_edu_Unraveling_the_Waste_Issue_in_Fast_Fashion_and_its.txt
Ghana,2022–2026,1,UNEP supported Ghana circular economy strategy passed policy law regulation strategy action plan circular economy chemicals waste pollution prevention control after:2022-01-01 before:2026-01-01,The circular economy and its impact on developing and ...,https://www.ecologic.eu/sites/default/files/publication/2022/50068-Circular-Economy-and-Developing-Countries-web.pdf,"Reduction in waste flows: Circular economy policies can help reduce waste flows to developing and emerging countries. In the case of valuable waste, ...",https://www.ecologic.eu › sites › files › publication,www_ecologic_eu_The_circular_economy_and_its_impact_on_developing_.txt
Ghana,2022–2026,1,UNEP supported Ghana circular economy strategy passed policy law regulation strategy action plan circular economy chemicals waste pollution prevention control after:2022-01-01 before:2026-01-01,Guidelines to Accelerate the Transition Towards a Circular ...,https://www.greenpolicyplatform.org/sites/default/files/downloads/tools/Guidelines%20to%20Accelerate%20the%20Transition%20Towards%20a%20Circular%20Economy%20in%20Africa.pdf,"• Launched its Green Economy Strategy and Action Plan for Sustainable · Development aimed at enabling even, resource-efficient, and sustainable socio-economic ...",https://www.greenpolicyplatform.org › files › tools,www_greenpolicyplatform_org_Guidelines_to_Accelerate_the_Transition_Towards_a_.txt
Ghana,2022–2026,1,UNEP supported Ghana circular economy strategy passed policy law regulation strategy action plan circular economy chemicals waste pollution prevention control after:2022-01-01 before:2026-01-01,[Environment] Environmental Protection Agency Holds ...,https://www.facebook.com/metrotvgh/posts/environment-environmental-protection-agency-holds-workshop-on-effective-plastic-/593744740183791/,"Waste management plays a crucial role in environmental sustainability, involving the proper handling of biodegradable waste, such as food scraps, and non- ...",4 reactions,www_facebook_com__Environment_Environmental_Protection_Agency_Holds.txt
Ghana,2022–2026,1,UNEP supported Ghana circular economy strategy passed policy law regulation strategy action plan circular economy chemicals waste pollution prevention control after:2022-01-01 before:2026-01-01,SUSTAINABILITY STATEMENT AND DUTY OF CARE PLAN,https://www.carrefour.com/sites/default/files/2025-07/Sustainability%20Statement%20Carrefour%20Group%202024_0.pdf,This regulation establishes a common classification system for all European. Union countries to identify sustainable economic activities. Information on ...,https://www.carrefour.com › sites › default › files,www_carrefour_com_SUSTAINABILITY_STATEMENT_AND_DUTY_OF_CARE_PLAN.txt
Ghana,2022–2026,1,UNEP supported Ghana circular economy strategy passed policy law regulation strategy action plan circular economy chemicals waste pollution prevention control after:2022-01-01 before:2026-01-01,Addressing Plastic Waste,https://www.epa.gov/system/files/documents/2023-07/SWM_PlasticWaste-Final.pdf,National Action Plan on Plastic Waste Management 2021–2030. ... Financing Waste Management and Recycling Infrastructure to Prevent Ocean Plastic Pollution.,https://www.epa.gov › SWM_PlasticWaste-Final,www_epa_gov_Addressing_Plastic_Waste.txt
Ghana,2022–2026,1,UNEP supported Ghana circular economy strategy passed policy law regulation strategy action plan circular economy chemicals waste pollution prevention control after:2022-01-01 before:2026-01-01,A strategic framework for managing the circular economy ...,https://www.emerald.com/meq/article/doi/10.1108/MEQ-07-2025-0483/1356003/A-strategic-framework-for-managing-the-circular,"The international community confronts intensifying environmental and economic pressures from unsustainable resource consumption and rising waste volumes (UNEP, ...",https://www.emerald.com › doi › MEQ-07-2025-0483,www_emerald_com_A_strategic_framework_for_managing_the_circular_ec.txt
Ghana,2022–2026,1,UNEP supported Ghana circular economy strategy passed policy law regulation strategy action plan circular economy chemicals waste pollution prevention control after:2022-01-01 before:2026-01-01,Circular Economy for Social Transformation: Multiple Paths ...,https://just2ce.eu/wp-content/uploads/2024/02/D1_1-JUST2CE-Final-Version.pdf,"The EU-funded JUST2CE project will answer these questions. It will explore the economic, societal, gender and policy implications of the circular economy ...",https://just2ce.eu › uploads › 2024/02,just2ce_eu_Circular_Economy_for_Social_Transformation_Multipl.txt
Ghana,2022–2026,1,UNEP supported Ghana circular economy strategy passed policy law regulation strategy action plan circular economy chemicals waste pollution prevention control after:2022-01-01 before:2026-01-01,How the circular economy can revive the Sustainable ...,https://www.chathamhouse.org/sites/default/files/2024-09/2024-09-19-how-the-circular-economy-can-revive-the-sdgs-schr%C3%B6der-barrie.pdf,Changes in policy and regulation are needed to support circular economy-enabling trade while preventing problems such as the illegal dumping of waste and trade.,https://www.chathamhouse.org › default › files,www_chathamhouse_org_How_the_circular_economy_can_revive_the_Sustainabl.txt
Ghana,2022–2026,1,UNEP supported Ghana circular economy strategy passed policy law regulation strategy action plan circular economy chemicals waste pollution prevention control after:2022-01-01 before:2026-01-01,PLASTIC POLLUTION IN AFRICA,https://wwfafrica.awsassets.panda.org/downloads/wwf_plastic_pollution.pdf,Develop a circular economy action plan and policy strategy that is aligned with global and regional strategies in cooperation with all national government.,https://wwfafrica.awsassets.panda.org › downloads,wwfafrica_awsassets_panda_org_PLASTIC_POLLUTION_IN_AFRICA.txt
Ghana,2022–2026,1,UNEP supported Ghana circular economy strategy passed policy law regulation strategy action plan circular economy chemicals waste pollution prevention control after:2022-01-01 before:2026-01-01,Moving Ghana Beyond Plastics: A Policy Blueprint for a ...,https://smepprogramme.org/wp-content/uploads/2025/04/FRESHPPACT-Policy-Blueprint_Plastic-Substitutes-and-Alternatives-in-Ghana_-Report-Final.pdf,"Specifically, the adoption of biodegradable materials, reusable packaging, and circular economy models could offer transformative solutions to reduce the burden ...",https://smepprogramme.org › uploads › 2025/04,smepprogramme_org_Moving_Ghana_Beyond_Plastics_A_Policy_Blueprint_fo.txt
Ghana,2022–2026,1,UNEP supported Ghana circular economy strategy passed policy law regulation strategy action plan circular economy chemicals waste pollution prevention control after:2022-01-01 before:2026-01-01,2025_VNR_Report.pdf,https://ndpc.gov.gh/media/2025_VNR_Report.pdf,"recycling rates, Ghana is scaling up national and global partnerships to curb pollution and advance a circular economy for plastics. 8. Resilient remittance ...",https://ndpc.gov.gh › media › 2025_VNR_Report,ndpc_gov_gh_2025_VNR_Report_pdf.txt
Ghana,2022–2026,1,UNEP supported Ghana circular economy strategy passed policy law regulation strategy action plan circular economy chemicals waste pollution prevention control after:2022-01-01 before:2026-01-01,Plastic Waste Mitigation Strategies: A Review of Lessons ...,https://journals.sagepub.com/doi/10.1177/0169796X221104855,"This article examines the reasons for the failure to curb plastic waste in Sub-Saharan Africa (SSA) and South Asia (SA), target regions of the Sustainable ...",https://journals.sagepub.com › doi,journals_sagepub_com_Plastic_Waste_Mitigation_Strategies_A_Review_of_Le.txt
Ghana,2022–2026,1,UNEP supported Ghana circular economy strategy passed policy law regulation strategy action plan circular economy chemicals waste pollution prevention control after:2022-01-01 before:2026-01-01,"In Burundi, improper chemical and waste management ...",https://www.facebook.com/unep/posts/in-burundi-improper-chemical-and-waste-management-have-led-to-various-human-heal/300241905469228/,"To address this, Burundi's government has partnered with UNEP's Chemicals and Waste Management Programme to develop an ambitious national strategy that applies ...",70+ reactions,www_facebook_com_In_Burundi_improper_chemical_and_waste_management_.txt
Ghana,2022–2026,1,UNEP supported Ghana circular economy strategy passed policy law regulation strategy action plan circular economy chemicals waste pollution prevention control after:2022-01-01 before:2026-01-01,Ghana - UN Environment Programme,https://www.unep.org/ghana,Ghana developed a 10-year strategic plan (2021-2030) which was published in July 2022. The Industrial and Consumer Chemicals Bill 2021 has been forwarded to the ...,https://www.unep.org › ghana,www_unep_org_Ghana_UN_Environment_Programme.txt
Ghana,2022–2026,1,UNEP supported Ghana circular economy strategy passed policy law regulation strategy action plan circular economy chemicals waste pollution prevention control after:2022-01-01 before:2026-01-01,Circular Economy Action Plan and Roadmap in Ghana,https://africacircular.org/circular-economy-action-plan-and-roadmap-in-ghana/,The CEAP outlines clear goals and actions to advance the circular economy in Ghana; first for each sector chosen and then for cross-cutting elements such as ...,https://africacircular.org › Resources,africacircular_org_Circular_Economy_Action_Plan_and_Roadmap_in_Ghana.txt
Ghana,2022–2026,1,UNEP supported Ghana circular economy strategy passed policy law regulation strategy action plan circular economy chemicals waste pollution prevention control after:2022-01-01 before:2026-01-01,The Role of the United Nations Environment Programme ...,https://digitalcommons.wcl.american.edu/context/auilr/article/1585/viewcontent/5_2_7.pdf,"""The Role of the United Nations Environment Programme (UNEP) in the Development of International. Environmental Law."" American University International Law ...",https://digitalcommons.wcl.american.edu › article,digitalcommons_wcl_american_edu_The_Role_of_the_United_Nations_Environment_Program.txt
Ghana,2022–2026,1,UNEP supported Ghana circular economy strategy passed policy law regulation strategy action plan circular economy chemicals waste pollution prevention control after:2022-01-01 before:2026-01-01,NEWSLETTER,https://unhabitat.org/sites/default/files/2024-02/WWC-Newsletter_Vol19-ENG_Final_1_0.pdf,"The establishment and operation of recycling and recovery systems under. EPR create jobs in waste management, recycling facilities, and related industries. This ...",https://unhabitat.org › sites › default › files › WW...,unhabitat_org_NEWSLETTER.txt
Ghana,2022–2026,1,UNEP supported Ghana circular economy strategy passed policy law regulation strategy action plan circular economy chemicals waste pollution prevention control after:2022-01-01 before:2026-01-01,Solid waste management in the context of the ...,https://onlinelibrary.wiley.com/doi/full/10.1002/ieam.4774,Circular economy strategies and WH framings are used to evaluate various systems' effectiveness and sustainability across countries (see Figure 4). Our ...,https://onlinelibrary.wiley.com › doi › full › ieam,onlinelibrary_wiley_com_Solid_waste_management_in_the_context_of_the_.txt
Ghana,2022–2026,2,UNEP supported Ghana persistent organic pollutants policy endorsed policy law regulation strategy action plan circular economy chemicals waste pollution prevention control after:2022-01-01 before:2026-01-01,TRANSITIONING TO A CIRCULAR ECONOMY THROUGH ...,https://www.undp.org/sites/g/files/zskgke326/files/2022-03/UNDP-GEF-Transitioning-to-a-Circular-Economy-Through-Chemical-and-Waste-Management.pdf,"In aiming towards circularity, UNDP's interventions in the area of chemicals and waste management directly support the implementation of the Montreal Protocol; ...",https://www.undp.org › files › zskgke326 › files,www_undp_org_TRANSITIONING_TO_A_CIRCULAR_ECONOMY_THROUGH_.txt
Ghana,2022–2026,2,UNEP supported Ghana persistent organic pollutants policy endorsed policy law regulation strategy action plan circular economy chemicals waste pollution prevention control after:2022-01-01 before:2026-01-01,Policy pathways to sustainable E-waste management,https://www.sciencedirect.com/science/article/pii/S2772416624000743,The law has aimed to reduce E-waste by 10 % and increase recycling by 5 % every year as to improve the E-waste framework and the also to help improve public ...,https://www.sciencedirect.com › science › article › pii,www_sciencedirect_com_Policy_pathways_to_sustainable_E_waste_management.txt
Ghana,2022–2026,2,UNEP supported Ghana persistent organic pollutants policy endorsed policy law regulation strategy action plan circular economy chemicals waste pollution prevention control after:2022-01-01 before:2026-01-01,free Plastics in Africa organized by the Basel Convention ...,https://www.facebook.com/NemaKenya/posts/inception-workshop-on-circular-and-persistent-organic-pollutants-pops-free-plast/959512519547885/,Inception workshop on Circular and Persistent Organic Pollutants (POPs)-free Plastics in Africa organized by the Basel Convention Coordinating Centre...,20+ reactions,www_facebook_com_free_Plastics_in_Africa_organized_by_the_Basel_Con.txt
Ghana,2022–2026,2,UNEP supported Ghana persistent organic pollutants policy endorsed policy law regulation strategy action plan circular economy chemicals waste pollution prevention control after:2022-01-01 before:2026-01-01,Synergies > Media Hub > Press Releases,https://www.brsmeas.org/MediaHub/PressReleases/tabid/2644/language/en-GB/Default.aspx,"Plastic pollution may also contain hazardous chemicals such as persistent organic pollutants (POPs). Likewise, some outdoor waterproof clothing and ...",https://www.brsmeas.org › language › en-GB › Default,www_brsmeas_org_Synergies_Media_Hub_Press_Releases.txt
Ghana,2022–2026,2,UNEP supported Ghana persistent organic pollutants policy endorsed policy law regulation strategy action plan circular economy chemicals waste pollution prevention control after:2022-01-01 before:2026-01-01,https://chm.pops.int/Portals/0/download.aspx?d=UNE...,https://chm.pops.int/Portals/0/download.aspx?d=UNEP-POPS-COP.12-32.English.docx,"Given that $18 billion was needed to manage persistent organic pollutants, it was critical to engage with the private and investment sector, including to adopt ...",https://chm.pops.int › Portals › download › d=UN...,chm_pops_int_https_chm_pops_int_Portals_0_download_aspx_d_UNE_.txt
Ghana,2022–2026,2,UNEP supported Ghana persistent organic pollutants policy endorsed policy law regulation strategy action plan circular economy chemicals waste pollution prevention control after:2022-01-01 before:2026-01-01,GLOBAL GOVERNANCE OF PLASTICS AND ...,https://www.basel.int/Portals/4/Basel%20Convention/docs/plastic%20waste/UNEP-FAO-CHW-RC-POPS-PUB-GlobalGovernancePlastics-2023.pdf,"Convention on Persistent Organic Pollutants, Strategic Approach to International Chemicals Management, United Nations. Environment Programme, United Nations ...",https://www.basel.int › Portals › docs › plastic waste,www_basel_int_GLOBAL_GOVERNANCE_OF_PLASTICS_AND_.txt
Ghana,2022–2026,2,UNEP supported Ghana persistent organic pollutants policy endorsed policy law regulation strategy action plan circular economy chemicals waste pollution prevention control after:2022-01-01 before:2026-01-01,Summary report 24–27 June 2025 - Earth Negotiations Bulletin,https://enb.iisd.org/open-ended-working-group-oewg-global-framework-chemicals-gfc-1-summary,Modern society's reliance on chemicals makes their production one of the biggest and most globalized sectors of the world economy.,https://enb.iisd.org › open-ended-working-group-oewg...,enb_iisd_org_Summary_report_24_27_June_2025_Earth_Negotiations_.txt
Ghana,2022–2026,2,UNEP supported Ghana persistent organic pollutants policy endorsed policy law regulation strategy action plan circular economy chemicals waste pollution prevention control after:2022-01-01 before:2026-01-01,roadmap for transformative action on the,https://www.ccacoalition.org/sites/default/files/resources/files/OpenBurning_AfricaRoadmap_2_WHY_0.pdf,Waste generation is decoupled by economic growth and collection coverage increases to 100%. Uncontrolled disposal ends by 2050. 3. Waste management under ...,https://www.ccacoalition.org › resources › files,www_ccacoalition_org_roadmap_for_transformative_action_on_the.txt
Ghana,2022–2026,2,UNEP supported Ghana persistent organic pollutants policy endorsed policy law regulation strategy action plan circular economy chemicals waste pollution prevention control after:2022-01-01 before:2026-01-01,From waste to resource: demystifying the policy challenges ...,https://www.frontiersin.org/journals/sustainability/articles/10.3389/frsus.2024.1300904/full,This qualitative study uses document review and expert interviews to explore the current waste management regime in Zambia.,https://www.frontiersin.org › frsus.2024.1300904 › full,www_frontiersin_org_From_waste_to_resource_demystifying_the_policy_cha.txt
Ghana,2022–2026,2,UNEP supported Ghana persistent organic pollutants policy endorsed policy law regulation strategy action plan circular economy chemicals waste pollution prevention control after:2022-01-01 before:2026-01-01,Assesing Electronic Waste Management Strategies in Ghana,https://repository.usfca.edu/cgi/viewcontent.cgi?article=2693&context=thes,"Recycling is an essential management tool to control the rising issue of E-waste and to prevent environmental pollution (Ahirwar & Tripathi, 2021). Even though ...",https://repository.usfca.edu › cgi › viewcontent,repository_usfca_edu_Assesing_Electronic_Waste_Management_Strategies_in.txt
Ghana,2022–2026,2,UNEP supported Ghana persistent organic pollutants policy endorsed policy law regulation strategy action plan circular economy chemicals waste pollution prevention control after:2022-01-01 before:2026-01-01,An overview of UN Activities and Initiatives related to ...,https://unemg.org/wp-content/uploads/2023/02/20.02.23-Mapping-Efforts-Pollution.pdf,Stockholm Convention on Persistent Organic. Pollutants. This convention was designed to protect human health and the environment from persistent organic ...,https://unemg.org › uploads › 2023/02 › 20.02.2...,unemg_org_An_overview_of_UN_Activities_and_Initiatives_relat.txt
Ghana,2022–2026,2,UNEP supported Ghana persistent organic pollutants policy endorsed policy law regulation strategy action plan circular economy chemicals waste pollution prevention control after:2022-01-01 before:2026-01-01,The U.N. Global Plastics Treaty: How Narrative Shapes ...,https://scholarship.law.unc.edu/cgi/viewcontent.cgi?article=2165&context=ncilj,A major storyline on the regulation of plastic commenced in 2022 when countries from across the globe began negotiation of a multilateral treaty on plastic ...,https://scholarship.law.unc.edu › cgi › viewcontent,scholarship_law_unc_edu_The_U_N_Global_Plastics_Treaty_How_Narrative_Shape.txt
Ghana,2022–2026,2,UNEP supported Ghana persistent organic pollutants policy endorsed policy law regulation strategy action plan circular economy chemicals waste pollution prevention control after:2022-01-01 before:2026-01-01,"Waste Management Policies, Practices, and Public Health ...",https://www.authorea.com/users/870161/articles/1327888/master/file/data/Waste%20Management%20Policies/Waste%20Management%20Policies.docx.pdf,"This review highlights waste management as a modifiable determinant of health in developing countries and underscores the urgency of integrated, evidence-based ...",https://www.authorea.com › master › file › data,www_authorea_com_Waste_Management_Policies_Practices_and_Public_Hea.txt
Ghana,2022–2026,2,UNEP supported Ghana persistent organic pollutants policy endorsed policy law regulation strategy action plan circular economy chemicals waste pollution prevention control after:2022-01-01 before:2026-01-01,Beyond an age of waste,https://www.actu-environnement.com/media/pdf/news-43582-global-waste-management-outlook.pdf,Sources of definitions relevant to municipal waste management include: International Organization for. Standardization [ISO] (2013); United Nations Environment.,https://www.actu-environnement.com › media › pdf,www_actu-environnement_com_Beyond_an_age_of_waste.txt
Ghana,2022–2026,2,UNEP supported Ghana persistent organic pollutants policy endorsed policy law regulation strategy action plan circular economy chemicals waste pollution prevention control after:2022-01-01 before:2026-01-01,Life-cycle refrigerant management - Ozone Secretariat - UNEP,https://ozone.unep.org/system/files/documents/LRM%20Workshop%20Brochure.pdf,"Prior to joining UNEP, Jim worked on pollution prevention for an environmental consultancy in Washington, D.C. and on hazardous waste issues for a public-sector.",https://ozone.unep.org › system › files › documents,ozone_unep_org_Life_cycle_refrigerant_management_Ozone_Secretaria.txt
Ghana,2022–2026,2,UNEP supported Ghana persistent organic pollutants policy endorsed policy law regulation strategy action plan circular economy chemicals waste pollution prevention control after:2022-01-01 before:2026-01-01,Addressing Plastic Waste,https://www.epa.gov/system/files/documents/2023-07/SWM_PlasticWaste-Final.pdf,National Action Plan on Plastic Waste Management 2021–2030. ... Financing Waste Management and Recycling Infrastructure to Prevent Ocean Plastic Pollution.,https://www.epa.gov › SWM_PlasticWaste-Final,www_epa_gov_Addressing_Plastic_Waste.txt
Ghana,2022–2026,2,UNEP supported Ghana persistent organic pollutants policy endorsed policy law regulation strategy action plan circular economy chemicals waste pollution prevention control after:2022-01-01 before:2026-01-01,Pollution and health: a progress update - PMC - NIH,https://pmc.ncbi.nlm.nih.gov/articles/PMC11995256/,"Urgent attention is needed to control pollution and prevent pollution-related disease, with an emphasis on air pollution and lead poisoning, and a stronger ...",https://pmc.ncbi.nlm.nih.gov › articles › PMC11995256,pmc_ncbi_nlm_nih_gov_Pollution_and_health_a_progress_update_PMC_NIH.txt
Ghana,2022–2026,2,UNEP supported Ghana persistent organic pollutants policy endorsed policy law regulation strategy action plan circular economy chemicals waste pollution prevention control after:2022-01-01 before:2026-01-01,Ghana - UN Environment Programme,https://www.unep.org/ghana,Ghana developed a 10-year strategic plan (2021-2030) which was published in July 2022. The Industrial and Consumer Chemicals Bill 2021 has been forwarded to the ...,https://www.unep.org › ghana,www_unep_org_Ghana_UN_Environment_Programme.txt
Ghana,2022–2026,2,UNEP supported Ghana persistent organic pollutants policy endorsed policy law regulation strategy action plan circular economy chemicals waste pollution prevention control after:2022-01-01 before:2026-01-01,Transition to a circular economy and implications for ...,https://www.wcoomd.org/-/media/wco/public/global/pdf/topics/research/report/circular-economy-report-en.pdf,"In contrast to the current linear economy, the circular economy approach could be viewed as a more efficient tool for supporting environmental protection.",https://www.wcoomd.org › pdf › research › report,www_wcoomd_org_Transition_to_a_circular_economy_and_implications_.txt
Ghana,2022–2026,2,UNEP supported Ghana persistent organic pollutants policy endorsed policy law regulation strategy action plan circular economy chemicals waste pollution prevention control after:2022-01-01 before:2026-01-01,Regional Plastics Outlook for Southeast and East Asia,https://www.oecd.org/en/publications/regional-plastics-outlook-for-southeast-and-east-asia_5a8ff43c-en/full-report/component-15.html,This chapter explores how the ASEAN Plus Three (APT) region can effectively implement the types of policies needed to end plastic pollution.,https://www.oecd.org › ... › Full Report,www_oecd_org_Regional_Plastics_Outlook_for_Southeast_and_East_A.txt
Ghana,2022–2026,2,UNEP supported Ghana persistent organic pollutants policy endorsed policy law regulation strategy action plan circular economy chemicals waste pollution prevention control after:2022-01-01 before:2026-01-01,Plastic waste makes up the largest share of pollution in ...,https://www.facebook.com/unep/posts/plastic-waste-makes-up-the-largest-share-of-pollution-in-nigeriato-tackle-this-i/1122189483274462/,"It presents a set of recommended system interventions to address plastic pollution and highlights the importance of informing policy, financing mechanisms, ...",110+ reactions,www_facebook_com_Plastic_waste_makes_up_the_largest_share_of_pollut.txt
Ghana,2022–2026,2,UNEP supported Ghana persistent organic pollutants policy endorsed policy law regulation strategy action plan circular economy chemicals waste pollution prevention control after:2022-01-01 before:2026-01-01,annual report 2024-25,https://moef.gov.in/uploads/pdf-uploads/English_Annual_Report_2024-25.pdf,"Circular Economy Action Plan for Tyre and Rubber and stakeholder ministry in ... Persistent Organic Pollutants Rules, 2018 to prohibit production ...",https://moef.gov.in › uploads › pdf-uploads › Eng...,moef_gov_in_annual_report_2024_25.txt
Ghana,2022–2026,2,UNEP supported Ghana persistent organic pollutants policy endorsed policy law regulation strategy action plan circular economy chemicals waste pollution prevention control after:2022-01-01 before:2026-01-01,PLASTIC POLLUTION IN AFRICA,https://wwfafrica.awsassets.panda.org/downloads/wwf_plastic_pollution.pdf,Develop a circular economy action plan and policy strategy that is aligned with global and regional strategies in cooperation with all national government.,https://wwfafrica.awsassets.panda.org › downloads,wwfafrica_awsassets_panda_org_PLASTIC_POLLUTION_IN_AFRICA.txt
Ghana,2022–2026,2,UNEP supported Ghana persistent organic pollutants policy endorsed policy law regulation strategy action plan circular economy chemicals waste pollution prevention control after:2022-01-01 before:2026-01-01,Solid waste management in the context of the ...,https://onlinelibrary.wiley.com/doi/full/10.1002/ieam.4774,"Past and present waste disposal practices are linked to harmful organic (synthetic industrial chemicals, microplastics, pharmaceutical and personal care ...",https://onlinelibrary.wiley.com › doi › full › ieam,onlinelibrary_wiley_com_Solid_waste_management_in_the_context_of_the_.txt
Ghana,2022–2026,2,UNEP supported Ghana persistent organic pollutants policy endorsed policy law regulation strategy action plan circular economy chemicals waste pollution prevention control after:2022-01-01 before:2026-01-01,the United Kingdom,https://g20mpl.org/partners/unitedkingdom,The Government is committed to setting a clear roadmap to a circular economy – a future where our resources are used as efficiently and productively as possible ...,https://g20mpl.org › partners › unitedkingdom,g20mpl_org_the_United_Kingdom.txt
Ghana,2022–2026,2,UNEP supported Ghana persistent organic pollutants policy endorsed policy law regulation strategy action plan circular economy chemicals waste pollution prevention control after:2022-01-01 before:2026-01-01,Moving Ghana Beyond Plastics: A Policy Blueprint for a ...,https://smepprogramme.org/wp-content/uploads/2025/04/FRESHPPACT-Policy-Blueprint_Plastic-Substitutes-and-Alternatives-in-Ghana_-Report-Final.pdf,This change in approach has resulted in the introduction of more comprehensive plastic waste management policies and programmes such as Environmental Sanitation ...,https://smepprogramme.org › uploads › 2025/04,smepprogramme_org_Moving_Ghana_Beyond_Plastics_A_Policy_Blueprint_fo.txt
Ghana,2022–2026,2,UNEP supported Ghana persistent organic pollutants policy endorsed policy law regulation strategy action plan circular economy chemicals waste pollution prevention control after:2022-01-01 before:2026-01-01,Sustainability and Circularity in the Textile Value Chain,https://circulareconomy.europa.eu/platform/sites/default/files/2023-12/Full%20Report%20-%20UNEP%20Sustainability%20and%20Circularity%20in%20the%20Textile%20Value%20Chain%20A%20Global%20Roadmap_0.pdf,Author: Laila Petrie (2050). This report is built on the findings of the UNEP report Sustainability and Circularity in the Textile Value Chain - Global ...,https://circulareconomy.europa.eu › default › files,circulareconomy_europa_eu_Sustainability_and_Circularity_in_the_Textile_Valu.txt
Ghana,2022–2026,2,UNEP supported Ghana persistent organic pollutants policy endorsed policy law regulation strategy action plan circular economy chemicals waste pollution prevention control after:2022-01-01 before:2026-01-01,THE GLOBAL E-WASTE MONITOR 2024,https://ewastemonitor.info/wp-content/uploads/2024/03/GEM_2024_18-03_web_page_per_page_web.pdf,"It is involved in circular economy and climate change activities such as research, capacity building and developing international standards. Its strategic plan ...",https://ewastemonitor.info › uploads › 2024/03,ewastemonitor_info_THE_GLOBAL_E_WASTE_MONITOR_2024.txt
Ghana,2022–2026,2,UNEP supported Ghana persistent organic pollutants policy endorsed policy law regulation strategy action plan circular economy chemicals waste pollution prevention control after:2022-01-01 before:2026-01-01,Circular economy approach for sustainable solid waste ...,https://www.researchgate.net/publication/364597282_Circular_economy_approach_for_sustainable_solid_waste_management_A_developing_economy_perspective,The proposed study explores current waste management practices and assesses the inadequacy to infer the CE as a solution for successful waste management ...,https://www.researchgate.net › publication › 36459728...,www_researchgate_net_Circular_economy_approach_for_sustainable_solid_wa.txt
Ghana,2022–2026,2,UNEP supported Ghana persistent organic pollutants policy endorsed policy law regulation strategy action plan circular economy chemicals waste pollution prevention control after:2022-01-01 before:2026-01-01,Managing solid waste for a sustainable Accra,https://www.theigc.org/sites/default/files/2025-05/Oteng-Ababio-et-al-Final-Report-April-2023.pdf,"These policies are supported by comprehensive strategies, acts, and regulatory ... Action Partnership (NPAP) in 2019 to combat plastic waste pollution in Ghana.",https://www.theigc.org › sites › default › files,www_theigc_org_Managing_solid_waste_for_a_sustainable_Accra.txt
Rwanda,2018–2022,1,UNEP facilitated Rwanda industrial pollution regulation developed policy law regulation strategy action plan circular economy chemicals waste pollution prevention control after:2018-01-01 before:2022-01-01,Governments,https://www.unep.org/beatpollution/governments,The National Standard is an innovative and flexible approach to environmental management of industrial chemicals. It aims to provide more information than ever ...,https://www.unep.org › beatpollution › governments,www_unep_org_Governments.txt
Rwanda,2018–2022,1,UNEP facilitated Rwanda industrial pollution regulation developed policy law regulation strategy action plan circular economy chemicals waste pollution prevention control after:2018-01-01 before:2022-01-01,Demystifying Finance for Circular Economies,https://www.unepfi.org/wordpress/wp-content/uploads/2021/03/UNEPFI_DemystfyingFinanceCircularity-2020-2.pdf,"The report provides insights into practical approaches to financing circularity, such as the application of sectoral metrics in decision-making, and encour-.",https://www.unepfi.org › uploads › 2021/03 › U...,www_unepfi_org_Demystifying_Finance_for_Circular_Economies.txt
Rwanda,2018–2022,1,UNEP facilitated Rwanda industrial pollution regulation developed policy law regulation strategy action plan circular economy chemicals waste pollution prevention control after:2018-01-01 before:2022-01-01,Plastic Waste Management in Rwanda: An Ex-post Policy ...,https://openknowledge.worldbank.org/bitstreams/1269d406-9e96-559a-8e6a-2fecada5dd5c/download,"The following national policies and laws concerning general pollution management were identified to provide context, although they were not explored in detail ...",https://openknowledge.worldbank.org › download,openknowledge_worldbank_org_Plastic_Waste_Management_in_Rwanda_An_Ex_post_Poli.txt
Rwanda,2018–2022,1,UNEP facilitated Rwanda industrial pollution regulation developed policy law regulation strategy action plan circular economy chemicals waste pollution prevention control after:2018-01-01 before:2022-01-01,Water Quality Management Plan for Rwanda,https://www.rema.gov.rw/index.php?eID=dumpFile&t=f&f=138020&token=394bd5b4864a90178b9b135aca226149e172e917,"National. Sanitation Policy. 2016. The National Sanitation Policy aims to ensure sustainable, equitable and affordable access to safe sanitation and waste.",https://www.rema.gov.rw › ...,www_rema_gov_rw_Water_Quality_Management_Plan_for_Rwanda.txt
Rwanda,2018–2022,1,UNEP facilitated Rwanda industrial pollution regulation developed policy law regulation strategy action plan circular economy chemicals waste pollution prevention control after:2018-01-01 before:2022-01-01,A framework for selecting and designing policies to reduce ...,https://www.sciencedirect.com/science/article/pii/S1462901120301489,A regulation targeting plastic waste should be designed taking into consideration the risk of creating illegal dumping or of turning a dangerous residual ...,https://www.sciencedirect.com › science › article › pii,www_sciencedirect_com_A_framework_for_selecting_and_designing_policies_t.txt
Rwanda,2018–2022,1,UNEP facilitated Rwanda industrial pollution regulation developed policy law regulation strategy action plan circular economy chemicals waste pollution prevention control after:2018-01-01 before:2022-01-01,20 Years of Government Responses to the Global Plastic ...,https://nicholasinstitute.duke.edu/sites/default/files/publications/20-Years-of-Government-Responses-to-the-Global-Plastic-Pollution-Problem_final_reduced.pdf,• [Strategy recommends to] develop programs and plan for management of waste to reduce the marine litter at source..[including to] encourage direct development.,https://nicholasinstitute.duke.edu › publications,nicholasinstitute_duke_edu_20_Years_of_Government_Responses_to_the_Global_Pla.txt
Rwanda,2018–2022,1,UNEP facilitated Rwanda industrial pollution regulation developed policy law regulation strategy action plan circular economy chemicals waste pollution prevention control after:2018-01-01 before:2022-01-01,Information on reports and updates by the Technology ...,https://digitallibrary.un.org/record/3993445/files/UNEP_EA.5_INF_7-EN.pdf,Introduction. 1. This report sets out information on actions taken by Member States to address single-use plastic products pollution and the full lifecycle ...,https://digitallibrary.un.org › record › files › UNE...,digitallibrary_un_org_Information_on_reports_and_updates_by_the_Technolo.txt
Rwanda,2018–2022,1,UNEP facilitated Rwanda industrial pollution regulation developed policy law regulation strategy action plan circular economy chemicals waste pollution prevention control after:2018-01-01 before:2022-01-01,1 Mainstreaming sustainable consumption and production ...,https://www.oneplanetnetwork.org/sites/default/files/mainstreaming_scp_and_ce_models_minutes_africa_22-09-2020.pdf,"The policies mentioned focus on supporting a green or circular economy, water demand management and energy efficiency. Sectoral product policies were mentioned ...",https://www.oneplanetnetwork.org › default › files,www_oneplanetnetwork_org_1_Mainstreaming_sustainable_consumption_and_produc.txt
Rwanda,2018–2022,1,UNEP facilitated Rwanda industrial pollution regulation developed policy law regulation strategy action plan circular economy chemicals waste pollution prevention control after:2018-01-01 before:2022-01-01,Addressing single-use plastic products pollution,https://www.lifecycleinitiative.org/wp-content/uploads/2021/02/Addressing-SUP-Products-using-LCA_UNEP-2021_FINAL-Report-sml.pdf,Recommended citation: United Nations Environment Programme (2021). Addressing Single-use Plastic Products Pollution Using a Life Cycle Approach. Nairobi. Design ...,https://www.lifecycleinitiative.org › 2021/02 › A...,www_lifecycleinitiative_org_Addressing_single_use_plastic_products_pollution.txt
Rwanda,2018–2022,1,UNEP facilitated Rwanda industrial pollution regulation developed policy law regulation strategy action plan circular economy chemicals waste pollution prevention control after:2018-01-01 before:2022-01-01,The Burden of Microplastics Pollution and Contending ...,https://www.mdpi.com/1660-4601/19/11/6773,The third UN resolution was formulated to control plastics pollution by integrating and implementing its resolutions with SDG and circular economy laws to ...,https://www.mdpi.com › ...,www_mdpi_com_The_Burden_of_Microplastics_Pollution_and_Contendi.txt
Rwanda,2018–2022,1,UNEP facilitated Rwanda industrial pollution regulation developed policy law regulation strategy action plan circular economy chemicals waste pollution prevention control after:2018-01-01 before:2022-01-01,Demystifying Finance for Circular Economies,https://circulareconomy.europa.eu/platform/sites/default/files/2023-08/FinCir.pdf,"The report provides insights into practical approaches to financing circularity, such as the application of sectoral metrics in decision-making, and encour-.",https://circulareconomy.europa.eu › sites › files › FinCir,circulareconomy_europa_eu_Demystifying_Finance_for_Circular_Economies.txt
Rwanda,2018–2022,1,UNEP facilitated Rwanda industrial pollution regulation developed policy law regulation strategy action plan circular economy chemicals waste pollution prevention control after:2018-01-01 before:2022-01-01,Policies from Sri Lanka receive Future Policy Award 2021 ...,https://www.facebook.com/100068468658617/posts/policies-from-sri-lanka-receive-future-policy-award-2021-on-protection-from-haza/920113628539256/,"In 2021, Sri Lanka made significant progress on plastic waste management with the launch of the National Action Plan on Plastic Waste Management 2021–2030.",20+ reactions,www_facebook_com_Policies_from_Sri_Lanka_receive_Future_Policy_Awar.txt
Rwanda,2018–2022,1,UNEP facilitated Rwanda industrial pollution regulation developed policy law regulation strategy action plan circular economy chemicals waste pollution prevention control after:2018-01-01 before:2022-01-01,DEVELOPING EFFECTIVE AFRICAN POLICY RESPONSES,https://saiia.org.za/wp-content/uploads/2018/06/Policy-Insights-59.pdf,"Sustainable use of resources is addressed under the section. 'Management of chemicals and waste, including hazardous waste' (articles 70 and. Page 11. 1 1.",https://saiia.org.za › 2018/06 › Policy-Insights-59,saiia_org_za_DEVELOPING_EFFECTIVE_AFRICAN_POLICY_RESPONSES.txt
Rwanda,2018–2022,1,UNEP facilitated Rwanda industrial pollution regulation developed policy law regulation strategy action plan circular economy chemicals waste pollution prevention control after:2018-01-01 before:2022-01-01,"Making trade work for the environment, prosperity and ...",https://www.wto.org/english/res_e/publications_e/unereport2018_e.pdf,"Among the different types of measures are. “market-based instruments” such as taxes on waste or tradable permit schemes for air pollution, “non-market ...",https://www.wto.org › res_e › unereport2018_e,www_wto_org_Making_trade_work_for_the_environment_prosperity_a.txt
Rwanda,2018–2022,1,UNEP facilitated Rwanda industrial pollution regulation developed policy law regulation strategy action plan circular economy chemicals waste pollution prevention control after:2018-01-01 before:2022-01-01,National Sustainable Waste Management Policy,https://ke.chm-cbd.net/sites/ke/files/2023-09/SWM_Policy_2021_final_copy.pdf,The policy development process adopted a circular economy approach whereby waste ... management action plan developed by the waste management Council and.,https://ke.chm-cbd.net › sites › files › SWM_Poli...,ke_chm-cbd_net_National_Sustainable_Waste_Management_Policy.txt
Rwanda,2018–2022,1,UNEP facilitated Rwanda industrial pollution regulation developed policy law regulation strategy action plan circular economy chemicals waste pollution prevention control after:2018-01-01 before:2022-01-01,Circular Economy in Africa-EU Cooperation,https://trinomics.eu/wp-content/uploads/2020/12/Country-Report-Rwanda_Final_20122020.pdf,"In. Rwanda, single use plastics contribute to flooding and prevent crops from growing because rainwater cannot penetrate the soil when it is littered with ...",https://trinomics.eu › uploads › 2020/12 › Count...,trinomics_eu_Circular_Economy_in_Africa_EU_Cooperation.txt
Rwanda,2018–2022,1,UNEP facilitated Rwanda industrial pollution regulation developed policy law regulation strategy action plan circular economy chemicals waste pollution prevention control after:2018-01-01 before:2022-01-01,An Inclusive Circular Economy,https://www.chathamhouse.org/sites/default/files/publications/research/2019-05-22-Circular%20Economy.pdf,Success now in embedding circular principles in industrial growth and infrastructural development strategies can help to meet the needs of growing and.,https://www.chathamhouse.org › files › research,www_chathamhouse_org_An_Inclusive_Circular_Economy.txt
Rwanda,2018–2022,1,UNEP facilitated Rwanda industrial pollution regulation developed policy law regulation strategy action plan circular economy chemicals waste pollution prevention control after:2018-01-01 before:2022-01-01,"The Role of Legislation, Regulatory Initiatives and ...",https://www.frontiersin.org/journals/environmental-science/articles/10.3389/fenvs.2020.00104/full,"There is the need to create and implement legislation aimed at curtailing, and, ideally, eliminating, the continual growing threats of plastic waste.",https://www.frontiersin.org › fenvs.2020.00104 › full,www_frontiersin_org_The_Role_of_Legislation_Regulatory_Initiatives_and.txt
Rwanda,2018–2022,1,UNEP facilitated Rwanda industrial pollution regulation developed policy law regulation strategy action plan circular economy chemicals waste pollution prevention control after:2018-01-01 before:2022-01-01,Plastics and the circular economy,https://www.thegef.org/sites/default/files/publications/PLASTICS%20for%20posting.pdf,"Develop supportive policies and regulations for a circular economy, including economic incentives. • Facilitate technical assistance and capacity building, ...",https://www.thegef.org › sites › files › publications,www_thegef_org_Plastics_and_the_circular_economy.txt
Rwanda,2018–2022,1,UNEP facilitated Rwanda industrial pollution regulation developed policy law regulation strategy action plan circular economy chemicals waste pollution prevention control after:2018-01-01 before:2022-01-01,Water Quality Management Plan for Rwanda,https://www.rema.gov.rw/index.php?eID=dumpFile&t=f&f=138020&token=394bd5b4864a90178b9b135aca226149e172e917,"National. Sanitation Policy. 2016. The National Sanitation Policy aims to ensure sustainable, equitable and affordable access to safe sanitation and waste.",https://www.rema.gov.rw › ...,www_rema_gov_rw_Water_Quality_Management_Plan_for_Rwanda.txt
Rwanda,2018–2022,1,UNEP facilitated Rwanda industrial pollution regulation developed policy law regulation strategy action plan circular economy chemicals waste pollution prevention control after:2018-01-01 before:2022-01-01,Water Quality Management Plan for Rwanda,https://www.rema.gov.rw/index.php?eID=dumpFile&t=f&f=138020&token=394bd5b4864a90178b9b135aca226149e172e917,"National. Sanitation Policy. 2016. The National Sanitation Policy aims to ensure sustainable, equitable and affordable access to safe sanitation and waste.",https://www.rema.gov.rw › ...,www_rema_gov_rw_Water_Quality_Management_Plan_for_Rwanda.txt
Rwanda,2018–2022,1,UNEP facilitated Rwanda industrial pollution regulation developed policy law regulation strategy action plan circular economy chemicals waste pollution prevention control after:2018-01-01 before:2022-01-01,Solid waste management in the context of the waste hierarchy ...,https://academic.oup.com/ieam/article/20/1/9/7725080,"Failures to comply with the concepts of waste hierarchy and circular economy result in high generation, incineration, landfill, and open dump rates. Better ...",https://academic.oup.com › ieam › article,academic_oup_com_Solid_waste_management_in_the_context_of_the_waste.txt
Rwanda,2018–2022,1,UNEP facilitated Rwanda industrial pollution regulation developed policy law regulation strategy action plan circular economy chemicals waste pollution prevention control after:2018-01-01 before:2022-01-01,Let's Talk Plastics session 5 Public Policies,https://www.sparkblue.org/system/files/2020-11/Lets%20Talk%20Plastics%20session%205%20Public%20Policies.pdf,"Alarming observations on negative impacts of plastic wastes in Rwanda (on sanitation and general cleanliness, human health, agriculture productivity, water.",https://www.sparkblue.org › system › files,www_sparkblue_org_Let_s_Talk_Plastics_session_5_Public_Policies.txt
Rwanda,2018–2022,1,UNEP facilitated Rwanda industrial pollution regulation developed policy law regulation strategy action plan circular economy chemicals waste pollution prevention control after:2018-01-01 before:2022-01-01,First Global Report,https://environmentalmigration.iom.int/sites/g/files/tmzbdl1411/files/documents/2023-11/environmental_rule_of_law.pdf,"This new report on the Environmental. Rule of Law will help us improve compliance with environmental law, which is essential to ensuring protection of ...",https://environmentalmigration.iom.int › files › e...,environmentalmigration_iom_int_First_Global_Report.txt
Rwanda,2018–2022,1,UNEP facilitated Rwanda industrial pollution regulation developed policy law regulation strategy action plan circular economy chemicals waste pollution prevention control after:2018-01-01 before:2022-01-01,Integrated Waste Management in Africa,https://www.switchtogreen.eu/wp-content/uploads/2021/02/Integrated-Waste-Management-in-Africa-Focus-on-Circularity-.pdf,This report presents an analysis of the implementation and results of the SWITCH Africa Green programme in the integrated waste management (IWM) sector focusing ...,https://www.switchtogreen.eu › uploads › 2021/02,www_switchtogreen_eu_Integrated_Waste_Management_in_Africa.txt
Rwanda,2018–2022,1,UNEP facilitated Rwanda industrial pollution regulation developed policy law regulation strategy action plan circular economy chemicals waste pollution prevention control after:2018-01-01 before:2022-01-01,Kenya National Sustainable Waste Management Policy 2021,https://plasticsdb.surrey.ac.uk/documents/kenya/Kenya%20National%20Sustainable%20Waste%20Management%20Policy%202021.pdf,The policy development process adopted a circular economy approach whereby waste ... nationalwaste management action plan developed by the waste management ...,https://plasticsdb.surrey.ac.uk › documents › Keny...,plasticsdb_surrey_ac_uk_Kenya_National_Sustainable_Waste_Management_Policy.txt
Rwanda,2018–2022,1,UNEP facilitated Rwanda industrial pollution regulation developed policy law regulation strategy action plan circular economy chemicals waste pollution prevention control after:2018-01-01 before:2022-01-01,assessing optimality in comparative circular economy ...,https://ore.exeter.ac.uk/articles/journal_contribution/All_around_the_world_assessing_optimality_in_comparative_circular_economy_policy_packages/29775527/1/files/56807147.pdf,The circular economy (CE) is fast becoming a key concept for informing regulatory policy responses to unsustainable resource use and waste management globally.,https://ore.exeter.ac.uk › articles › files,ore_exeter_ac_uk_assessing_optimality_in_comparative_circular_econo.txt
Rwanda,2018–2022,1,UNEP facilitated Rwanda industrial pollution regulation developed policy law regulation strategy action plan circular economy chemicals waste pollution prevention control after:2018-01-01 before:2022-01-01,MINISTRY OF ENVIRONMENT,https://environment.prod.risa.rw/fileadmin/user_upload/Moe/Publications/Reports_and_Publications/MoE_Annual_Report_2021-2022.pdf,Rwanda sustainable finance roadmap; This Circular Economy Action Plan for Rwanda has been developed in collaboration with the Ministry of Environment ...,https://environment.prod.risa.rw › Publications,environment_prod_risa_rw_MINISTRY_OF_ENVIRONMENT.txt
Rwanda,2018–2022,1,UNEP facilitated Rwanda industrial pollution regulation developed policy law regulation strategy action plan circular economy chemicals waste pollution prevention control after:2018-01-01 before:2022-01-01,Case studies on Circular Economy models and integration ...,https://eulacfoundation.org/en/system/files/case_studies_circular_economy_eu_lac.pdf,"In the context of environmental sustainability, the Circular economy (CE) model consists of a strategy that reduces the negative impact on the environment, ...",https://eulacfoundation.org › system › files › case...,eulacfoundation_org_Case_studies_on_Circular_Economy_models_and_integr.txt
Rwanda,2018–2022,1,UNEP facilitated Rwanda industrial pollution regulation developed policy law regulation strategy action plan circular economy chemicals waste pollution prevention control after:2018-01-01 before:2022-01-01,FROM POLLUTION TO SOLUTION,https://medblueconomyplatform.org/wp-content/uploads/2021/10/2021_frompollutiontosolution.pdf,United Nations Environment Programme (2021). From Pollution to. Solution. A global assessment of marine litter and plastic pollution Nairobi. Production. United ...,https://medblueconomyplatform.org › 2021/10,medblueconomyplatform_org_FROM_POLLUTION_TO_SOLUTION.txt
Rwanda,2018–2022,1,UNEP facilitated Rwanda industrial pollution regulation developed policy law regulation strategy action plan circular economy chemicals waste pollution prevention control after:2018-01-01 before:2022-01-01,Sand and Sustainability: Finding new solutions for ...,https://unepgrid.ch/storage/app/media/documents/Sand_and_sustainability_UNEP_2019.pdf,Environmental and social impacts of sand extraction and consumption is a new issue for the international community. United Nations Environment Programme /.,https://unepgrid.ch › app › media › documents,unepgrid_ch_Sand_and_Sustainability_Finding_new_solutions_for_.txt
Rwanda,2018–2022,1,UNEP facilitated Rwanda industrial pollution regulation developed policy law regulation strategy action plan circular economy chemicals waste pollution prevention control after:2018-01-01 before:2022-01-01,"(PDF) Impacts of Plastic Pollution on Ecosystem Services, ...",https://www.researchgate.net/publication/354380794_Impacts_of_Plastic_Pollution_on_Ecosystem_Services_Sustainable_Development_Goals_and_Need_to_Focus_on_Circular_Economy_and_Policy_Interventions,The overall goal of this review is to provide background assessment on the adverse effects of plastic pollution on natural ecosystems; interlink the management ...,https://www.researchgate.net › publication › 35438079...,www_researchgate_net__PDF_Impacts_of_Plastic_Pollution_on_Ecosystem_Ser.txt
Rwanda,2018–2022,1,UNEP facilitated Rwanda industrial pollution regulation developed policy law regulation strategy action plan circular economy chemicals waste pollution prevention control after:2018-01-01 before:2022-01-01,Circular Built Environment,https://www.greenpolicyplatform.org/sites/default/files/downloads/resource/Africa_highlights_final_211102-COMPRESSED-1.pdf,"Circular practices in the built environment such as diverting construction and demolition waste from landfills, substituting cement and steel with more ...",https://www.greenpolicyplatform.org › resource,www_greenpolicyplatform_org_Circular_Built_Environment.txt
Rwanda,2018–2022,1,UNEP facilitated Rwanda industrial pollution regulation developed policy law regulation strategy action plan circular economy chemicals waste pollution prevention control after:2018-01-01 before:2022-01-01,Assessing waste management services in Kigali,https://www.theigc.org/sites/default/files/2019/11/Rajashekar-et-al-2019-paper.pdf,"Broadly, our work consisted of (i) desk- research of existing legal frameworks, policies and research documents, (ii) waste flow modeling using national survey ...",https://www.theigc.org › default › files › 2019/11,www_theigc_org_Assessing_waste_management_services_in_Kigali.txt
Rwanda,2018–2022,1,UNEP facilitated Rwanda industrial pollution regulation developed policy law regulation strategy action plan circular economy chemicals waste pollution prevention control after:2018-01-01 before:2022-01-01,com/tad/env/jwpte(2020)10/final,https://one.oecd.org/document/COM/TAD/ENV/JWPTE(2020)10/FINAL/en/pdf,"A major part of the Circular Economy. Action Plan focuses on product policy. The aim is to ensure that ultimately, all products on the EU market are ...",https://one.oecd.org › TAD › ENV › FINAL › pdf,one_oecd_org_com_tad_env_jwpte_2020_10_final.txt
Rwanda,2018–2022,1,UNEP facilitated Rwanda industrial pollution regulation developed policy law regulation strategy action plan circular economy chemicals waste pollution prevention control after:2018-01-01 before:2022-01-01,SINGLE-USE PLASTICS,https://www.reloopplatform.org/wp-content/uploads/2018/06/UNEP-report-on-single-use-plastic.pdf,"To reduce plastic pollution, action should be taken in line with the waste management hierarchy (Figure. 1.7) and the circular economy approach (Figure 3.2), to.",https://www.reloopplatform.org › 2018/06 › UN...,www_reloopplatform_org_SINGLE_USE_PLASTICS.txt
Rwanda,2018–2022,1,UNEP facilitated Rwanda industrial pollution regulation developed policy law regulation strategy action plan circular economy chemicals waste pollution prevention control after:2018-01-01 before:2022-01-01,Report 2 Green City Framework and Guidelines,https://gggi.org/wp-content/uploads/2020/02/Com.2_curt_vs6b.pdf,"Urbanization in Rwanda is essential to supporting economic development as part of a national strategy for green growth. In the Rwandan context, a green growth ...",https://gggi.org › wp-content › uploads › 2020/02,gggi_org_Report_2_Green_City_Framework_and_Guidelines.txt
Rwanda,2018–2022,1,UNEP facilitated Rwanda industrial pollution regulation developed policy law regulation strategy action plan circular economy chemicals waste pollution prevention control after:2018-01-01 before:2022-01-01,Break Free From Plastics: Environmental Perspectives and ...,https://www.longdom.org/open-access/break-free-from-plastics-environmental-perspectives-and-lessons-from-rwanda-68106.html,"The present paper reviews the state of environmental impacts of plastics, approaches adopted for alleviating the harm from plastics in Rwanda and their ...",https://www.longdom.org › open-access › break-free-fr...,www_longdom_org_Break_Free_From_Plastics_Environmental_Perspective.txt
Rwanda,2018–2022,1,UNEP facilitated Rwanda industrial pollution regulation developed policy law regulation strategy action plan circular economy chemicals waste pollution prevention control after:2018-01-01 before:2022-01-01,About Montreal Protocol,https://www.unep.org/ozonaction/who-we-are/about-montreal-protocol,The Montreal Protocol on Substances that Deplete the Ozone Layer is the landmark multilateral environmental agreement that regulates the production and ...,https://www.unep.org › ozonaction › who-we-are › abo...,www_unep_org_About_Montreal_Protocol.txt
Rwanda,2018–2022,1,UNEP facilitated Rwanda industrial pollution regulation developed policy law regulation strategy action plan circular economy chemicals waste pollution prevention control after:2018-01-01 before:2022-01-01,Policy practices for e-waste management,https://www.itu.int/en/ITU-D/Environment/Documents/Publications/2021/Toolkit_Africa_final.pdf?csf=1&e=ivTocK,"Official e-waste recycling facilities currently exist in several countries, such as South Africa, Rwanda and Nigeria but in tandem considerable informal sector.",https://www.itu.int › ITU-D › Toolkit_Africa_final,www_itu_int_Policy_practices_for_e_waste_management.txt
Rwanda,2018–2022,2,UNEP assisted Rwanda waste management policy developing policy law regulation strategy action plan circular economy chemicals waste pollution prevention control after:2018-01-01 before:2022-01-01,Plastic Waste Management in Rwanda: An Ex-post Policy ...,https://openknowledge.worldbank.org/bitstreams/1269d406-9e96-559a-8e6a-2fecada5dd5c/download,"The following national policies and laws concerning general pollution management were identified to provide context, although they were not explored in detail ...",https://openknowledge.worldbank.org › download,openknowledge_worldbank_org_Plastic_Waste_Management_in_Rwanda_An_Ex_post_Poli.txt
Rwanda,2018–2022,2,UNEP assisted Rwanda waste management policy developing policy law regulation strategy action plan circular economy chemicals waste pollution prevention control after:2018-01-01 before:2022-01-01,Demystifying Finance for Circular Economies,https://www.unepfi.org/wordpress/wp-content/uploads/2021/03/UNEPFI_DemystfyingFinanceCircularity-2020-2.pdf,This report offers emerging evidence of the potential to scale up finance to accelerate the shift away from a take-make-waste model of resource use and ...,https://www.unepfi.org › uploads › 2021/03 › U...,www_unepfi_org_Demystifying_Finance_for_Circular_Economies.txt
Rwanda,2018–2022,2,UNEP assisted Rwanda waste management policy developing policy law regulation strategy action plan circular economy chemicals waste pollution prevention control after:2018-01-01 before:2022-01-01,Assessing waste management services in Kigali,https://www.theigc.org/sites/default/files/2019/11/Rajashekar-et-al-2019-paper.pdf,"Broadly, our work consisted of (i) desk- research of existing legal frameworks, policies and research documents, (ii) waste flow modeling using national survey ...",https://www.theigc.org › default › files › 2019/11,www_theigc_org_Assessing_waste_management_services_in_Kigali.txt
Rwanda,2018–2022,2,UNEP assisted Rwanda waste management policy developing policy law regulation strategy action plan circular economy chemicals waste pollution prevention control after:2018-01-01 before:2022-01-01,United Nations Environment Assembly of the ...,https://apps1.unep.org/resolutions/uploads/unep_aheg_2018_1_inf_4_unea2_edited.pdf,Our distribution policy aims to reduce UNEP's carbon footprint. Recommended citation: UNEP (2016). Marine plastic debris and microplastics – Global ...,https://apps1.unep.org › resolutions › uploads › u...,apps1_unep_org_United_Nations_Environment_Assembly_of_the_.txt
Rwanda,2018–2022,2,UNEP assisted Rwanda waste management policy developing policy law regulation strategy action plan circular economy chemicals waste pollution prevention control after:2018-01-01 before:2022-01-01,20 Years of Government Responses to the Global Plastic ...,https://nicholasinstitute.duke.edu/sites/default/files/publications/20-Years-of-Government-Responses-to-the-Global-Plastic-Pollution-Problem_final_reduced.pdf,• [Strategy recommends to] develop programs and plan for management of waste to reduce the marine litter at source..[including to] encourage direct development.,https://nicholasinstitute.duke.edu › publications,nicholasinstitute_duke_edu_20_Years_of_Government_Responses_to_the_Global_Pla.txt
Rwanda,2018–2022,2,UNEP assisted Rwanda waste management policy developing policy law regulation strategy action plan circular economy chemicals waste pollution prevention control after:2018-01-01 before:2022-01-01,Water Quality Management Plan for Rwanda,https://www.rema.gov.rw/index.php?eID=dumpFile&t=f&f=138020&token=394bd5b4864a90178b9b135aca226149e172e917,"National. Sanitation Policy. 2016. The National Sanitation Policy aims to ensure sustainable, equitable and affordable access to safe sanitation and waste.",https://www.rema.gov.rw › ...,www_rema_gov_rw_Water_Quality_Management_Plan_for_Rwanda.txt
Rwanda,2018–2022,2,UNEP assisted Rwanda waste management policy developing policy law regulation strategy action plan circular economy chemicals waste pollution prevention control after:2018-01-01 before:2022-01-01,FROM POLLUTION TO SOLUTION,https://www.gdr-po.cnrs.fr/docs/UNEP_2021.pdf,United Nations Environment Programme (2021). From Pollution to. Solution. A global assessment of marine litter and plastic pollution Nairobi. Production. United ...,https://www.gdr-po.cnrs.fr › docs › UNEP_2021,www_gdr-po_cnrs_fr_FROM_POLLUTION_TO_SOLUTION.txt
Rwanda,2018–2022,2,UNEP assisted Rwanda waste management policy developing policy law regulation strategy action plan circular economy chemicals waste pollution prevention control after:2018-01-01 before:2022-01-01,The Global E-waste Monitor 2020,https://ewastemonitor.info/wp-content/uploads/2020/11/GEM_2020_def_july1_low.pdf,"Monitoring the quantities and flows of e-waste is essential for evaluating developments over time, and to set and assess targets towards a sustainable society ...",https://ewastemonitor.info › uploads › 2020/11,ewastemonitor_info_The_Global_E_waste_Monitor_2020.txt
Rwanda,2018–2022,2,UNEP assisted Rwanda waste management policy developing policy law regulation strategy action plan circular economy chemicals waste pollution prevention control after:2018-01-01 before:2022-01-01,Circular Economy in Africa-EU Cooperation,https://trinomics.eu/wp-content/uploads/2020/12/Country-Report-Rwanda_Final_20122020.pdf,"To strengthen policy dialogues there is a need for a national circular policy, legal and institutional framework and strategy; CE awareness raising, capacity ...",https://trinomics.eu › uploads › 2020/12 › Count...,trinomics_eu_Circular_Economy_in_Africa_EU_Cooperation.txt
Rwanda,2018–2022,2,UNEP assisted Rwanda waste management policy developing policy law regulation strategy action plan circular economy chemicals waste pollution prevention control after:2018-01-01 before:2022-01-01,Circular Economy,https://eba.se/app/uploads/2021/05/WP_2021_05_Slunge-Andersson-Wikstr%C3%B6m-Sterner.pdf,"This includes the large informal recycling and waste management sector, risks and opportunities related to the growing trade in secondary materials and ...",https://eba.se › app › uploads › 2021/05 › WP_2...,eba_se_Circular_Economy.txt
Rwanda,2018–2022,2,UNEP assisted Rwanda waste management policy developing policy law regulation strategy action plan circular economy chemicals waste pollution prevention control after:2018-01-01 before:2022-01-01,The Global E-waste Monitor 2020,https://www.itu.int/en/itu-d/environment/documents/toolbox/gem_2020_def.pdf,"Monitoring the quantities and flows of e-waste is essential for evaluating developments over time, and to set and assess targets towards a sustainable society ...",https://www.itu.int › toolbox › gem_2020_def,www_itu_int_The_Global_E_waste_Monitor_2020.txt
Rwanda,2018–2022,2,UNEP assisted Rwanda waste management policy developing policy law regulation strategy action plan circular economy chemicals waste pollution prevention control after:2018-01-01 before:2022-01-01,Information on reports and updates by the Technology ...,https://digitallibrary.un.org/record/3993445/files/UNEP_EA.5_INF_7-EN.pdf,Introduction. 1. This report sets out information on actions taken by Member States to address single-use plastic products pollution and the full lifecycle ...,https://digitallibrary.un.org › record › files › UNE...,digitallibrary_un_org_Information_on_reports_and_updates_by_the_Technolo.txt
Rwanda,2018–2022,2,UNEP assisted Rwanda waste management policy developing policy law regulation strategy action plan circular economy chemicals waste pollution prevention control after:2018-01-01 before:2022-01-01,An Inclusive Circular Economy,https://www.chathamhouse.org/sites/default/files/publications/research/2019-05-22-Circular%20Economy.pdf,"The CE continues to be understood primarily as a waste management and recycling strategy, but the economic opportunities are far broader and more diverse. With ...",https://www.chathamhouse.org › files › research,www_chathamhouse_org_An_Inclusive_Circular_Economy.txt
Rwanda,2018–2022,2,UNEP assisted Rwanda waste management policy developing policy law regulation strategy action plan circular economy chemicals waste pollution prevention control after:2018-01-01 before:2022-01-01,Ticking time bomb: implications of the COVID-19 lockdown ...,https://journals.uclpress.co.uk/ucloe/article/id/1349/,This article argues that the existing frameworks are inadequate to manage the resultant increase in e-waste in most developing countries.,https://journals.uclpress.co.uk › ucloe › article,journals_uclpress_co_uk_Ticking_time_bomb_implications_of_the_COVID_19_loc.txt
Rwanda,2018–2022,2,UNEP assisted Rwanda waste management policy developing policy law regulation strategy action plan circular economy chemicals waste pollution prevention control after:2018-01-01 before:2022-01-01,Assessing waste management services in Kigali,https://www.theigc.org/sites/default/files/2019/11/Rajashekar-et-al-2019-paper.pdf,"Broadly, our work consisted of (i) desk- research of existing legal frameworks, policies and research documents, (ii) waste flow modeling using national survey ...",https://www.theigc.org › default › files › 2019/11,www_theigc_org_Assessing_waste_management_services_in_Kigali.txt
Rwanda,2018–2022,2,UNEP assisted Rwanda waste management policy developing policy law regulation strategy action plan circular economy chemicals waste pollution prevention control after:2018-01-01 before:2022-01-01,"Making trade work for the environment, prosperity and ...",https://www.wto.org/english/res_e/publications_e/unereport2018_e.pdf,"Close collaboration between the Secretariats and past cooperation between UN. Environment and the WTO on topics such as trade and climate change, fisheries.",https://www.wto.org › res_e › unereport2018_e,www_wto_org_Making_trade_work_for_the_environment_prosperity_a.txt
Rwanda,2018–2022,2,UNEP assisted Rwanda waste management policy developing policy law regulation strategy action plan circular economy chemicals waste pollution prevention control after:2018-01-01 before:2022-01-01,Transforming the Global Plastics Economy The Political ...,https://www.geg.ox.ac.uk/sites/default/files/2020-07/GEG%20WP%20142%20Transforming%20the%20Global%20Plastics%20Economy.pdf,"In the policy arena, the greatest focus of attention has been on government support and policies to boost better waste management of the land-based sources of ...",https://www.geg.ox.ac.uk › sites › default › files,www_geg_ox_ac_uk_Transforming_the_Global_Plastics_Economy_The_Polit.txt
Rwanda,2018–2022,2,UNEP assisted Rwanda waste management policy developing policy law regulation strategy action plan circular economy chemicals waste pollution prevention control after:2018-01-01 before:2022-01-01,Sustainable Development Goal 6 Synthesis Report on ...,https://www.unwater.org/sites/default/files/app/uploads/2018/12/SDG6_SynthesisReport2018_WaterandSanitation_04122018.pdf,"Yet, today, billions of people still lack access to safe water and sanitation, resulting in needless deaths, chronic disease, missed education and reduced ...",https://www.unwater.org › uploads › 2018/12,www_unwater_org_Sustainable_Development_Goal_6_Synthesis_Report_on.txt
Rwanda,2018–2022,2,UNEP assisted Rwanda waste management policy developing policy law regulation strategy action plan circular economy chemicals waste pollution prevention control after:2018-01-01 before:2022-01-01,Impacts of COVID-19 Outbreak on the Municipal Solid Waste ...,https://pubs.acs.org/doi/10.1021/acsenvironau.1c00005,"This study has reviewed the literature on MSW and solid medical waste (SMW) management systems, waste management initiatives specific to this pandemic, as well ...",https://pubs.acs.org › doi,pubs_acs_org_Impacts_of_COVID_19_Outbreak_on_the_Municipal_Soli.txt
Rwanda,2018–2022,2,UNEP assisted Rwanda waste management policy developing policy law regulation strategy action plan circular economy chemicals waste pollution prevention control after:2018-01-01 before:2022-01-01,Water Quality Management Plan for Rwanda,https://www.rema.gov.rw/index.php?eID=dumpFile&t=f&f=138020&token=394bd5b4864a90178b9b135aca226149e172e917,"National. Sanitation Policy. 2016. The National Sanitation Policy aims to ensure sustainable, equitable and affordable access to safe sanitation and waste.",https://www.rema.gov.rw › ...,www_rema_gov_rw_Water_Quality_Management_Plan_for_Rwanda.txt
Rwanda,2018–2022,2,UNEP assisted Rwanda waste management policy developing policy law regulation strategy action plan circular economy chemicals waste pollution prevention control after:2018-01-01 before:2022-01-01,Impacts of COVID-19 Outbreak on the Municipal Solid Waste ...,https://pubs.acs.org/doi/10.1021/acsenvironau.1c00005,"This study has reviewed the literature on MSW and solid medical waste (SMW) management systems, waste management initiatives specific to this pandemic, as well ...",https://pubs.acs.org › doi,pubs_acs_org_Impacts_of_COVID_19_Outbreak_on_the_Municipal_Soli.txt
Rwanda,2018–2022,2,UNEP assisted Rwanda waste management policy developing policy law regulation strategy action plan circular economy chemicals waste pollution prevention control after:2018-01-01 before:2022-01-01,Addressing single-use plastic products pollution,https://www.lifecycleinitiative.org/wp-content/uploads/2021/02/Addressing-SUP-Products-using-LCA_UNEP-2021_FINAL-Report-sml.pdf,"Policy approach under which the responsibility of producers – financial and/or physical – is extended beyond the use of their products, e.g. for the treatment.",https://www.lifecycleinitiative.org › 2021/02 › A...,www_lifecycleinitiative_org_Addressing_single_use_plastic_products_pollution.txt
Rwanda,2018–2022,2,UNEP assisted Rwanda waste management policy developing policy law regulation strategy action plan circular economy chemicals waste pollution prevention control after:2018-01-01 before:2022-01-01,Demystifying Finance for Circular Economies,https://circulareconomy.europa.eu/platform/sites/default/files/2023-08/FinCir.pdf,This report offers emerging evidence of the potential to scale up finance to accelerate the shift away from a take-make-waste model of resource use and ...,https://circulareconomy.europa.eu › sites › files › FinCir,circulareconomy_europa_eu_Demystifying_Finance_for_Circular_Economies.txt
Rwanda,2018–2022,2,UNEP assisted Rwanda waste management policy developing policy law regulation strategy action plan circular economy chemicals waste pollution prevention control after:2018-01-01 before:2022-01-01,Case studies on Circular Economy models and integration ...,https://eulacfoundation.org/en/system/files/case_studies_circular_economy_eu_lac.pdf,"In the context of environmental sustainability, the Circular economy (CE) model consists of a strategy that reduces the negative impact on the environment, ...",https://eulacfoundation.org › system › files › case...,eulacfoundation_org_Case_studies_on_Circular_Economy_models_and_integr.txt
Rwanda,2018–2022,2,UNEP assisted Rwanda waste management policy developing policy law regulation strategy action plan circular economy chemicals waste pollution prevention control after:2018-01-01 before:2022-01-01,Mineral Resource Governance in the 21st Century,https://www.greenpolicyplatform.org/sites/default/files/downloads/resource/irp-mineral_resource_governance-full_report-feb2020_compressed_compressed%20(1).pdf,"Greater resource efficiency and circularity need to be prioritized around the globe to reduce demand for virgin materials, as current trends of resource ...",https://www.greenpolicyplatform.org › downloads,www_greenpolicyplatform_org_Mineral_Resource_Governance_in_the_21st_Century.txt
Rwanda,2018–2022,2,UNEP assisted Rwanda waste management policy developing policy law regulation strategy action plan circular economy chemicals waste pollution prevention control after:2018-01-01 before:2022-01-01,Sustainability of e-waste Management: Egypt case study,https://fount.aucegypt.edu/context/etds/article/1782/viewcontent/Thesis__20Sustainability_20of_20e_waste_20management__20Egypt_20Case_20study.pdf,The electronic waste sector is unregulated in most developing countries; this results in the informal sector being heavily involved in managing and handling it.,https://fount.aucegypt.edu › article › viewcontent,fount_aucegypt_edu_Sustainability_of_e_waste_Management_Egypt_case_st.txt
Rwanda,2018–2022,2,UNEP assisted Rwanda waste management policy developing policy law regulation strategy action plan circular economy chemicals waste pollution prevention control after:2018-01-01 before:2022-01-01,Governance Strategies for Mitigating Microplastic Pollution ...,https://www.mdpi.com/2673-8929/1/1/3,"This study reviews the chemical composition and effects of microplastics in marine ecosystems, critiques policies and management of plastic waste, and ...",https://www.mdpi.com › ...,www_mdpi_com_Governance_Strategies_for_Mitigating_Microplastic_.txt
Rwanda,2018–2022,2,UNEP assisted Rwanda waste management policy developing policy law regulation strategy action plan circular economy chemicals waste pollution prevention control after:2018-01-01 before:2022-01-01,FROM POLLUTION TO SOLUTION,https://medblueconomyplatform.org/wp-content/uploads/2021/10/2021_frompollutiontosolution.pdf,United Nations Environment Programme (2021). From Pollution to. Solution. A global assessment of marine litter and plastic pollution Nairobi. Production. United ...,https://medblueconomyplatform.org › 2021/10,medblueconomyplatform_org_FROM_POLLUTION_TO_SOLUTION.txt
Rwanda,2018–2022,2,UNEP assisted Rwanda waste management policy developing policy law regulation strategy action plan circular economy chemicals waste pollution prevention control after:2018-01-01 before:2022-01-01,"the economic, social, and environmental benefits of a",https://lcdi-indonesia.id/wp-content/uploads/2021/02/Full-Report-The-Economic-Social-and-Environmental-Benefits-of-a-Circular-Economy-in-Indonesia.pdf,"Circular economy is a closed loop economy system approach in which raw materials, components, and products are maintained as useful and valuable.",https://lcdi-indonesia.id › uploads › 2021/02 › F...,lcdi-indonesia_id_the_economic_social_and_environmental_benefits_of_.txt
Rwanda,2018–2022,2,UNEP assisted Rwanda waste management policy developing policy law regulation strategy action plan circular economy chemicals waste pollution prevention control after:2018-01-01 before:2022-01-01,Circular Built Environment,https://www.oneplanetnetwork.org/sites/default/files/from-crm/Africa_highlights_final_211102.pdf,"Rwanda also has policies on the management of e-wastes and plastic waste. National Housing Policy (Ministry of Infrastructure of Rwanda, 2015). The Rwandan ...",https://www.oneplanetnetwork.org › from-crm,www_oneplanetnetwork_org_Circular_Built_Environment.txt
Rwanda,2018–2022,2,UNEP assisted Rwanda waste management policy developing policy law regulation strategy action plan circular economy chemicals waste pollution prevention control after:2018-01-01 before:2022-01-01,"The United Nations world water development report, 2017",https://unesdoc.unesco.org/ark:/48223/pf0000247153,"The United Nations World Water Development Report 2017. Wastewater: The Untapped Resource. Paris, UNESCO. This publication is available in Open Access.",https://unesdoc.unesco.org › ark:,unesdoc_unesco_org_The_United_Nations_world_water_development_report_.txt
Rwanda,2018–2022,2,UNEP assisted Rwanda waste management policy developing policy law regulation strategy action plan circular economy chemicals waste pollution prevention control after:2018-01-01 before:2022-01-01,A GLOBAL TREATY ON PLASTIC POLLUTION,https://au.int/sites/default/files/documents/41658-doc-WWF_AUC_Africa_Regional_Plastic_Policy_Report.pdf,"... policies, strategies, actions, plans, and initiatives, including. ▫ Limited circular economy interventions and waste management infrastructure;. ▫ Strained ...",https://au.int › sites › default › files › documents,au_int_A_GLOBAL_TREATY_ON_PLASTIC_POLLUTION.txt
Rwanda,2018–2022,2,UNEP assisted Rwanda waste management policy developing policy law regulation strategy action plan circular economy chemicals waste pollution prevention control after:2018-01-01 before:2022-01-01,Module 1: A recap - The structure of UNEP and UNEA,https://stakeholderforum.org/wp-content/uploads/2021/12/UNEP-Asia-Pacific-Region-CB-Webninar-Presentation-2-Dec-2021-Website.pdf,Session 1. 1. Understanding the United Nations Environment Assembly & the United Nations. Environment Programme. 2. Advice for newcomers on how to engage ...,https://stakeholderforum.org › uploads › 2021/12,stakeholderforum_org_Module_1_A_recap_The_structure_of_UNEP_and_UNEA.txt
Rwanda,2018–2022,2,UNEP assisted Rwanda waste management policy developing policy law regulation strategy action plan circular economy chemicals waste pollution prevention control after:2018-01-01 before:2022-01-01,First Global Report,https://environmentalmigration.iom.int/sites/g/files/tmzbdl1411/files/documents/2023-11/environmental_rule_of_law.pdf,"This new report on the Environmental. Rule of Law will help us improve compliance with environmental law, which is essential to ensuring protection of ...",https://environmentalmigration.iom.int › files › e...,environmentalmigration_iom_int_First_Global_Report.txt
Rwanda,2018–2022,2,UNEP assisted Rwanda waste management policy developing policy law regulation strategy action plan circular economy chemicals waste pollution prevention control after:2018-01-01 before:2022-01-01,Report 2 Green City Framework and Guidelines,https://gggi.org/wp-content/uploads/2020/02/Com.2_curt_vs6b.pdf,"Urbanization in Rwanda is essential to supporting economic development as part of a national strategy for green growth. In the Rwandan context, a green growth ...",https://gggi.org › wp-content › uploads › 2020/02,gggi_org_Report_2_Green_City_Framework_and_Guidelines.txt
Rwanda,2018–2022,2,UNEP assisted Rwanda waste management policy developing policy law regulation strategy action plan circular economy chemicals waste pollution prevention control after:2018-01-01 before:2022-01-01,five year national e-waste strategy,https://www.eaco.int/admin/docs/reports/RW-08_Rwanda_E-Waste_Management_strategy_2015.pdf,"Rwanda decided that an E-waste Policy and a management strategy be designed ... management in Rwanda; policy, legal and Regulatory framework for e-waste.",https://www.eaco.int › admin › docs › reports,www_eaco_int_five_year_national_e_waste_strategy.txt
Rwanda,2018–2022,2,UNEP assisted Rwanda waste management policy developing policy law regulation strategy action plan circular economy chemicals waste pollution prevention control after:2018-01-01 before:2022-01-01,Plastic Waste in Mountains | Geneva Beat Plastic Pollution ...,https://www.genevaenvironmentnetwork.org/events/plastic-waste-in-mountains-geneva-beat-plastic-pollution-dialogues-international-mountain-day-2021/,The Geneva Beat Plastic Pollution Dialogues aim to facilitate further engagement and discussion among the stakeholders in International Geneva and beyond.,https://www.genevaenvironmentnetwork.org › events,www_genevaenvironmentnetwork_org_Plastic_Waste_in_Mountains_Geneva_Beat_Plastic_Pol.txt
Rwanda,2018–2022,2,UNEP assisted Rwanda waste management policy developing policy law regulation strategy action plan circular economy chemicals waste pollution prevention control after:2018-01-01 before:2022-01-01,com/tad/env/jwpte(2020)10/final,https://one.oecd.org/document/COM/TAD/ENV/JWPTE(2020)10/FINAL/en/pdf,"A major part of the Circular Economy. Action Plan focuses on product policy. The aim is to ensure that ultimately, all products on the EU market are ...",https://one.oecd.org › TAD › ENV › FINAL › pdf,one_oecd_org_com_tad_env_jwpte_2020_10_final.txt
Rwanda,2018–2022,2,UNEP assisted Rwanda waste management policy developing policy law regulation strategy action plan circular economy chemicals waste pollution prevention control after:2018-01-01 before:2022-01-01,Waste Management during the COVID-19 Pandemic,https://www.unep.org/resources/report/waste-management-during-covid-19-pandemic-response-recovery,A new publication - Waste Management during the COVID-19 Pandemic: from response to recovery - reviews current practices for managing waste from healthcare ...,https://www.unep.org › resources › report › waste-man...,www_unep_org_Waste_Management_during_the_COVID_19_Pandemic.txt
Rwanda,2018–2022,2,UNEP assisted Rwanda waste management policy developing policy law regulation strategy action plan circular economy chemicals waste pollution prevention control after:2018-01-01 before:2022-01-01,Towards Green And Just Cities,https://unhabitat.org/sites/default/files/2021/11/geocities_updated.pdf,"economic activities such as waste recycling and informal food provision, and develop training and skills development schemes to absorb labour (including new ...",https://unhabitat.org › 2021/11 › geocities_updated,unhabitat_org_Towards_Green_And_Just_Cities.txt
Rwanda,2022–2026,1,in partnership with UNEP Rwanda national chemicals profile implementing policy law regulation strategy action plan circular economy chemicals waste pollution prevention control after:2022-01-01 before:2026-01-01,"In Burundi, improper chemical and waste management ...",https://www.facebook.com/unep/posts/in-burundi-improper-chemical-and-waste-management-have-led-to-various-human-heal/300241905469228/,"To address this, Burundi's government has partnered with UNEP's Chemicals and Waste Management Programme to develop an ambitious national strategy that applies ...",70+ reactions,www_facebook_com_In_Burundi_improper_chemical_and_waste_management_.txt
Rwanda,2022–2026,1,in partnership with UNEP Rwanda national chemicals profile implementing policy law regulation strategy action plan circular economy chemicals waste pollution prevention control after:2022-01-01 before:2026-01-01,Chemicals and waste Africa portfolio,https://www.undp.org/sites/g/files/zskgke326/files/2025-10/undp_chemicals_and_waste_portfolio_in_africa-311025.pdf,"It promotes a circular economy, strengthens policies, builds institutional capacity, empowers women, and advances sustainable waste management through public– ...",https://www.undp.org › files › zskgke326 › files,www_undp_org_Chemicals_and_waste_Africa_portfolio.txt
Rwanda,2022–2026,1,in partnership with UNEP Rwanda national chemicals profile implementing policy law regulation strategy action plan circular economy chemicals waste pollution prevention control after:2022-01-01 before:2026-01-01,Rwanda: balancing development with human and ...,https://www.unep.org/rwanda-balancing-development-human-and-environmental-protection,Rwanda is working with the UNEP Special Programme to improve chemical and waste management.,https://www.unep.org › rwanda-balancing-development...,www_unep_org_Rwanda_balancing_development_with_human_and_.txt
Rwanda,2022–2026,1,in partnership with UNEP Rwanda national chemicals profile implementing policy law regulation strategy action plan circular economy chemicals waste pollution prevention control after:2022-01-01 before:2026-01-01,GLOBAL GOVERNANCE OF PLASTICS AND ...,https://www.basel.int/Portals/4/Basel%20Convention/docs/plastic%20waste/UNEP-FAO-CHW-RC-POPS-PUB-GlobalGovernancePlastics-2023.pdf,"The present study is an independent study commissioned by the Secretariat of the Basel, Rotterdam and Stockholm conventions and developed by the University ...",https://www.basel.int › Portals › docs › plastic waste,www_basel_int_GLOBAL_GOVERNANCE_OF_PLASTICS_AND_.txt
Rwanda,2022–2026,1,in partnership with UNEP Rwanda national chemicals profile implementing policy law regulation strategy action plan circular economy chemicals waste pollution prevention control after:2022-01-01 before:2026-01-01,From waste to resource: demystifying the policy challenges ...,https://www.frontiersin.org/journals/sustainability/articles/10.3389/frsus.2024.1300904/full,"Circular strategies often surround adoption of the 3R principles (reduce, reuse, recycle) to close, slow, and narrow resource loops while using cleaner ...",https://www.frontiersin.org › frsus.2024.1300904 › full,www_frontiersin_org_From_waste_to_resource_demystifying_the_policy_cha.txt
Rwanda,2022–2026,1,in partnership with UNEP Rwanda national chemicals profile implementing policy law regulation strategy action plan circular economy chemicals waste pollution prevention control after:2022-01-01 before:2026-01-01,National Plan of Action for the Implementation of the Global ...,https://www.env.go.jp/content/000312211.pdf,The Global Framework on Chemicals (GFC) – For a planet free of harm from chemicals and waste - is a new framework that succeeds the Strategic Approach to ...,https://www.env.go.jp › content,www_env_go_jp_National_Plan_of_Action_for_the_Implementation_of_.txt
Rwanda,2022–2026,1,in partnership with UNEP Rwanda national chemicals profile implementing policy law regulation strategy action plan circular economy chemicals waste pollution prevention control after:2022-01-01 before:2026-01-01,Rwanda's Sustainable Development: Balancing Growth ...,https://policycommons.net/artifacts/2256869/rwanda/3015571/,Rwanda is collaborating with the UNEP's Chemicals and Waste Management Programme to implement clean production processes and improve waste management practices.,https://policycommons.net › artifacts › rwanda,policycommons_net_Rwanda_s_Sustainable_Development_Balancing_Growth_.txt
Rwanda,2022–2026,1,in partnership with UNEP Rwanda national chemicals profile implementing policy law regulation strategy action plan circular economy chemicals waste pollution prevention control after:2022-01-01 before:2026-01-01,Country Factsheet: Senegal,https://afripac.grida.no/wp-content/uploads/2025/11/AFRIPAC_2pagers-Senegal.pdf,"This country factsheet offers a summary of Senegal's plastic related policy frameworks and key data concerning plastics in the economy, waste, and environment, ...",https://afripac.grida.no › uploads › 2025/11,afripac_grida_no_Country_Factsheet_Senegal.txt
Rwanda,2022–2026,1,in partnership with UNEP Rwanda national chemicals profile implementing policy law regulation strategy action plan circular economy chemicals waste pollution prevention control after:2022-01-01 before:2026-01-01,UNEP welcomes new Global Framework on Chemicals,https://www.unep.org/news-and-stories/statements/unep-welcomes-new-global-framework-chemicals,"Governments have committed to creating, by 2030, the regulatory environment to reduce chemical pollution and implement policies to promote safer alternatives.","https://www.unep.org › News, Stories & Speeches",www_unep_org_UNEP_welcomes_new_Global_Framework_on_Chemicals.txt
Rwanda,2022–2026,1,in partnership with UNEP Rwanda national chemicals profile implementing policy law regulation strategy action plan circular economy chemicals waste pollution prevention control after:2022-01-01 before:2026-01-01,The Prospects of an International Treaty on Plastic ...,https://brill.com/view/journals/estu/37/4/article-p727_5.xml?srsltid=AfmBOooeM3rTCPHylEuEM4SnQq4Xv7R0ItO7If_GzCWY-QiYBvwiwonr,All signs are pointing towards the adoption of a ground-breaking legally binding instrument that will address the problem of plastic pollution.,https://brill.com › view › journals › estu › article-p727_5,brill_com_The_Prospects_of_an_International_Treaty_on_Plasti.txt
Rwanda,2022–2026,1,in partnership with UNEP Rwanda national chemicals profile implementing policy law regulation strategy action plan circular economy chemicals waste pollution prevention control after:2022-01-01 before:2026-01-01,NATIONAL STRATEGY TO COMBAT PLASTIC POLLUTION,https://minepded.gov.cm/wp-content/uploads/2024/01/NATIONAL-STRATEGY-TO-COMBAT-PLASTIC-POLLUTION.pdf,"o Strengthen the regulatory framework for the fight against plastic pollution; o Develop appropriate methods for the treatment of the said waste, its recycling ...",https://minepded.gov.cm › uploads › 2024/01 › N...,minepded_gov_cm_NATIONAL_STRATEGY_TO_COMBAT_PLASTIC_POLLUTION.txt
Rwanda,2022–2026,1,in partnership with UNEP Rwanda national chemicals profile implementing policy law regulation strategy action plan circular economy chemicals waste pollution prevention control after:2022-01-01 before:2026-01-01,Assesing Electronic Waste Management Strategies in Ghana,https://repository.usfca.edu/cgi/viewcontent.cgi?article=2693&context=thes,"Recycling is an essential management tool to control the rising issue of E-waste and to prevent environmental pollution (Ahirwar & Tripathi, 2021). Even though ...",https://repository.usfca.edu › cgi › viewcontent,repository_usfca_edu_Assesing_Electronic_Waste_Management_Strategies_in.txt
Rwanda,2022–2026,1,in partnership with UNEP Rwanda national chemicals profile implementing policy law regulation strategy action plan circular economy chemicals waste pollution prevention control after:2022-01-01 before:2026-01-01,Pollution / Liberia,https://dicf.unepgrid.ch/liberia/pollution,"In Liberia, the most practiced methods of waste disposal are open dumping, open burning, waste burial, and landfilling. The practices of indiscriminate dumping ...",https://dicf.unepgrid.ch › liberia › pollution,dicf_unepgrid_ch_Pollution_Liberia.txt
Rwanda,2022–2026,1,in partnership with UNEP Rwanda national chemicals profile implementing policy law regulation strategy action plan circular economy chemicals waste pollution prevention control after:2022-01-01 before:2026-01-01,UNEP welcomes new Global Framework on Chemicals,https://www.unep.org/news-and-stories/statements/unep-welcomes-new-global-framework-chemicals,"Governments have committed to creating, by 2030, the regulatory environment to reduce chemical pollution and implement policies to promote safer alternatives.","https://www.unep.org › News, Stories & Speeches",www_unep_org_UNEP_welcomes_new_Global_Framework_on_Chemicals.txt
Rwanda,2022–2026,1,in partnership with UNEP Rwanda national chemicals profile implementing policy law regulation strategy action plan circular economy chemicals waste pollution prevention control after:2022-01-01 before:2026-01-01,EPA Director Highlights Marine Litter Efforts,https://www.facebook.com/EPAGuyana/posts/epa-director-highlights-marine-litter-efforts-mtv-news-update-the-executive-dire/1408657843627765/,"Kemraj Parsram, emphasized the Agency's role in managing the oil and gas sector to prevent marine pollution, ensuring that waste is not dumped into the ocean.",10+ reactions,www_facebook_com_EPA_Director_Highlights_Marine_Litter_Efforts.txt
Rwanda,2022–2026,1,in partnership with UNEP Rwanda national chemicals profile implementing policy law regulation strategy action plan circular economy chemicals waste pollution prevention control after:2022-01-01 before:2026-01-01,A comprehensive review of waste management practices ...,https://www.sciencedirect.com/science/article/pii/S240584402502064X,"The rapid increase in waste generation presents significant challenges, making proper waste disposal and treatment essential to preventing the spread of ...",https://www.sciencedirect.com › science › article › pii,www_sciencedirect_com_A_comprehensive_review_of_waste_management_practic.txt
Rwanda,2022–2026,1,in partnership with UNEP Rwanda national chemicals profile implementing policy law regulation strategy action plan circular economy chemicals waste pollution prevention control after:2022-01-01 before:2026-01-01,Policies and Strategies for the Management of NORM ...,https://www-pub.iaea.org/MTCD/publications/PDF/p15294-PUB2089_web.pdf,An example of the adoption of policies supporting the circular economy can be seen in the European Commission Circular Economy Action Plan [23]. This plan ...,https://www-pub.iaea.org › publications › PDF,www-pub_iaea_org_Policies_and_Strategies_for_the_Management_of_NORM.txt
Rwanda,2022–2026,1,in partnership with UNEP Rwanda national chemicals profile implementing policy law regulation strategy action plan circular economy chemicals waste pollution prevention control after:2022-01-01 before:2026-01-01,Circular economy,https://en.wikipedia.org/wiki/Circular_economy,"The main three principles required for the transformation to a circular economy are: designing out waste and pollution,; keeping products and materials in use, ...",https://en.wikipedia.org › wiki › Circular_economy,en_wikipedia_org_Circular_economy.txt
Rwanda,2022–2026,1,in partnership with UNEP Rwanda national chemicals profile implementing policy law regulation strategy action plan circular economy chemicals waste pollution prevention control after:2022-01-01 before:2026-01-01,ENVIRONMENTAL AND SOCIAL IMPACT ASSESSMENT ( ...,https://www.afdb.org/sites/default/files/esia_for_the_cross-border_roads_south_western_lot_131.046_km_in_rusizi_and_nyaruguru_districts.pdf,"− Law Regulating Labor in Rwanda, 2009;. − Law governing the preservation of air quality and prevention of air pollution in Rwanda,. 2016;. − N° 064/2021 of ...",https://www.afdb.org › sites › default › files › esia...,www_afdb_org_ENVIRONMENTAL_AND_SOCIAL_IMPACT_ASSESSMENT_.txt
Rwanda,2022–2026,1,in partnership with UNEP Rwanda national chemicals profile implementing policy law regulation strategy action plan circular economy chemicals waste pollution prevention control after:2022-01-01 before:2026-01-01,Regional Plastics Outlook for Southeast and East Asia,https://www.oecd.org/en/publications/regional-plastics-outlook-for-southeast-and-east-asia_5a8ff43c-en/full-report/the-landscape-of-current-policies-to-tackle-plastic-pollution_408249bf.html,This chapter reviews the current policy landscape related to plastics and plastic pollution in the 13 ASEAN Plus Three (APT) countries.,https://www.oecd.org › ... › Full Report,www_oecd_org_Regional_Plastics_Outlook_for_Southeast_and_East_A.txt
Rwanda,2022–2026,1,in partnership with UNEP Rwanda national chemicals profile implementing policy law regulation strategy action plan circular economy chemicals waste pollution prevention control after:2022-01-01 before:2026-01-01,a case study of South Africa's plastic pollution management ...,https://academic.oup.com/ieam/advance-article/doi/10.1093/inteam/vjaf090/8203387,"One of the globally proposed strategies to mitigate the risks of plastics to the environment and human health is the regulation of plastic production, usage, ...",https://academic.oup.com › doi › inteam › vjaf090,academic_oup_com_a_case_study_of_South_Africa_s_plastic_pollution_m.txt
Rwanda,2022–2026,1,in partnership with UNEP Rwanda national chemicals profile implementing policy law regulation strategy action plan circular economy chemicals waste pollution prevention control after:2022-01-01 before:2026-01-01,The Environmental Protection Agency (EPA) has announced ...,https://www.instagram.com/reel/DKe9YZ5sNCx/,The Environmental Protection Agency (EPA) has announced plans to implement a comprehensive waste management and recycling plan later this month. #JoyNews. more.,30+ likes · 11 months ago,www_instagram_com_The_Environmental_Protection_Agency_EPA_has_announ.txt
Rwanda,2022–2026,1,in partnership with UNEP Rwanda national chemicals profile implementing policy law regulation strategy action plan circular economy chemicals waste pollution prevention control after:2022-01-01 before:2026-01-01,National approaches to the protection of dark and quiet skies,https://cps.iau.org/documents/233/IAU_CPS._National_Analysis_Report.pdf,This structure provides an overview of national regulations related to satellite interference with astronomical observations and identifies regulatory gaps.,https://cps.iau.org › documents › IAU_CPS._Natio...,cps_iau_org_National_approaches_to_the_protection_of_dark_and_.txt
Rwanda,2022–2026,1,in partnership with UNEP Rwanda national chemicals profile implementing policy law regulation strategy action plan circular economy chemicals waste pollution prevention control after:2022-01-01 before:2026-01-01,Circular Economy for Social Transformation: Multiple Paths ...,https://just2ce.eu/wp-content/uploads/2024/02/D1_1-JUST2CE-Final-Version.pdf,The project's findings will shed light on how to ensure democratic and participatory mechanisms when designing and managing such technology. History Chart.,https://just2ce.eu › uploads › 2024/02,just2ce_eu_Circular_Economy_for_Social_Transformation_Multipl.txt
Rwanda,2022–2026,1,in partnership with UNEP Rwanda national chemicals profile implementing policy law regulation strategy action plan circular economy chemicals waste pollution prevention control after:2022-01-01 before:2026-01-01,Annual Report 2024,https://www.eni.com/content/dam/enicom/documents/eng/reports/2024/ar-2024/Annual-Report-2024.pdf,"It is aimed at representing financial and sustainability performance, underlining the existing connections between competitive environment, group strategy, ...",https://www.eni.com › documents › eng › reports,www_eni_com_Annual_Report_2024.txt
Rwanda,2022–2026,1,in partnership with UNEP Rwanda national chemicals profile implementing policy law regulation strategy action plan circular economy chemicals waste pollution prevention control after:2022-01-01 before:2026-01-01,Finance for circular economy in low- and middle-income ...,https://www.giz.de/en/downloads/giz2022-en-finance-circular-economy-low-middle-income.pdf,This study was compiled by the Frankfurt School –. UNEP Collaboration Centre for Climate Sustainable Energy Finance. Published by: Deutsche Gesellschaft für.,https://www.giz.de › downloads › giz2022-en-fi...,www_giz_de_Finance_for_circular_economy_in_low_and_middle_inc.txt
Rwanda,2022–2026,1,in partnership with UNEP Rwanda national chemicals profile implementing policy law regulation strategy action plan circular economy chemicals waste pollution prevention control after:2022-01-01 before:2026-01-01,Speakers,https://wcef2025.com/speakers/,"Smail Alhilali leads UNIDO's programmes on the circular economy and green industry to tackle the triple planetary crisis of climate change, biodiversity loss ...",https://wcef2025.com › speakers,wcef2025_com_Speakers.txt
Rwanda,2022–2026,1,in partnership with UNEP Rwanda national chemicals profile implementing policy law regulation strategy action plan circular economy chemicals waste pollution prevention control after:2022-01-01 before:2026-01-01,https://chm.pops.int/Portals/0/download.aspx?d=UNE...,https://chm.pops.int/Portals/0/download.aspx?d=UNEP-POPS-COP.12-32.English.docx,"Multilateral environmental agreements could incentivize industry to innovate and produce better and more circular products, in turn reducing the high costs of ...",https://chm.pops.int › Portals › download › d=UN...,chm_pops_int_https_chm_pops_int_Portals_0_download_aspx_d_UNE_.txt
Rwanda,2022–2026,1,in partnership with UNEP Rwanda national chemicals profile implementing policy law regulation strategy action plan circular economy chemicals waste pollution prevention control after:2022-01-01 before:2026-01-01,Circular Economy in the Small Island ...,https://theses.hal.science/tel-05064001/file/24_42_C_FRANCOMME.pdf,"Circular Economy Action Plan, that have driven ambitious targets for waste reduction, resource efficiency, and circular economic models. This is consistent ...",https://theses.hal.science › tel-05064001 › file,theses_hal_science_Circular_Economy_in_the_Small_Island_.txt
Rwanda,2022–2026,1,in partnership with UNEP Rwanda national chemicals profile implementing policy law regulation strategy action plan circular economy chemicals waste pollution prevention control after:2022-01-01 before:2026-01-01,Rwanda Intervention on Part 2 - Chemicals and Polymers ...,https://resolutions.unep.org/incres/uploads/rwanda_gc1_intervention_on_part_2_-_chemicals_and_polymers_of_concern.pdf,That is why we strongly call for common legally binding global rules and control measures and standards on chemicals and polymers of concern. We must ...,https://resolutions.unep.org › incres › uploads › r...,resolutions_unep_org_Rwanda_Intervention_on_Part_2_Chemicals_and_Polyme.txt
Rwanda,2022–2026,1,in partnership with UNEP Rwanda national chemicals profile implementing policy law regulation strategy action plan circular economy chemicals waste pollution prevention control after:2022-01-01 before:2026-01-01,"A review of policy frameworks in Mombasa County, Kenya",https://journals.sagepub.com/doi/abs/10.1177/0734242X251331339,The study contributes to accelerating the transition to CE by providing evidence-based policy recommendations for the national and county governments in Kenya ...,https://journals.sagepub.com › doi › abs,journals_sagepub_com_A_review_of_policy_frameworks_in_Mombasa_County_Ke.txt
Rwanda,2022–2026,1,in partnership with UNEP Rwanda national chemicals profile implementing policy law regulation strategy action plan circular economy chemicals waste pollution prevention control after:2022-01-01 before:2026-01-01,2025 CDP Corporate Questionnaire 2025,https://www.enel.com/content/dam/enel-com/documenti/investitori/sostenibilita/2024/cdp-corporate-questionnaire-2024-enel-spa.pdf,"energy generation; • transition to a circular economy: analysis of waste management plans, procurement requirements and circular economy projects and plans.",https://www.enel.com › investitori › sostenibilita,www_enel_com_2025_CDP_Corporate_Questionnaire_2025.txt
Rwanda,2022–2026,1,in partnership with UNEP Rwanda national chemicals profile implementing policy law regulation strategy action plan circular economy chemicals waste pollution prevention control after:2022-01-01 before:2026-01-01,Global Framework on Chemicals,https://unece.org/sites/default/files/2025-02/2_GFC-GRT4_Nov2024.pdf,"The Framework emphasizes partnerships between governments,. NGOs, industries, and civil society. • Encourages shared responsibility and joint initiatives for ...",https://unece.org › files › 2_GFC-GRT4_Nov2024,unece_org_Global_Framework_on_Chemicals.txt
Rwanda,2022–2026,1,in partnership with UNEP Rwanda national chemicals profile implementing policy law regulation strategy action plan circular economy chemicals waste pollution prevention control after:2022-01-01 before:2026-01-01,#Highlights of the recently held Public Private Partnership ...,https://www.facebook.com/gamchamber/posts/highlights-of-the-recently-held-public-private-partnership-masterclass-and-concl/310619424968974/,"This article delves into our methodical recycling process, highlighting the innovative ways we repurpose materials to minimize waste, create new, useful ...",9 reactions,www_facebook_com__Highlights_of_the_recently_held_Public_Private_Pa.txt
Rwanda,2022–2026,1,in partnership with UNEP Rwanda national chemicals profile implementing policy law regulation strategy action plan circular economy chemicals waste pollution prevention control after:2022-01-01 before:2026-01-01,Mineral Resource Governance in Africa,https://www.idea.int/publications/catalogue/html/mineral-resource-governance-africa-comparative-study,"This report presents a comprehensive analysis of governance frameworks, challenges and opportunities across eight African countries.",https://www.idea.int › publications › catalogue › html,www_idea_int_Mineral_Resource_Governance_in_Africa.txt
Rwanda,2022–2026,1,in partnership with UNEP Rwanda national chemicals profile implementing policy law regulation strategy action plan circular economy chemicals waste pollution prevention control after:2022-01-01 before:2026-01-01,Defining an effective “plastics treaty” through national ...,https://www.cambridge.org/core/journals/cambridge-prisms-plastics/article/defining-an-effective-plastics-treaty-through-national-perspectives-and-visions-during-early-negotiations/DAF5D7C0501F41F6FDC132C0686BC1C8,"Existing national policies to treat plastic pollution using strategies such as extended producer responsibility (EPR), eco-designing, national zero waste plans ...",https://www.cambridge.org › core › journals › article › d...,www_cambridge_org_Defining_an_effective_plastics_treaty_through_nati.txt
Rwanda,2022–2026,1,in partnership with UNEP Rwanda national chemicals profile implementing policy law regulation strategy action plan circular economy chemicals waste pollution prevention control after:2022-01-01 before:2026-01-01,Guidance to Unlock Finance for Circular Economy Actors,https://prevent-waste.net/wp-content/uploads/2025/06/Financing-Circularity-Factsheet-Part-2.pdf,"Another notable project is the partnership with the World Resources Institute to promote a circular economy for food in Rwanda, aimed at accelerating business ...",https://prevent-waste.net › uploads › 2025/06 › F...,prevent-waste_net_Guidance_to_Unlock_Finance_for_Circular_Economy_Ac.txt
Rwanda,2022–2026,1,in partnership with UNEP Rwanda national chemicals profile implementing policy law regulation strategy action plan circular economy chemicals waste pollution prevention control after:2022-01-01 before:2026-01-01,An overview of UN Activities and Initiatives related to ...,https://unemg.org/wp-content/uploads/2023/05/Mapping-report-%E2%80%98An-Overview-of-UN-Activities-and-Initiatives-related-to-Pollution-v3.pdf,"capacity-building for national- and municipal-level waste policies, strategies and action plans. • Take measures to promote the sound management of chemicals ...",https://unemg.org › uploads › 2023/05 › Mappin...,unemg_org_An_overview_of_UN_Activities_and_Initiatives_relat.txt
Rwanda,2022–2026,1,in partnership with UNEP Rwanda national chemicals profile implementing policy law regulation strategy action plan circular economy chemicals waste pollution prevention control after:2022-01-01 before:2026-01-01,An all-hands effort to address waste in island states,https://www.thegef.org/newsroom/feature-stories/all-hands-effort-address-waste-island-states,"The five-year program, which wraps up in 2027, will help island nations deal with dangerous chemicals, mercury, plastics, toxic pesticides, used oil, and end-of ...",https://www.thegef.org › newsroom › feature-stories › a...,www_thegef_org_An_all_hands_effort_to_address_waste_in_island_sta.txt
Rwanda,2022–2026,1,in partnership with UNEP Rwanda national chemicals profile implementing policy law regulation strategy action plan circular economy chemicals waste pollution prevention control after:2022-01-01 before:2026-01-01,"We're moving through Dar es Salaam, mapping key ...",https://www.instagram.com/p/DR1DtAnjMe9/,"... circular economy where waste becomes a resource, not pollution. cc ... laws established national environmental authorities regarding waste collection ...",20+ likes,www_instagram_com_We_re_moving_through_Dar_es_Salaam_mapping_key_.txt
Rwanda,2022–2026,2,with UNEP support Rwanda pollution prevention and control policy adopted policy law regulation strategy action plan circular economy chemicals waste pollution prevention control after:2022-01-01 before:2026-01-01,Implementing circular economy and sustainability policies ...,https://www.frontiersin.org/journals/sustainability/articles/10.3389/frsus.2023.1092107/full,"This paper examines how the 10-R principles of CE feature in Rwanda's sustainability policies, and provides the experiences of Rwandan manufacturers",https://www.frontiersin.org › frsus.2023.1092107 › full,www_frontiersin_org_Implementing_circular_economy_and_sustainability_p.txt
Rwanda,2022–2026,2,with UNEP support Rwanda pollution prevention and control policy adopted policy law regulation strategy action plan circular economy chemicals waste pollution prevention control after:2022-01-01 before:2026-01-01,TRANSITIONING TO A CIRCULAR ECONOMY THROUGH ...,https://www.undp.org/sites/g/files/zskgke326/files/2022-03/UNDP-GEF-Transitioning-to-a-Circular-Economy-Through-Chemical-and-Waste-Management.pdf,"In aiming towards circularity, UNDP's interventions in the area of chemicals and waste management directly support the implementation of the Montreal Protocol; ...",https://www.undp.org › files › zskgke326 › files,www_undp_org_TRANSITIONING_TO_A_CIRCULAR_ECONOMY_THROUGH_.txt
Rwanda,2022–2026,2,with UNEP support Rwanda pollution prevention and control policy adopted policy law regulation strategy action plan circular economy chemicals waste pollution prevention control after:2022-01-01 before:2026-01-01,"In Burundi, improper chemical and waste management ...",https://www.facebook.com/unep/posts/in-burundi-improper-chemical-and-waste-management-have-led-to-various-human-heal/300241905469228/,"To address this, Burundi's government has partnered with UNEP's Chemicals and Waste Management Programme to develop an ambitious national strategy that applies ...",70+ reactions,www_facebook_com_In_Burundi_improper_chemical_and_waste_management_.txt
Rwanda,2022–2026,2,with UNEP support Rwanda pollution prevention and control policy adopted policy law regulation strategy action plan circular economy chemicals waste pollution prevention control after:2022-01-01 before:2026-01-01,Rwanda: balancing development with human and ...,https://www.unep.org/rwanda-balancing-development-human-and-environmental-protection,Rwanda is working with the UNEP Special Programme to improve chemical and waste management.,https://www.unep.org › rwanda-balancing-development...,www_unep_org_Rwanda_balancing_development_with_human_and_.txt
Rwanda,2022–2026,2,with UNEP support Rwanda pollution prevention and control policy adopted policy law regulation strategy action plan circular economy chemicals waste pollution prevention control after:2022-01-01 before:2026-01-01,"Compilation of information, best practices and lessons ...",https://www.basel.int/Portals/4/Basel%20Convention/docs/plastic%20waste/UNEP-CHW-PWPWG-PUB-SingleUse-Jan2023.English.pdf,"It is intended to assist Parties to the Basel Convention, authorities, stakeholders, and the public in the environmentally sound management of plastic wastes.",https://www.basel.int › Portals › docs › plastic waste,www_basel_int_Compilation_of_information_best_practices_and_less.txt
Rwanda,2022–2026,2,with UNEP support Rwanda pollution prevention and control policy adopted policy law regulation strategy action plan circular economy chemicals waste pollution prevention control after:2022-01-01 before:2026-01-01,Marine plastics and the circular economy: A review of policy ...,https://pmc.ncbi.nlm.nih.gov/articles/PMC12528791/,"By prioritizing actions to minimize waste and pollution, extend product lifecycles and regenerate natural systems, the EU aims to decouple economic growth from ...",https://pmc.ncbi.nlm.nih.gov › articles › PMC12528791,pmc_ncbi_nlm_nih_gov_Marine_plastics_and_the_circular_economy_A_review_.txt
Rwanda,2022–2026,2,with UNEP support Rwanda pollution prevention and control policy adopted policy law regulation strategy action plan circular economy chemicals waste pollution prevention control after:2022-01-01 before:2026-01-01,Plastic Pollution INC-2,https://www.genevaenvironmentnetwork.org/resources/updates/towards-plastic-pollution-inc-2/,"The Governments of Uruguay, Norway and Rwanda will host a side-event to the 2023 BRS COPs titled 'Plastics Treaty and the BRS COPs' to launch the Report Global ...",https://www.genevaenvironmentnetwork.org › updates,www_genevaenvironmentnetwork_org_Plastic_Pollution_INC_2.txt
Rwanda,2022–2026,2,with UNEP support Rwanda pollution prevention and control policy adopted policy law regulation strategy action plan circular economy chemicals waste pollution prevention control after:2022-01-01 before:2026-01-01,"Policies, Regulations and Laws that Address the Harmful ...",https://unctad.org/system/files/non-official-document/ditc-ted-12042023-Single_Use_Plastics_Report_2023-3.pdf,The objective of these regulations is to ensure a clean and healthy environment through the prevention of pollution caused by plastic bags and the promotion of ...,https://unctad.org › files › non-official-document,unctad_org_Policies_Regulations_and_Laws_that_Address_the_Har.txt
Rwanda,2022–2026,2,with UNEP support Rwanda pollution prevention and control policy adopted policy law regulation strategy action plan circular economy chemicals waste pollution prevention control after:2022-01-01 before:2026-01-01,The world of plastic waste: A review,https://www.sciencedirect.com/science/article/pii/S2772397624000042,"This article describes the applications, benefits, production, consumption, and classifications of plastics.",https://www.sciencedirect.com › science › article › pii,www_sciencedirect_com_The_world_of_plastic_waste_A_review.txt
Rwanda,2022–2026,2,with UNEP support Rwanda pollution prevention and control policy adopted policy law regulation strategy action plan circular economy chemicals waste pollution prevention control after:2022-01-01 before:2026-01-01,NATIONAL STRATEGY TO COMBAT PLASTIC POLLUTION,https://minepded.gov.cm/wp-content/uploads/2024/01/NATIONAL-STRATEGY-TO-COMBAT-PLASTIC-POLLUTION.pdf,"In February 2020, France adopted an anti-waste law for a circular economy. Since then, there has been a real increase in awareness despite the fact that there ...",https://minepded.gov.cm › uploads › 2024/01 › N...,minepded_gov_cm_NATIONAL_STRATEGY_TO_COMBAT_PLASTIC_POLLUTION.txt
Rwanda,2022–2026,2,with UNEP support Rwanda pollution prevention and control policy adopted policy law regulation strategy action plan circular economy chemicals waste pollution prevention control after:2022-01-01 before:2026-01-01,NATIONAL STRATEGY TO COMBAT PLASTIC POLLUTION,https://minepded.gov.cm/wp-content/uploads/2024/01/NATIONAL-STRATEGY-TO-COMBAT-PLASTIC-POLLUTION.pdf,"In February 2020, France adopted an anti-waste law for a circular economy. Since then, there has been a real increase in awareness despite the fact that there ...",https://minepded.gov.cm › uploads › 2024/01 › N...,minepded_gov_cm_NATIONAL_STRATEGY_TO_COMBAT_PLASTIC_POLLUTION.txt
Rwanda,2022–2026,2,with UNEP support Rwanda pollution prevention and control policy adopted policy law regulation strategy action plan circular economy chemicals waste pollution prevention control after:2022-01-01 before:2026-01-01,Regional Plastics Outlook for Southeast and East Asia,https://www.oecd.org/en/publications/regional-plastics-outlook-for-southeast-and-east-asia_5a8ff43c-en/full-report/the-landscape-of-current-policies-to-tackle-plastic-pollution_408249bf.html,This chapter reviews the current policy landscape related to plastics and plastic pollution in the 13 ASEAN Plus Three (APT) countries.,https://www.oecd.org › ... › Full Report,www_oecd_org_Regional_Plastics_Outlook_for_Southeast_and_East_A.txt
Rwanda,2022–2026,2,with UNEP support Rwanda pollution prevention and control policy adopted policy law regulation strategy action plan circular economy chemicals waste pollution prevention control after:2022-01-01 before:2026-01-01,Waste Management - Policy Paper,https://ghanacic.ashesi.edu.gh/wp-content/uploads/2025/08/Waste-Management-Policy-Paper.pdf,"The strategy emphasizes a hierarchy of waste management, prioritizing prevention, reuse, recycling, recovery, and finally, safe disposal. A robust legal and.",https://ghanacic.ashesi.edu.gh › uploads › 2025/08,ghanacic_ashesi_edu_gh_Waste_Management_Policy_Paper.txt
Rwanda,2022–2026,2,with UNEP support Rwanda pollution prevention and control policy adopted policy law regulation strategy action plan circular economy chemicals waste pollution prevention control after:2022-01-01 before:2026-01-01,"Plastic Waste Regime in Rwanda, Kenya and South Africa",https://www.researchgate.net/publication/375683859_Plastic_Waste_Regime_in_Rwanda_Kenya_and_South_Africa_A_Comparative_Case_Study,"Rwanda has established a comprehensive waste management system emphasising recycling and community engagement, while Kenya has implemented a ban on plastic bags ...",https://www.researchgate.net › publication › 37568385...,www_researchgate_net_Plastic_Waste_Regime_in_Rwanda_Kenya_and_South_Afr.txt
Rwanda,2022–2026,2,with UNEP support Rwanda pollution prevention and control policy adopted policy law regulation strategy action plan circular economy chemicals waste pollution prevention control after:2022-01-01 before:2026-01-01,Circular economy,https://en.wikipedia.org/wiki/Circular_economy,"The main three principles required for the transformation to a circular economy are: designing out waste and pollution,; keeping products and materials in use, ...",https://en.wikipedia.org › wiki › Circular_economy,en_wikipedia_org_Circular_economy.txt
Rwanda,2022–2026,2,with UNEP support Rwanda pollution prevention and control policy adopted policy law regulation strategy action plan circular economy chemicals waste pollution prevention control after:2022-01-01 before:2026-01-01,National Plastic Strategy and Action Plan,https://www.epa.gov.et/images/2024/National%20Plastic%20Strategy%20and%20Action%20Plan.pdf,"The EPE promotes waste minimization processes, including the efficient recycling of materials wherever possible and require create by law an effective system of ...",https://www.epa.gov.et › images › National Plasti...,www_epa_gov_et_National_Plastic_Strategy_and_Action_Plan.txt
Rwanda,2022–2026,2,with UNEP support Rwanda pollution prevention and control policy adopted policy law regulation strategy action plan circular economy chemicals waste pollution prevention control after:2022-01-01 before:2026-01-01,UNEA 5.2: World Takes Major Step to End Plastic Pollution ...,https://www.environment.gov.rw/news-detail/unea-52-world-takes-major-step-to-end-plastic-pollution-unea-adopts-rwanda-peru-resolution,“We are delighted that the international community has adopted the Rwanda-Peru resolution to end plastic pollution. This decision is a historic milestone in the ...,https://www.environment.gov.rw › ... › News Details,www_environment_gov_rw_UNEA_5_2_World_Takes_Major_Step_to_End_Plastic_Pol.txt
Rwanda,2022–2026,2,with UNEP support Rwanda pollution prevention and control policy adopted policy law regulation strategy action plan circular economy chemicals waste pollution prevention control after:2022-01-01 before:2026-01-01,https://chm.pops.int/Portals/0/download.aspx?d=UNE...,https://chm.pops.int/Portals/0/download.aspx?d=UNEP-POPS-COP.12-32.English.docx,The proposed science-policy panel on chemicals and waste would further strengthen the common framework for action. 5. In the face of the triple planetary ...,https://chm.pops.int › Portals › download › d=UN...,chm_pops_int_https_chm_pops_int_Portals_0_download_aspx_d_UNE_.txt
Rwanda,2022–2026,2,with UNEP support Rwanda pollution prevention and control policy adopted policy law regulation strategy action plan circular economy chemicals waste pollution prevention control after:2022-01-01 before:2026-01-01,Current Legal Developments United Nations Environment ...,https://brill.com/view/journals/estu/37/4/article-p727_5.pdf?srsltid=AfmBOoqtTaVoFXiXgBehXwkVR7qCcinIvWFhrAPrV5JzCxD06nRJr92E,"43 UNEA, Resolution 5/8 (2 March 2022), Science-policy panel to contribute further to the sound management of chemicals and waste and to prevent pollution, UN ...",https://brill.com › view › journals › estu › article-p727_5,brill_com_Current_Legal_Developments_United_Nations_Environm.txt
Rwanda,2022–2026,2,with UNEP support Rwanda pollution prevention and control policy adopted policy law regulation strategy action plan circular economy chemicals waste pollution prevention control after:2022-01-01 before:2026-01-01,the world takes major step to end plastic pollution,https://www.rema.gov.rw/fileadmin/user_upload/REMA/Newsletters/REMA_Quarterly_Newsletter_January-March_2022.pdf,"“This is why we have taken ambitious action against plastic pollution. In 2008, Rwanda was one of the first countries to ban single-use polythene plastic.",https://www.rema.gov.rw › REMA › Newsletters,www_rema_gov_rw_the_world_takes_major_step_to_end_plastic_pollutio.txt
Rwanda,2022–2026,2,with UNEP support Rwanda pollution prevention and control policy adopted policy law regulation strategy action plan circular economy chemicals waste pollution prevention control after:2022-01-01 before:2026-01-01,Proposed Regional Action Plan to Combat Marine Plastic ...,https://www.commissionoceanindien.org/wp-content/uploads/2023/07/West-Africa-Proposed-Plastics-Action-Plan-rev24July-CLEAN.pdf,The national strategies generally recognize that: a) marine plastic pollution is part of a broader plastic pollution and waste management challenge b) plastics ...,https://www.commissionoceanindien.org › uploads,www_commissionoceanindien_org_Proposed_Regional_Action_Plan_to_Combat_Marine_Pla.txt
Rwanda,2022–2026,2,with UNEP support Rwanda pollution prevention and control policy adopted policy law regulation strategy action plan circular economy chemicals waste pollution prevention control after:2022-01-01 before:2026-01-01,Finance for circular economy in low- and middle-income ...,https://www.giz.de/en/downloads/giz2022-en-finance-circular-economy-low-middle-income.pdf,"The main legal policies, strategies and studies on waste management are e.g., the Policy on Integral Management of Municipal Solid Waste (2014), Policy on ...",https://www.giz.de › downloads › giz2022-en-fi...,www_giz_de_Finance_for_circular_economy_in_low_and_middle_inc.txt
Rwanda,2022–2026,2,with UNEP support Rwanda pollution prevention and control policy adopted policy law regulation strategy action plan circular economy chemicals waste pollution prevention control after:2022-01-01 before:2026-01-01,Plastic Waste Mitigation Strategies: A Review of Lessons ...,https://journals.sagepub.com/doi/10.1177/0169796X221104855,"This article examines the reasons for the failure to curb plastic waste in Sub-Saharan Africa (SSA) and South Asia (SA), target regions of the Sustainable ...",https://journals.sagepub.com › doi,journals_sagepub_com_Plastic_Waste_Mitigation_Strategies_A_Review_of_Le.txt
Rwanda,2022–2026,2,with UNEP support Rwanda pollution prevention and control policy adopted policy law regulation strategy action plan circular economy chemicals waste pollution prevention control after:2022-01-01 before:2026-01-01,Breaking the Plastic Wave 2025,https://www.pew.org/en/research-and-analysis/reports/2025/12/breaking-the-plastic-wave-2025,"Implement policies to scale waste collection, including collection and recycling targets, deposit return schemes, design and labelling standards and, where ...",https://www.pew.org › reports › 2025/12 › breaking-th...,www_pew_org_Breaking_the_Plastic_Wave_2025.txt
Rwanda,2022–2026,2,with UNEP support Rwanda pollution prevention and control policy adopted policy law regulation strategy action plan circular economy chemicals waste pollution prevention control after:2022-01-01 before:2026-01-01,ROUNDTABLE,https://www.iaea.org/sites/default/files/22/09/tc_nutec_africa_final-web.pdf,"This law was replaced by a new law in April 2020, moving towards a circular economy to prevent and manage environmental damage caused by plastic pollution. It.",https://www.iaea.org › tc_nutec_africa_final-web,www_iaea_org_ROUNDTABLE.txt
Rwanda,2022–2026,2,with UNEP support Rwanda pollution prevention and control policy adopted policy law regulation strategy action plan circular economy chemicals waste pollution prevention control after:2022-01-01 before:2026-01-01,A Guide to the Global Agreement to End Plastic Pollution,https://www.iisd.org/system/files/2025-07/guide-to_global-agreement-end-plastic-pollution.pdf,"At its first session in 2014, the UNEA adopted Resolution 1/6 on marine plastic debris and microplastics, which pointed to efforts under the chemicals and waste ...",https://www.iisd.org › system › files › guide-to_...,www_iisd_org_A_Guide_to_the_Global_Agreement_to_End_Plastic_Pol.txt
Rwanda,2022–2026,2,with UNEP support Rwanda pollution prevention and control policy adopted policy law regulation strategy action plan circular economy chemicals waste pollution prevention control after:2022-01-01 before:2026-01-01,PLASTIC POLLUTION IN AFRICA,https://wwfafrica.awsassets.panda.org/downloads/wwf_plastic_pollution.pdf,Develop a circular economy action plan and policy strategy that is aligned with global and regional strategies in cooperation with all national government.,https://wwfafrica.awsassets.panda.org › downloads,wwfafrica_awsassets_panda_org_PLASTIC_POLLUTION_IN_AFRICA.txt
Rwanda,2022–2026,2,with UNEP support Rwanda pollution prevention and control policy adopted policy law regulation strategy action plan circular economy chemicals waste pollution prevention control after:2022-01-01 before:2026-01-01,Circular and POPs-Free Plastics in Africa Project Begins ...,https://www.facebook.com/NESREANigeria/posts/circular-and-pops-free-plastics-in-africa-project-begins-stakeholders-engagement/1100223255631992/,"“The project adopts a holistic, circular approach—focusing not only on waste management, but on prevention, innovation, policy reform, and systemic change,” he ...",20+ reactions,www_facebook_com_Circular_and_POPs_Free_Plastics_in_Africa_Project_.txt
Rwanda,2022–2026,2,with UNEP support Rwanda pollution prevention and control policy adopted policy law regulation strategy action plan circular economy chemicals waste pollution prevention control after:2022-01-01 before:2026-01-01,Inclusive Green Economy Policy Stocktaking Study for ...,https://www.un-page.org/knowledge-hub/inclusive-green-economy-policy-stocktaking-study-for-rwanda/,"Rwanda also joined the United Nations Partnership for Action on Green Economy (PAGE) in. 2022, a UN programme that supports countries and regions to reframe ...",https://www.un-page.org › knowledge-hub › incl...,www_un-page_org_Inclusive_Green_Economy_Policy_Stocktaking_Study_f.txt
Rwanda,2022–2026,2,with UNEP support Rwanda pollution prevention and control policy adopted policy law regulation strategy action plan circular economy chemicals waste pollution prevention control after:2022-01-01 before:2026-01-01,National Sustainable Waste Management Policy,https://nema.go.ke/wp-content/uploads/2025/10/Waste-Management-Policy-2021.pdf,"The policy development process adopted a circular economy approach whereby waste ... most counties do not to date have waste laws or plans to guide efficient,.",https://nema.go.ke › uploads › 2025/10 › Waste-...,nema_go_ke_National_Sustainable_Waste_Management_Policy.txt
Rwanda,2022–2026,2,with UNEP support Rwanda pollution prevention and control policy adopted policy law regulation strategy action plan circular economy chemicals waste pollution prevention control after:2022-01-01 before:2026-01-01,Nineth Intergovernmental Meeting on the,https://gefcrew.org/carrcu/LBSSTAC6/WG.44_INF.12%20EN%20ACP%20MEA%20PSC%20Report.pdf,"Improved national frameworks, legislations and mechanisms for the effective implementation of selected MEAs, including legal framework and Management plans and.",https://gefcrew.org › carrcu › LBSSTAC6,gefcrew_org_Nineth_Intergovernmental_Meeting_on_the.txt
Rwanda,2022–2026,2,with UNEP support Rwanda pollution prevention and control policy adopted policy law regulation strategy action plan circular economy chemicals waste pollution prevention control after:2022-01-01 before:2026-01-01,https://chm.pops.int/Portals/0/download.aspx?d=UNE...,https://chm.pops.int/Portals/0/download.aspx?d=UNEP-POPS-COP.12-32.English.docx,The proposed science-policy panel on chemicals and waste would further strengthen the common framework for action. 5. In the face of the triple planetary ...,https://chm.pops.int › Portals › download › d=UN...,chm_pops_int_https_chm_pops_int_Portals_0_download_aspx_d_UNE_.txt
Rwanda,2022–2026,2,with UNEP support Rwanda pollution prevention and control policy adopted policy law regulation strategy action plan circular economy chemicals waste pollution prevention control after:2022-01-01 before:2026-01-01,Proposed Regional Action Plan to Combat Marine Plastic ...,https://www.commissionoceanindien.org/wp-content/uploads/2023/07/West-Africa-Proposed-Plastics-Action-Plan-rev24July-CLEAN.pdf,The national strategies generally recognize that: a) marine plastic pollution is part of a broader plastic pollution and waste management challenge b) plastics ...,https://www.commissionoceanindien.org › uploads,www_commissionoceanindien_org_Proposed_Regional_Action_Plan_to_Combat_Marine_Pla.txt
Rwanda,2022–2026,2,with UNEP support Rwanda pollution prevention and control policy adopted policy law regulation strategy action plan circular economy chemicals waste pollution prevention control after:2022-01-01 before:2026-01-01,COP29: Showcasing Rwanda's Climate and Nature Finance ...,https://www.youtube.com/watch?v=M0WRuJN6sDo,"Rwanda, known for its leadership in environmental sustainability, has taken bold steps towards addressing the global climate crisis while ensuring ...",720+ views · 1 year ago,www_youtube_com_COP29_Showcasing_Rwanda_s_Climate_and_Nature_Finan.txt
Rwanda,2022–2026,2,with UNEP support Rwanda pollution prevention and control policy adopted policy law regulation strategy action plan circular economy chemicals waste pollution prevention control after:2022-01-01 before:2026-01-01,a case study of South Africa's plastic pollution management ...,https://academic.oup.com/ieam/advance-article/doi/10.1093/inteam/vjaf090/8203387,"The review presents the progress of the: (a) national plastics levy regulations (2003), (b) National Environmental Management: Waste Act (2008), (c) Plastics ...",https://academic.oup.com › doi › inteam › vjaf090,academic_oup_com_a_case_study_of_South_Africa_s_plastic_pollution_m.txt
Rwanda,2022–2026,2,with UNEP support Rwanda pollution prevention and control policy adopted policy law regulation strategy action plan circular economy chemicals waste pollution prevention control after:2022-01-01 before:2026-01-01,UN Science-Policy-Business Forum on the Environment ...,https://enb.iisd.org/un-science-policy-business-forum-environment-un-spbf-unea6,"On responsible mining, the discussions highlighted the importance of standards, circular economy strategies, technological developments, access to information, ...",https://enb.iisd.org › un-science-policy-business-forum-...,enb_iisd_org_UN_Science_Policy_Business_Forum_on_the_Environmen.txt
Rwanda,2022–2026,2,with UNEP support Rwanda pollution prevention and control policy adopted policy law regulation strategy action plan circular economy chemicals waste pollution prevention control after:2022-01-01 before:2026-01-01,Why lifecycle solutions are needed to tackle marine plastic ...,https://circulareconomy.earth/publications/why-lifecycle-solutions-are-needed-to-tackle-marine-plastic-pollution,"To achieve ambitious policy targets and reduce plastic pollution, substantial investments in improved waste management infrastructure must be made between now ...",https://circulareconomy.earth › publications › why-lifec...,circulareconomy_earth_Why_lifecycle_solutions_are_needed_to_tackle_marin.txt
Rwanda,2022–2026,2,with UNEP support Rwanda pollution prevention and control policy adopted policy law regulation strategy action plan circular economy chemicals waste pollution prevention control after:2022-01-01 before:2026-01-01,DCO E-Waste Management Framework,https://dco.org/wp-content/uploads/2025/05/DCO-E-Waste-Management-Framework.pdf,"This framework categorizes EU policy and regulations into three levels: • Frameworks (Strategies and Action Plans, Waste Framework Directive, Waste Shipments.",https://dco.org › wp-content › uploads › 2025/05,dco_org_DCO_E_Waste_Management_Framework.txt
Rwanda,2022–2026,2,with UNEP support Rwanda pollution prevention and control policy adopted policy law regulation strategy action plan circular economy chemicals waste pollution prevention control after:2022-01-01 before:2026-01-01,Breaking the Plastic Wave 2025,https://www.pew.org/en/research-and-analysis/reports/2025/12/breaking-the-plastic-wave-2025,"Implement policies to scale waste collection, including collection and recycling targets, deposit return schemes, design and labelling standards and, where ...",https://www.pew.org › reports › 2025/12 › breaking-th...,www_pew_org_Breaking_the_Plastic_Wave_2025.txt
Rwanda,2022–2026,2,with UNEP support Rwanda pollution prevention and control policy adopted policy law regulation strategy action plan circular economy chemicals waste pollution prevention control after:2022-01-01 before:2026-01-01,The Business Pathway to Circular Economy: Global ...,https://www.ioe-emp.org/index.php?eID=dumpFile&t=f&f=165214&token=31bf394cdfe2796ffe1d14ef6fbf6f13e61e2c4e,"With the support of appropriate policies and enabling frameworks, circular economy activities have the potential to deliver economic, environmental, and social ...",https://www.ioe-emp.org › ...,www_ioe-emp_org_The_Business_Pathway_to_Circular_Economy_Global_.txt
Brazil,2018–2022,1,UNEP initiative Brazil plastic pollution policy revising policy law regulation strategy action plan circular economy chemicals waste pollution prevention control after:2018-01-01 before:2022-01-01,Combating marine plastic litter and microplast,https://apps1.unep.org/resolutions/uploads/unep_aheg_2018_inf3_full_assessment_en.pdf,"UN Environment, 2017. Combating marine plastic litter and microplastics: An assessment of the effectiveness of relevant international, regional and subregional ...",https://apps1.unep.org › resolutions › uploads › u...,apps1_unep_org_Combating_marine_plastic_litter_and_microplast.txt
Brazil,2018–2022,1,UNEP initiative Brazil plastic pollution policy revising policy law regulation strategy action plan circular economy chemicals waste pollution prevention control after:2018-01-01 before:2022-01-01,"The Role of Legislation, Regulatory Initiatives and ...",https://www.frontiersin.org/journals/environmental-science/articles/10.3389/fenvs.2020.00104/full,"There is the need to create and implement legislation aimed at curtailing, and, ideally, eliminating, the continual growing threats of plastic waste.",https://www.frontiersin.org › fenvs.2020.00104 › full,www_frontiersin_org_The_Role_of_Legislation_Regulatory_Initiatives_and.txt
Brazil,2018–2022,1,UNEP initiative Brazil plastic pollution policy revising policy law regulation strategy action plan circular economy chemicals waste pollution prevention control after:2018-01-01 before:2022-01-01,20 Years of Government Responses to the Global Plastic ...,https://nicholasinstitute.duke.edu/sites/default/files/publications/20-Years-of-Government-Responses-to-the-Global-Plastic-Pollution-Problem_final_reduced.pdf,"waste management policies on plastic pollution focuses on changes to recycling rates among households. In the case of Europe, the focus of regional policies ...",https://nicholasinstitute.duke.edu › publications,nicholasinstitute_duke_edu_20_Years_of_Government_Responses_to_the_Global_Pla.txt
Brazil,2018–2022,1,UNEP initiative Brazil plastic pollution policy revising policy law regulation strategy action plan circular economy chemicals waste pollution prevention control after:2018-01-01 before:2022-01-01,Reduce marine plastics and plastic pollution in Latin ...,https://clmeplus.org/app/uploads/2020/06/10547_MFA_PIF.pdf,"The outcome of MAP is efficient channeling of public funds earmarked for coastal cleanup, and the ability of material's recovery actions targeting marine litter ...",https://clmeplus.org › 2020/06 › 10547_MFA_PIF,clmeplus_org_Reduce_marine_plastics_and_plastic_pollution_in_La.txt
Brazil,2018–2022,1,UNEP initiative Brazil plastic pollution policy revising policy law regulation strategy action plan circular economy chemicals waste pollution prevention control after:2018-01-01 before:2022-01-01,FROM POLLUTION TO SOLUTION,https://www.gdr-po.cnrs.fr/docs/UNEP_2021.pdf,United Nations Environment Programme (2021). From Pollution to. Solution. A global assessment of marine litter and plastic pollution Nairobi. Production. United ...,https://www.gdr-po.cnrs.fr › docs › UNEP_2021,www_gdr-po_cnrs_fr_FROM_POLLUTION_TO_SOLUTION.txt
Brazil,2018–2022,1,UNEP initiative Brazil plastic pollution policy revising policy law regulation strategy action plan circular economy chemicals waste pollution prevention control after:2018-01-01 before:2022-01-01,Plastic pollution in the marine environment,https://www.sciencedirect.com/science/article/pii/S2405844020315528,Plastic pollution is recognized as a severe anthropogenic issue in the coastal and marine ecosystems across the world.,https://www.sciencedirect.com › science › article › pii,www_sciencedirect_com_Plastic_pollution_in_the_marine_environment.txt
Brazil,2018–2022,1,UNEP initiative Brazil plastic pollution policy revising policy law regulation strategy action plan circular economy chemicals waste pollution prevention control after:2018-01-01 before:2022-01-01,Legislative Guide for the Regulation of Single-Use Plastic ...,https://www.unep.org/resources/toolkits-manuals-and-guides/tackling-plastic-pollution-legislative-guide-regulation,"This guide, developed by UNEP and the World Resources Institute, is a tool to help legislators and policymakers explore options for reducing the harmful impacts ...",https://www.unep.org › toolkits-manuals-and-guides › t...,www_unep_org_Legislative_Guide_for_the_Regulation_of_Single_Use.txt
Brazil,2018–2022,1,UNEP initiative Brazil plastic pollution policy revising policy law regulation strategy action plan circular economy chemicals waste pollution prevention control after:2018-01-01 before:2022-01-01,DEVELOPING EFFECTIVE AFRICAN POLICY RESPONSES,https://saiia.org.za/wp-content/uploads/2018/06/Policy-Insights-59.pdf,"While plastic is a revolutionary material, plastic waste is difficult to manage and has significant adverse effects if it escapes into the environment,.",https://saiia.org.za › 2018/06 › Policy-Insights-59,saiia_org_za_DEVELOPING_EFFECTIVE_AFRICAN_POLICY_RESPONSES.txt
Brazil,2018–2022,1,UNEP initiative Brazil plastic pollution policy revising policy law regulation strategy action plan circular economy chemicals waste pollution prevention control after:2018-01-01 before:2022-01-01,Don't miss! WTO Deputy Director-General Jean-Marie ...,https://www.facebook.com/worldtradeorganization/posts/dont-miss-wto-deputy-director-general-jean-marie-paugam-and-other-speakers-will-/4403046743071430/,"UNEP Executive Director calls for action to beat plastic pollution World Environment Day 2025 (UN Environment Programme, 4 June 2025) ""On World Environment ...",20+ reactions,www_facebook_com_Don_t_miss_WTO_Deputy_Director_General_Jean_Marie_.txt
Brazil,2018–2022,1,UNEP initiative Brazil plastic pollution policy revising policy law regulation strategy action plan circular economy chemicals waste pollution prevention control after:2018-01-01 before:2022-01-01,A global assessment of marine litter and plastic pollution,https://www.unep.org/resources/pollution-solution-global-assessment-marine-litter-and-plastic-pollution,The assessment examines the magnitude and severity of marine litter and plastic pollution and reviews existing solutions and actions.,https://www.unep.org › resources › pollution-solution-g...,www_unep_org_A_global_assessment_of_marine_litter_and_plastic_p.txt
Brazil,2018–2022,1,UNEP initiative Brazil plastic pollution policy revising policy law regulation strategy action plan circular economy chemicals waste pollution prevention control after:2018-01-01 before:2022-01-01,A circular economy for plastics,https://www.hbm4eu.eu/wp-content/uploads/2019/03/2019_RI_Report_A-circular-economy-for-plastics.pdf,"A circular economy for plastics – Insights from research and innovation to inform policy and funding decisions, 2019 (M. De Smet & M. Linder,. Eds.). European ...",https://www.hbm4eu.eu › uploads › 2019/03 › 2...,www_hbm4eu_eu_A_circular_economy_for_plastics.txt
Brazil,2018–2022,1,UNEP initiative Brazil plastic pollution policy revising policy law regulation strategy action plan circular economy chemicals waste pollution prevention control after:2018-01-01 before:2022-01-01,"(PDF) Impacts of Plastic Pollution on Ecosystem Services, ...",https://www.researchgate.net/publication/354380794_Impacts_of_Plastic_Pollution_on_Ecosystem_Services_Sustainable_Development_Goals_and_Need_to_Focus_on_Circular_Economy_and_Policy_Interventions,The overall goal of this review is to provide background assessment on the adverse effects of plastic pollution on natural ecosystems; interlink the management ...,https://www.researchgate.net › publication › 35438079...,www_researchgate_net__PDF_Impacts_of_Plastic_Pollution_on_Ecosystem_Ser.txt
Brazil,2018–2022,1,UNEP initiative Brazil plastic pollution policy revising policy law regulation strategy action plan circular economy chemicals waste pollution prevention control after:2018-01-01 before:2022-01-01,"Regional project ""Addressing Marine Litter in the Caspian ...",https://tehranconvention.org/system/files/tcis/cop6_14_marine_litter_project_prepcom_fin.pdf,Changes in the legislation in the field of preventing pollution of the Caspian Sea from land-based sources in 2017 were based on changes in the environmental.,https://tehranconvention.org › system › files › tcis,tehranconvention_org_Regional_project_Addressing_Marine_Litter_in_the_C.txt
Brazil,2018–2022,1,UNEP initiative Brazil plastic pollution policy revising policy law regulation strategy action plan circular economy chemicals waste pollution prevention control after:2018-01-01 before:2022-01-01,Global Chemicals OutlooK II,https://www.efdinitiative.org/sites/default/files/publications/gcoii_synth.pdf,"draft National Action Plan for Chemicals and Brazil with its landmark draft law on the inventory, evaluation and control of chemicals. These examples create ...",https://www.efdinitiative.org › files › gcoii_synth,www_efdinitiative_org_Global_Chemicals_OutlooK_II.txt
Brazil,2018–2022,1,UNEP initiative Brazil plastic pollution policy revising policy law regulation strategy action plan circular economy chemicals waste pollution prevention control after:2018-01-01 before:2022-01-01,FROM POLLUTION TO SOLUTION,https://medblueconomyplatform.org/wp-content/uploads/2021/10/2021_frompollutiontosolution.pdf,United Nations Environment Programme (2021). From Pollution to. Solution. A global assessment of marine litter and plastic pollution Nairobi. Production. United ...,https://medblueconomyplatform.org › 2021/10,medblueconomyplatform_org_FROM_POLLUTION_TO_SOLUTION.txt
Brazil,2018–2022,1,UNEP initiative Brazil plastic pollution policy revising policy law regulation strategy action plan circular economy chemicals waste pollution prevention control after:2018-01-01 before:2022-01-01,Plastic Waste Management and Leakage in Latin America and ...,https://publications.iadb.org/publications/english/document/Plastic-Waste-Management-and-Leakage-in-Latin-America-and-the-Caribbean.pdf,"The docu- ment reports 26,000 tonnes of plastic recycled by the pickers in Brazil for one year, from 2017 to 2018, of which 28% of the mass and 40% of.",https://publications.iadb.org › english › document,publications_iadb_org_Plastic_Waste_Management_and_Leakage_in_Latin_Amer.txt
Brazil,2018–2022,1,UNEP initiative Brazil plastic pollution policy revising policy law regulation strategy action plan circular economy chemicals waste pollution prevention control after:2018-01-01 before:2022-01-01,Regional Nutrient Pollution Reduction Strategy and Action ...,https://gefcrew.org/carrcu/19IGM/LBSCOP5/Info-Docs/WG.41INF.10Rev.1-en.pdf,"Under the Global Programme of Action for the Protection of the Marine Environment from Land-based. Activities (GPA), the Global Partnership on Nutrient ...",https://gefcrew.org › LBSCOP5 › Info-Docs,gefcrew_org_Regional_Nutrient_Pollution_Reduction_Strategy_and.txt
Brazil,2018–2022,1,UNEP initiative Brazil plastic pollution policy revising policy law regulation strategy action plan circular economy chemicals waste pollution prevention control after:2018-01-01 before:2022-01-01,Conceptualizing the Transnational Regulation of Plastics,https://www.cambridge.org/core/journals/transnational-environmental-law/article/conceptualizing-the-transnational-regulation-of-plastics-moving-towards-a-preventative-and-just-agenda-for-plastics/B6BD29139610E779500C205A41FDB5E3,"This article categorizes and evaluates how regulatory regimes conceptualize plastics, and how such conceptualizations affect the production, consumption, and ...",https://www.cambridge.org › core › journals › article › c...,www_cambridge_org_Conceptualizing_the_Transnational_Regulation_of_Pl.txt
Brazil,2018–2022,1,UNEP initiative Brazil plastic pollution policy revising policy law regulation strategy action plan circular economy chemicals waste pollution prevention control after:2018-01-01 before:2022-01-01,A Review of Technological Solutions to Prevent or Reduce ...,https://repository.uantwerpen.be/docstore/d:irua:6495,"The UNEP report “Marine plastic debris and microplastics: global lessons and research to inspire action and guide policy change” [31], for example, summarizes ...",https://repository.uantwerpen.be › d:irua:6495,repository_uantwerpen_be_A_Review_of_Technological_Solutions_to_Prevent_or_.txt
Brazil,2018–2022,1,UNEP initiative Brazil plastic pollution policy revising policy law regulation strategy action plan circular economy chemicals waste pollution prevention control after:2018-01-01 before:2022-01-01,evaluation of the european union and turkish legislation,https://open.metu.edu.tr/bitstream/handle/11511/91602/10412180.pdf,"Circular Economy Action Plan, Plastics Strategy and Zero Pollution Action Plan, and EU strategy documents, regulations and directives below were provided in an.",https://open.metu.edu.tr › bitstream › handle,open_metu_edu_tr_evaluation_of_the_european_union_and_turkish_legis.txt
Brazil,2018–2022,1,UNEP initiative Brazil plastic pollution policy revising policy law regulation strategy action plan circular economy chemicals waste pollution prevention control after:2018-01-01 before:2022-01-01,The Global E-waste Monitor 2020,https://ewastemonitor.info/wp-content/uploads/2020/11/GEM_2020_def_july1_low.pdf,"Monitoring the quantities and flows of e-waste is essential for evaluating developments over time, and to set and assess targets towards a sustainable society ...",https://ewastemonitor.info › uploads › 2020/11,ewastemonitor_info_The_Global_E_waste_Monitor_2020.txt
Brazil,2018–2022,1,UNEP initiative Brazil plastic pollution policy revising policy law regulation strategy action plan circular economy chemicals waste pollution prevention control after:2018-01-01 before:2022-01-01,CHINA'S ENVIRONMENTAL CAMPAIGN,https://nyujilp.org/wp-content/uploads/2019/09/NYI402.pdf,"but called for member states to introduce plastic taxes within their own juris- dictions. Report on a European Strategy for Plastics in a Circular Economy, at 9 ...",https://nyujilp.org › uploads › 2019/09 › NYI402,nyujilp_org_CHINA_S_ENVIRONMENTAL_CAMPAIGN.txt
Brazil,2018–2022,1,UNEP initiative Brazil plastic pollution policy revising policy law regulation strategy action plan circular economy chemicals waste pollution prevention control after:2018-01-01 before:2022-01-01,evaluation of the european union and turkish legislation,https://open.metu.edu.tr/bitstream/handle/11511/91602/10412180.pdf,"Circular Economy Action Plan, Plastics Strategy and Zero Pollution Action Plan, and EU strategy documents, regulations and directives below were provided in an.",https://open.metu.edu.tr › bitstream › handle,open_metu_edu_tr_evaluation_of_the_european_union_and_turkish_legis.txt
Brazil,2018–2022,1,UNEP initiative Brazil plastic pollution policy revising policy law regulation strategy action plan circular economy chemicals waste pollution prevention control after:2018-01-01 before:2022-01-01,Molecule Managers,https://cefic.org/app/uploads/2019/06/Cefic_Mid-Century-Vision-Molecule-Managers-Brochure.pdf,"We believe the European chemical industry can flourish as we help Europe go carbon-neutral, reduce plastic waste, move toward a circular economy and address ...",https://cefic.org › app › uploads › 2019/06 › Cef...,cefic_org_Molecule_Managers.txt
Brazil,2018–2022,1,UNEP initiative Brazil plastic pollution policy revising policy law regulation strategy action plan circular economy chemicals waste pollution prevention control after:2018-01-01 before:2022-01-01,Sustainable Development Goal 6 Synthesis Report on ...,https://www.unwater.org/sites/default/files/app/uploads/2018/12/SDG6_SynthesisReport2018_WaterandSanitation_04122018.pdf,"Progress in nutrition, health, education, work, equality, environmental protection and international cooperation are all related to the availability and ...",https://www.unwater.org › uploads › 2018/12,www_unwater_org_Sustainable_Development_Goal_6_Synthesis_Report_on.txt
Brazil,2018–2022,1,UNEP initiative Brazil plastic pollution policy revising policy law regulation strategy action plan circular economy chemicals waste pollution prevention control after:2018-01-01 before:2022-01-01,"Environmental, Social and Governance",https://greenfinancelac.org/wp-content/uploads/2020/06/Environmental_Social_Governance.2.pdf,"The complex challenges we face — health, economic, social, and environmental — require meaningful dialogue across borders, industries, and sectors, now more.",https://greenfinancelac.org › uploads › 2020/06,greenfinancelac_org_Environmental_Social_and_Governance.txt
Brazil,2018–2022,1,UNEP initiative Brazil plastic pollution policy revising policy law regulation strategy action plan circular economy chemicals waste pollution prevention control after:2018-01-01 before:2022-01-01,Policies to Reduce Microplastics Pollution in Water,https://www.oecd.org/content/dam/oecd/en/publications/reports/2021/10/policies-to-reduce-microplastics-pollution-in-water_3337bc78/7ec7e5ef-en.pdf,"new Circular Economy Action Plan (2020) reaffirm the priority to address microplastics releases (EU, 2020[12]). Regulation (EU) 2020/740 of May 2020 has ...",https://www.oecd.org › oecd › reports › 2021/10,www_oecd_org_Policies_to_Reduce_Microplastics_Pollution_in_Wate.txt
Brazil,2018–2022,1,UNEP initiative Brazil plastic pollution policy revising policy law regulation strategy action plan circular economy chemicals waste pollution prevention control after:2018-01-01 before:2022-01-01,Sustainable Blue Tourism,https://www.iddri.org/sites/default/files/PDF/Publications/Hors%20catalogue%20Iddri/20190620_BLUE%20TOURISM%20STUDY_EN.pdf,"The Mediterranean Action Plan (UNEP, 1975) and ... the EU regulation and policies on environmental protection, economic development and mobility freedom.",https://www.iddri.org › files › PDF › Publications,www_iddri_org_Sustainable_Blue_Tourism.txt
Brazil,2018–2022,1,UNEP initiative Brazil plastic pollution policy revising policy law regulation strategy action plan circular economy chemicals waste pollution prevention control after:2018-01-01 before:2022-01-01,Best Practices for Solid Waste Management,https://www.iges.or.jp/en/publication_documents/pub/policyreport/en/11066/Best+Practices+for+SWM_Guide+for+Decision+Makers+in+Developing+Countries_Oct+20_0.pdf,prepared Nepal's “Disaster Waste Management Policy/Strategy Nepal” (UNEP 2018a). The plan's objectives include promoting the latest technology through ...,https://www.iges.or.jp › pub › policyreport › Best...,www_iges_or_jp_Best_Practices_for_Solid_Waste_Management.txt
Brazil,2018–2022,1,UNEP initiative Brazil plastic pollution policy revising policy law regulation strategy action plan circular economy chemicals waste pollution prevention control after:2018-01-01 before:2022-01-01,Annex – Comparative Analysis of Legal Frameworks,https://www.globalbattery.org/media/publications/wef-annex-comparative-analysis-of-legal-frameworks-2020.pdf,"In terms of realizing the goals of a circular economy in the context of the battery sector, it is vital that there are clear, coherent and sustainable avenues.",https://www.globalbattery.org › publications › w...,www_globalbattery_org_Annex_Comparative_Analysis_of_Legal_Frameworks.txt
Brazil,2018–2022,1,UNEP initiative Brazil plastic pollution policy revising policy law regulation strategy action plan circular economy chemicals waste pollution prevention control after:2018-01-01 before:2022-01-01,Annex – Comparative Analysis of Legal Frameworks,https://www.globalbattery.org/media/publications/wef-annex-comparative-analysis-of-legal-frameworks-2020.pdf,"In terms of realizing the goals of a circular economy in the context of the battery sector, it is vital that there are clear, coherent and sustainable avenues.",https://www.globalbattery.org › publications › w...,www_globalbattery_org_Annex_Comparative_Analysis_of_Legal_Frameworks.txt
Brazil,2018–2022,1,UNEP initiative Brazil plastic pollution policy revising policy law regulation strategy action plan circular economy chemicals waste pollution prevention control after:2018-01-01 before:2022-01-01,CARIBBEAN SUSTAINABLE TOURISM POLICY AND ...,https://www.onecaribbean.org/wp-content/uploads/2020-CSTPF-Final-for-Design-and-Translation-July-31-2020.pdf,"The 2020 Caribbean Sustainable Tourism Policy and. Development Framework (CSTPDF 2020), is an update to the previous Caribbean Sustainable Tourism Policy.",https://www.onecaribbean.org › uploads › 2020-C...,www_onecaribbean_org_CARIBBEAN_SUSTAINABLE_TOURISM_POLICY_AND_.txt
Brazil,2018–2022,1,UNEP initiative Brazil plastic pollution policy revising policy law regulation strategy action plan circular economy chemicals waste pollution prevention control after:2018-01-01 before:2022-01-01,Circular economy opportunities Vanuatu,https://climatepromise.undp.org/sites/default/files/research_report_document/undp-clmate-promise-vanuatu-circular-economy-opportunities.pdf,"Collaborating with development partners to develop circular procurement to reduce waste, resource extraction and GHG emissions associated with investments;. • ...",https://climatepromise.undp.org › default › files,climatepromise_undp_org_Circular_economy_opportunities_Vanuatu.txt
Brazil,2018–2022,1,UNEP initiative Brazil plastic pollution policy revising policy law regulation strategy action plan circular economy chemicals waste pollution prevention control after:2018-01-01 before:2022-01-01,17969VClist20180314.csv - SDGs - the United Nations,https://sdgs.un.org/sites/default/files/documents/17969VClist20180314.csv,"... waste energy, anti-drag systems, cleaner fuels and fuel adaptability), the use of renewable energies (solar, wind, kinetic) as well as through management ...",https://sdgs.un.org › sites › default › files › documents,sdgs_un_org_17969VClist20180314_csv_SDGs_the_United_Nations.txt
Brazil,2018–2022,1,UNEP initiative Brazil plastic pollution policy revising policy law regulation strategy action plan circular economy chemicals waste pollution prevention control after:2018-01-01 before:2022-01-01,Mineral Resource Governance in the 21st Century,https://www.greenpolicyplatform.org/sites/default/files/downloads/resource/irp-mineral_resource_governance-full_report-feb2020_compressed_compressed%20(1).pdf,"Greater resource efficiency and circularity need to be prioritized around the globe to reduce demand for virgin materials, as current trends of resource ...",https://www.greenpolicyplatform.org › downloads,www_greenpolicyplatform_org_Mineral_Resource_Governance_in_the_21st_Century.txt
Brazil,2018–2022,1,UNEP initiative Brazil plastic pollution policy revising policy law regulation strategy action plan circular economy chemicals waste pollution prevention control after:2018-01-01 before:2022-01-01,Sustainability transition and the European Green Deal,https://www.eionet.europa.eu/etcs/etc-wmge/products/etc-wmge-reports/sustainability-transition-and-the-european-green-deal-a-macro-dynamic-perspective/@@download/file/ETC-WMGE_Eionet%20ETC%20report_Macro%20transition%20GE%20December%202021.pdf,"Hueting (2010) argues that effective environmental regulation is likely to result in GDP degrowth, or at least during an initial period of transition, simply ...",https://www.eionet.europa.eu › products › file,www_eionet_europa_eu_Sustainability_transition_and_the_European_Green_D.txt
Brazil,2018–2022,1,UNEP initiative Brazil plastic pollution policy revising policy law regulation strategy action plan circular economy chemicals waste pollution prevention control after:2018-01-01 before:2022-01-01,Human Health and Ocean Pollution - PMC,https://pmc.ncbi.nlm.nih.gov/articles/PMC7731724/,Improvement in collection and management of solid waste is a key strategy for prevention and control of marine plastic pollution. UNESCO reports that seven ...,https://pmc.ncbi.nlm.nih.gov › articles › PMC7731724,pmc_ncbi_nlm_nih_gov_Human_Health_and_Ocean_Pollution_PMC.txt
Brazil,2018–2022,1,UNEP initiative Brazil plastic pollution policy revising policy law regulation strategy action plan circular economy chemicals waste pollution prevention control after:2018-01-01 before:2022-01-01,Journal Pre-proof - UQ eSpace - The University of Queensland,https://espace.library.uq.edu.au/view/UQ:9d77957/UQ9d77957_OA.pdf,"The leading and most recognised multi-stakeholder initiative for reducing plastic pollution is the New Plastics Economy Global Commitment (NPEGC), launched by ...",https://espace.library.uq.edu.au › view,espace_library_uq_edu_au_Journal_Pre_proof_UQ_eSpace_The_University_of_Quee.txt
Brazil,2018–2022,1,UNEP initiative Brazil plastic pollution policy revising policy law regulation strategy action plan circular economy chemicals waste pollution prevention control after:2018-01-01 before:2022-01-01,Germany is Ahead to Implement Sustainable Circular ...,https://mpra.ub.uni-muenchen.de/108566/1/MPRA_paper_108566.pdf,"This study tries to discuss aspects of application of circular economy (CE) in Germany. Since the start of the First Industrial Revolution (start in 1760), ...",https://mpra.ub.uni-muenchen.de › MPRA_paper_...,mpra_ub_uni-muenchen_de_Germany_is_Ahead_to_Implement_Sustainable_Circular.txt
Brazil,2018–2022,1,UNEP initiative Brazil plastic pollution policy revising policy law regulation strategy action plan circular economy chemicals waste pollution prevention control after:2018-01-01 before:2022-01-01,Plastic & Health: The Hidden Costs of a Plastic Planet,https://www.ciel.org/wp-content/uploads/2019/02/Plastic-and-Health-The-Hidden-Costs-of-a-Plastic-Planet-February-2019.pdf,"We envision a world in which plastics and other materials are not designed to be used for a matter of minutes and then thrown away, and we empower business, ...",https://www.ciel.org › uploads › 2019/02 › Plasti...,www_ciel_org_Plastic_Health_The_Hidden_Costs_of_a_Plastic_Plane.txt
Brazil,2018–2022,2,UNEP programme Brazil key sectors pollution prevention launched policy law regulation strategy action plan circular economy chemicals waste pollution prevention control after:2018-01-01 before:2022-01-01,United Nations Environment Assembly of the ...,https://apps1.unep.org/resolutions/uploads/unep_aheg_2018_1_inf_4_unea2_edited.pdf,Our distribution policy aims to reduce UNEP's carbon footprint. Recommended citation: UNEP (2016). Marine plastic debris and microplastics – Global ...,https://apps1.unep.org › resolutions › uploads › u...,apps1_unep_org_United_Nations_Environment_Assembly_of_the_.txt
Brazil,2018–2022,2,UNEP programme Brazil key sectors pollution prevention launched policy law regulation strategy action plan circular economy chemicals waste pollution prevention control after:2018-01-01 before:2022-01-01,Reduce marine plastics and plastic pollution in Latin ...,https://clmeplus.org/app/uploads/2020/06/10547_MFA_PIF.pdf,"The objective of the Partnership is to promote the environmentally sound management of household waste including its prevention and minimization, and enabling ...",https://clmeplus.org › 2020/06 › 10547_MFA_PIF,clmeplus_org_Reduce_marine_plastics_and_plastic_pollution_in_La.txt
Brazil,2018–2022,2,UNEP programme Brazil key sectors pollution prevention launched policy law regulation strategy action plan circular economy chemicals waste pollution prevention control after:2018-01-01 before:2022-01-01,20 Years of Government Responses to the Global Plastic ...,https://nicholasinstitute.duke.edu/sites/default/files/publications/20-Years-of-Government-Responses-to-the-Global-Plastic-Pollution-Problem_final_reduced.pdf,• [Strategy recommends to] develop programs and plan for management of waste to reduce the marine litter at source..[including to] encourage direct ...,https://nicholasinstitute.duke.edu › publications,nicholasinstitute_duke_edu_20_Years_of_Government_Responses_to_the_Global_Pla.txt
Brazil,2018–2022,2,UNEP programme Brazil key sectors pollution prevention launched policy law regulation strategy action plan circular economy chemicals waste pollution prevention control after:2018-01-01 before:2022-01-01,This publication captures SGP's experiences and lessons ...,https://www.facebook.com/UNEPCartagenaConvention/posts/this-publication-captures-sgps-experiences-and-lessons-learned-on-plastics-manag/3038200359555512/,"This publication captures SGP's experiences and lessons learned on plastics management, spanning not only the area of chemical and waste management, ...",5 reactions,www_facebook_com_This_publication_captures_SGP_s_experiences_and_le.txt
Brazil,2018–2022,2,UNEP programme Brazil key sectors pollution prevention launched policy law regulation strategy action plan circular economy chemicals waste pollution prevention control after:2018-01-01 before:2022-01-01,UN Environment Global Chemicals Outlook II,https://orbit.dtu.dk/files/170843838/GCOII_synth.pdf,"It covered trends and indicators for chemical production, transport, use and disposal, and associated health and environmental impacts; economic implications of ...",https://orbit.dtu.dk › files › GCOII_synth,orbit_dtu_dk_UN_Environment_Global_Chemicals_Outlook_II.txt
Brazil,2018–2022,2,UNEP programme Brazil key sectors pollution prevention launched policy law regulation strategy action plan circular economy chemicals waste pollution prevention control after:2018-01-01 before:2022-01-01,"The Role of Legislation, Regulatory Initiatives and ...",https://www.frontiersin.org/journals/environmental-science/articles/10.3389/fenvs.2020.00104/full,"There is the need to create and implement legislation aimed at curtailing, and, ideally, eliminating, the continual growing threats of plastic waste.",https://www.frontiersin.org › fenvs.2020.00104 › full,www_frontiersin_org_The_Role_of_Legislation_Regulatory_Initiatives_and.txt
Brazil,2018–2022,2,UNEP programme Brazil key sectors pollution prevention launched policy law regulation strategy action plan circular economy chemicals waste pollution prevention control after:2018-01-01 before:2022-01-01,Businesses,https://www.unep.org/beatpollution/businesses,"The RC Pollution Prevention Code focuses on reducing contaminants and pollutants released to air, water, and land, as well as the amount of waste generated at ...",https://www.unep.org › beatpollution › businesses,www_unep_org_Businesses.txt
Brazil,2018–2022,2,UNEP programme Brazil key sectors pollution prevention launched policy law regulation strategy action plan circular economy chemicals waste pollution prevention control after:2018-01-01 before:2022-01-01,FROM POLLUTION TO SOLUTION,https://www.gdr-po.cnrs.fr/docs/UNEP_2021.pdf,United Nations Environment Programme (2021). From Pollution to. Solution. A global assessment of marine litter and plastic pollution Nairobi. Production. United ...,https://www.gdr-po.cnrs.fr › docs › UNEP_2021,www_gdr-po_cnrs_fr_FROM_POLLUTION_TO_SOLUTION.txt
Brazil,2018–2022,2,UNEP programme Brazil key sectors pollution prevention launched policy law regulation strategy action plan circular economy chemicals waste pollution prevention control after:2018-01-01 before:2022-01-01,Regional Nutrient Pollution Reduction Strategy and Action ...,https://gefcrew.org/carrcu/19IGM/LBSCOP5/Info-Docs/WG.41INF.10Rev.1-en.pdf,"Nutrient cycles represent a key nexus point between global economic, social, and environmental challenges. ... Under the Global Programme of Action for the ...",https://gefcrew.org › LBSCOP5 › Info-Docs,gefcrew_org_Regional_Nutrient_Pollution_Reduction_Strategy_and.txt
Brazil,2018–2022,2,UNEP programme Brazil key sectors pollution prevention launched policy law regulation strategy action plan circular economy chemicals waste pollution prevention control after:2018-01-01 before:2022-01-01,Circular Economy,https://eba.se/app/uploads/2021/05/WP_2021_05_Slunge-Andersson-Wikstr%C3%B6m-Sterner.pdf,"critical issues for a circular economy such as resource efficiency, decoupling, waste management and pollution prevention. But, generally this literature is ...",https://eba.se › app › uploads › 2021/05 › WP_2...,eba_se_Circular_Economy.txt
Brazil,2018–2022,2,UNEP programme Brazil key sectors pollution prevention launched policy law regulation strategy action plan circular economy chemicals waste pollution prevention control after:2018-01-01 before:2022-01-01,Plastic pollution in the marine environment,https://www.sciencedirect.com/science/article/pii/S2405844020315528,"This Policy Strategies and National Action Plan focus on addressing the issue of plastic pollution in marine water in Sri Lanka as one of grave concern (IUCN, ...",https://www.sciencedirect.com › science › article › pii,www_sciencedirect_com_Plastic_pollution_in_the_marine_environment.txt
Brazil,2018–2022,2,UNEP programme Brazil key sectors pollution prevention launched policy law regulation strategy action plan circular economy chemicals waste pollution prevention control after:2018-01-01 before:2022-01-01,water in circular economyand resilience (wicer),https://openknowledge.worldbank.org/bitstreams/d0529388-cd9b-5cbb-ba9b-0c39f20ffeb4/download,"In 2017, the. World Economic Forum, in cooperation with the United Nations Environment. Programme (UNEP), launched the Platform for Accelerating the Circular.",https://openknowledge.worldbank.org › download,openknowledge_worldbank_org_water_in_circular_economyand_resilience_wicer_.txt
Brazil,2018–2022,2,UNEP programme Brazil key sectors pollution prevention launched policy law regulation strategy action plan circular economy chemicals waste pollution prevention control after:2018-01-01 before:2022-01-01,Global Chemicals OutlooK II,https://www.efdinitiative.org/sites/default/files/publications/gcoii_synth.pdf,"draft National Action Plan for Chemicals and Brazil with its landmark draft law on the inventory, evaluation and control of chemicals. These examples create ...",https://www.efdinitiative.org › files › gcoii_synth,www_efdinitiative_org_Global_Chemicals_OutlooK_II.txt
Brazil,2018–2022,2,UNEP programme Brazil key sectors pollution prevention launched policy law regulation strategy action plan circular economy chemicals waste pollution prevention control after:2018-01-01 before:2022-01-01,Demystifying Finance for Circular Economies,https://www.unepfi.org/wordpress/wp-content/uploads/2021/03/UNEPFI_DemystfyingFinanceCircularity-2020-2.pdf,This report offers emerging evidence of the potential to scale up finance to accelerate the shift away from a take-make-waste model of resource use and ...,https://www.unepfi.org › uploads › 2021/03 › U...,www_unepfi_org_Demystifying_Finance_for_Circular_Economies.txt
Brazil,2018–2022,2,UNEP programme Brazil key sectors pollution prevention launched policy law regulation strategy action plan circular economy chemicals waste pollution prevention control after:2018-01-01 before:2022-01-01,Agenda 21.pdf,https://www.un.org/esa/dsd/agenda21/Agenda%2021.pdf,"Principles for a Global Consensus on the Management,. Conservation and Sustainable Development of All Types of Forests . . . . . . . . . . . . . ..**...........",https://www.un.org › esa › dsd › agenda21,www_un_org_Agenda_21_pdf.txt
Brazil,2018–2022,2,UNEP programme Brazil key sectors pollution prevention launched policy law regulation strategy action plan circular economy chemicals waste pollution prevention control after:2018-01-01 before:2022-01-01,WASTE SECTOR,https://gggi.org/wp-content/uploads/2020/10/20022_Jordan_Waste_v03_HL_Web.pdf,"During the process of developing this plan, the. Ministry of Environment has taken impressive efforts to strengthen its partnerships with the government.",https://gggi.org › wp-content › uploads › 2020/10,gggi_org_WASTE_SECTOR.txt
Brazil,2018–2022,2,UNEP programme Brazil key sectors pollution prevention launched policy law regulation strategy action plan circular economy chemicals waste pollution prevention control after:2018-01-01 before:2022-01-01,The Global E-waste Monitor 2020,https://ewastemonitor.info/wp-content/uploads/2020/11/GEM_2020_def_july1_low.pdf,"Monitoring the quantities and flows of e-waste is essential for evaluating developments over time, and to set and assess targets towards a sustainable society ...",https://ewastemonitor.info › uploads › 2020/11,ewastemonitor_info_The_Global_E_waste_Monitor_2020.txt
Brazil,2018–2022,2,UNEP programme Brazil key sectors pollution prevention launched policy law regulation strategy action plan circular economy chemicals waste pollution prevention control after:2018-01-01 before:2022-01-01,What is your country doing to tackle e-waste? Nigeria🇳🇬 ...,https://www.facebook.com/unep/posts/what-is-your-country-doing-to-tackle-e-waste-nigeria-is-kickstarting-a-circulare/10157916448890712/,"RecyclePoints ♻️ an incentive based waste recycling initiative, promises a future where every individual will benefit directly from a good waste management best ...",https://www.facebook.com › unep › posts › what-is-yo...,www_facebook_com_What_is_your_country_doing_to_tackle_e_waste_Niger.txt
Brazil,2018–2022,2,UNEP programme Brazil key sectors pollution prevention launched policy law regulation strategy action plan circular economy chemicals waste pollution prevention control after:2018-01-01 before:2022-01-01,CHINA'S ENVIRONMENTAL CAMPAIGN,https://nyujilp.org/wp-content/uploads/2019/09/NYI402.pdf,"127 Under these policy directions, pollution control in waste processing and recycling industries is consis- tent with the broader goals of economic ...",https://nyujilp.org › uploads › 2019/09 › NYI402,nyujilp_org_CHINA_S_ENVIRONMENTAL_CAMPAIGN.txt
Brazil,2018–2022,2,UNEP programme Brazil key sectors pollution prevention launched policy law regulation strategy action plan circular economy chemicals waste pollution prevention control after:2018-01-01 before:2022-01-01,"Assessing threats, regulations, and strategies to abate plastic ...",https://pmc.ncbi.nlm.nih.gov/articles/PMC9759372/,This paper will assess the main COVID-19 plastic pollution threats and LAC beaches' regulations to suggest possible measures to abate this problem.,https://pmc.ncbi.nlm.nih.gov › articles › PMC9759372,pmc_ncbi_nlm_nih_gov_Assessing_threats_regulations_and_strategies_to_ab.txt
Brazil,2018–2022,2,UNEP programme Brazil key sectors pollution prevention launched policy law regulation strategy action plan circular economy chemicals waste pollution prevention control after:2018-01-01 before:2022-01-01,First Global Report,https://environmentalmigration.iom.int/sites/g/files/tmzbdl1411/files/documents/2023-11/environmental_rule_of_law.pdf,"This new report on the Environmental. Rule of Law will help us improve compliance with environmental law, which is essential to ensuring protection of ...",https://environmentalmigration.iom.int › files › e...,environmentalmigration_iom_int_First_Global_Report.txt
Brazil,2018–2022,2,UNEP programme Brazil key sectors pollution prevention launched policy law regulation strategy action plan circular economy chemicals waste pollution prevention control after:2018-01-01 before:2022-01-01,Pharmaceutical Residues in Freshwater (EN),https://www.oecd.org/content/dam/oecd/en/publications/reports/2019/11/pharmaceutical-residues-in-freshwater_33f873ac/c936f42d-en.pdf,"The OECD Council Recommendation on Water calls for Adherents to prevent, reduce and manage all sources of water pollution, in surface and ground waters and ...",https://www.oecd.org › oecd › reports › 2019/11,www_oecd_org_Pharmaceutical_Residues_in_Freshwater_EN_.txt
Brazil,2018–2022,2,UNEP programme Brazil key sectors pollution prevention launched policy law regulation strategy action plan circular economy chemicals waste pollution prevention control after:2018-01-01 before:2022-01-01,Solid waste management in the context of the waste hierarchy ...,https://academic.oup.com/ieam/article/20/1/9/7725080,"We qualitatively evaluated global SWM strategies and practices, identifying opportunities, barriers, and best practices.",https://academic.oup.com › ieam › article,academic_oup_com_Solid_waste_management_in_the_context_of_the_waste.txt
Brazil,2018–2022,2,UNEP programme Brazil key sectors pollution prevention launched policy law regulation strategy action plan circular economy chemicals waste pollution prevention control after:2018-01-01 before:2022-01-01,International Environmental Law,https://library.sprep.org/sites/default/files/2021-03/international-environmental-law.pdf,"International Environmental Law offers a concise, conceptually clear, and legally rigorous introduction to contemporary international environmental.",https://library.sprep.org › sites › default › files › i...,library_sprep_org_International_Environmental_Law.txt
Brazil,2018–2022,2,UNEP programme Brazil key sectors pollution prevention launched policy law regulation strategy action plan circular economy chemicals waste pollution prevention control after:2018-01-01 before:2022-01-01,"One year after the launch of #CleanSeas, the tide is turning",https://www.unep.org/news-and-stories/story/one-year-after-launch-cleanseas-tide-turning,"By the end of March, 42 countries from Brazil to Belgium and from the Maldives to Iceland had signed up to the #CleanSeas campaign, with many making firm ...","https://www.unep.org › News, Stories & Speeches",www_unep_org_One_year_after_the_launch_of_CleanSeas_the_tide_is.txt
Brazil,2018–2022,2,UNEP programme Brazil key sectors pollution prevention launched policy law regulation strategy action plan circular economy chemicals waste pollution prevention control after:2018-01-01 before:2022-01-01,"(PDF) Impacts of Plastic Pollution on Ecosystem Services, ...",https://www.researchgate.net/publication/354380794_Impacts_of_Plastic_Pollution_on_Ecosystem_Services_Sustainable_Development_Goals_and_Need_to_Focus_on_Circular_Economy_and_Policy_Interventions,The overall goal of this review is to provide background assessment on the adverse effects of plastic pollution on natural ecosystems; interlink the management ...,https://www.researchgate.net › publication › 35438079...,www_researchgate_net__PDF_Impacts_of_Plastic_Pollution_on_Ecosystem_Ser.txt
Brazil,2018–2022,2,UNEP programme Brazil key sectors pollution prevention launched policy law regulation strategy action plan circular economy chemicals waste pollution prevention control after:2018-01-01 before:2022-01-01,FROM POLLUTION TO SOLUTION,https://medblueconomyplatform.org/wp-content/uploads/2021/10/2021_frompollutiontosolution.pdf,United Nations Environment Programme (2021). From Pollution to. Solution. A global assessment of marine litter and plastic pollution Nairobi. Production. United ...,https://medblueconomyplatform.org › 2021/10,medblueconomyplatform_org_FROM_POLLUTION_TO_SOLUTION.txt
Brazil,2018–2022,2,UNEP programme Brazil key sectors pollution prevention launched policy law regulation strategy action plan circular economy chemicals waste pollution prevention control after:2018-01-01 before:2022-01-01,Case studies on Circular Economy models and integration ...,https://eulacfoundation.org/en/system/files/case_studies_circular_economy_eu_lac.pdf,"In the context of environmental sustainability, the Circular economy (CE) model consists of a strategy that reduces the negative impact on the environment, ...",https://eulacfoundation.org › system › files › case...,eulacfoundation_org_Case_studies_on_Circular_Economy_models_and_integr.txt
Brazil,2018–2022,2,UNEP programme Brazil key sectors pollution prevention launched policy law regulation strategy action plan circular economy chemicals waste pollution prevention control after:2018-01-01 before:2022-01-01,THE CIRCULAR ECONOMY AS DEVELOPMENT ...,https://www.circulareconomy.co.za/wp-content/uploads/2021/12/CSIR-2021-Circular-Economy-As-Development-Opportunity.pdf,"In addition, a circular economy creates direct environmental benefits, including reduced use of virgin resources; reduced waste and pollution; the regeneration ...",https://www.circulareconomy.co.za › 2021/12,www_circulareconomy_co_za_THE_CIRCULAR_ECONOMY_AS_DEVELOPMENT_.txt
Brazil,2018–2022,2,UNEP programme Brazil key sectors pollution prevention launched policy law regulation strategy action plan circular economy chemicals waste pollution prevention control after:2018-01-01 before:2022-01-01,"Missions, Policies, and Protocols",https://www.indiascienceandtechnology.gov.in/listingpage/missions-policies-and-protocols,"National Environment Policy 2006. The National Environment Policy is intended to be a guide to action in regulatory reforms, programmes and projects for ...",https://www.indiascienceandtechnology.gov.in › missio...,www_indiascienceandtechnology_gov_in_Missions_Policies_and_Protocols.txt
Brazil,2018–2022,2,UNEP programme Brazil key sectors pollution prevention launched policy law regulation strategy action plan circular economy chemicals waste pollution prevention control after:2018-01-01 before:2022-01-01,Pharmaceutical pollution: A weakly regulated global ...,https://onlinelibrary.wiley.com/doi/10.1111/reel.12422,"In 2006, the United Nations Environment Programme (UNEP) facilitated negotiations towards an instrument that would lay out the work plan to achieve the 2020 ...",https://onlinelibrary.wiley.com › doi › reel,onlinelibrary_wiley_com_Pharmaceutical_pollution_A_weakly_regulated_global.txt
Brazil,2018–2022,2,UNEP programme Brazil key sectors pollution prevention launched policy law regulation strategy action plan circular economy chemicals waste pollution prevention control after:2018-01-01 before:2022-01-01,Plastic Waste Management Practices in Zanzibar's Coastal ...,https://www.mdpi.com/2071-1050/17/21/9692,"A growing body of research highlights the significance of women's participation in waste prevention, emphasizing the importance of socially inclusive strategies ...",https://www.mdpi.com › ...,www_mdpi_com_Plastic_Waste_Management_Practices_in_Zanzibar_s_C.txt
Brazil,2018–2022,2,UNEP programme Brazil key sectors pollution prevention launched policy law regulation strategy action plan circular economy chemicals waste pollution prevention control after:2018-01-01 before:2022-01-01,"Instead of Waste-ing Away, Cities are Teaming Up to ...",https://www.ccacoalition.org/news/instead-waste-ing-away-cities-are-teaming-prevent-pollution,"The Initiative aims to reduce the short-lived climate pollutants methane and black carbon from the waste sector by training city officials, providing expertise ...",https://www.ccacoalition.org › news › instead-waste-ing...,www_ccacoalition_org_Instead_of_Waste_ing_Away_Cities_are_Teaming_Up_to.txt
Brazil,2018–2022,2,UNEP programme Brazil key sectors pollution prevention launched policy law regulation strategy action plan circular economy chemicals waste pollution prevention control after:2018-01-01 before:2022-01-01,G20 Report on Actions against Marine Plastic Litter,https://apps1.unep.org/resolutions/uploads/g20_mpl_1st_followup_report191029.pdf,"BIC have committed to “prevent and significantly reduce marine pollution of all kinds, in particular from land-based activities, including marine debris and ...",https://apps1.unep.org › resolutions › uploads,apps1_unep_org_G20_Report_on_Actions_against_Marine_Plastic_Litte.txt
Brazil,2018–2022,2,UNEP programme Brazil key sectors pollution prevention launched policy law regulation strategy action plan circular economy chemicals waste pollution prevention control after:2018-01-01 before:2022-01-01,Strategic Frameworks support for Brazil through UNEP,https://www.greenclimate.fund/document/strategic-frameworks-support-brazil-through-unep,"The NDC targets to reduce GHG emissions by 37% in 2025 and 43% in 2030.1 The project 'Mitigation Options of GHG Emissions in Key Sectors in Brazil', prepared in ...",https://www.greenclimate.fund › document › strategic-f...,www_greenclimate_fund_Strategic_Frameworks_support_for_Brazil_through_UN.txt
Brazil,2018–2022,2,UNEP programme Brazil key sectors pollution prevention launched policy law regulation strategy action plan circular economy chemicals waste pollution prevention control after:2018-01-01 before:2022-01-01,Industry 4.0: Empowering ASEAN for the Circular Economy,https://www.eria.org/uploads/media/ERIA-Books-2018-Industry4.0-Circular_Economy.pdf,The circular economy represents a fundamental and necessary alternative to the linear take–make–consume–dispose economic model that currently predominates ...,https://www.eria.org › uploads › media › ERIA-...,www_eria_org_Industry_4_0_Empowering_ASEAN_for_the_Circular_Eco.txt
Brazil,2018–2022,2,UNEP programme Brazil key sectors pollution prevention launched policy law regulation strategy action plan circular economy chemicals waste pollution prevention control after:2018-01-01 before:2022-01-01,Toward a Global Understanding of Chemical Pollution,https://pubs.acs.org/doi/10.1021/acs.est.9b06379,"Chemicals, while bringing benefits to society, may be released during their lifecycles and possibly cause harm to humans and ecosystems. Chemical pollution ...",https://pubs.acs.org › doi,pubs_acs_org_Toward_a_Global_Understanding_of_Chemical_Pollutio.txt
Brazil,2018–2022,2,UNEP programme Brazil key sectors pollution prevention launched policy law regulation strategy action plan circular economy chemicals waste pollution prevention control after:2018-01-01 before:2022-01-01,Philippine Sustainable Finance Roadmap,https://www.bsp.gov.ph/Regulations/Issuances/2022/CL-2022-011.pdf,"The concept of circular economy, an economy in which waste and pollution do not exist by design, products, materials are kept in use, and natural systems are ...",https://www.bsp.gov.ph › Regulations › Issuances,www_bsp_gov_ph_Philippine_Sustainable_Finance_Roadmap.txt
Brazil,2018–2022,2,UNEP programme Brazil key sectors pollution prevention launched policy law regulation strategy action plan circular economy chemicals waste pollution prevention control after:2018-01-01 before:2022-01-01,Fourth National Communication of Brazil to the UNFCCC - MCTI,https://antigo.mctic.gov.br/mctic/export/sites/institucional/arquivos/SIRENE/Comunicacoes-Nacionais-do-Brasil-a-UNFCCC/2020_12_22_4CN_v5_Ingles.pdf,"In order to secure the submission of a new National Communication by December 2020, technical and scientific input have been developed from official national ...",https://antigo.mctic.gov.br › arquivos › SIRENE,antigo_mctic_gov_br_Fourth_National_Communication_of_Brazil_to_the_UNF.txt
Brazil,2018–2022,2,UNEP programme Brazil key sectors pollution prevention launched policy law regulation strategy action plan circular economy chemicals waste pollution prevention control after:2018-01-01 before:2022-01-01,For people and planet: the UNEP strategy for 2022–2025,https://www.unep.org/resources/key-documents/people-and-planet-unep-strategy-2022-2025,"UNEP will step into this period by driving transformative, multi-stakeholder actions that target the causes of climate change, biodiversity loss and pollution.",https://www.unep.org › resources › key-documents › p...,www_unep_org_For_people_and_planet_the_UNEP_strategy_for_2022_2.txt
Brazil,2022–2026,1,UNEP supported Brazil hazardous waste regulation adopted policy law regulation strategy action plan circular economy chemicals waste pollution prevention control after:2022-01-01 before:2026-01-01,♻️ A life-cycle approach to plastics could save $70 billion ...,https://www.facebook.com/TheGEF1/posts/%EF%B8%8F-a-life-cycle-approach-to-plastics-could-save-70-billion-in-waste-costs-and-45-/1236111801877687/,"“This UNEP report lays out a roadmap to dramatically reduce these risks through adopting a circular approach that keeps plastics out of ecosystems, out of our ...",10+ reactions,www_facebook_com__A_life_cycle_approach_to_plastics_could_save_70_b.txt
Brazil,2022–2026,1,UNEP supported Brazil hazardous waste regulation adopted policy law regulation strategy action plan circular economy chemicals waste pollution prevention control after:2022-01-01 before:2026-01-01,"UNEP, annual report, 2022",https://www.unep.org/annualreport/2022,"Big strides were made on chemicals, waste and pollution. The resolution to start negotiating a deal on ending plastic pollution plugs a critical gap in ...",https://www.unep.org › annualreport,www_unep_org_UNEP_annual_report_2022.txt
Brazil,2022–2026,1,UNEP supported Brazil hazardous waste regulation adopted policy law regulation strategy action plan circular economy chemicals waste pollution prevention control after:2022-01-01 before:2026-01-01,An analysis of the legal and management aspects of plastic ...,https://www.sciencedirect.com/science/article/pii/S2666188825006847,"In Brazil, several measures have been adopted to address this issue. The National Solid Waste Policy (NSWP) is one of the key frameworks guiding the country ...",https://www.sciencedirect.com › science › article › pii,www_sciencedirect_com_An_analysis_of_the_legal_and_management_aspects_of.txt
Brazil,2022–2026,1,UNEP supported Brazil hazardous waste regulation adopted policy law regulation strategy action plan circular economy chemicals waste pollution prevention control after:2022-01-01 before:2026-01-01,TRANSITIONING TO A CIRCULAR ECONOMY THROUGH ...,https://www.undp.org/sites/g/files/zskgke326/files/2022-03/UNDP-GEF-Transitioning-to-a-Circular-Economy-Through-Chemical-and-Waste-Management.pdf,assistance: support the design of bans or restrictions on the use of hazardous or harmful substances in the manufacturing of e-products; electronic waste.,https://www.undp.org › files › zskgke326 › files,www_undp_org_TRANSITIONING_TO_A_CIRCULAR_ECONOMY_THROUGH_.txt
Brazil,2022–2026,1,UNEP supported Brazil hazardous waste regulation adopted policy law regulation strategy action plan circular economy chemicals waste pollution prevention control after:2022-01-01 before:2026-01-01,Technical guidelines,https://www.basel.int/Portals/4/download.aspx?d=UNEP-CHW.15-6-Add.1-Rev.1.English.pdf,"The 2013 Framework for the environmentally sound management of hazardous wastes and other wastes (“ESM framework”)16 (UNEP, 2013a) was adopted at the eleventh ...",https://www.basel.int › Portals › download › d=U...,www_basel_int_Technical_guidelines.txt
Brazil,2022–2026,1,UNEP supported Brazil hazardous waste regulation adopted policy law regulation strategy action plan circular economy chemicals waste pollution prevention control after:2022-01-01 before:2026-01-01,United Nations Environment Programme Assembled text*,https://resolutions.unep.org/incres/uploads/k2512852e_-_unep-pp-inc-5-crp.1_-_amended_final.pdf,"[The Global Environment Facility Trust Fund will additionally support the catalysing of investment in waste management infrastructure development, plastic waste ...",https://resolutions.unep.org › incres › uploads › k...,resolutions_unep_org_United_Nations_Environment_Programme_Assembled_tex.txt
Brazil,2022–2026,1,UNEP supported Brazil hazardous waste regulation adopted policy law regulation strategy action plan circular economy chemicals waste pollution prevention control after:2022-01-01 before:2026-01-01,BRS Conventions > Media Hub > Press Releases,https://www.brsmeas.org/MediaHub/PressReleases/tabid/2644/language/en-US/Default.aspx,"Over 1,600 participants from 170 countries have gathered in Geneva for the 2025 BRS COPs to tackle hazardous chemicals and waste. A High-Level Segment will ...",https://www.brsmeas.org › language › en-US › Default,www_brsmeas_org_BRS_Conventions_Media_Hub_Press_Releases.txt
Brazil,2022–2026,1,UNEP supported Brazil hazardous waste regulation adopted policy law regulation strategy action plan circular economy chemicals waste pollution prevention control after:2022-01-01 before:2026-01-01,Environmental legislation analysis improvement approach ...,https://www.frontiersin.org/journals/marine-science/articles/10.3389/fmars.2024.1481635/full,"In March 1989, the United Nations Environment Program adopted the Basel Convention on the Control of Transboundary Movements of Hazardous Wastes and Their ...",https://www.frontiersin.org › fmars.2024.1481635 › full,www_frontiersin_org_Environmental_legislation_analysis_improvement_app.txt
Brazil,2022–2026,1,UNEP supported Brazil hazardous waste regulation adopted policy law regulation strategy action plan circular economy chemicals waste pollution prevention control after:2022-01-01 before:2026-01-01,Regional Plastics Outlook for Southeast and East Asia,https://www.oecd.org/en/publications/regional-plastics-outlook-for-southeast-and-east-asia_5a8ff43c-en/full-report/the-landscape-of-current-policies-to-tackle-plastic-pollution_408249bf.html,This chapter reviews the current policy landscape related to plastics and plastic pollution in the 13 ASEAN Plus Three (APT) countries.,https://www.oecd.org › ... › Full Report,www_oecd_org_Regional_Plastics_Outlook_for_Southeast_and_East_A.txt
Brazil,2022–2026,1,UNEP supported Brazil hazardous waste regulation adopted policy law regulation strategy action plan circular economy chemicals waste pollution prevention control after:2022-01-01 before:2026-01-01,Summary report 28 April – 9 May 2025,https://enb.iisd.org/basel-rotterdam-stockholm-conventions-brs-cops-2025-summary,"Hazardous chemicals and wastes pose invisible dangers to health, the environment, and economic growth. Increasingly complex chemicals, such as persistent ...",https://enb.iisd.org › basel-rotterdam-stockholm-conven...,enb_iisd_org_Summary_report_28_April_9_May_2025.txt
Brazil,2022–2026,1,UNEP supported Brazil hazardous waste regulation adopted policy law regulation strategy action plan circular economy chemicals waste pollution prevention control after:2022-01-01 before:2026-01-01,WASTE TRADE AND DISPOSAL IN THE AMERICAS,https://lawreview.vermontlaw.edu/wp-content/uploads/2025/12/21VtLRev873.pdf,This combination of stricter regulations and rising costs provides the basis for the increase in hazardous waste exports from the United States. Waste ...,https://lawreview.vermontlaw.edu › 2025/12,lawreview_vermontlaw_edu_WASTE_TRADE_AND_DISPOSAL_IN_THE_AMERICAS.txt
Brazil,2022–2026,1,UNEP supported Brazil hazardous waste regulation adopted policy law regulation strategy action plan circular economy chemicals waste pollution prevention control after:2022-01-01 before:2026-01-01,Overcoming Plastic Pollution: Challenges Faced by ...,https://www.sciencepolicyjournal.org/uploads/5/4/3/4/5434385/faroni-perez_jspg_22-2.pdf,"Brazil has not yet implemented a ban on single-use plastics, but some municipalities have laws regulating plastic bags and straws. In Brazil, other policies/ ...",https://www.sciencepolicyjournal.org › uploads,www_sciencepolicyjournal_org_Overcoming_Plastic_Pollution_Challenges_Faced_by_.txt
Brazil,2022–2026,1,UNEP supported Brazil hazardous waste regulation adopted policy law regulation strategy action plan circular economy chemicals waste pollution prevention control after:2022-01-01 before:2026-01-01,Regional Plastics Outlook for Southeast and East Asia,https://www.oecd.org/en/publications/regional-plastics-outlook-for-southeast-and-east-asia_5a8ff43c-en/full-report/the-landscape-of-current-policies-to-tackle-plastic-pollution_408249bf.html,This chapter reviews the current policy landscape related to plastics and plastic pollution in the 13 ASEAN Plus Three (APT) countries.,https://www.oecd.org › ... › Full Report,www_oecd_org_Regional_Plastics_Outlook_for_Southeast_and_East_A.txt
Brazil,2022–2026,1,UNEP supported Brazil hazardous waste regulation adopted policy law regulation strategy action plan circular economy chemicals waste pollution prevention control after:2022-01-01 before:2026-01-01,Extended Producer Responsibility (EPR) schemes for used ...,https://quimicos.minambiente.gov.co/wp-content/uploads/2025/09/Report-ULAB-EN.pdf,"The Intergovernmental Network on Chemicals and Waste for Latin America and the Caribbean6 de- veloped an Action Plan for the 2019-2020 biennium, updated for the ...",https://quimicos.minambiente.gov.co › 2025/09,quimicos_minambiente_gov_co_Extended_Producer_Responsibility_EPR_schemes_for_u.txt
Brazil,2022–2026,1,UNEP supported Brazil hazardous waste regulation adopted policy law regulation strategy action plan circular economy chemicals waste pollution prevention control after:2022-01-01 before:2026-01-01,Uniting Against Pollution: New UN Panel Takes Aim ...,https://www.facebook.com/groups/sustainability.supporters/posts/10161888672264862/,"Global plastic pollution could be slashed by 80% by 2040, according to a report from the UN Environment Programme (Unep). The changes needed are major, but are ...",2 comments,www_facebook_com_Uniting_Against_Pollution_New_UN_Panel_Takes_Aim_.txt
Brazil,2022–2026,1,UNEP supported Brazil hazardous waste regulation adopted policy law regulation strategy action plan circular economy chemicals waste pollution prevention control after:2022-01-01 before:2026-01-01,"Welcome to the New Green Year, 2025 | Jacob Olonde",https://www.linkedin.com/posts/jacob-olonde-69494a30_welcome-to-the-new-green-year-2025-to-address-activity-7282020198944002048-dPbG,"-Circular Design: Products are designed for reuse, repair, and recycling, reducing waste and environmental impact. GLOBAL INITIATIVES: -UNEP's Circularity ...",10+ reactions,www_linkedin_com_Welcome_to_the_New_Green_Year_2025_Jacob_Olonde.txt
Brazil,2022–2026,1,UNEP supported Brazil hazardous waste regulation adopted policy law regulation strategy action plan circular economy chemicals waste pollution prevention control after:2022-01-01 before:2026-01-01,Conference of European Statisticians Framework on Waste ...,https://unece.org/sites/default/files/2022-01/ECECESSTAT20212.pdf,This document was prepared by the Task Force on Waste Statistics under its mandate from the. Conference of European Statisticians. The Conference endorsed ...,https://unece.org › files › ECECESSTAT20212,unece_org_Conference_of_European_Statisticians_Framework_on_.txt
Brazil,2022–2026,1,UNEP supported Brazil hazardous waste regulation adopted policy law regulation strategy action plan circular economy chemicals waste pollution prevention control after:2022-01-01 before:2026-01-01,Policies and Strategies for the Management of NORM ...,https://www-pub.iaea.org/MTCD/publications/PDF/p15294-PUB2089_web.pdf,An example of the adoption of policies supporting the circular economy can be seen in the European Commission Circular Economy Action Plan [23]. This plan ...,https://www-pub.iaea.org › publications › PDF,www-pub_iaea_org_Policies_and_Strategies_for_the_Management_of_NORM.txt
Brazil,2022–2026,1,UNEP supported Brazil hazardous waste regulation adopted policy law regulation strategy action plan circular economy chemicals waste pollution prevention control after:2022-01-01 before:2026-01-01,Library,https://saicmknowledge.org/library,"The video covers the crucial issues surrounding chemical policies in today's world, the unseen effects of chemicals in everyday life and the global push for ...",https://saicmknowledge.org › library,saicmknowledge_org_Library.txt
Brazil,2022–2026,1,UNEP supported Brazil hazardous waste regulation adopted policy law regulation strategy action plan circular economy chemicals waste pollution prevention control after:2022-01-01 before:2026-01-01,International Legal Systems in Tackling the Marine Plastic ...,https://www.mdpi.com/2073-4441/17/10/1547,This study uses a doctrinal legal approach to examine how UNCLOS and MARPOL respond to marine plastic pollution (MPP) with a focus on their ability to handle ...,https://www.mdpi.com › ...,www_mdpi_com_International_Legal_Systems_in_Tackling_the_Marine.txt
Brazil,2022–2026,1,UNEP supported Brazil hazardous waste regulation adopted policy law regulation strategy action plan circular economy chemicals waste pollution prevention control after:2022-01-01 before:2026-01-01,Impact of emerging packaging regulations on international ...,https://onlinelibrary.wiley.com/doi/full/10.1111/jiec.70079,"This forum article reviews key regulatory frameworks from Asia, Europe, and the Americas, detailing material bans, reuse and refill targets, recycling mandates, ...",https://onlinelibrary.wiley.com › doi › full › jiec,onlinelibrary_wiley_com_Impact_of_emerging_packaging_regulations_on_intern.txt
Brazil,2022–2026,1,UNEP supported Brazil hazardous waste regulation adopted policy law regulation strategy action plan circular economy chemicals waste pollution prevention control after:2022-01-01 before:2026-01-01,United Nations Environment Programme,https://en.wikipedia.org/wiki/United_Nations_Environment_Programme,The United Nations Environment Programme (UNEP) is responsible for coordinating responses to environmental issues within the United Nations system.,https://en.wikipedia.org › wiki › United_Nations_Envir...,en_wikipedia_org_United_Nations_Environment_Programme.txt
Brazil,2022–2026,1,UNEP supported Brazil hazardous waste regulation adopted policy law regulation strategy action plan circular economy chemicals waste pollution prevention control after:2022-01-01 before:2026-01-01,https://chm.pops.int/Portals/0/download.aspx?d=UNE...,https://chm.pops.int/Portals/0/download.aspx?d=UNEP-POPS-COP.12-32.English.docx,"Multilateral environmental agreements could incentivize industry to innovate and produce better and more circular products, in turn reducing the high costs of ...",https://chm.pops.int › Portals › download › d=UN...,chm_pops_int_https_chm_pops_int_Portals_0_download_aspx_d_UNE_.txt
Brazil,2022–2026,1,UNEP supported Brazil hazardous waste regulation adopted policy law regulation strategy action plan circular economy chemicals waste pollution prevention control after:2022-01-01 before:2026-01-01,International environmental protection report (April 2022 to ...,https://www.gov.uk/government/publications/international-environmental-protection-report/international-environmental-protection-report-april-2022-to-march-2024,"The newly adopted framework calls for the prevention of the illegal trade and trafficking of chemicals and waste, increased global action on highly hazardous ...",https://www.gov.uk › government › publications › inter...,www_gov_uk_International_environmental_protection_report_Apri.txt
Brazil,2022–2026,1,UNEP supported Brazil hazardous waste regulation adopted policy law regulation strategy action plan circular economy chemicals waste pollution prevention control after:2022-01-01 before:2026-01-01,Brazil's renewed focus on chemical policies,https://www.enhesa.com/resources/article/brazils-renewed-focus-on-chemical-policies/,"Brazil's focus on chemical regulations marks a decisive step toward strengthening environmental protection, aligning with global best practices, and ...",https://www.enhesa.com › resources › article › brazils-r...,www_enhesa_com_Brazil_s_renewed_focus_on_chemical_policies.txt
Brazil,2022–2026,1,UNEP supported Brazil hazardous waste regulation adopted policy law regulation strategy action plan circular economy chemicals waste pollution prevention control after:2022-01-01 before:2026-01-01,Brazilian REACH Compliance Guide,https://www.chemradar.com/en/guide/detail/eoeufztyzchs,"The regulation aims to conduct comprehensive assessments and risk controls on chemical substances produced, used, or imported within Brazil to mitigate their ...",https://www.chemradar.com › detail › eoeufztyzchs,www_chemradar_com_Brazilian_REACH_Compliance_Guide.txt
Brazil,2022–2026,1,UNEP supported Brazil hazardous waste regulation adopted policy law regulation strategy action plan circular economy chemicals waste pollution prevention control after:2022-01-01 before:2026-01-01,Exploring Outputs of the Intergovernmental Science-Policy ...,https://pubs.acs.org/doi/10.1021/acs.estlett.4c00294,"The Science-Policy Panel (SPP) on Chemicals, Waste, and Pollution Prevention, now being established under a mandate of the United Nations Environment Assembly,",https://pubs.acs.org › doi,pubs_acs_org_Exploring_Outputs_of_the_Intergovernmental_Science.txt
Brazil,2022–2026,1,UNEP supported Brazil hazardous waste regulation adopted policy law regulation strategy action plan circular economy chemicals waste pollution prevention control after:2022-01-01 before:2026-01-01,Addressing Plastic Waste,https://www.epa.gov/system/files/documents/2023-07/SWM_PlasticWaste-Final.pdf,Financing Waste Management and Recycling Infrastructure to Prevent Ocean Plastic Pollution. ... ASEAN Member States Adopt Regional Action Plan to Tackle Plastic ...,https://www.epa.gov › SWM_PlasticWaste-Final,www_epa_gov_Addressing_Plastic_Waste.txt
Brazil,2022–2026,1,UNEP supported Brazil hazardous waste regulation adopted policy law regulation strategy action plan circular economy chemicals waste pollution prevention control after:2022-01-01 before:2026-01-01,WIMUNNY26 AB UNEA,https://wfuna.org/wp-content/uploads/2025/11/WIMUNNY26-AB-UNEA.pdf,This resource guide will provide you with a head start in doing research to gain a deeper understanding of the global issue that you will be discussing.,https://wfuna.org › uploads › 2025/11 › WIMU...,wfuna_org_WIMUNNY26_AB_UNEA.txt
Brazil,2022–2026,1,UNEP supported Brazil hazardous waste regulation adopted policy law regulation strategy action plan circular economy chemicals waste pollution prevention control after:2022-01-01 before:2026-01-01,Climate Reports,https://www.un.org/en/climatechange/reports,"The UNEP Global Waste Management Outlook 2024 (GWMO 2024) ... adopting halfway measures, or committing fully to zero waste and circular economy societies.",https://www.un.org › climatechange › reports,www_un_org_Climate_Reports.txt
Brazil,2022–2026,1,UNEP supported Brazil hazardous waste regulation adopted policy law regulation strategy action plan circular economy chemicals waste pollution prevention control after:2022-01-01 before:2026-01-01,United Nations Environment Programme,https://en.wikipedia.org/wiki/United_Nations_Environment_Programme,The United Nations Environment Programme (UNEP) is responsible for coordinating responses to environmental issues within the United Nations system.,https://en.wikipedia.org › wiki › United_Nations_Envir...,en_wikipedia_org_United_Nations_Environment_Programme.txt
Brazil,2022–2026,1,UNEP supported Brazil hazardous waste regulation adopted policy law regulation strategy action plan circular economy chemicals waste pollution prevention control after:2022-01-01 before:2026-01-01,Roadmap-For-the-Sound-Management-of-Industrial- ...,https://icca-chem.org/wp-content/uploads/2023/03/Roadmap-For-the-Sound-Management-of-Industrial-Chemicals-EN.pdf,"Chemicals and waste are part of global development, and their sound management has been supported for decades in numerous international frameworks. These act as ...",https://icca-chem.org › uploads › 2023/03 › Roa...,icca-chem_org_Roadmap_For_the_Sound_Management_of_Industrial_.txt
Brazil,2022–2026,1,UNEP supported Brazil hazardous waste regulation adopted policy law regulation strategy action plan circular economy chemicals waste pollution prevention control after:2022-01-01 before:2026-01-01,Moving Forward with Pollution Prevention in North America,https://www.cec.org/files/documents/publications/2143-moving-forward-pollution-prevention-in-north-america-en.pdf,"In January 1998, the Council of Ministers endorsed the CCME Policy for the Management of Toxic Sub- stances, which was developed by the ad hoc toxics group and ...",https://www.cec.org › documents › publications,www_cec_org_Moving_Forward_with_Pollution_Prevention_in_North_.txt
Brazil,2022–2026,1,UNEP supported Brazil hazardous waste regulation adopted policy law regulation strategy action plan circular economy chemicals waste pollution prevention control after:2022-01-01 before:2026-01-01,"Brazil introduces first PFAS bill, focuses on PFOS",https://www.linkedin.com/posts/melissa-owen_pfas-latinamerica-pfos-activity-7300099719697944576-exA9,"The directive will now be formally adopted and transposed into national law by December 2027, reinforcing EU water policy and aligning it with the latest ...",60+ reactions,www_linkedin_com_Brazil_introduces_first_PFAS_bill_focuses_on_PFOS.txt
Brazil,2022–2026,1,UNEP supported Brazil hazardous waste regulation adopted policy law regulation strategy action plan circular economy chemicals waste pollution prevention control after:2022-01-01 before:2026-01-01,Capacity Building to Support Marine Litter Reduction in the ...,https://www.giz.de/en/downloads/giz2025-en-3RproMar-capacity-building.pdf,"This report examines the contribution and support of the Reduce, Reuse, Recycle to Protect the Marine Environment and Coral Reefs (3RproMar) to the ...",https://www.giz.de › downloads,www_giz_de_Capacity_Building_to_Support_Marine_Litter_Reducti.txt
Brazil,2022–2026,1,UNEP supported Brazil hazardous waste regulation adopted policy law regulation strategy action plan circular economy chemicals waste pollution prevention control after:2022-01-01 before:2026-01-01,Impact of emerging packaging regulations on international ...,https://onlinelibrary.wiley.com/doi/full/10.1111/jiec.70079,"The PPWR requires all packaging to be recyclable, that is, designed for recycling by January 2030 and recycled at scale by January 2035 (European Parliament, ...",https://onlinelibrary.wiley.com › doi › full › jiec,onlinelibrary_wiley_com_Impact_of_emerging_packaging_regulations_on_intern.txt
Brazil,2022–2026,1,UNEP supported Brazil hazardous waste regulation adopted policy law regulation strategy action plan circular economy chemicals waste pollution prevention control after:2022-01-01 before:2026-01-01,Brazilian REACH Compliance Guide,https://www.chemradar.com/en/guide/detail/eoeufztyzchs,"The regulation aims to conduct comprehensive assessments and risk controls on chemical substances produced, used, or imported within Brazil to mitigate their ...",https://www.chemradar.com › detail › eoeufztyzchs,www_chemradar_com_Brazilian_REACH_Compliance_Guide.txt
Brazil,2022–2026,1,UNEP supported Brazil hazardous waste regulation adopted policy law regulation strategy action plan circular economy chemicals waste pollution prevention control after:2022-01-01 before:2026-01-01,2022 GLOBAL REVIEW,https://www.oneplanetnetwork.org/sites/default/files/from-crm/UNEP_2022_%2520SPP_Global_Review_Part_1_0.pdf,"In response to these challenges, UNEP has led the development of a methodology and reporting tool to monitor progress in SDG In- dicator 12.7.1 (the number of ...",https://www.oneplanetnetwork.org › from-crm,www_oneplanetnetwork_org_2022_GLOBAL_REVIEW.txt
Brazil,2022–2026,1,UNEP supported Brazil hazardous waste regulation adopted policy law regulation strategy action plan circular economy chemicals waste pollution prevention control after:2022-01-01 before:2026-01-01,https://chm.pops.int/Portals/0/download.aspx?d=UNE...,https://chm.pops.int/Portals/0/download.aspx?d=UNEP-POPS-COP.12-32.English.docx,"Multilateral environmental agreements could incentivize industry to innovate and produce better and more circular products, in turn reducing the high costs of ...",https://chm.pops.int › Portals › download › d=UN...,chm_pops_int_https_chm_pops_int_Portals_0_download_aspx_d_UNE_.txt
Brazil,2022–2026,1,UNEP supported Brazil hazardous waste regulation adopted policy law regulation strategy action plan circular economy chemicals waste pollution prevention control after:2022-01-01 before:2026-01-01,May/June 2025 LC Net Newsletter,https://www.lifecycleinitiative.org/may-june-2025-lc-net-newsletter/,"The main conclusions of CILCA 2025 included the importance of anchoring the Circular Economy scenarios in Life Cycle Assessment studies, expanding the scope of ...",https://www.lifecycleinitiative.org › data,www_lifecycleinitiative_org_May_June_2025_LC_Net_Newsletter.txt
Brazil,2022–2026,2,in partnership with UNEP Brazil lead paint regulation promulgated policy law regulation strategy action plan circular economy chemicals waste pollution prevention control after:2022-01-01 before:2026-01-01,Global Alliance to Eliminate Lead Paint,https://www.unep.org/topics/chemicals-and-pollution-action/chemicals-management/pollution-and-health/heavy-metals/global,The Global Alliance to Eliminate Lead Paint (Lead Paint Alliance) is a voluntary partnership formed by the United Nations Environment Programme (UNEP) and the ...,https://www.unep.org › topics › heavy-metals › global,www_unep_org_Global_Alliance_to_Eliminate_Lead_Paint.txt
Brazil,2022–2026,2,in partnership with UNEP Brazil lead paint regulation promulgated policy law regulation strategy action plan circular economy chemicals waste pollution prevention control after:2022-01-01 before:2026-01-01,Extended Producer Responsibility (EPR) schemes for used ...,https://quimicos.minambiente.gov.co/wp-content/uploads/2025/09/Report-ULAB-EN.pdf,"✓ Reviewing and strengthening regulatory and institutional frameworks for chemicals and waste. ✓ Promoting actions to eliminate lead exposure (e.g., paints and ...",https://quimicos.minambiente.gov.co › 2025/09,quimicos_minambiente_gov_co_Extended_Producer_Responsibility_EPR_schemes_for_u.txt
Brazil,2022–2026,2,in partnership with UNEP Brazil lead paint regulation promulgated policy law regulation strategy action plan circular economy chemicals waste pollution prevention control after:2022-01-01 before:2026-01-01,LEAD IN PAINT,https://saicmknowledge.org/sites/default/files/resources/Lead%20in%20Paint%20leaflet.pdf,The project focuses on helping governments develop laws that restrict or ban the use of lead paint and helping small and medium-sized enterprises (SMEs) promote ...,https://saicmknowledge.org › Lead in Paint leaflet,saicmknowledge_org_LEAD_IN_PAINT.txt
Brazil,2022–2026,2,in partnership with UNEP Brazil lead paint regulation promulgated policy law regulation strategy action plan circular economy chemicals waste pollution prevention control after:2022-01-01 before:2026-01-01,43% of All Countries Have Lead Paint Laws: UNEP Update,https://sdg.iisd.org/news/43-of-all-countries-have-lead-paint-laws-unep-update/,"As of 31 December 2021, 84 countries, comprising 43% of all countries, had legally binding controls to limit the production, import, and sale of lead paints.",https://sdg.iisd.org › news › 43-of-all-countries-have-lea...,sdg_iisd_org_43_of_All_Countries_Have_Lead_Paint_Laws_UNEP_Upda.txt
Brazil,2022–2026,2,in partnership with UNEP Brazil lead paint regulation promulgated policy law regulation strategy action plan circular economy chemicals waste pollution prevention control after:2022-01-01 before:2026-01-01,Update on the global status of legal limits on lead in paint ...,https://www.who.int/publications/i/item/978924005002,"The 2021 Global Status Report describes the status of lead paint laws in countries as of December 2021, as well as activities undertaken by countries.",https://www.who.int › Publications › i › item,www_who_int_Update_on_the_global_status_of_legal_limits_on_lea.txt
Brazil,2022–2026,2,in partnership with UNEP Brazil lead paint regulation promulgated policy law regulation strategy action plan circular economy chemicals waste pollution prevention control after:2022-01-01 before:2026-01-01,Moving Forward with Pollution Prevention in North America,https://www.cec.org/files/documents/publications/2143-moving-forward-pollution-prevention-in-north-america-en.pdf,The shift to pollution prevention policy began in. Canada in the late 1980s with the introduction of the Canadian Environmental Protection Act.,https://www.cec.org › documents › publications,www_cec_org_Moving_Forward_with_Pollution_Prevention_in_North_.txt
Brazil,2022–2026,2,in partnership with UNEP Brazil lead paint regulation promulgated policy law regulation strategy action plan circular economy chemicals waste pollution prevention control after:2022-01-01 before:2026-01-01,UNEP and Ministry of Environment sign agreement to ...,https://www.unep.org/news-and-stories/press-release/unep-and-ministry-environment-sign-agreement-reinforce-environmental,"The memorandum outlines UNEP's support in four key areas: climate action, action for nature, action against chemicals and pollution, and strengthening ...","https://www.unep.org › News, Stories & Speeches",www_unep_org_UNEP_and_Ministry_of_Environment_sign_agreement_to.txt
Brazil,2022–2026,2,in partnership with UNEP Brazil lead paint regulation promulgated policy law regulation strategy action plan circular economy chemicals waste pollution prevention control after:2022-01-01 before:2026-01-01,Reduce marine plastics and plastic pollution in Latin ...,https://gefcrew.org/carrcu/LBS%20COP6/IG47%20INF4_GEF%20LAC%20Cities_full%20project%20document_EN.pdf,The activity will assist the city governments to develop inclusive policy action plans for the implementation of circular economy and management of chemicals of ...,https://gefcrew.org › carrcu,gefcrew_org_Reduce_marine_plastics_and_plastic_pollution_in_La.txt
Brazil,2022–2026,2,in partnership with UNEP Brazil lead paint regulation promulgated policy law regulation strategy action plan circular economy chemicals waste pollution prevention control after:2022-01-01 before:2026-01-01,Environmental Programs and Management,https://www.epa.gov/system/files/documents/2023-04/fy24-cj-05-epm.pdf,"... Strategic Plan. In FY 2024, EPA will: • Compile and maintain a contaminated ANCSA sites inventory and maintain a public facing dashboard to provide site ...",https://www.epa.gov › files › fy24-cj-05-epm,www_epa_gov_Environmental_Programs_and_Management.txt
Brazil,2022–2026,2,in partnership with UNEP Brazil lead paint regulation promulgated policy law regulation strategy action plan circular economy chemicals waste pollution prevention control after:2022-01-01 before:2026-01-01,annual report 2024-25,https://moef.gov.in/uploads/pdf-uploads/English_Annual_Report_2024-25.pdf,○ Coordination for Country's action plan to combat Climate Change. ○ Prevention and control of pollution. ○ ... Circular Economy Action Plan for Tyre and ...,https://moef.gov.in › uploads › pdf-uploads › Eng...,moef_gov_in_annual_report_2024_25.txt
Brazil,2022–2026,2,in partnership with UNEP Brazil lead paint regulation promulgated policy law regulation strategy action plan circular economy chemicals waste pollution prevention control after:2022-01-01 before:2026-01-01,Minister Ramano launches Workshop focusing on Safer ...,https://www.facebook.com/GIS.Mauritius/posts/minister-ramano-launches-workshop-focusing-on-safer-waste-management-systema-one/284573124268400/,Minister Ramano launches Workshop focusing on Safer Waste Management System A one-day Consultative Inception Workshop on Implementing Sustainable Low...,30+ reactions,www_facebook_com_Minister_Ramano_launches_Workshop_focusing_on_Safe.txt
Brazil,2022–2026,2,in partnership with UNEP Brazil lead paint regulation promulgated policy law regulation strategy action plan circular economy chemicals waste pollution prevention control after:2022-01-01 before:2026-01-01,2022 GLOBAL REVIEW,https://www.oneplanetnetwork.org/sites/default/files/from-crm/UNEP_2022_%2520SPP_Global_Review_Part_1_0.pdf,"In response to these challenges, UNEP has led the development of a methodology and reporting tool to monitor progress in SDG In- dicator 12.7.1 (the number of ...",https://www.oneplanetnetwork.org › from-crm,www_oneplanetnetwork_org_2022_GLOBAL_REVIEW.txt
Brazil,2022–2026,2,in partnership with UNEP Brazil lead paint regulation promulgated policy law regulation strategy action plan circular economy chemicals waste pollution prevention control after:2022-01-01 before:2026-01-01,Reckoning with the U.S. Role in Global Ocean Plastic Waste,https://climateandsecurity.org/wp-content/uploads/2025/01/26132.pdf,"Reckoning with the U.S. Role in Global Ocean Plastic Waste. Washington, DC: The National. Academies Press. https://doi.org/10.17226/26132. Page 2 ...",https://climateandsecurity.org › uploads › 2025/01,climateandsecurity_org_Reckoning_with_the_U_S_Role_in_Global_Ocean_Plasti.txt
Brazil,2022–2026,2,in partnership with UNEP Brazil lead paint regulation promulgated policy law regulation strategy action plan circular economy chemicals waste pollution prevention control after:2022-01-01 before:2026-01-01,G20 Report on Actions against Marine Plastic Litter,https://www.env.go.jp/content/000086490.pdf,"This report is the fourth compilation report on policies and measures taken / to be taken by the countries, regions and organisations.",https://www.env.go.jp › content,www_env_go_jp_G20_Report_on_Actions_against_Marine_Plastic_Litte.txt
Brazil,2022–2026,2,in partnership with UNEP Brazil lead paint regulation promulgated policy law regulation strategy action plan circular economy chemicals waste pollution prevention control after:2022-01-01 before:2026-01-01,Brazil Advances Regulation for Lead Limits in Paint,https://www.coatingsworld.com/brazil-advances-regulation-for-lead-limits-in-paint/,A new draft bill being readied for the Brazilian Congress would limit the permissible lead content in paint and coatings.,https://www.coatingsworld.com › brazil-advances-regulat...,www_coatingsworld_com_Brazil_Advances_Regulation_for_Lead_Limits_in_Pain.txt
Brazil,2022–2026,2,in partnership with UNEP Brazil lead paint regulation promulgated policy law regulation strategy action plan circular economy chemicals waste pollution prevention control after:2022-01-01 before:2026-01-01,Sustainability Report 2024,https://www.mitsui.com/jp/en/sustainability/sustainabilityreport/2024/pdf/en_sustainability_2024.pdf,We provide detailed ESG information on our website with the aim of delivering an explicit message to our stake- holders that Mitsui & Co. commits to creating ...,https://www.mitsui.com › sustainabilityreport › pdf,www_mitsui_com_Sustainability_Report_2024.txt
Brazil,2022–2026,2,in partnership with UNEP Brazil lead paint regulation promulgated policy law regulation strategy action plan circular economy chemicals waste pollution prevention control after:2022-01-01 before:2026-01-01,Brazil: New federal law establishes guidelines for drawing ...,https://www.globalcompliancenews.com/2024/08/21/brazil-new-federal-law-establishes-guidelines-for-drawing-up-climate-change-adaptation-plans/,"Federal Law No. 14.904/2024 was published. The law establishes guidelines for the preparation of climate change adaptation plans, with the aim of guiding ...",https://www.globalcompliancenews.com › 2024/08/21,www_globalcompliancenews_com_Brazil_New_federal_law_establishes_guidelines_for_.txt
Brazil,2022–2026,2,in partnership with UNEP Brazil lead paint regulation promulgated policy law regulation strategy action plan circular economy chemicals waste pollution prevention control after:2022-01-01 before:2026-01-01,A Journey Down the Indus River Basin in Pakistan,https://documents1.worldbank.org/curated/en/099519105182220186/pdf/IDU0c63b027d07bea04c530a5d20fb328528dfd6.pdf,"Policies, laws, and mechanisms for solid waste management (SWM) in Pakistan are not well integrated and fall under the respective mandates of local governments.",https://documents1.worldbank.org › curated › pdf,documents1_worldbank_org_A_Journey_Down_the_Indus_River_Basin_in_Pakistan.txt
Brazil,2022–2026,2,in partnership with UNEP Brazil lead paint regulation promulgated policy law regulation strategy action plan circular economy chemicals waste pollution prevention control after:2022-01-01 before:2026-01-01,Emerging pollutants: protecting water quality for the health ...,https://unesdoc.unesco.org/ark:/48223/pf0000393244,This work aimed to assess the occurrence of several pesticides and emerging contaminants in Pampulha Lake and their spatiotemporal variation,https://unesdoc.unesco.org › ark:,unesdoc_unesco_org_Emerging_pollutants_protecting_water_quality_for_t.txt
Brazil,2022–2026,2,in partnership with UNEP Brazil lead paint regulation promulgated policy law regulation strategy action plan circular economy chemicals waste pollution prevention control after:2022-01-01 before:2026-01-01,Brazilian REACH Compliance Guide,https://www.chemradar.com/en/guide/detail/eoeufztyzchs,"Brazil's REACH Regulation (Law No. 15.022/2024) officially came into effect on November 15, 2024. It is a critical piece of legislation formulated by Brazil to ...",https://www.chemradar.com › detail › eoeufztyzchs,www_chemradar_com_Brazilian_REACH_Compliance_Guide.txt
Brazil,2022–2026,2,in partnership with UNEP Brazil lead paint regulation promulgated policy law regulation strategy action plan circular economy chemicals waste pollution prevention control after:2022-01-01 before:2026-01-01,Technical guidelines,https://www.basel.int/Portals/4/download.aspx?d=UNEP-CHW.15-6-Add.6-Rev.1.English.pdf,"Addendum. Technical guidelines on the environmentally sound management of wastes consisting of, containing or contaminated with mercury or mercury compounds.",https://www.basel.int › Portals › download › d=U...,www_basel_int_Technical_guidelines.txt
Brazil,2022–2026,2,in partnership with UNEP Brazil lead paint regulation promulgated policy law regulation strategy action plan circular economy chemicals waste pollution prevention control after:2022-01-01 before:2026-01-01,REGIONAL E-WASTE MONITOR,https://ewastemonitor.info/wp-content/uploads/2022/01/REM_LATAM_2022_ENG_Final.pdf,The Regional E-waste Monitor for Latin America: Results for the 13 countries participating in project UNIDO-. GEF 5554 was implemented by the Sustainable Cycles.,https://ewastemonitor.info › uploads › 2022/01,ewastemonitor_info_REGIONAL_E_WASTE_MONITOR.txt
Brazil,2022–2026,2,in partnership with UNEP Brazil lead paint regulation promulgated policy law regulation strategy action plan circular economy chemicals waste pollution prevention control after:2022-01-01 before:2026-01-01,Waste Plastic Free Mauritius,https://www.mcci.org/media/321904/waste-plastic-free-report-web-version-2803.pdf,"In 2020, the Government of the Mauritius passed two regulations namely GN 156 and GN 197 aimed at controlling certain categories of single use plastics and ...",https://www.mcci.org › media › waste-plastic-free-...,www_mcci_org_Waste_Plastic_Free_Mauritius.txt
Brazil,2022–2026,2,in partnership with UNEP Brazil lead paint regulation promulgated policy law regulation strategy action plan circular economy chemicals waste pollution prevention control after:2022-01-01 before:2026-01-01,E-commerce and Product Sustainability Information,https://www.consumersinternational.org/media/451295/overview-of-policies-and-practices.pdf,The country's recently adopted Climate and Resilience Law contains mandatory disclosures on the environmental impact of certain products and strict rules on ...,https://www.consumersinternational.org › media,www_consumersinternational_org_E_commerce_and_Product_Sustainability_Information.txt
Brazil,2022–2026,2,in partnership with UNEP Brazil lead paint regulation promulgated policy law regulation strategy action plan circular economy chemicals waste pollution prevention control after:2022-01-01 before:2026-01-01,"Environmental Law and Policy in Namibia, 2011",https://www.npc.gov.na/wp-content/uploads/2022/06/Environmental-Law-and-Policy-in-Namibia-2011-1.pdf,... Law. 5. Major Environmental Concerns in Namibia. 5.1. Land Degradation and Soil Erosion. 5.2. Deforestation. 5.3. Water management. 5.4. Climate Change. 5.5.,https://www.npc.gov.na › uploads › 2022/06 › E...,www_npc_gov_na_Environmental_Law_and_Policy_in_Namibia_2011.txt
Brazil,2022–2026,2,in partnership with UNEP Brazil lead paint regulation promulgated policy law regulation strategy action plan circular economy chemicals waste pollution prevention control after:2022-01-01 before:2026-01-01,Full-PFAS-Guidance-12.11.2023.pdf,https://pfas-1.itrcweb.org/wp-content/uploads/2023/12/Full-PFAS-Guidance-12.11.2023.pdf,The Interstate Technology and Regulatory Council (ITRC) is a state-led coalition working to reduce barriers to the use of.,https://pfas-1.itrcweb.org › uploads › 2023/12 › F...,pfas-1_itrcweb_org_Full_PFAS_Guidance_12_11_2023_pdf.txt
Brazil,2022–2026,2,in partnership with UNEP Brazil lead paint regulation promulgated policy law regulation strategy action plan circular economy chemicals waste pollution prevention control after:2022-01-01 before:2026-01-01,SANITATION AND WASTEWATER ATLAS OF AFRICA,https://afwasakm.afwasa.org/wp-content/uploads/2024/12/sanitation_and_wastewater_atlas_of_africa_compressed.pdf,"This atlas is part of the Wastewater Management and Sanitation. Provision in Africa Project, a partnership between the African. Development Bank (AfDB), United ...",https://afwasakm.afwasa.org › uploads › 2024/12,afwasakm_afwasa_org_SANITATION_AND_WASTEWATER_ATLAS_OF_AFRICA.txt
Brazil,2022–2026,2,in partnership with UNEP Brazil lead paint regulation promulgated policy law regulation strategy action plan circular economy chemicals waste pollution prevention control after:2022-01-01 before:2026-01-01,Regional Plastics Outlook for Southeast and East Asia,https://www.oecd.org/content/dam/oecd/en/publications/reports/2025/07/regional-plastics-outlook-for-southeast-and-east-asia_2e7d80a6/5a8ff43c-en.pdf,"It presents coherent projections on plastics use and waste, as well as their environmental impacts to 2050. Through a series of policy packages, the Outlook ...",https://www.oecd.org › oecd › reports › 2025/07,www_oecd_org_Regional_Plastics_Outlook_for_Southeast_and_East_A.txt
Brazil,2022–2026,2,in partnership with UNEP Brazil lead paint regulation promulgated policy law regulation strategy action plan circular economy chemicals waste pollution prevention control after:2022-01-01 before:2026-01-01,CQ Researcher - Plastic Pollution,https://cqpress.sagepub.com/cqresearcher/report/plastic-pollution-cqresrre20220617,The pie chart showsthe percentage of U.S. plastic waste disposal with 2021 estimates. The United States produced an estimated 51 million tons of plastic waste ...,https://cqpress.sagepub.com › cqresearcher › report › pla...,cqpress_sagepub_com_CQ_Researcher_Plastic_Pollution.txt
Brazil,2022–2026,2,in partnership with UNEP Brazil lead paint regulation promulgated policy law regulation strategy action plan circular economy chemicals waste pollution prevention control after:2022-01-01 before:2026-01-01,URBAN SUSTAINABLE DEVELOPMENT,https://cebri.org/media/documentos/arquivos/Urban-Sustainable-DevelopmentD673161a36cdda.pdf,"Life below water Manage urban waste and pollution to prevent harm to marine ... such as land regularization and control, urban planning, solid waste.",https://cebri.org › media › documentos › arquivos,cebri_org_URBAN_SUSTAINABLE_DEVELOPMENT.txt
Brazil,2022–2026,2,in partnership with UNEP Brazil lead paint regulation promulgated policy law regulation strategy action plan circular economy chemicals waste pollution prevention control after:2022-01-01 before:2026-01-01,URBAN SUSTAINABLE DEVELOPMENT,https://cebri.org/media/documentos/arquivos/Urban-Sustainable-DevelopmentD673161a36cdda.pdf,"Life below water Manage urban waste and pollution to prevent harm to marine ... such as land regularization and control, urban planning, solid waste.",https://cebri.org › media › documentos › arquivos,cebri_org_URBAN_SUSTAINABLE_DEVELOPMENT.txt
Brazil,2022–2026,2,in partnership with UNEP Brazil lead paint regulation promulgated policy law regulation strategy action plan circular economy chemicals waste pollution prevention control after:2022-01-01 before:2026-01-01,Environmental Law in the South Pacific,https://archive.iwlearn.net/sprep.org/att/publication/Retro/Environmental-Law/Environmental%20Law%20in%20the%20South%20Pacific%20consolidated%20report%20of%20the%20reviews-Reduced.pdf,"SPREP is mandated to monitor the status ofthe Pacific environment, and the effects of problems on human environments and natural ecosystems; ...",https://archive.iwlearn.net › Environmental-Law,archive_iwlearn_net_Environmental_Law_in_the_South_Pacific.txt
Brazil,2022–2026,2,in partnership with UNEP Brazil lead paint regulation promulgated policy law regulation strategy action plan circular economy chemicals waste pollution prevention control after:2022-01-01 before:2026-01-01,"REGIONAL E-WASTE MONITOR for Latin-America, 2021",https://www.unido.org/sites/default/files/files/2022-01/REM_LATAM_2021_ENG_Final_dec_10.pdf,"SCYCLE leads the global e-waste research and related trainings, and advances sustainable e-waste management strategies based on life-cycle thinking. For ...",https://www.unido.org › default › files › files › R...,www_unido_org_REGIONAL_E_WASTE_MONITOR_for_Latin_America_2021.txt
Brazil,2022–2026,2,in partnership with UNEP Brazil lead paint regulation promulgated policy law regulation strategy action plan circular economy chemicals waste pollution prevention control after:2022-01-01 before:2026-01-01,Environmental policy,https://en.wikipedia.org/wiki/Environmental_policy,"Environmental policy is the pledge by governments or organizations to adopt laws, regulations, and other policy tools aimed at addressing environmental ...",https://en.wikipedia.org › wiki › Environmental_policy,en_wikipedia_org_Environmental_policy.txt
Brazil,2022–2026,2,in partnership with UNEP Brazil lead paint regulation promulgated policy law regulation strategy action plan circular economy chemicals waste pollution prevention control after:2022-01-01 before:2026-01-01,India BUR-4.pdf,https://unfccc.int/sites/default/files/resource/India%20BUR-4.pdf,"emissions and pollution control have been the cornerstone of India's transport regulation policies. ... remediation, waste management, waste prevention, waste ...",https://unfccc.int › sites › default › files › resource,unfccc_int_India_BUR_4_pdf.txt
Brazil,2022–2026,2,in partnership with UNEP Brazil lead paint regulation promulgated policy law regulation strategy action plan circular economy chemicals waste pollution prevention control after:2022-01-01 before:2026-01-01,(PDF) Waste management in fashion and textile industry,https://www.researchgate.net/publication/357844343_Waste_management_in_fashion_and_textile_industry_Recent_advances_and_trends_life-cycle_assessment_and_circular_economy,This chapter offers flexible approaches and easy-to-create zero-waste methods to help develop and create new designs out of discarded fashion.,https://www.researchgate.net › publication › 35784434...,www_researchgate_net__PDF_Waste_management_in_fashion_and_textile_indus.txt
Brazil,2022–2026,2,in partnership with UNEP Brazil lead paint regulation promulgated policy law regulation strategy action plan circular economy chemicals waste pollution prevention control after:2022-01-01 before:2026-01-01,Reformulation is entirely possible,https://saicmknowledge.org/sites/default/files/resources/2212521_E_UNEP_SAICM_GEF9771_LIP_TechGuide_WEB.pdf,The Lead Paint Alliance is a voluntary partnership formed by the United Nations Environment Programme (UNEP) and the World Health Organization. (WHO) to prevent ...,https://saicmknowledge.org › files › resources,saicmknowledge_org_Reformulation_is_entirely_possible.txt
Brazil,2022–2026,2,in partnership with UNEP Brazil lead paint regulation promulgated policy law regulation strategy action plan circular economy chemicals waste pollution prevention control after:2022-01-01 before:2026-01-01,Twenty-Fifth Annual Report on Federal Agency Use of ...,https://www.nist.gov/document/nistir8438fy21,The strategic action plan serves as a roadmap for implementation of the NOAA Data Strategy ... The goal of the Alliance is to promote lead paint laws in all ...,https://www.nist.gov › document,www_nist_gov_Twenty_Fifth_Annual_Report_on_Federal_Agency_Use_o.txt
Brazil,2022–2026,2,in partnership with UNEP Brazil lead paint regulation promulgated policy law regulation strategy action plan circular economy chemicals waste pollution prevention control after:2022-01-01 before:2026-01-01,Sustainability Integrated Report - Microsoft .NET,https://ocpsiteprodsa.blob.core.windows.net/media/2024-07/OCP_Sustainbility_Report_2023.pdf,"... economy, we have launched the Green Investment Strategy. This ambitious global investment programme, totalling $ 13 billion for the period 2023-2027, aims ...",https://ocpsiteprodsa.blob.core.windows.net › media,ocpsiteprodsa_blob_core_windows_net_Sustainability_Integrated_Report_Microsoft_NET.txt
Brazil,2022–2026,2,in partnership with UNEP Brazil lead paint regulation promulgated policy law regulation strategy action plan circular economy chemicals waste pollution prevention control after:2022-01-01 before:2026-01-01,Solid Waste Management,https://niua.in/resources-and-waste/sites/default/files/2022-04/Training_Module_on_Solid_Waste_Management.pdf,The aim of the project is to integrate sustainability strategies into urban planning and management to create a favourable environment for investment in ...,https://niua.in › sites › default › files › Training_...,niua_in_Solid_Waste_Management.txt
