Entity,TimeWindow,QueryNumber,Query,Title,Link,Snippet,DisplayLink,TextFile,digital_relevant,unep_attributed,digital_practice_score,unep_attribution_score,improvement_type,action_stage,actor_type,evidence_level,digital_justification,unep_justification,evidence_phrases
Kenya,2018–2022,1,UNEP provided technical assistance Kenya environmental information system skills development data management artificial intelligence AI capacity skills environmental information system government stakeholder institution platform training after:2018-01-01 before:2022-01-01,United Nations Environment Programme (UNEP) - AI for Good,https://aiforgood.itu.int/about-us/un-ai-actions/unep/,"UNEP is the leading global environmental authority, setting the environmental agenda and promoting sustainable development within the UN system.",https://aiforgood.itu.int › About us › UN AI Actions,aiforgood_itu_int_United_Nations_Environment_Programme_UNEP_AI_for_G.txt,False,False,0,0,none,none,unclear,unclear,No relevant information found,No relevant information found,[]
Kenya,2018–2022,1,UNEP provided technical assistance Kenya environmental information system skills development data management artificial intelligence AI capacity skills environmental information system government stakeholder institution platform training after:2018-01-01 before:2022-01-01,UNESCO Science Report: the race against time for smarter ...,https://unesdoc.unesco.org/ark:/48223/pf0000377433.locale=en,"... information provided by an AI system. One issue that may come to the fore in ... skills development, while expanding technical and vocational education and ...",https://unesdoc.unesco.org › ark:,unesdoc_unesco_org_UNESCO_Science_Report_the_race_against_time_for_sm.txt,False,False,0,0,none,none,unclear,unclear,"The document is not relevant to the task as it does not contain information about Kenya, the time window 2018-2022, or specific improvements in data management and environmentally sustainable artificial intelligence practices.",There is no mention of UNEP or its activities in the provided document.,[]
Kenya,2018–2022,1,UNEP provided technical assistance Kenya environmental information system skills development data management artificial intelligence AI capacity skills environmental information system government stakeholder institution platform training after:2018-01-01 before:2022-01-01,The Department of Environment's GEF funded Cross,https://www.facebook.com/investingforwellness/posts/the-department-of-environments-gef-funded-cross-cutting-capacity-development-ccc/1007985179641456/,"The program focuses on enhancing participants' skills in Geographic Information Systems (GIS) and Remote Sensing, enabling them to effectively integrate these ...",3 reactions,www_facebook_com_The_Department_of_Environment_s_GEF_funded_Cross.txt,False,False,0,0,none,none,unclear,unclear,The document is not about Kenya and does not contain evidence of measured improvements in data management and environmentally sustainable artificial intelligence practices.,There is no explicit link to UNEP or UNEP-supported work.,[]
Kenya,2018–2022,1,UNEP provided technical assistance Kenya environmental information system skills development data management artificial intelligence AI capacity skills environmental information system government stakeholder institution platform training after:2018-01-01 before:2022-01-01,Data Resources,https://www.unep.org/data-resources,"UNEP is the global champion for the environment with programmes focusing on sustainable development, climate, biodiversity and more.",https://www.unep.org › data-resources,www_unep_org_Data_Resources.txt,False,False,0,0,none,none,unclear,global,"The document does not contain explicit evidence of measured improvements in data management and environmentally sustainable artificial intelligence practices, including capacity and skills development, among countries and stakeholders in Kenya during 2018-2022.","The document does not explicitly link UNEP or UNEP-supported work to enabling, supporting, improving, training, implementing, or operationalizing any SP7.1 evidence.",[]
Kenya,2018–2022,1,UNEP provided technical assistance Kenya environmental information system skills development data management artificial intelligence AI capacity skills environmental information system government stakeholder institution platform training after:2018-01-01 before:2022-01-01,Climate Cooperation and Competition: Leveraging ...,https://www.csis.org/analysis/climate-cooperation-and-competition-leveraging-sustainable-development-goal-13,"New technical assistance and implementation efforts will require U.S. government operational reform. Staffing, capacity, and resources of U.S. government ...",https://www.csis.org › analysis › climate-cooperation-an...,www_csis_org_Climate_Cooperation_and_Competition_Leveraging_.txt,False,False,0,0,none,none,unclear,unclear,"The document does not contain explicit evidence of measured improvements in data management and environmentally sustainable artificial intelligence practices, including capacity and skills development, among countries and stakeholders in Kenya during 2018-2022.","The document does not explicitly link UNEP (United Nations Environment Programme), UNEP Digital Transformation work, WESR, or UNEP-supported work to the measured improvement in data management, environmentally sustainable AI practices, or capacity/skills development in Kenya during 2018-2022.",[]
Kenya,2018–2022,1,UNEP provided technical assistance Kenya environmental information system skills development data management artificial intelligence AI capacity skills environmental information system government stakeholder institution platform training after:2018-01-01 before:2022-01-01,First Global Report,https://environmentalmigration.iom.int/sites/g/files/tmzbdl1411/files/documents/2023-11/environmental_rule_of_law.pdf,"This new report on the Environmental. Rule of Law will help us improve compliance with environmental law, which is essential to ensuring protection of ...",https://environmentalmigration.iom.int › files › e...,environmentalmigration_iom_int_First_Global_Report.txt,False,False,0,0,none,none,none,none,"The document does not contain explicit evidence related to Kenya or the time window 2018-2022, nor does it discuss digital/data management/sustainable AI practices or environmental rule of law in the context of Kenya.","The document does not explicitly link UNEP or UNEP-supported work to any improvements in data management, environmentally sustainable AI practices, or capacity/skills development in Kenya.",[]
Kenya,2018–2022,1,UNEP provided technical assistance Kenya environmental information system skills development data management artificial intelligence AI capacity skills environmental information system government stakeholder institution platform training after:2018-01-01 before:2022-01-01,Measuring the Impact of Conservation: The Growing ...,https://www.mdpi.com/1424-2818/14/10/824,"Governments need data to guide planning and to report on progress towards their global MEA commitments, such as the CBD, the United Nations Convention to Combat ...",https://www.mdpi.com › ...,www_mdpi_com_Measuring_the_Impact_of_Conservation_The_Growing_.txt,False,False,0,0,none,none,academic / research institution,global,The document does not contain explicit evidence of measured improvements in data management and environmentally sustainable artificial intelligence practices in Kenya during 2018-2022.,There is no explicit link between UNEP or UNEP-supported work and the measured improvement in data management or environmentally sustainable AI practices in Kenya during 2018-2022.,"[""No relevant phrases found""]"
Kenya,2018–2022,1,UNEP provided technical assistance Kenya environmental information system skills development data management artificial intelligence AI capacity skills environmental information system government stakeholder institution platform training after:2018-01-01 before:2022-01-01,Climate Change AI Workshop Papers,https://www.climatechange.ai/papers,"On this page, we show accepted works from all our workshops on ""Tackling Climate Change with Machine Learning.""",https://www.climatechange.ai › papers,www_climatechange_ai_Climate_Change_AI_Workshop_Papers.txt,False,False,0,0,none,none,none,unclear,The document does not contain explicit evidence of measured improvements in data management and environmentally sustainable artificial intelligence practices in Kenya during 2018-2022.,"There is no explicit link between UNEP or UNEP-supported work and the measured improvement in data management, environmentally sustainable AI practices, or capacity/skills development in Kenya during 2018-2022.",[]
Kenya,2018–2022,1,UNEP provided technical assistance Kenya environmental information system skills development data management artificial intelligence AI capacity skills environmental information system government stakeholder institution platform training after:2018-01-01 before:2022-01-01,INTERNATIONAL GUIDELINES FOR INDUSTRIAL PARKS,https://www.unido.org/sites/default/files/files/2019-11/International_Guidelines_for_Industrial_Parks.pdf,UNEP. (2001). Environmental Management for Industrial Estates: Information and Training Resources. United Nations Publication. 81. UNIDO. (2011). Industrial ...,https://www.unido.org › default › files › files › I...,www_unido_org_INTERNATIONAL_GUIDELINES_FOR_INDUSTRIAL_PARKS.txt,False,False,0,0,none,none,none,none,"The document does not contain explicit evidence related to improved data management, environmental data systems/platforms/workflows, environmentally sustainable AI practices, or capacity/skills development in data management or AI in Kenya during 2018-2022.","The document does not explicitly link UNEP or UNEP-supported work to enabling, supporting, improving, training, implementing, or operationalizing SP7.1 outcomes in Kenya during 2018-2022.",[]
Kenya,2018–2022,1,UNEP provided technical assistance Kenya environmental information system skills development data management artificial intelligence AI capacity skills environmental information system government stakeholder institution platform training after:2018-01-01 before:2022-01-01,ENERGY ACTION - Sustainable Development Goals,https://sdgs.un.org/sites/default/files/2021-06/2021-SDG7%20POLICY%20BRIEFS.pdf,The world has made significant progress toward SDG 7 in some areas. Yet efforts remain well below the scale required to meet the goal by 2030.,https://sdgs.un.org › sites › default › files,sdgs_un_org_ENERGY_ACTION_Sustainable_Development_Goals.txt,False,False,0,0,none,none,none,global,"The document does not contain explicit evidence of measured improvements in data management and environmentally sustainable artificial intelligence practices, including capacity and skills development, among countries and stakeholders in Kenya during 2018-2022.","There is no explicit link between UNEP or UNEP-supported work and the measured improvement in data management, environmentally sustainable AI practices, or capacity/skills development in Kenya during 2018-2022.",[]
Kenya,2018–2022,1,UNEP provided technical assistance Kenya environmental information system skills development data management artificial intelligence AI capacity skills environmental information system government stakeholder institution platform training after:2018-01-01 before:2022-01-01,ENERGY ACTION - Sustainable Development Goals,https://sdgs.un.org/sites/default/files/2021-06/2021-SDG7%20POLICY%20BRIEFS.pdf,The world has made significant progress toward SDG 7 in some areas. Yet efforts remain well below the scale required to meet the goal by 2030.,https://sdgs.un.org › sites › default › files,sdgs_un_org_ENERGY_ACTION_Sustainable_Development_Goals.txt,False,False,0,0,none,none,none,none,"The document does not contain explicit evidence of measured improvements in data management and environmentally sustainable artificial intelligence practices, including capacity and skills development, among countries and stakeholders in Kenya during 2018-2022.","There is no explicit link between UNEP or UNEP-supported work and the measured improvement in data management, environmentally sustainable AI practices, or capacity/skills development in Kenya during 2018-2022.",[]
Kenya,2018–2022,1,UNEP provided technical assistance Kenya environmental information system skills development data management artificial intelligence AI capacity skills environmental information system government stakeholder institution platform training after:2018-01-01 before:2022-01-01,INTERNATIONAL GUIDELINES FOR INDUSTRIAL PARKS,https://www.unido.org/sites/default/files/files/2019-11/International_Guidelines_for_Industrial_Parks.pdf,UNEP. (2001). Environmental Management for Industrial Estates: Information and Training Resources. United Nations Publication. 81. UNIDO. (2011). Industrial ...,https://www.unido.org › default › files › files › I...,www_unido_org_INTERNATIONAL_GUIDELINES_FOR_INDUSTRIAL_PARKS.txt,False,False,0,0,none,none,none,none,"The document does not contain explicit evidence related to improved data management, environmental data systems/platforms/workflows, environmentally sustainable AI practices, or capacity/skills development in data management or AI in Kenya during 2018-2022.","The document does not explicitly link UNEP or UNEP-supported work to enabling, supporting, improving, training, implementing, or operationalizing SP7.1 outcomes in Kenya during 2018-2022.",[]
Kenya,2018–2022,1,UNEP provided technical assistance Kenya environmental information system skills development data management artificial intelligence AI capacity skills environmental information system government stakeholder institution platform training after:2018-01-01 before:2022-01-01,Climate Cooperation and Competition: Leveraging ...,https://www.csis.org/analysis/climate-cooperation-and-competition-leveraging-sustainable-development-goal-13,"New technical assistance and implementation efforts will require U.S. government operational reform. Staffing, capacity, and resources of U.S. government ...",https://www.csis.org › analysis › climate-cooperation-an...,www_csis_org_Climate_Cooperation_and_Competition_Leveraging_.txt,False,False,0,0,none,none,unclear,unclear,"The document does not contain explicit evidence related to Kenya or the time window 2018-2022. It primarily focuses on climate change, SDG 13, and global development policies, without specific mention of digital/data management, sustainable AI practices, or capacity development in Kenya.","There is no explicit link between UNEP or UNEP-supported work and measured improvements in data management, environmentally sustainable AI practices, or capacity/skills development in Kenya (2018-2022).",[]
Kenya,2018–2022,1,UNEP provided technical assistance Kenya environmental information system skills development data management artificial intelligence AI capacity skills environmental information system government stakeholder institution platform training after:2018-01-01 before:2022-01-01,Sustainable Finance Synthesis Report,https://g20sfwg.org/wp-content/uploads/2021/06/G20_Sustainable_Finance_Synthesis_Report_2018.pdf,"Leveraging vast amounts of data, machine learning and AI fa- cilitate the development of environmental, social and economic rating methodologies ...",https://g20sfwg.org › uploads › 2021/06 › G20_S...,g20sfwg_org_Sustainable_Finance_Synthesis_Report.txt,False,False,0,0,none,none,unclear,unclear,,,[]
Kenya,2018–2022,1,UNEP provided technical assistance Kenya environmental information system skills development data management artificial intelligence AI capacity skills environmental information system government stakeholder institution platform training after:2018-01-01 before:2022-01-01,2022 CATALOGUE OF SERVICES,https://unhabitat.org/sites/default/files/2022/06/un-habitat_2022_catalogue_of_services_digital-compressed.pdf,capacity development and technical assistance will be provided through this harmonized approach instead of the previously fragmented system. On the urban ...,https://unhabitat.org › default › files › 2022/06,unhabitat_org_2022_CATALOGUE_OF_SERVICES.txt,False,False,0,0,none,none,UN or international organization,institutional,"The document does not contain explicit evidence of measured improvements in data management and environmentally sustainable artificial intelligence practices, capacity and skills development, or stakeholder capacity improvements related to data management, AI practices, digital tools, or environmental data platforms in Kenya during 2018-2022.","The document does not explicitly link UNEP or UNEP-supported work to the measured improvement in data management, environmentally sustainable AI practices, or capacity/skills development in Kenya during 2018-2022.","[""The document does not contain relevant evidence for SP7.1 indicator.""]"
Kenya,2018–2022,1,UNEP provided technical assistance Kenya environmental information system skills development data management artificial intelligence AI capacity skills environmental information system government stakeholder institution platform training after:2018-01-01 before:2022-01-01,Measuring the Impact of Conservation: The Growing ...,https://www.mdpi.com/1424-2818/14/10/824,"Governments need data to guide planning and to report on progress towards their global MEA commitments, such as the CBD, the United Nations Convention to Combat ...",https://www.mdpi.com › ...,www_mdpi_com_Measuring_the_Impact_of_Conservation_The_Growing_.txt,False,False,0,0,none,none,academic / research institution,global,The document does not contain explicit evidence of measured improvements in data management and environmentally sustainable artificial intelligence practices in Kenya during 2018-2022.,"There is no explicit link between UNEP or UNEP-supported work and the measured improvement in data management, environmentally sustainable AI practices, or capacity/skills development in Kenya during 2018-2022.","[""No relevant evidence found""]"
Kenya,2018–2022,1,UNEP provided technical assistance Kenya environmental information system skills development data management artificial intelligence AI capacity skills environmental information system government stakeholder institution platform training after:2018-01-01 before:2022-01-01,Apolitical's 100 Most Influential Academics in Government,https://apolitical.co/lists/apoliticals-100-most-influential-academics-in-government,Academic research remains a vital source of information and innovation. This is why Apolitical invited public servants to nominate the academics who are the ...,https://apolitical.co › lists › apoliticals-100-most-influenti...,apolitical_co_Apolitical_s_100_Most_Influential_Academics_in_Gov.txt,False,False,0,0,none,none,none,none,"The document does not contain explicit evidence related to Kenya or the time window 2018-2022, nor does it discuss environmental data management, sustainable AI practices, or capacity and skills development in these areas.",There is no mention of UNEP or UNEP-supported work in the provided document.,[]
Kenya,2018–2022,1,UNEP provided technical assistance Kenya environmental information system skills development data management artificial intelligence AI capacity skills environmental information system government stakeholder institution platform training after:2018-01-01 before:2022-01-01,Public Participation and Environmental Education,https://link.springer.com/chapter/10.1007/978-3-319-73250-3_22,"In this chapter, we discuss how environmental education and public participation interact with and are influenced by each other.",https://link.springer.com › chapter,link_springer_com_Public_Participation_and_Environmental_Education.txt,False,False,0,0,none,none,none,none,"The document does not contain explicit evidence related to Kenya or the time window 2018-2022. It discusses public participation and environmental education in riverine ecosystem management, but does not mention digital/data management, sustainable AI practices, or capacity/skills development in these areas.",There is no mention of UNEP or UNEP-supported work in the document.,[]
Kenya,2018–2022,1,UNEP provided technical assistance Kenya environmental information system skills development data management artificial intelligence AI capacity skills environmental information system government stakeholder institution platform training after:2018-01-01 before:2022-01-01,Transformations to Achieve the Sustainable Development ...,https://pure.iiasa.ac.at/id/eprint/15347/1/TWI2050_Report081118-web-new.pdf,'Big Data' with 'Cloud Storage' has laid the foundations for the development of contemporary artificial intelligence (AI) based on Machine Learning (ML). It ...,https://pure.iiasa.ac.at › eprint › TWI2050_Report...,pure_iiasa_ac_at_Transformations_to_Achieve_the_Sustainable_Develop.txt,False,False,0,0,none,none,unclear,unclear,No relevant information found in the document.,No UNEP attribution found in the document.,[]
Kenya,2018–2022,1,UNEP provided technical assistance Kenya environmental information system skills development data management artificial intelligence AI capacity skills environmental information system government stakeholder institution platform training after:2018-01-01 before:2022-01-01,FROM POLLUTION TO SOLUTION,https://www.gdr-po.cnrs.fr/docs/UNEP_2021.pdf,United Nations Environment Programme (2021). From Pollution to. Solution. A global assessment of marine litter and plastic pollution Nairobi. Production. United ...,https://www.gdr-po.cnrs.fr › docs › UNEP_2021,www_gdr-po_cnrs_fr_FROM_POLLUTION_TO_SOLUTION.txt,False,False,0,0,none,none,unclear,unclear,"Document could not be retrieved, therefore no evidence could be assessed.","Document could not be retrieved, therefore no evidence could be assessed.",[]
Kenya,2018–2022,1,UNEP provided technical assistance Kenya environmental information system skills development data management artificial intelligence AI capacity skills environmental information system government stakeholder institution platform training after:2018-01-01 before:2022-01-01,Planning for Sustainable Stakeholder Engagement Based ...,https://www.researchgate.net/publication/335831292_Planning_for_Sustainable_Stakeholder_Engagement_Based_on_the_Assessment_of_Conflicting_Interests_in_Projects,The goal of this paper is to provide a framework to enhance effectiveness of the stakeholder engagement in projects by systematically ranking the potential ...,https://www.researchgate.net › ... › Conflict of Interest,www_researchgate_net_Planning_for_Sustainable_Stakeholder_Engagement_Ba.txt,False,False,0,0,none,none,unclear,unclear,"The document does not contain explicit evidence related to Kenya or the time window 2018-2022, nor does it discuss improvements in data management, environmental data systems, or sustainable AI practices.",There is no explicit link to UNEP or UNEP-supported work in the provided document.,[]
Kenya,2018–2022,1,UNEP provided technical assistance Kenya environmental information system skills development data management artificial intelligence AI capacity skills environmental information system government stakeholder institution platform training after:2018-01-01 before:2022-01-01,compendium of data protection and privacy policies,https://unstats.un.org/legal-identity-agenda/documents/Paper/data_protecton_%20and_privacy.pdf,"• Support Member States' by providing technological and human capacity for health information systems, technical assistance with data collection processes ...",https://unstats.un.org › data_protecton_ and_privacy,unstats_un_org_compendium_of_data_protection_and_privacy_policies.txt,False,False,0,0,none,none,unclear,unclear,No relevant information found,No relevant information found,[]
Kenya,2018–2022,1,UNEP provided technical assistance Kenya environmental information system skills development data management artificial intelligence AI capacity skills environmental information system government stakeholder institution platform training after:2018-01-01 before:2022-01-01,World Trade Report 2020,https://www.wto.org/english/res_e/booksp_e/wtr20_e/wtr20_e.pdf,"The World Trade Report is an annual publication that aims to deepen understanding about trends in trade, trade policy issues and the multilateral trading system ...",https://www.wto.org › res_e › wtr20_e › wtr20_e,www_wto_org_World_Trade_Report_2020.txt,False,False,0,0,none,none,none,none,"The document does not contain explicit evidence of measured improvements in data management, environmentally sustainable AI practices, or capacity and skills development in Kenya during 2018-2022.","There is no explicit link between UNEP or UNEP-supported work and the measured improvement in data management, environmentally sustainable AI practices, or capacity/skills development in Kenya during 2018-2022.",[]
Kenya,2018–2022,1,UNEP provided technical assistance Kenya environmental information system skills development data management artificial intelligence AI capacity skills environmental information system government stakeholder institution platform training after:2018-01-01 before:2022-01-01,PG-Syllabi-Vol-02.pdf,https://icar.org.in/sites/default/files/inline-files/PG-Syllabi-Vol-02.pdf,The revised curricula of 79 disciplines has been designed with a view to improve the existing syllabus and to make it more contextual and pertinent to cater the ...,https://icar.org.in › default › files › inline-files › P...,icar_org_in_PG_Syllabi_Vol_02_pdf.txt,False,False,0,0,none,none,unclear,unclear,No relevant information found.,No UNEP attribution found.,[]
Kenya,2018–2022,1,UNEP provided technical assistance Kenya environmental information system skills development data management artificial intelligence AI capacity skills environmental information system government stakeholder institution platform training after:2018-01-01 before:2022-01-01,Annual Report - 2021,https://unhabitat.org/sites/default/files/2022/05/2021_annual_report.pdf,"The role of UN-Habitat as a focal point on sustainable urbanization and human settlements including in the implementation, follow-up and review of the New Urban.",https://unhabitat.org › default › files › 2022/05,unhabitat_org_Annual_Report_2021.txt,False,False,0,0,none,none,unclear,unclear,The document text provided does not contain any relevant information about Kenya or digital/data management/sustainable AI practices.,There is no explicit link to UNEP or UNEP-supported work in the provided text.,[]
Kenya,2018–2022,1,UNEP provided technical assistance Kenya environmental information system skills development data management artificial intelligence AI capacity skills environmental information system government stakeholder institution platform training after:2018-01-01 before:2022-01-01,Digital Economy Report 2021,https://unctad.org/system/files/official-document/der2021_en.pdf,"The ICT Policy Section promotes international dialogue on issues related to ICTs for development, and contributes to building developing countries' capacities ...",https://unctad.org › system › files › der2021_en,unctad_org_Digital_Economy_Report_2021.txt,False,False,0,0,none,none,none,none,"The document does not contain explicit evidence related to Kenya or the time window 2018-2022. It appears to be a general report on digital economy and data flows, not specifically focused on Kenya or UNEP's work in Kenya.",There is no explicit link to UNEP or UNEP-supported work in Kenya (2018-2022) in the document.,[]
Kenya,2018–2022,1,UNEP provided technical assistance Kenya environmental information system skills development data management artificial intelligence AI capacity skills environmental information system government stakeholder institution platform training after:2018-01-01 before:2022-01-01,United Nations Activities on Artificial Intelligence (AI) 2020,https://www.itu.int/dms_pub/itu-s/opb/gen/S-GEN-UNACT-2020-1-PDF-E.pdf,The 2020 edition of UN Activities on Artificial Intelligence (AI) takes a deep dive into the technologies behind the more than. 260 projects that are being ...,https://www.itu.int › dms_pub › itu-s › opb › gen,www_itu_int_United_Nations_Activities_on_Artificial_Intelligen.txt,False,False,0,0,none,none,unclear,unclear,No evidence found due to fetch error.,No evidence found due to fetch error.,[]
Kenya,2018–2022,1,UNEP provided technical assistance Kenya environmental information system skills development data management artificial intelligence AI capacity skills environmental information system government stakeholder institution platform training after:2018-01-01 before:2022-01-01,Digital technologies as a means of repression and social control,https://www.europarl.europa.eu/RegData/etudes/STUD/2021/653636/EXPO_STU(2021)653636_EN.pdf,"The proliferation of new and emerging technologies over the past two decades has significantly expanded states' toolkit for repression and social control, ...",https://www.europarl.europa.eu › etudes › STUD,www_europarl_europa_eu_Digital_technologies_as_a_means_of_repression_and_.txt,False,False,0,0,none,none,unclear,unclear,No relevant information found,No UNEP link found,[]
Kenya,2018–2022,1,UNEP provided technical assistance Kenya environmental information system skills development data management artificial intelligence AI capacity skills environmental information system government stakeholder institution platform training after:2018-01-01 before:2022-01-01,YOUTH SOLUTIONS REPORT 2020,https://www.undp.org/sites/g/files/zskgke326/files/publications/UNDP-RBAP-SDSN-joint-report-Youth-Solutions-Report-2020.pdf,SDSN Youth is an initiative of the UN Sustainable Development Solutions Network; a program launched by UN Secretary-General in 2012 to mobilize global expertise ...,https://www.undp.org › files › files › publications,www_undp_org_YOUTH_SOLUTIONS_REPORT_2020.txt,False,False,0,0,none,none,none,none,"The document does not contain explicit evidence related to improved data management, environmental data systems/platforms/workflows, environmentally sustainable AI practices, or capacity and skills development in data management or AI for Kenya during 2018-2022.",There is no explicit link between UNEP or UNEP-supported work and the SP7.1 improvement/capacity/sustainable AI outcome in Kenya during 2018-2022.,[]
Kenya,2018–2022,1,UNEP provided technical assistance Kenya environmental information system skills development data management artificial intelligence AI capacity skills environmental information system government stakeholder institution platform training after:2018-01-01 before:2022-01-01,PHILIPPINE JOURNAL OF PUBLIC ADMINISTRATION - NCPAG,https://ncpag.upd.edu.ph/wp-content/uploads/2019/05/pjpa2017.pdf,"The Philippine Journal of Public Administration is the official journal of the National. College of Public Administration and Governance, University of the ...",https://ncpag.upd.edu.ph › 2019/05 › pjpa2017,ncpag_upd_edu_ph_PHILIPPINE_JOURNAL_OF_PUBLIC_ADMINISTRATION_NCPAG.txt,False,False,0,0,none,none,none,none,"The document does not contain any information related to Kenya or improvements in data management, environmentally sustainable AI practices, or capacity and skills development in these areas during 2018-2022.",There is no mention of UNEP or UNEP-supported work in the document.,[]
Kenya,2018–2022,1,UNEP provided technical assistance Kenya environmental information system skills development data management artificial intelligence AI capacity skills environmental information system government stakeholder institution platform training after:2018-01-01 before:2022-01-01,Digital technologies as a means of repression and social control,https://www.europarl.europa.eu/RegData/etudes/STUD/2021/653636/EXPO_STU(2021)653636_EN.pdf,"The proliferation of new and emerging technologies over the past two decades has significantly expanded states' toolkit for repression and social control, ...",https://www.europarl.europa.eu › etudes › STUD,www_europarl_europa_eu_Digital_technologies_as_a_means_of_repression_and_.txt,False,False,0,0,none,none,unclear,unclear,No relevant information found.,No UNEP link found.,[]
Kenya,2018–2022,1,UNEP provided technical assistance Kenya environmental information system skills development data management artificial intelligence AI capacity skills environmental information system government stakeholder institution platform training after:2018-01-01 before:2022-01-01,LIVING PLANET REPORT 2020 - WWF,https://www.wwf.org.uk/sites/default/files/2020-09/LPR20_Full_report.pdf,"New ways to discover and extract this data are under development, including the automatic identification of relevant data sources using artificial intelligence.",https://www.wwf.org.uk › LPR20_Full_report,www_wwf_org_uk_LIVING_PLANET_REPORT_2020_WWF.txt,False,False,0,0,none,none,unclear,unclear,No relevant information found,No relevant information found,[]
Kenya,2018–2022,1,UNEP provided technical assistance Kenya environmental information system skills development data management artificial intelligence AI capacity skills environmental information system government stakeholder institution platform training after:2018-01-01 before:2022-01-01,Development Co-operation Report 2020 (EN),https://www.oecd.org/content/dam/oecd/en/publications/reports/2020/12/development-co-operation-report-2020_f095d2a7/f6d42aa5-en.pdf,The information in this document relates to the area under the effective control of the Government of the Republic of Cyprus. Please cite this publication as:.,https://www.oecd.org › oecd › reports › 2020/12,www_oecd_org_Development_Co_operation_Report_2020_EN_.txt,False,False,0,0,none,none,none,none,The document does not contain explicit evidence of measured improvements in data management and environmentally sustainable artificial intelligence practices in Kenya during 2018-2022.,"There is no explicit link between UNEP or UNEP-supported work and the measured improvement in data management, environmentally sustainable AI practices, or capacity/skills development in Kenya during 2018-2022.",[]
Kenya,2018–2022,1,UNEP provided technical assistance Kenya environmental information system skills development data management artificial intelligence AI capacity skills environmental information system government stakeholder institution platform training after:2018-01-01 before:2022-01-01,Environment Protection Agency - EPA,https://www.facebook.com/EnvironmentProtectionAgencyLiberia/posts/representatives-from-governments-line-ministries-and-agencies-have-begun-a-three/275893673052420/,Representatives from Government's line Ministries and Agencies have begun a three-day inception workshop on Technology Needs Assessment (TNA) at the Environment ...,20+ reactions,www_facebook_com_Environment_Protection_Agency_EPA.txt,False,False,0,0,none,none,unclear,unclear,"The document does not contain explicit evidence related to Kenya or the time window 2018-2022. It appears to be about a workshop in Liberia, not Kenya.",There is no explicit link between UNEP and any improvement in data management or sustainable AI practices in Kenya.,[]
Kenya,2018–2022,1,UNEP provided technical assistance Kenya environmental information system skills development data management artificial intelligence AI capacity skills environmental information system government stakeholder institution platform training after:2018-01-01 before:2022-01-01,Propelling LDCs in the Digital Age: A 4IR Perspective for ...,https://hub.unido.org/sites/default/files/publications/Publication_4IR_LDC.pdf,"This chapter provides actionable recommendations for LDCs which are aligned with. UNIDO's 4IR Strategic Framework, i.e., skills development and capacity ...",https://hub.unido.org › default › files › publications,hub_unido_org_Propelling_LDCs_in_the_Digital_Age_A_4IR_Perspecti.txt,False,False,0,0,none,none,unclear,unclear,The document does not provide explicit evidence of measured improvements in data management and environmentally sustainable artificial intelligence practices in Kenya during 2018-2022.,"There is no explicit link between UNEP or UNEP-supported work and the measured improvement in data management, environmentally sustainable AI practices, or capacity/skills development in Kenya during 2018-2022.",[]
Kenya,2018–2022,1,UNEP provided technical assistance Kenya environmental information system skills development data management artificial intelligence AI capacity skills environmental information system government stakeholder institution platform training after:2018-01-01 before:2022-01-01,Guidelines for the Monitoring and Assessment of Plastic ...,https://resolutions.unep.org/uploads/inf_4.pdf,"GESAMP is an advisory body consisting of specialized experts nominated by the Sponsoring Agencies. (IMO, FAO, UNESCO-IOC, UNIDO, WMO, IAEA, UN, UNEP, UNDP). Its ...",https://resolutions.unep.org › uploads › inf_4,resolutions_unep_org_Guidelines_for_the_Monitoring_and_Assessment_of_Pl.txt,False,False,0,0,none,none,none,none,"The document does not contain explicit evidence of measured improvements in data management and environmentally sustainable artificial intelligence practices, including capacity and skills development, among countries and stakeholders in Kenya during 2018-2022.","The document does not explicitly link UNEP or UNEP-supported work to the measured improvement in data management, environmentally sustainable AI practices, or capacity/skills development in Kenya during 2018-2022.",[]
Kenya,2018–2022,1,UNEP provided technical assistance Kenya environmental information system skills development data management artificial intelligence AI capacity skills environmental information system government stakeholder institution platform training after:2018-01-01 before:2022-01-01,pidsepm2020-2021.pdf,https://pidswebs.pids.gov.ph/CDN/PUBLICATIONS/pidsepm2020-2021.pdf,"and artificial intelligence (AI) have sped up the development of testing, vaccines, and treatments to fight off the virus. However, even if the Philippines ...",https://pidswebs.pids.gov.ph › PUBLICATIONS,pidswebs_pids_gov_ph_pidsepm2020_2021_pdf.txt,False,False,0,0,none,none,none,none,"The document provided does not contain any information related to Kenya or the time window 2018-2022. It appears to be an economic policy monitor report for the Philippines, focusing on the macroeconomic prospects in 2021-2022.",,[]
Kenya,2018–2022,1,UNEP provided technical assistance Kenya environmental information system skills development data management artificial intelligence AI capacity skills environmental information system government stakeholder institution platform training after:2018-01-01 before:2022-01-01,The United Nations world water development report 2020,https://unesdoc.unesco.org/ark:/48223/pf0000372985.locale=en,This report is published by UNESCO on behalf of UN-Water. The list of UN-Water Members and Partners can be found on the following website: www.unwater.org.,https://unesdoc.unesco.org › ark:,unesdoc_unesco_org_The_United_Nations_world_water_development_report_.txt,False,False,0,0,none,none,unclear,unclear,"The document is not relevant to the task as it does not contain information about Kenya, the time window 2018-2022, data management, sustainable AI practices, or capacity and skills development in these areas.",There is no explicit link to UNEP or UNEP-supported work in the provided document.,[]
Kenya,2018–2022,2,in partnership with UNEP Kenya AI for environment upgraded data management artificial intelligence AI capacity skills environmental information system government stakeholder institution platform training after:2018-01-01 before:2022-01-01,United Nations Environment Programme (UNEP) - AI for Good,https://aiforgood.itu.int/about-us/un-ai-actions/unep/,The project seeks to show how machine learning (ML) models can help policy makers and researchers design data-driven policies that most efficiently and ...,https://aiforgood.itu.int › About us › UN AI Actions,aiforgood_itu_int_United_Nations_Environment_Programme_UNEP_AI_for_G.txt,False,False,0,0,none,none,unclear,unclear,No relevant information found,No UNEP link found,[]
Kenya,2018–2022,1,UNEP provided technical assistance Kenya environmental information system skills development data management artificial intelligence AI capacity skills environmental information system government stakeholder institution platform training after:2018-01-01 before:2022-01-01,Harnessing the Fourth Industrial Revolution for Water,https://www3.weforum.org/docs/WEF_WR129_Harnessing_4IR_Water_Online.pdf,"Determining how best to improve and scale WASH service delivery is fundamental to human and environmental security, particularly in today's context, where ...",https://www3.weforum.org › docs,www3_weforum_org_Harnessing_the_Fourth_Industrial_Revolution_for_Wa.txt,False,False,0,0,none,none,none,none,"The document does not contain explicit evidence of measured improvements in data management, environmentally sustainable AI practices, or capacity/skills development in Kenya during 2018-2022.","There is no explicit link between UNEP or UNEP-supported work and the measured improvement in data management, environmentally sustainable AI practices, or capacity/skills development in Kenya during 2018-2022.",[]
Kenya,2018–2022,1,UNEP provided technical assistance Kenya environmental information system skills development data management artificial intelligence AI capacity skills environmental information system government stakeholder institution platform training after:2018-01-01 before:2022-01-01,The World Bank Annual Report 2018,https://documents1.worldbank.org/curated/en/630671538158537244/pdf/The-World-Bank-Annual-Report-2018.pdf,"Inter- nally, a management information system to track and manage environmental and social risks is being developed, while guidance materials, good practice ...",https://documents1.worldbank.org › curated › pdf,documents1_worldbank_org_The_World_Bank_Annual_Report_2018.txt,False,False,0,0,none,none,multilateral development bank,global,"The document does not contain explicit evidence of measured improvements in data management, environmentally sustainable AI practices, or capacity and skills development in Kenya during 2018-2022.",There is no mention of UNEP or UNEP-supported work in the document.,"[""No relevant phrases found""]"
Kenya,2018–2022,2,in partnership with UNEP Kenya AI for environment upgraded data management artificial intelligence AI capacity skills environmental information system government stakeholder institution platform training after:2018-01-01 before:2022-01-01,National Strategy for Artificial Intelligence,https://www.niti.gov.in/sites/default/files/2023-03/National-Strategy-for-Artificial-Intelligence.pdf,AI Infrastructure: High throughput processing supercomputing systems to train the machines learn the data sets using AI deep learning. We propose to set up ...,https://www.niti.gov.in › sites › default › files,www_niti_gov_in_National_Strategy_for_Artificial_Intelligence.txt,False,False,0,0,none,none,government,national,"The document does not contain explicit evidence related to Kenya or the time window 2018-2022. It appears to be a national strategy for Artificial Intelligence in India, not Kenya.",There is no mention of UNEP or UNEP-supported work in the document.,[]
Kenya,2018–2022,2,in partnership with UNEP Kenya AI for environment upgraded data management artificial intelligence AI capacity skills environmental information system government stakeholder institution platform training after:2018-01-01 before:2022-01-01,Artificial intelligence needs assessment survey in Africa,https://unesdoc.unesco.org/ark:/48223/pf0000375322,UNESCO publishes the results of a survey intended to establish the priori- ties and capacity building needs of African countries with respect to AI.,https://unesdoc.unesco.org › ark:,unesdoc_unesco_org_Artificial_intelligence_needs_assessment_survey_in.txt,False,False,0,0,none,none,unclear,unclear,"The document is not relevant to the task as it does not contain information about Kenya, the time window 2018-2022, or specific improvements in data management and environmentally sustainable artificial intelligence practices.",There is no mention of UNEP or UNEP-supported work in the provided document.,[]
Kenya,2018–2022,2,in partnership with UNEP Kenya AI for environment upgraded data management artificial intelligence AI capacity skills environmental information system government stakeholder institution platform training after:2018-01-01 before:2022-01-01,Jimma University,https://www.facebook.com/JimmaUniv/posts/artificial-intelligence-underlined-as-a-key-for-accelerating-the-national-develo/2492330471059851/,A major artificial intelligence (AI) conference will be held in Africa in 2020—because the organizers admit it will be more difficult for African researchers to ...,470+ reactions,www_facebook_com_Jimma_University.txt,False,False,0,0,none,none,unclear,institutional,"The document does not contain explicit evidence of measured improvements in data management and environmentally sustainable artificial intelligence practices, including capacity and skills development, among countries and stakeholders in Kenya during 2018-2022.",There is no mention of UNEP or UNEP-supported work in the document.,[]
Kenya,2018–2022,2,in partnership with UNEP Kenya AI for environment upgraded data management artificial intelligence AI capacity skills environmental information system government stakeholder institution platform training after:2018-01-01 before:2022-01-01,RESPONSIBLE ARTIFICIAL INTELLIGENCE IN SUB- ...,https://ircai.org/wp-content/uploads/2021/03/AI4D_Report_Responsible_AI_in_SSA.pdf,Grassroots communities and organisations are also working to support the development of AI capacity at universities by gaining access to training and compute ...,https://ircai.org › wp-content › uploads › 2021/03,ircai_org_RESPONSIBLE_ARTIFICIAL_INTELLIGENCE_IN_SUB_.txt,False,False,0,0,none,none,unclear,unclear,No relevant information found in the document.,No UNEP attribution found in the document.,[]
Kenya,2018–2022,2,in partnership with UNEP Kenya AI for environment upgraded data management artificial intelligence AI capacity skills environmental information system government stakeholder institution platform training after:2018-01-01 before:2022-01-01,Digital Technology and AI for Smart Sustainable Cities in ...,https://www.mdpi.com/2413-8851/9/3/72,"In essence, smart sustainable cities leverage advanced digital technologies and artificial intelligence (AI) to optimise systems and processes, with the aim of ...",https://www.mdpi.com › ...,www_mdpi_com_Digital_Technology_and_AI_for_Smart_Sustainable_Ci.txt,False,False,0,0,none,none,none,none,"The document does not contain explicit evidence of measured improvements in data management and environmentally sustainable AI practices, or capacity and skills development in Kenya during 2018-2022.","There is no explicit link between UNEP or UNEP-supported work and the measured improvement in data management, environmentally sustainable AI practices, or capacity/skills development in Kenya during 2018-2022.",[]
Kenya,2018–2022,2,in partnership with UNEP Kenya AI for environment upgraded data management artificial intelligence AI capacity skills environmental information system government stakeholder institution platform training after:2018-01-01 before:2022-01-01,2. Solutions to address AI's anticipated negative impacts,https://www.pewresearch.org/internet/2018/12/10/solutions-to-address-ais-anticipated-negative-impacts/,Among them: 1) improving collaboration across borders and stakeholder groups; 2) developing policies to assure that development of AI will be directed at ...,https://www.pewresearch.org › internet › 2018/12/10,www_pewresearch_org_2_Solutions_to_address_AI_s_anticipated_negative_i.txt,False,False,0,0,none,none,none,none,"The document does not contain explicit evidence related to Kenya or the time window 2018-2022. It is a general report on AI and its potential impacts, and does not discuss specific data management or sustainable AI practices in Kenya.",There is no mention of UNEP or UNEP-supported work in the document.,[]
Kenya,2018–2022,2,in partnership with UNEP Kenya AI for environment upgraded data management artificial intelligence AI capacity skills environmental information system government stakeholder institution platform training after:2018-01-01 before:2022-01-01,how can AI contribute to health in resource-poor settings?,https://gh.bmj.com/content/3/4/e000798,We provide a general overview of AI and how it can be used to improve health outcomes in resource-poor settings.,https://gh.bmj.com › content,gh_bmj_com_how_can_AI_contribute_to_health_in_resource_poor_s.txt,False,False,0,0,none,none,unclear,unclear,"The document does not contain explicit evidence related to Kenya or the time window 2018-2022, nor does it discuss improvements in data management, environmental data systems, or sustainable AI practices.",There is no explicit link to UNEP or UNEP-supported work in the provided document.,[]
Kenya,2018–2022,2,in partnership with UNEP Kenya AI for environment upgraded data management artificial intelligence AI capacity skills environmental information system government stakeholder institution platform training after:2018-01-01 before:2022-01-01,The ethics of artificial intelligence: Issues and initiatives,https://www.europarl.europa.eu/RegData/etudes/STUD/2020/634452/EPRS_STU(2020)634452_EN.pdf,This study deals with the ethical implications and moral questions that arise from the development and implementation of artificial intelligence (AI) ...,https://www.europarl.europa.eu › etudes › STUD,www_europarl_europa_eu_The_ethics_of_artificial_intelligence_Issues_and_i.txt,False,False,0,0,none,none,unclear,unclear,No relevant information found,No UNEP link found,[]
Kenya,2018–2022,2,in partnership with UNEP Kenya AI for environment upgraded data management artificial intelligence AI capacity skills environmental information system government stakeholder institution platform training after:2018-01-01 before:2022-01-01,Strategic-Foresight-to-Applications-of-Artificial-Intelligence- ...,https://ingmarweber.de/wp-content/uploads/2020/09/Strategic-Foresight-to-Applications-of-Artificial-Intelligence-to-Achieve-Water-related-Sustainable-Development-Goals.pdf,This report uses strategic foresight to study applications of Artificial Intelligence (AI) to achieve water-related Sustainable Development Goals (SDGs). The ...,https://ingmarweber.de › uploads › 2020/09 › Stra...,ingmarweber_de_Strategic_Foresight_to_Applications_of_Artificial_.txt,False,False,0,0,none,none,unclear,global,The document does not contain explicit evidence of measured improvements in data management and environmentally sustainable artificial intelligence practices in Kenya during 2018-2022.,"There is no explicit link between UNEP or UNEP-supported work and the measured improvement in data management, environmentally sustainable AI practices, or capacity/skills development in Kenya during 2018-2022.",[]
Kenya,2018–2022,2,in partnership with UNEP Kenya AI for environment upgraded data management artificial intelligence AI capacity skills environmental information system government stakeholder institution platform training after:2018-01-01 before:2022-01-01,"AI, digital identities, biometrics, blockchain: A primer on the ...",https://www.gmfus.org/sites/default/files/Bither%2520%2520Ziebarth%2520%25202020%2520-%2520technology%2520in%2520migration%2520management%2520primer%25202.pdf,"The development and use of algorithms is fundamental to all aspects of computer science: artificial intelligence, databases, graphics, networking, operating ...",https://www.gmfus.org › sites › default › files,www_gmfus_org_AI_digital_identities_biometrics_blockchain_A_prim.txt,False,False,0,0,none,none,none,none,"The document does not contain explicit evidence related to Kenya or the time window 2018-2022, nor does it discuss environmental data management, sustainable AI practices, or capacity and skills development in these areas.",There is no mention of UNEP or UNEP-supported work in the document.,[]
Kenya,2018–2022,2,in partnership with UNEP Kenya AI for environment upgraded data management artificial intelligence AI capacity skills environmental information system government stakeholder institution platform training after:2018-01-01 before:2022-01-01,Potential of the fourth industrial revolution in Africa,https://www.technopolis-group.com/wp-content/uploads/2020/02/Potential-of-the-fourth-industrial-revolution-in-Africa.pdf,"This significant new report – Unlocking the. Potential of the Fourth Industrial Revolution in Africa – produced by the African Development Bank, with support.",https://www.technopolis-group.com › 2020/02,www_technopolis-group_com_Potential_of_the_fourth_industrial_revolution_in_A.txt,False,False,0,0,none,none,none,none,"The document does not contain explicit evidence related to Kenya or the time window 2018-2022. It discusses the potential of the Fourth Industrial Revolution (4IR) in Africa, but does not provide specific information on digital/data management/sustainable AI practices, capacity/skills development, or measured improvements in these areas for Kenya.","There is no explicit link between UNEP or UNEP-supported work and the measured improvement in data management, environmentally sustainable AI practices, or capacity/skills development in Kenya (in 2018-2022).",[]
Kenya,2018–2022,2,in partnership with UNEP Kenya AI for environment upgraded data management artificial intelligence AI capacity skills environmental information system government stakeholder institution platform training after:2018-01-01 before:2022-01-01,Exploring space technologies for sustainable development,https://unctad.org/system/files/official-document/dtlstict2021d1_en.pdf,capacities and appropriate skills in machine learning and artificial intelligence. There is also an absence of a critical number of personnel with the ...,https://unctad.org › files › official-document,unctad_org_Exploring_space_technologies_for_sustainable_devel.txt,False,False,0,0,none,none,none,none,"The document does not contain explicit evidence related to Kenya or the time window 2018-2022, nor does it discuss improved data management, environmental data systems/platforms/workflows, environmentally sustainable AI practices, capacity or skills development in data management or AI, or measured uptake or institutional improvement in these areas.",There is no explicit link between UNEP or UNEP-supported work and the SP7.1 improvement/capacity/sustainable AI outcome mentioned.,[]
Kenya,2018–2022,2,in partnership with UNEP Kenya AI for environment upgraded data management artificial intelligence AI capacity skills environmental information system government stakeholder institution platform training after:2018-01-01 before:2022-01-01,Artificial Intelligence Index Report 2021,https://wp.oecd.ai/app/uploads/2021/03/2021-AI-Index-Report.pdf,"The AI Index Report tracks, collates, distills, and visualizes data related to artificial intelligence. Its mission is to provide unbiased, rigorously vetted, ...",https://wp.oecd.ai › app › uploads › 2021/03 › 20...,wp_oecd_ai_Artificial_Intelligence_Index_Report_2021.txt,False,False,0,0,none,none,unclear,unclear,Document not retrieved due to fetch error. No evidence available for assessment.,Document not retrieved due to fetch error. No evidence available for assessment.,[]
Kenya,2018–2022,2,in partnership with UNEP Kenya AI for environment upgraded data management artificial intelligence AI capacity skills environmental information system government stakeholder institution platform training after:2018-01-01 before:2022-01-01,Road map for research on responsible artificial intelligence for ...,https://pmc.ncbi.nlm.nih.gov/articles/PMC8672141/,This paper proposes questions that can be used to form a road map to inform research and development in this area.,https://pmc.ncbi.nlm.nih.gov › articles › PMC8672141,pmc_ncbi_nlm_nih_gov_Road_map_for_research_on_responsible_artificial_in.txt,False,False,0,0,none,none,unclear,unclear,The document does not contain any relevant information about Kenya or digital/data management/sustainable AI practices.,The document does not mention UNEP or any related work.,[]
Kenya,2018–2022,2,in partnership with UNEP Kenya AI for environment upgraded data management artificial intelligence AI capacity skills environmental information system government stakeholder institution platform training after:2018-01-01 before:2022-01-01,Strategic-Foresight-to-Applications-of-Artificial-Intelligence- ...,https://ingmarweber.de/wp-content/uploads/2020/09/Strategic-Foresight-to-Applications-of-Artificial-Intelligence-to-Achieve-Water-related-Sustainable-Development-Goals.pdf,This report uses strategic foresight to study applications of Artificial Intelligence (AI) to achieve water-related Sustainable Development Goals (SDGs). The ...,https://ingmarweber.de › uploads › 2020/09 › Stra...,ingmarweber_de_Strategic_Foresight_to_Applications_of_Artificial_.txt,False,False,0,0,none,none,unclear,global,The document does not contain explicit evidence of measured improvements in data management and environmentally sustainable artificial intelligence practices in Kenya during 2018-2022.,"The document does not explicitly link UNEP or UNEP-supported work to enabling, supporting, improving, training, implementing, or operationalizing SP7.1 evidence in Kenya during 2018-2022.",[]
Kenya,2018–2022,2,in partnership with UNEP Kenya AI for environment upgraded data management artificial intelligence AI capacity skills environmental information system government stakeholder institution platform training after:2018-01-01 before:2022-01-01,AI Governance Day - From Principles to Implementation,https://s41721.pcdn.co/wp-content/uploads/2021/06/2401225_AI_Governance_Day_2024_Report-E.pdf,"With a focus on fostering collaboration among prominent stakeholders, AI Governance Day provided a platform for government ministers, regulators, industry ...",https://s41721.pcdn.co › uploads › 2021/06 › 24...,s41721_pcdn_co_AI_Governance_Day_From_Principles_to_Implementatio.txt,False,False,0,0,none,none,none,none,"The document is not related to Kenya or the time window 2018-2022. It appears to be a report on AI Governance Day, which took place in 2024, and discusses global AI governance efforts, but does not provide specific information on Kenya or improvements in data management and environmentally sustainable AI practices.",There is no mention of UNEP or UNEP-supported work in the document.,[]
Kenya,2018–2022,2,in partnership with UNEP Kenya AI for environment upgraded data management artificial intelligence AI capacity skills environmental information system government stakeholder institution platform training after:2018-01-01 before:2022-01-01,National Strategy for Artificial Intelligence Bangladesh,https://file-rangpur.portal.gov.bd/files/pbs2.dinajpur.gov.bd/files/1885c0a0_28a4_4fcc_8d4d_dcd7ce23fd8b/7b684f19a15dfcd0f542382764572486.pdf,"Six strategic pillars of AI, Bangladesh consists of i) research and development, ii) skilling and reskilling of AI workforce, iii) data and digital ...",https://file-rangpur.portal.gov.bd › files › files,file-rangpur_portal_gov_bd_National_Strategy_for_Artificial_Intelligence_Bang.txt,False,False,0,0,none,none,unclear,unclear,No relevant information found,No UNEP link found,[]
Kenya,2018–2022,2,in partnership with UNEP Kenya AI for environment upgraded data management artificial intelligence AI capacity skills environmental information system government stakeholder institution platform training after:2018-01-01 before:2022-01-01,Business and Human Rights in the Digital Environment,https://www.gp-digital.org/wp-content/uploads/2020/02/BHR-in-the-Digital-Environment_.pdf,The intelligence community is using artificial intelligence (AI) to help manage the exponential increase of data it are collecting. Computer analytics are ...,https://www.gp-digital.org › uploads › 2020/02,www_gp-digital_org_Business_and_Human_Rights_in_the_Digital_Environme.txt,False,False,0,0,none,none,none,none,"The document does not contain explicit evidence related to Kenya or the time window 2018-2022. It primarily discusses business and human rights in the digital environment, focusing on international human rights law, the application of international human rights law to businesses, and the UN Guiding Principles on Business and Human Rights. There is no mention of environmental data management, sustainable AI practices, or capacity and skills development in these areas.","There is no explicit link between UNEP or UNEP-supported work and the measured improvement in data management, environmentally sustainable AI practices, or capacity/skills development in Kenya (in 2018-2022).",[]
Kenya,2018–2022,2,in partnership with UNEP Kenya AI for environment upgraded data management artificial intelligence AI capacity skills environmental information system government stakeholder institution platform training after:2018-01-01 before:2022-01-01,Digitalization to achieve sustainable development goals,https://www.sciencedirect.com/science/article/pii/S0048969721036111,Digitalization provides access to an integrated network of unexploited big data with potential benefits for society and the environment.,https://www.sciencedirect.com › science › article › pii,www_sciencedirect_com_Digitalization_to_achieve_sustainable_development_.txt,False,False,0,0,none,none,unclear,unclear,"The document does not contain any relevant information about Kenya, digital transformation, environmental data management, sustainable AI, or capacity development.",The document does not mention UNEP or any related work.,[]
Kenya,2018–2022,2,in partnership with UNEP Kenya AI for environment upgraded data management artificial intelligence AI capacity skills environmental information system government stakeholder institution platform training after:2018-01-01 before:2022-01-01,MITIGATING CLIMATE CHANGE: African leaders urged to ...,https://www.facebook.com/JoyNewsOnTV/posts/mitigating-climate-change-african-leaders-urged-to-leverage-on-digital-technolog/3087230801348805/,"Now delivering the welcome address, the environment minister urged the African Union to leverage on digitization to enhance the food supply system on the ...",20+ reactions,www_facebook_com_MITIGATING_CLIMATE_CHANGE_African_leaders_urged_to.txt,False,False,0,0,none,none,unclear,unclear,"The document does not contain explicit evidence related to measured improvements in data management, environmentally sustainable AI practices, or capacity/skills development in Kenya during 2018-2022.",There is no explicit link between UNEP or UNEP-supported work and any improvements in data management or sustainable AI practices in Kenya during 2018-2022.,[]
Kenya,2018–2022,2,in partnership with UNEP Kenya AI for environment upgraded data management artificial intelligence AI capacity skills environmental information system government stakeholder institution platform training after:2018-01-01 before:2022-01-01,INTERNATIONAL GUIDELINES FOR INDUSTRIAL PARKS,https://www.unido.org/sites/default/files/files/2019-11/International_Guidelines_for_Industrial_Parks.pdf,"By utilising cyber-physical system, big data and AI technology, smart industrial park solutions integrate the internal and external resources in the park; ...",https://www.unido.org › default › files › files › I...,www_unido_org_INTERNATIONAL_GUIDELINES_FOR_INDUSTRIAL_PARKS.txt,False,False,0,0,none,none,none,none,"The document does not contain explicit evidence related to improved data management, environmental data systems/platforms/workflows, environmentally sustainable AI practices, or capacity/skills development in data management or AI in Kenya during 2018-2022.","The document does not explicitly link UNEP or UNEP-supported work to enabling, supporting, improving, training, implementing, or operationalizing SP7.1 outcomes in Kenya during 2018-2022.",[]
Kenya,2018–2022,2,in partnership with UNEP Kenya AI for environment upgraded data management artificial intelligence AI capacity skills environmental information system government stakeholder institution platform training after:2018-01-01 before:2022-01-01,Artificial Intelligence in the Public Sector - World Bank Document,https://documents1.worldbank.org/curated/en/809611616042736565/pdf/Artificial-Intelligence-in-the-Public-Sector-Maximizing-Opportunities-Managing-Risks.pdf,"Artificial Intelligence in the Public Sector |. Maximizing Opportunities, Managing Risks. EFI Insight-Governance. Washington, DC: World Bank. Translations—If ...",https://documents1.worldbank.org › curated › pdf,documents1_worldbank_org_Artificial_Intelligence_in_the_Public_Sector_World.txt,False,False,0,0,none,none,none,none,"The document does not contain explicit evidence related to Kenya or the time window 2018-2022. It discusses AI in the public sector, but not specifically in Kenya, and does not provide measured improvements in data management or environmentally sustainable AI practices.",There is no mention of UNEP or UNEP-supported work in the document.,[]
Kenya,2018–2022,2,in partnership with UNEP Kenya AI for environment upgraded data management artificial intelligence AI capacity skills environmental information system government stakeholder institution platform training after:2018-01-01 before:2022-01-01,China's Smart Cities Development,https://www.uscc.gov/sites/default/files/China_Smart_Cities_Development.pdf,"China has become a global leader in smart cities initiatives, combining embedded sensors, metering devices, cameras, and other monitoring technologies with big ...",https://www.uscc.gov › sites › default › files › C...,www_uscc_gov_China_s_Smart_Cities_Development.txt,False,False,0,0,none,none,unclear,unclear,Document not retrieved due to fetch error. No evidence available for analysis.,Document not retrieved due to fetch error. No evidence available for analysis.,[]
Kenya,2018–2022,2,in partnership with UNEP Kenya AI for environment upgraded data management artificial intelligence AI capacity skills environmental information system government stakeholder institution platform training after:2018-01-01 before:2022-01-01,Rethinking the role of Technical and Vocational Education ...,https://knowledgehub.adeanet.org/files/documents/ADEA2020D004E.pdf,"... skills related to technical (IT knowledge and abilities, data and information processing, etc) and personal (social skills, adaptability to change, etc) as ...",https://knowledgehub.adeanet.org › documents,knowledgehub_adeanet_org_Rethinking_the_role_of_Technical_and_Vocational_Ed.txt,False,False,0,0,none,none,unclear,unclear,"Document could not be retrieved, no evidence available.","Document could not be retrieved, no evidence available.",[]
Kenya,2018–2022,2,in partnership with UNEP Kenya AI for environment upgraded data management artificial intelligence AI capacity skills environmental information system government stakeholder institution platform training after:2018-01-01 before:2022-01-01,PREPARING FOR FUTURE AKIS IN EUROPE,https://scar-europe.org/images/AKIS/Documents/report-preparing-for-future-akis-in-europe_en.pdf,"The conclusions of the discussions provide food for thought for all involved in the future role of Member States' and regions' AKISs in Europe. 2nd Edition, 10 ...",https://scar-europe.org › AKIS › Documents › re...,scar-europe_org_PREPARING_FOR_FUTURE_AKIS_IN_EUROPE.txt,False,False,0,0,none,none,unclear,unclear,No relevant information found in the document.,No UNEP attribution found in the document.,[]
Kenya,2018–2022,2,in partnership with UNEP Kenya AI for environment upgraded data management artificial intelligence AI capacity skills environmental information system government stakeholder institution platform training after:2018-01-01 before:2022-01-01,Climate Change AI Workshop Papers,https://www.climatechange.ai/papers,"Climate Change AI Workshop Papers. On this page, we show accepted works from all our workshops on ""Tackling Climate Change with Machine Learning."" Venue.",https://www.climatechange.ai › papers,www_climatechange_ai_Climate_Change_AI_Workshop_Papers.txt,False,False,0,0,none,none,unclear,unclear,"The document does not contain explicit evidence related to measured improvements in data management, environmentally sustainable AI practices, or capacity/skills development in Kenya during 2018-2022.",There is no explicit link between UNEP or UNEP-supported work and the SP7.1 improvement/capacity/sustainable AI outcome in Kenya during 2018-2022.,[]
Kenya,2018–2022,2,in partnership with UNEP Kenya AI for environment upgraded data management artificial intelligence AI capacity skills environmental information system government stakeholder institution platform training after:2018-01-01 before:2022-01-01,2022 CATALOGUE OF SERVICES,https://unhabitat.org/sites/default/files/2022/06/un-habitat_2022_catalogue_of_services_digital-compressed.pdf,E-learning platform and capacity building package for participatory slum upgrading ... of data and capacity gaps for data management on multiple levels ...,https://unhabitat.org › default › files › 2022/06,unhabitat_org_2022_CATALOGUE_OF_SERVICES.txt,False,False,0,0,none,none,UN or international organization,institutional,"The document does not contain explicit evidence of measured improvements in data management and environmentally sustainable artificial intelligence practices, including capacity and skills development, among countries and stakeholders in Kenya during 2018-2022.","The document does not explicitly link UNEP or UNEP-supported work to enabling, supporting, improving, training, implementing, or operationalizing SP7.1 outcomes.","[""The document does not contain relevant phrases related to digital/data management/sustainable AI practices or UNEP attribution.""]"
Kenya,2018–2022,2,in partnership with UNEP Kenya AI for environment upgraded data management artificial intelligence AI capacity skills environmental information system government stakeholder institution platform training after:2018-01-01 before:2022-01-01,SOUTH-SOUTH COOPERATION IN A DIGITAL WORLD,https://www.unsouthsouth.org/wp-content/uploads/2021/05/Final-Report.pdf,Digital knowledge and information become new production factors and important strategic resources for promoting development; the platform economy becomes a new ...,https://www.unsouthsouth.org › Final-Report,www_unsouthsouth_org_SOUTH_SOUTH_COOPERATION_IN_A_DIGITAL_WORLD.txt,False,False,0,0,none,none,unclear,unclear,"Document could not be retrieved, no evidence available.","Document could not be retrieved, no evidence available.",[]
Kenya,2018–2022,2,in partnership with UNEP Kenya AI for environment upgraded data management artificial intelligence AI capacity skills environmental information system government stakeholder institution platform training after:2018-01-01 before:2022-01-01,Rethinking the role of Technical and Vocational Education ...,https://knowledgehub.adeanet.org/files/documents/ADEA2020D004E.pdf,"... skills related to technical (IT knowledge and abilities, data and information processing, etc) and personal (social skills, adaptability to change, etc) as ...",https://knowledgehub.adeanet.org › documents,knowledgehub_adeanet_org_Rethinking_the_role_of_Technical_and_Vocational_Ed.txt,False,False,0,0,none,none,unclear,unclear,"Document could not be retrieved, no evidence available.","Document could not be retrieved, no evidence available.",[]
Kenya,2018–2022,2,in partnership with UNEP Kenya AI for environment upgraded data management artificial intelligence AI capacity skills environmental information system government stakeholder institution platform training after:2018-01-01 before:2022-01-01,Samsung Electronics Sustainability Report 2019,https://images.samsung.com/is/content/samsung/assets/global/ir/docs/sustainability_report_2019_en_new.pdf,Our environmental activities have included countermeasures against climate change—including reducing our greenhouse gas emissions and expanding the use of ...,https://images.samsung.com › assets › global › docs,images_samsung_com_Samsung_Electronics_Sustainability_Report_2019.txt,False,False,0,0,none,none,private-sector institution,global,"The document does not contain explicit evidence related to Kenya or the time window 2018-2022, nor does it discuss improvements in data management, environmentally sustainable AI practices, or capacity/skills development in these areas.",There is no mention of UNEP or UNEP-supported work in the document.,[]
Kenya,2018–2022,2,in partnership with UNEP Kenya AI for environment upgraded data management artificial intelligence AI capacity skills environmental information system government stakeholder institution platform training after:2018-01-01 before:2022-01-01,SOUTH-SOUTH COOPERATION IN A DIGITAL WORLD,https://www.unsouthsouth.org/wp-content/uploads/2021/05/Final-Report.pdf,Digital knowledge and information become new production factors and important strategic resources for promoting development; the platform economy becomes a new ...,https://www.unsouthsouth.org › Final-Report,www_unsouthsouth_org_SOUTH_SOUTH_COOPERATION_IN_A_DIGITAL_WORLD.txt,False,False,0,0,none,none,unclear,unclear,No relevant information found.,No relevant information found.,[]
Kenya,2018–2022,2,in partnership with UNEP Kenya AI for environment upgraded data management artificial intelligence AI capacity skills environmental information system government stakeholder institution platform training after:2018-01-01 before:2022-01-01,(PDF) Artificial Intelligence and Education. Guidance for ...,https://www.researchgate.net/publication/362297199_Artificial_Intelligence_and_Education_Guidance_for_Policy-makers,LEVERAGE AI TO BOOST AND UPGRADE EDUCATION. MANAGEMENT AND DELIVERY. Explore how AI technologies can improve educational. management information systems ...,https://www.researchgate.net › ... › Artificial Intelligence,www_researchgate_net__PDF_Artificial_Intelligence_and_Education_Guidanc.txt,False,False,0,0,none,none,unclear,unclear,"The document does not contain explicit evidence related to Kenya or the time window 2018-2022. The document appears to be a general guidance for policy-makers on Artificial Intelligence and Education, and does not specifically address environmental data management or sustainable AI practices.",There is no explicit link to UNEP or UNEP-supported work in the document.,[]
Kenya,2018–2022,2,in partnership with UNEP Kenya AI for environment upgraded data management artificial intelligence AI capacity skills environmental information system government stakeholder institution platform training after:2018-01-01 before:2022-01-01,"Enhanced Access to Publicly Funded Data for Science, ...",https://www.oecd.org/content/dam/oecd/en/publications/reports/2020/04/enhanced-access-to-publicly-funded-data-for-science-technology-and-innovation_8156548e/947717bc-en.pdf,"The development of artificial intelligence (AI) will increasingly enable algorithms to detect patterns by themselves, but requires well-tended data to be ...",https://www.oecd.org › oecd › reports › 2020/04,www_oecd_org_Enhanced_Access_to_Publicly_Funded_Data_for_Scienc.txt,False,False,0,0,none,none,none,none,"The document does not contain explicit evidence related to Kenya or the time window 2018–2022. It primarily focuses on general aspects of data access and sharing for science, technology, and innovation, without specific references to Kenya or UNEP-supported work.","There is no explicit link between UNEP or UNEP-supported work and the measured improvement in data management, environmentally sustainable AI practices, or capacity/skills development in Kenya (in 2018–2022).",[]
Kenya,2018–2022,2,in partnership with UNEP Kenya AI for environment upgraded data management artificial intelligence AI capacity skills environmental information system government stakeholder institution platform training after:2018-01-01 before:2022-01-01,The Role of Indian Data for European AI,https://www.bertelsmann-stiftung.de/fileadmin/files/user_upload/The_Role_of_Indian_Data_for_European_AI.pdf,The study “The Role of Indian Data for European. AI” investigates the potential benefits of a closer collaboration on data exchange between India.,https://www.bertelsmann-stiftung.de › user_upload,www_bertelsmann-stiftung_de_The_Role_of_Indian_Data_for_European_AI.txt,False,False,0,0,none,none,unclear,unclear,Document not retrieved due to fetch error. No evidence available for assessment.,Document not retrieved due to fetch error. No evidence available for assessment.,[]
Kenya,2018–2022,2,in partnership with UNEP Kenya AI for environment upgraded data management artificial intelligence AI capacity skills environmental information system government stakeholder institution platform training after:2018-01-01 before:2022-01-01,Vodafone Sustainability Framework - Investors,https://investors.vodafone.com/~/media/Files/V/Vodafone-IR/documents/debt-investor/vodafone-sustainability-framework.pdf,"– Remote and data management applications, machine learning, data analytics and artificial intelligence ('AI') applications to reduce power consumption and ...",https://investors.vodafone.com › debt-investor › v...,investors_vodafone_com_Vodafone_Sustainability_Framework_Investors.txt,False,False,0,0,none,none,unclear,unclear,"The document is about Vodafone's Sustainable Finance Framework and does not contain explicit evidence related to improved data management, environmentally sustainable AI practices, or capacity/skills development in Kenya during 2018-2022.",There is no mention of UNEP or UNEP-supported work in the document.,[]
Kenya,2018–2022,2,in partnership with UNEP Kenya AI for environment upgraded data management artificial intelligence AI capacity skills environmental information system government stakeholder institution platform training after:2018-01-01 before:2022-01-01,The skills of the future (Part 7) __New champions of AI ...,https://www.facebook.com/strivemasiyiwa/posts/the-skills-of-the-future-part-7__new-champions-of-ai-emerge-in-africaa-few-weeks/2904362606304882/,"#SeniorClass: Please help the others understand what an algorithm is and does, and how high quality data-labelling is critical for AI's machine learning and ...",572.3K+ reactions,www_facebook_com_The_skills_of_the_future_Part_7_New_champions_of_A.txt,True,False,40,0,AI practice / capacity development,developed / implemented,private-sector institution,national,"The document discusses the development of AI practices and capacity development in Kenya through Samasource, a company that trains and employs people in data labelling for AI. While it doesn't explicitly mention environmental data management or sustainable AI practices, it does highlight the growth of AI-related jobs and skills development in Kenya.",There is no explicit link to UNEP or UNEP-supported work in the document.,"[""Samasource focuses on training and employing thousands of people (digital labelling experts) to study video footage and images, carefully labelling frame by frame all they see"", ""2,800+ jobs have been created in Nairobi alone, by just one company"", ""The market for third-party data labelling solutions was $150m in 2018, growing to more than $1bn by 2023""]"
Kenya,2018–2022,2,in partnership with UNEP Kenya AI for environment upgraded data management artificial intelligence AI capacity skills environmental information system government stakeholder institution platform training after:2018-01-01 before:2022-01-01,Global Industrial and Technological Trends in the Blue ...,https://www.competecaribbean.org/wp-content/uploads/2020/10/Caribbean-Blue-Economy-Prospective-Study-26Jun20-1.pdf,○ Machine Learning for Management & Climate Change Mitigation: AI for Earth has partnered with. Columbia University and Queens College to support the ...,https://www.competecaribbean.org › 2020/10,www_competecaribbean_org_Global_Industrial_and_Technological_Trends_in_the_.txt,False,False,0,0,none,none,none,none,"The document does not contain explicit evidence related to Kenya or the time window 2018-2022, nor does it discuss digital transformation, environmental data management, sustainable AI practices, or capacity and skills development in these areas.",There is no mention of UNEP or UNEP-supported work in the document.,[]
Kenya,2018–2022,2,in partnership with UNEP Kenya AI for environment upgraded data management artificial intelligence AI capacity skills environmental information system government stakeholder institution platform training after:2018-01-01 before:2022-01-01,USAID Digital Strategy 2020-2024,https://www.ictworks.org/wp-content/uploads/2020/04/USAID_Digital_Strategy.pdf,"The USAID Digital Strategy is a development policy document focused on the promotion of secure, open, and inclusive country-level digital ecosystems and the ...",https://www.ictworks.org › uploads › 2020/04,www_ictworks_org_USAID_Digital_Strategy_2020_2024.txt,False,False,0,0,none,none,unclear,unclear,"Document could not be retrieved, no evidence available.","Document could not be retrieved, no evidence available.",[]
Kenya,2018–2022,2,in partnership with UNEP Kenya AI for environment upgraded data management artificial intelligence AI capacity skills environmental information system government stakeholder institution platform training after:2018-01-01 before:2022-01-01,AI & THE SUSTAINABLE DEVELOPMENT GOALS,https://www.sustainability.com/globalassets/sustainability.com/thinking/pdfs/2030vision-stateofplay.pdf,"The various forms of AI – machine learning, natural language processing, predictive analytics, and more – can bring great efficiencies, speed, and.",https://www.sustainability.com › thinking › pdfs,www_sustainability_com_AI_THE_SUSTAINABLE_DEVELOPMENT_GOALS.txt,False,False,0,0,none,none,unclear,global,"The document does not contain explicit evidence of measured improvements in data management, environmentally sustainable AI practices, or capacity/skills development in Kenya during 2018-2022.","There is no explicit link between UNEP or UNEP-supported work and the measured improvement in data management, environmentally sustainable AI practices, or capacity/skills development in Kenya during 2018-2022.",[]
Kenya,2022–2026,1,World Environment Situation Room Kenya national environmental data platform skills development data management artificial intelligence AI capacity skills environmental information system government stakeholder institution platform training after:2022-01-01 before:2026-01-01,Kenya News Agency,https://www.facebook.com/kenyanewsagency/posts/%F0%9D%90%86%F0%9D%90%A8%F0%9D%90%AF%F0%9D%90%AD-%F0%9D%90%94%F0%9D%90%A7%F0%9D%90%AF%F0%9D%90%9E%F0%9D%90%A2%F0%9D%90%A5%F0%9D%90%AC-%F0%9D%90%8D%F0%9D%90%9A%F0%9D%90%AD%F0%9D%90%A2%F0%9D%90%A8%F0%9D%90%A7%F0%9D%90%9A%F0%9D%90%A5-%F0%9D%90%8F%F0%9D%90%A5%F0%9D%90%9A%F0%9D%90%AD%F0%9D%90%9F%F0%9D%90%A8%F0%9D%90%AB%F0%9D%90%A6-%F0%9D%90%AD%F0%9D%90%A8-%F0%9D%90%94%F0%9D%90%A7%F0%9D%90%A2%F0%9D%90%9F%F0%9D%90%B2-%F0%9D%90%92%F0%9D%90%A8%F0%9D%90%9F%F0%9D%90%AD%F0%9D%90%B0%F0%9D%90%9A%F0%9D%90%AB%F0%9D%90%9E-%F0%9D%90%9A%F0%9D%90%A7%F0%9D%90%9D-%F0%9D%90%80%F0%9D%90%88-%F0%9D%90%84%F0%9D%90%9C%F0%9D%90%A8%F0%9D%90%AC%F0%9D%90%B2%F0%9D%90%AC%F0%9D%90%AD%F0%9D%90%9E%F0%9D%90%A6the-government-/1143980704584241/,"Open to youth aged 18 and above, the training will focus on equipping participants with skills in artificial intelligence (AI), cybersecurity, content creation, ...",4 reactions,www_facebook_com_Kenya_News_Agency.txt,True,False,60,0,national platform / software ecosystem / AI industry,developed / launched / unified,government / public-sector institution,national,"The Government of Kenya launched a national platform to unify Kenya's software and AI industry, bringing together developers, tech companies, and government agencies. This initiative aims to foster collaboration, innovation, and growth in the sector.",There is no explicit mention of UNEP or UNEP-supported work in the provided document.,"[""The Government has launched a national platform to unify Kenya’s rapidly growing software and artificial intelligence (AI) industry under a single collaborative ecosystem."", ""The platform brings together developers, tech companies, and government agencies for the first time."", ""The initiative was unveiled during the inaugural Software Industry Summit...""]"
Kenya,2022–2026,1,World Environment Situation Room Kenya national environmental data platform skills development data management artificial intelligence AI capacity skills environmental information system government stakeholder institution platform training after:2022-01-01 before:2026-01-01,Kenya: artificial intelligence readiness assessment report,https://unesdoc.unesco.org/ark:/48223/pf0000392693,"Based on Oxford's Insight Government Al Readiness Index 2023, Kenya is ranked sixth as the most Al-ready country in Africa, showing the country's eagerness to ...",https://unesdoc.unesco.org › ark:,unesdoc_unesco_org_Kenya_artificial_intelligence_readiness_assessment.txt,False,False,0,0,none,none,unclear,unclear,"The document is not about Kenya's digital transformation, environmental data management, or sustainable AI practices during 2022-2026. It appears to be an artificial intelligence readiness assessment report from UNESCO, published in 2025.",There is no mention of UNEP or UNEP-supported work in the provided document.,[]
Kenya,2022–2026,1,World Environment Situation Room Kenya national environmental data platform skills development data management artificial intelligence AI capacity skills environmental information system government stakeholder institution platform training after:2022-01-01 before:2026-01-01,"WMO on Instagram: "" The development of artificial intelligence ...",https://www.instagram.com/reel/DQQ3L4igAWt/,"AyeMolé AI is designed to make climate and environmental data easier to understand and use, turning complex information into insights that can support ...",180+ likes · 6 months ago,www_instagram_com_WMO_on_Instagram_The_development_of_artificial_int.txt,False,False,0,0,none,none,unclear,unclear,"The document does not contain explicit evidence related to Kenya or the time window 2022-2026. It appears to be a social media post discussing AI in Earth system sciences, but does not provide relevant information for the task.",There is no mention of UNEP or UNEP-supported work in the document.,[]
Kenya,2022–2026,1,World Environment Situation Room Kenya national environmental data platform skills development data management artificial intelligence AI capacity skills environmental information system government stakeholder institution platform training after:2022-01-01 before:2026-01-01,AI for Africa: Use cases delivering impact - Kenya deep dive,https://axum.earth/wp-content/uploads/2025/07/KENYA_AIforAfrica_compressed.pdf,AI can be transformative in advancing sustainable development efforts in Kenya and the technology is already being used to develop solutions across sectors and ...,https://axum.earth › uploads › 2025/07 › KENY...,axum_earth_AI_for_Africa_Use_cases_delivering_impact_Kenya_de.txt,True,False,60,0,"data-driven agri advisory, digital financial services, smart farming, supply chain management, market linkages, food security monitoring/forecasting, predictive maintenance, smart energy management, energy access/demand assessment, productive use asset financing, climate action","developed, implemented, adopted, operationalized","government, public-sector institution, private-sector institution, UN or international organization, civil society, academia, mixed stakeholders","national, subnational, institutional","The document provides evidence of measured improvements in data management and environmentally sustainable AI practices in Kenya between 2022-2026. For example, Digital Green launched an AI-powered assistant for tailored agricultural advisory services, and the World Food Programme piloted a project to digitize nutrition records in remote health clinics. The government of Kenya has also made significant efforts to digitize the economy and promote the use of AI in various sectors.",There is no explicit evidence that UNEP or UNEP-supported work was involved in the measured improvements in data management and environmentally sustainable AI practices in Kenya between 2022-2026.,"[""Digital Green has been supporting the transformation of extension systems in Kenya since 2019"", ""The World Food Programme (WFP) piloted a project in a Kenyan county to digitise nutrition records in remote health clinics"", ""The government of Kenya has made significant efforts to digitize the economy and promote the use of AI in various sectors""]"
Kenya,2022–2026,1,World Environment Situation Room Kenya national environmental data platform skills development data management artificial intelligence AI capacity skills environmental information system government stakeholder institution platform training after:2022-01-01 before:2026-01-01,KENYA ARTIFICIAL INTELLIGENCE STRATEGY 2025-2030,https://www.data4sdgs.org/sites/default/files/2025-06/Kenya_AI_Strategy_2025_2030.pdf,Environmental sustainability: The development and deployment of AI systems will promote environmental sustainability and energy efficiency. ... 3 Develop a ...,https://www.data4sdgs.org › sites › default › files,www_data4sdgs_org_KENYA_ARTIFICIAL_INTELLIGENCE_STRATEGY_2025_2030.txt,True,False,60,0,AI practice / sustainable AI / AI governance / capacity development / skills development,developed / implemented,government,national,"The document provides a strategy for AI development in Kenya from 2025 to 2030, which implies improvement in AI practices. It outlines plans for capacity development and sustainable AI governance.",There is no explicit mention of UNEP or UNEP-supported work in the provided document.,"[""Kenya AI Strategy 2025-2030"", ""capacity development"", ""sustainable AI governance""]"
Kenya,2022–2026,1,World Environment Situation Room Kenya national environmental data platform skills development data management artificial intelligence AI capacity skills environmental information system government stakeholder institution platform training after:2022-01-01 before:2026-01-01,AI for Climate Modeling & Environmental Resilience ...,https://skillsforafrica.org/course/sustainable-intelligence-ai-for-climate-modeling-environmental-resilience-training-course,"This cutting-edge training course empowers professionals to apply AI-driven tools to climate modeling, emissions reduction, and sustainability planning, ...",https://skillsforafrica.org › course › sustainable-intellige...,skillsforafrica_org_AI_for_Climate_Modeling_Environmental_Resilience_.txt,True,False,40,0,capacity development / skills development,developed / trained,NGO / training institute,national,"The document describes a training course on AI for climate modeling and environmental resilience in Kenya, which indicates capacity development in sustainable AI practices.",There is no explicit mention of UNEP or UNEP-supported work in the document.,"[""Sustainable Intelligence: Ai For Climate Modeling & Environmental Resilience Training Course"", ""Kenya"", ""capacity development"", ""AI for climate adaptation, circular economy design, and environmental protection""]"
Kenya,2022–2026,1,World Environment Situation Room Kenya national environmental data platform skills development data management artificial intelligence AI capacity skills environmental information system government stakeholder institution platform training after:2022-01-01 before:2026-01-01,Draft technical paper on AI for climate action,https://unfccc.int/ttclear/misc_/StaticFiles/gnwoerk_static/tn_meetings/0ec396b0ba7b4d0d853b77c7b83dc172/3ebbf2e8e7834a7f873b0ae9a86262f7.pdf,Artificial Intelligence (AI) has been identified as offering significant opportunities to accelerate climate action through its applications in various domains.,https://unfccc.int › gnwoerk_static › tn_meetings,unfccc_int_Draft_technical_paper_on_AI_for_climate_action.txt,False,False,0,0,none,none,none,none,"The document does not contain explicit evidence related to measured improvements in data management, environmentally sustainable AI practices, or capacity/skills development in Kenya during 2022-2026.","The document does not explicitly link UNEP or UNEP-supported work to the measured improvement in data management, environmentally sustainable AI practices, or capacity/skills development in Kenya during 2022-2026.",[]
Kenya,2022–2026,1,World Environment Situation Room Kenya national environmental data platform skills development data management artificial intelligence AI capacity skills environmental information system government stakeholder institution platform training after:2022-01-01 before:2026-01-01,Artificial Intelligence Index Report 2025,https://hai-production.s3.amazonaws.com/files/hai_ai_index_report_2025.pdf,"Several countries launched billion-dollar national AI infrastructure initiatives, including major efforts to expand energy capacity to support AI development.",https://hai-production.s3.amazonaws.com › files,hai-production_s3_amazonaws_com_Artificial_Intelligence_Index_Report_2025.txt,False,False,0,0,none,none,unclear,unclear,No evidence available due to document fetch failure.,No evidence available due to document fetch failure.,[]
Kenya,2022–2026,1,World Environment Situation Room Kenya national environmental data platform skills development data management artificial intelligence AI capacity skills environmental information system government stakeholder institution platform training after:2022-01-01 before:2026-01-01,ARTIFICIAL INTELLIGENCE PRACTITIONERS' GUIDE,https://www.bmz-digital.global/wp-content/uploads/2023/04/GIZ-2023-Artificial-Intelligence-Practicioners-Guide-Kenya.pdf,These artificial intelligence (AI) guidelines for practitioners have been co-developed with the. AI community in Kenya and come at a critical time in the ...,https://www.bmz-digital.global › 2023/04 › GIZ-...,www_bmz-digital_global_ARTIFICIAL_INTELLIGENCE_PRACTITIONERS_GUIDE.txt,True,False,40,0,capacity development,developed,government / public-sector institution,national,"The document provides a comprehensive guide on artificial intelligence (AI) in Kenya, focusing on building blocks, responsible AI, and legal landscape. It highlights various initiatives, challenges, and recommendations for AI development in Kenya. However, it does not provide explicit evidence of measured improvements in data management or environmentally sustainable AI practices.",There is no explicit mention of UNEP or UNEP-supported work in the provided document.,"[""The document discusses AI infrastructure, data, capacity and skills, investments, and financing in Kenya."", ""It highlights the importance of responsible AI and provides guidelines for AI practitioners."", ""The document mentions various stakeholders and contributors but does not explicitly link any of them to UNEP.""]"
Kenya,2022–2026,1,World Environment Situation Room Kenya national environmental data platform skills development data management artificial intelligence AI capacity skills environmental information system government stakeholder institution platform training after:2022-01-01 before:2026-01-01,Full-Report-Jobs-skills-for-the-New-Economy.pdf,https://www.systemiq.earth/wp-content/uploads/2025/11/Full-Report-Jobs-skills-for-the-New-Economy.pdf,"We must modernize training systems, harness innovation, and enable workers to seize the opportunities of an inclusive, low-carbon economy. And we must mobilize ...",https://www.systemiq.earth › uploads › 2025/11,www_systemiq_earth_Full_Report_Jobs_skills_for_the_New_Economy_pdf.txt,False,False,0,0,none,none,none,none,"The document does not contain explicit evidence of measured improvements in data management, environmentally sustainable AI practices, or capacity/skills development in Kenya during 2022-2026.","There is no explicit link between UNEP or UNEP-supported work and the measured improvement in data management, environmentally sustainable AI practices, or capacity/skills development in Kenya during 2022-2026.",[]
Kenya,2022–2026,1,World Environment Situation Room Kenya national environmental data platform skills development data management artificial intelligence AI capacity skills environmental information system government stakeholder institution platform training after:2022-01-01 before:2026-01-01,Endline Evaluation of the Strengthening Capacities in the ...,https://unitar.org/sites/default/files/media/file/NORAD_Endline_EvaluationReport_final%20report.pdf,"Capacity-building efforts introduced GIS and GIT tools, which significantly improved disaster risk reduction and climate planning abilities in countries such as ...",https://unitar.org › default › files › media › file,unitar_org_Endline_Evaluation_of_the_Strengthening_Capacities.txt,False,False,0,0,none,none,unclear,unclear,No evidence available due to document fetch error.,No evidence available due to document fetch error.,[]
Kenya,2022–2026,1,World Environment Situation Room Kenya national environmental data platform skills development data management artificial intelligence AI capacity skills environmental information system government stakeholder institution platform training after:2022-01-01 before:2026-01-01,The Inaugural Kenya Software & AI Summit is a strategic ...,https://www.facebook.com/JOHNTANUI/posts/the-inaugural-kenya-software-ai-summit-is-a-strategic-platform-to-consolidate-ou/10164221350694579/,The Inaugural Kenya Software & AI Summit is a strategic platform to consolidate our achievements and define our digital destiny. Our software ecosystem...,30+ reactions,www_facebook_com_The_Inaugural_Kenya_Software_AI_Summit_is_a_strate.txt,False,False,0,0,none,unclear,unclear,unclear,"The document does not contain explicit evidence of measured improvements in data management, environmentally sustainable artificial intelligence practices, or capacity and skills development in Kenya during 2022-2026.","There is no explicit link between UNEP or UNEP-supported work and any improvements in data management, environmentally sustainable AI practices, or capacity/skills development in Kenya during 2022-2026.",[]
Kenya,2022–2026,1,World Environment Situation Room Kenya national environmental data platform skills development data management artificial intelligence AI capacity skills environmental information system government stakeholder institution platform training after:2022-01-01 before:2026-01-01,Artificial Intelligence for Climate Action:,https://unfccc.int/ttclear/misc_/StaticFiles/gnwoerk_static/AI4climateaction/f2922b97c4cf431996c468e622127eb5/112f8be560ea447dab5ff2e53ab3f6e4.pdf,' AI-driven technology needs assessment. ' Skill development using AI-enhanced learning platforms. ' AI tools for local innovation ecosystems. Sustainable. Land ...,https://unfccc.int › StaticFiles › gnwoerk_static,unfccc_int_Artificial_Intelligence_for_Climate_Action_.txt,False,False,0,0,none,none,none,none,"The document does not contain explicit evidence of measured improvements in data management and environmentally sustainable artificial intelligence practices, including capacity and skills development, among countries and stakeholders in Kenya during 2022-2026.","The document does not explicitly link UNEP or UNEP-supported work to the measured improvement in data management, environmentally sustainable AI practices, or capacity/skills development in Kenya during 2022-2026.",[]
Kenya,2022–2026,1,World Environment Situation Room Kenya national environmental data platform skills development data management artificial intelligence AI capacity skills environmental information system government stakeholder institution platform training after:2022-01-01 before:2026-01-01,An Inventory of Nature-based Solutions (NbS) in Kenya,https://gca.org/wp-content/uploads/2025/05/26.05.2025.GCA-Kenya-NbS-Compendium-Reco_FINAL.pdf,"Training programs should develop skills in planting, nursery management, and ... National Environmental Management Authority (NEMA) & County Government of Kiambu.",https://gca.org › wp-content › uploads › 2025/05,gca_org_An_Inventory_of_Nature_based_Solutions_NbS_in_Keny.txt,False,False,0,0,none,none,none,none,"The document does not contain explicit evidence of measured improvements in data management and environmentally sustainable artificial intelligence practices, including capacity and skills development, among countries and stakeholders in Kenya during 2022-2026.","There is no explicit link between UNEP or UNEP-supported work and the measured improvement in data management, environmentally sustainable AI practices, or capacity/skills development in Kenya during 2022-2026.",[]
Kenya,2022–2026,1,World Environment Situation Room Kenya national environmental data platform skills development data management artificial intelligence AI capacity skills environmental information system government stakeholder institution platform training after:2022-01-01 before:2026-01-01,Full-Report-Jobs-skills-for-the-New-Economy.pdf,https://www.systemiq.earth/wp-content/uploads/2025/11/Full-Report-Jobs-skills-for-the-New-Economy.pdf,"We must modernize training systems, harness innovation, and enable workers to seize the opportunities of an inclusive, low-carbon economy. And we must mobilize ...",https://www.systemiq.earth › uploads › 2025/11,www_systemiq_earth_Full_Report_Jobs_skills_for_the_New_Economy_pdf.txt,False,False,0,0,none,none,none,none,"The document does not contain explicit evidence related to improved data management, environmental data systems/platforms/workflows, environmentally sustainable AI practices, or capacity/skills development in data management or AI for Kenya during 2022-2026.","There is no explicit link between UNEP or UNEP-supported work and the measured improvement in data management, environmentally sustainable AI practices, or capacity/skills development in Kenya during 2022-2026.",[]
Kenya,2022–2026,1,World Environment Situation Room Kenya national environmental data platform skills development data management artificial intelligence AI capacity skills environmental information system government stakeholder institution platform training after:2022-01-01 before:2026-01-01,Artificial Intelligence for Climate Security: Possibilities and ...,https://www.sipri.org/sites/default/files/2023-12/2312_sipri_policy_report_ai_for_climate_security_1.pdf,Recent advances in artificial intelligence (AI)—largely based on machine learning— offer possibilities for addressing climate-related security risks. They are ...,https://www.sipri.org › sites › default › files › 231...,www_sipri_org_Artificial_Intelligence_for_Climate_Security_Possi.txt,False,False,0,0,none,none,unclear,unclear,No relevant information found,No UNEP link found,[]
Kenya,2022–2026,1,World Environment Situation Room Kenya national environmental data platform skills development data management artificial intelligence AI capacity skills environmental information system government stakeholder institution platform training after:2022-01-01 before:2026-01-01,Early warning of complex climate risk with integrated ...,https://www.nature.com/articles/s41467-025-57640-w,We highlight the role of AI in developing multi-hazard EWSs that integrate Meteorological and Geospatial foundation models (FMs) for impact prediction.,https://www.nature.com › ... › perspectives,www_nature_com_Early_warning_of_complex_climate_risk_with_integra.txt,False,False,0,0,none,none,none,none,"The document does not contain explicit evidence related to measured improvements in digital/data management, environmentally sustainable AI practices, or capacity/skills development in Kenya during 2022-2026.","There is no explicit link between UNEP or UNEP-supported work and the measured improvement in data management, environmentally sustainable AI practices, or capacity/skills development in Kenya during 2022-2026.",[]
Kenya,2022–2026,1,World Environment Situation Room Kenya national environmental data platform skills development data management artificial intelligence AI capacity skills environmental information system government stakeholder institution platform training after:2022-01-01 before:2026-01-01,AI-powered success—with more than 1000 stories of ...,https://www.microsoft.com/en-us/microsoft-cloud/blog/2025/07/24/ai-powered-success-with-1000-stories-of-customer-transformation-and-innovation/,Explore more than 1000 real-life examples of how organizations are embracing Microsoft's proven AI capabilities to drive impact.,https://www.microsoft.com › en-us › blog › 2025/07/24,www_microsoft_com_AI_powered_success_with_more_than_1000_stories_of_.txt,False,False,0,0,none,none,unclear,unclear,The document does not contain explicit evidence related to Kenya or the time window 2022-2026. It appears to be a general Microsoft AI use case study with various global examples.,There is no explicit link between UNEP or UNEP-supported work and the digital/data management or sustainable AI practices mentioned in the document.,[]
Kenya,2022–2026,1,World Environment Situation Room Kenya national environmental data platform skills development data management artificial intelligence AI capacity skills environmental information system government stakeholder institution platform training after:2022-01-01 before:2026-01-01,Harnessing Digital Technologies for Smarter Water ...,https://reports.weforum.org/docs/WEF_Harnessing_Digital_Technologies_for_Smarter_Water_Management_in_Agriculture_2025.pdf,"AI-driven machine learning models examine historical climate data, soil conditions and water resources to recommend the most suitable crops for a particular ...",https://reports.weforum.org › docs › WEF_Harn...,reports_weforum_org_Harnessing_Digital_Technologies_for_Smarter_Water_.txt,False,False,0,0,none,none,none,none,"The document does not contain explicit evidence of measured improvements in data management, environmentally sustainable AI practices, or capacity/skills development in Kenya during 2022-2026.","There is no explicit link between UNEP or UNEP-supported work and the measured improvement in data management, environmentally sustainable AI practices, or capacity/skills development in Kenya during 2022-2026.",[]
Kenya,2022–2026,1,World Environment Situation Room Kenya national environmental data platform skills development data management artificial intelligence AI capacity skills environmental information system government stakeholder institution platform training after:2022-01-01 before:2026-01-01,Mobile Data Collection in Forest Conservation,https://www.techfordevelopment.com/sectors/forestry-and-environmental-conservation,"This article demonstrates how these tools have enabled accurate monitoring, improved data analysis, and more effective decision-making for sustainable forest ...",https://www.techfordevelopment.com › sectors › forestry...,www_techfordevelopment_com_Mobile_Data_Collection_in_Forest_Conservation.txt,False,False,0,0,none,none,unclear,unclear,The document does not contain explicit evidence of measured improvements in data management and environmentally sustainable artificial intelligence practices in Kenya during 2022-2026.,"There is no explicit link between UNEP or UNEP-supported work and any improvements in data management, environmentally sustainable AI practices, or capacity/skills development in Kenya during 2022-2026.",[]
Kenya,2022–2026,1,World Environment Situation Room Kenya national environmental data platform skills development data management artificial intelligence AI capacity skills environmental information system government stakeholder institution platform training after:2022-01-01 before:2026-01-01,Mobile Data Collection in Forest Conservation,https://www.techfordevelopment.com/sectors/forestry-and-environmental-conservation,"This article demonstrates how these tools have enabled accurate monitoring, improved data analysis, and more effective decision-making for sustainable forest ...",https://www.techfordevelopment.com › sectors › forestry...,www_techfordevelopment_com_Mobile_Data_Collection_in_Forest_Conservation.txt,False,False,0,0,none,none,unclear,unclear,The document does not contain explicit evidence of measured improvements in data management and environmentally sustainable artificial intelligence practices in Kenya during 2022-2026.,"There is no explicit link between UNEP or UNEP-supported work and the measured improvement in data management, environmentally sustainable AI practices, or capacity/skills development in Kenya during 2022-2026.",[]
Kenya,2022–2026,1,World Environment Situation Room Kenya national environmental data platform skills development data management artificial intelligence AI capacity skills environmental information system government stakeholder institution platform training after:2022-01-01 before:2026-01-01,MacSkills Training & Development Institute - | Kenya,https://macskillsdevelopment.com/allcourses,"All Courses ; 21, Monitoring And Evaluation For Climate Change Adaptation Programs, 10 Days ; 22, Training On Financial Management For Usaid Funding, 5 Days ; 23 ...",https://macskillsdevelopment.com › allcourses,macskillsdevelopment_com_MacSkills_Training_Development_Institute_Kenya.txt,False,False,0,0,none,none,none,unclear,"The document does not contain explicit evidence of measured improvements in data management and environmentally sustainable artificial intelligence practices, including capacity and skills development, among countries and stakeholders in Kenya for the time window 2022–2026.","There is no explicit link between UNEP or UNEP-supported work and the measured improvement in data management, environmentally sustainable AI practices, or capacity/skills development in Kenya for the time window 2022–2026.",[]
Kenya,2022–2026,1,World Environment Situation Room Kenya national environmental data platform skills development data management artificial intelligence AI capacity skills environmental information system government stakeholder institution platform training after:2022-01-01 before:2026-01-01,Harnessing Digital Technologies for Smarter Water ...,https://reports.weforum.org/docs/WEF_Harnessing_Digital_Technologies_for_Smarter_Water_Management_in_Agriculture_2025.pdf,"AI-driven machine learning models examine historical climate data, soil conditions and water resources to recommend the most suitable crops for a particular ...",https://reports.weforum.org › docs › WEF_Harn...,reports_weforum_org_Harnessing_Digital_Technologies_for_Smarter_Water_.txt,False,False,0,0,none,none,none,none,The document does not contain explicit evidence of measured improvements in data management and environmentally sustainable artificial intelligence practices in Kenya during 2022-2026.,"There is no explicit link between UNEP or UNEP-supported work and the measured improvement in data management, environmentally sustainable AI practices, or capacity/skills development in Kenya during 2022-2026.",[]
Kenya,2022–2026,1,World Environment Situation Room Kenya national environmental data platform skills development data management artificial intelligence AI capacity skills environmental information system government stakeholder institution platform training after:2022-01-01 before:2026-01-01,The Economic Impacts and the Regulation of AI - IMF eLibrary,https://www.elibrary.imf.org/view/journals/001/2024/065/article-A001-en.xml,"This review paper investigates how Artificial Intelligence (AI) affects the economy and how the technology has been regulated, relying on academic and policy ...",https://www.elibrary.imf.org › journals › article-A001-en,www_elibrary_imf_org_The_Economic_Impacts_and_the_Regulation_of_AI_IMF_.txt,False,False,0,0,none,none,unclear,unclear,No evidence found due to document fetch error.,No evidence found due to document fetch error.,[]
Kenya,2022–2026,1,World Environment Situation Room Kenya national environmental data platform skills development data management artificial intelligence AI capacity skills environmental information system government stakeholder institution platform training after:2022-01-01 before:2026-01-01,KENYA'S OPEN GOVERNMENT PARTNERSHIP (OGP),https://www.opengovpartnership.org/wp-content/uploads/2024/01/Kenya_Action-Plan_2023-2027_December.pdf,Capacity development through institutionalized training for government officers carried out in the context of the Access to Information Act 2016 to ensure.,https://www.opengovpartnership.org › 2024/01,www_opengovpartnership_org_KENYA_S_OPEN_GOVERNMENT_PARTNERSHIP_OGP_.txt,True,False,60,0,data management system / environmental data platform / data governance / digital monitoring / AI practice / capacity development,developed / implemented / adopted,government / public-sector institution / civil society,national,"The document provides evidence of planned improvements in digital governance, data management, and environmentally sustainable practices in Kenya from 2022-2026. It outlines various commitments related to digital transformation, open data, and climate action, which are expected to enhance transparency, accountability, and citizen engagement. However, the document does not explicitly link these improvements to UNEP.","There is no explicit mention of UNEP or its supported work in the provided document. Therefore, it is not possible to attribute the described improvements directly to UNEP.","[""The Government of Kenya takes immense pride in its ongoing commitment to the principles and objectives of the Open Government Partnership (OGP)."", ""Kenya's Vision for Open Governance Our determination to open up government processes speaks to our unwavering belief in true citizen engagement, which is a cornerstone of co-creating government policies and actions."", ""The challenges we face today, including the erosion of trust in government, threats to multilateralism, economic uncertainties, climate crises, and rapid technological advancements birthed by emerging technologies such as Artificial Intelligence, necessitate innovative, inclusive, and resilient solutions."", ""Kenya's National Action Plan V reflects a renewed commitment to fostering openness, responsiveness, and accountability within our government."", ""To promote ethical, safe, inclusive, responsible and human rights-centered digital transformation and services to citizens through meaningful participation."", ""The commitment aims to establish inclusive, safe, and responsible secure digital transformation mechanisms, develop public trust through policy, and safeguard human rights and freedoms in the provision of digital services.""]"
Kenya,2022–2026,1,World Environment Situation Room Kenya national environmental data platform skills development data management artificial intelligence AI capacity skills environmental information system government stakeholder institution platform training after:2022-01-01 before:2026-01-01,Kenya Reforestation Efforts Show AI Can Advance Climate ...,https://triplepundit.com/2024/ai-models-climate-solutions/,"A new artificial intelligence (AI) model provides that information for a reforestation project in Kenya and could be used elsewhere, showing potential to ...",https://triplepundit.com › ai-models-climate-solutions,triplepundit_com_Kenya_Reforestation_Efforts_Show_AI_Can_Advance_Cl.txt,False,False,0,0,none,none,unclear,unclear,"The document does not contain explicit evidence related to Kenya or the time window 2022-2026, nor does it discuss improvements in data management, environmental data systems, or sustainable AI practices.",There is no explicit link to UNEP or UNEP-supported work in the provided document.,[]
Kenya,2022–2026,1,World Environment Situation Room Kenya national environmental data platform skills development data management artificial intelligence AI capacity skills environmental information system government stakeholder institution platform training after:2022-01-01 before:2026-01-01,The Inaugural Kenya Software & AI Summit is a strategic ...,https://www.facebook.com/JOHNTANUI/posts/the-inaugural-kenya-software-ai-summit-is-a-strategic-platform-to-consolidate-ou/10164221350694579/,The Inaugural Kenya Software & AI Summit is a strategic platform to consolidate our achievements and define our digital destiny. Our software ecosystem...,30+ reactions,www_facebook_com_The_Inaugural_Kenya_Software_AI_Summit_is_a_strate.txt,False,False,0,0,none,unclear,unclear,unclear,"The document does not contain explicit evidence related to measured improvements in data management, environmentally sustainable AI practices, or capacity/skills development in Kenya during 2022-2026.","There is no explicit link between UNEP or UNEP-supported work and any improvements in data management, environmentally sustainable AI practices, or capacity/skills development in Kenya during 2022-2026.",[]
Kenya,2022–2026,1,World Environment Situation Room Kenya national environmental data platform skills development data management artificial intelligence AI capacity skills environmental information system government stakeholder institution platform training after:2022-01-01 before:2026-01-01,Nora Ochieng's Post,https://www.linkedin.com/posts/nora-ochieng-563001301_the-artificial-intelligence-conversation-activity-7380856615610204160-6aEY,The Artificial Intelligence conversation is no longer whispering. It is speaking loudly. I refuse to stay silent. And I cannot ignore it any longer.,20+ reactions,www_linkedin_com_Nora_Ochieng_s_Post.txt,False,False,0,0,none,none,unclear,global,The document does not contain explicit evidence of measured improvements in data management and environmentally sustainable artificial intelligence practices in Kenya during 2022-2026.,"There is no explicit link between UNEP or UNEP-supported work and the improvement in data management, environmentally sustainable AI practices, or capacity/skills development in Kenya during 2022-2026.",[]
Kenya,2022–2026,1,World Environment Situation Room Kenya national environmental data platform skills development data management artificial intelligence AI capacity skills environmental information system government stakeholder institution platform training after:2022-01-01 before:2026-01-01,Zimbabwe National Artificial Intelligence (AI) Strategy,https://www.africadataprotection.org/Zimbabwe_National_AI_Strategy.pdf,"The strategy is anchored on four interconnected pillars: AI Talent and Capacity Development to cultivate a skilled, innovative workforce through AI literacy, ...",https://www.africadataprotection.org › Zimbabwe...,www_africadataprotection_org_Zimbabwe_National_Artificial_Intelligence_AI_Strat.txt,False,False,0,0,none,none,unclear,unclear,The document could not be fetched and analyzed.,The document could not be fetched and analyzed.,[]
Kenya,2022–2026,1,World Environment Situation Room Kenya national environmental data platform skills development data management artificial intelligence AI capacity skills environmental information system government stakeholder institution platform training after:2022-01-01 before:2026-01-01,Barriers and facilitators to utilizing digital health technologies ...,https://pmc.ncbi.nlm.nih.gov/articles/PMC10507089/,"Abstract. Digital technologies change the healthcare environment, with several studies suggesting barriers and facilitators to using digital interventions ...",https://pmc.ncbi.nlm.nih.gov › articles › PMC10507089,pmc_ncbi_nlm_nih_gov_Barriers_and_facilitators_to_utilizing_digital_hea.txt,False,False,0,0,none,none,unclear,unclear,The document does not contain any relevant information about Kenya or digital/data management/sustainable AI practices.,The document does not mention UNEP or any related work.,[]
Kenya,2022–2026,1,World Environment Situation Room Kenya national environmental data platform skills development data management artificial intelligence AI capacity skills environmental information system government stakeholder institution platform training after:2022-01-01 before:2026-01-01,ACCELERATING DIGITAL INCLUSION,https://www.safaricom.co.ke/sustainabilityreport_2024/wp-content/uploads/2024/12/KPMG_Safaricom_Sustainable_Interactive.pdf,"The report aims to describe our actions, opportunities and challenges in empowering the tech ecosystem in Kenya and beyond as we work to transform lives across ...",https://www.safaricom.co.ke › uploads › 2024/12,www_safaricom_co_ke_ACCELERATING_DIGITAL_INCLUSION.txt,False,False,0,0,none,none,unclear,unclear,No relevant information found,No relevant information found,[]
Kenya,2022–2026,1,World Environment Situation Room Kenya national environmental data platform skills development data management artificial intelligence AI capacity skills environmental information system government stakeholder institution platform training after:2022-01-01 before:2026-01-01,How artificial intelligence is accelerating the digital ...,https://www.oecd.org/en/publications/2025/06/governing-with-artificial-intelligence_398fa287/full-report/how-artificial-intelligence-is-accelerating-the-digital-government-journey_d9552dc7.html,"This chapter explains how artificial intelligence (AI) can accelerate the digital government journey. It situates government as a developer and user of AI, ...",https://www.oecd.org › ... › Full Report,www_oecd_org_How_artificial_intelligence_is_accelerating_the_di.txt,False,False,0,0,none,none,none,none,"The document does not contain specific evidence related to Kenya or the time window 2022-2026. It discusses general AI and digital government concepts, but does not provide explicit evidence of measured improvements in data management, environmentally sustainable AI practices, or capacity/skills development in Kenya.",There is no explicit link between UNEP or UNEP-supported work and the discussed AI and digital government concepts in the context of Kenya or the specified time window.,[]
Kenya,2022–2026,1,World Environment Situation Room Kenya national environmental data platform skills development data management artificial intelligence AI capacity skills environmental information system government stakeholder institution platform training after:2022-01-01 before:2026-01-01,"""Data Science at the Government of Kenya – Leveraging Data ...",https://www.youtube.com/watch?v=hozXctc2_ts,We thought we could actually put together an open data platform that can leverage data from different ecosystems from different players.,90+ views · 1 year ago,www_youtube_com__Data_Science_at_the_Government_of_Kenya_Leveragin.txt,False,False,0,0,none,none,unclear,unclear,"The document does not contain explicit evidence of measured improvements in data management and environmentally sustainable artificial intelligence practices, including capacity and skills development, among countries and stakeholders in Kenya during 2022-2026.","There is no explicit link between UNEP or UNEP-supported work and the measured improvement in data management, environmentally sustainable AI practices, or capacity/skills development in Kenya during 2022-2026.",[]
Kenya,2022–2026,1,World Environment Situation Room Kenya national environmental data platform skills development data management artificial intelligence AI capacity skills environmental information system government stakeholder institution platform training after:2022-01-01 before:2026-01-01,Artificial Intelligence Index Report 2025 | Stanford HAI,https://hai.stanford.edu/assets/files/hai_ai_index_report_2025.pdf,"Several countries launched billion-dollar national AI infrastructure initiatives, including major efforts to expand energy capacity to support AI development.",https://hai.stanford.edu › assets › files › hai_ai_ind...,hai_stanford_edu_Artificial_Intelligence_Index_Report_2025_Stanford.txt,False,False,0,0,none,none,unclear,global,"The document does not contain explicit evidence related to Kenya or the time window 2022-2026. It discusses global AI trends, research, and development but does not mention Kenya or any specific improvements in data management, environmentally sustainable AI practices, or capacity and skills development in Kenya.",There is no mention of UNEP or any UNEP-supported work in the document related to Kenya or the specified time window.,[]
Kenya,2022–2026,1,World Environment Situation Room Kenya national environmental data platform skills development data management artificial intelligence AI capacity skills environmental information system government stakeholder institution platform training after:2022-01-01 before:2026-01-01,Handbook on Management and Organization of National ...,https://unstats.un.org/capacity-development/handbook/Handbook_20231001.pdf,The present Handbook on Management and Organization of National Statistical Systems is the fourth edition of the Handbook of Statistical Organization series ...,https://unstats.un.org › Handbook_20231001,unstats_un_org_Handbook_on_Management_and_Organization_of_Nationa.txt,False,False,0,0,none,none,unclear,unclear,No evidence found due to document fetch error.,No evidence found due to document fetch error.,[]
Kenya,2022–2026,1,World Environment Situation Room Kenya national environmental data platform skills development data management artificial intelligence AI capacity skills environmental information system government stakeholder institution platform training after:2022-01-01 before:2026-01-01,The Kenya National Digital Master Plan 2022-2032,https://dig.watch/resource/the-kenya-national-digital-master-plan-2022-2032,The Kenya National Digital Master Plan 2022-2032 outlines a comprehensive strategy to harness digital technology for national development.,https://dig.watch › Resources,dig_watch_The_Kenya_National_Digital_Master_Plan_2022_2032.txt,True,False,40,0,data management system / digital governance / AI practice,developed / implemented / planned,government,national,"The Kenya National Digital Master Plan 2022-2032 outlines a comprehensive strategy for digital development, including objectives related to data management, digital government services, and AI. While it does not provide explicit evidence of measured improvements in data management or sustainable AI practices, it does outline plans for developing an AI master plan and strengthening data governance.",There is no explicit mention of UNEP or UNEP-supported work in the document.,"[""The Kenya National Digital Master Plan 2022-2032 outlines a comprehensive strategy to harness digital technology for national development."", ""Objectives include enhancing service delivery through ICT, expanding ICT access across underserved areas, developing a skilled digital workforce, promoting ICT industry growth, and ensuring a secure and sustainable ICT environment."", ""The plan includes training 20 million citizens, public servants, and ICT professionals to build a skilled workforce that can utilise and innovate with digital technologies."", ""The plan also envisioned strengthened international partnerships with leading R&D actors in the emerging technologies space, to facilitate technology transfers and attract foreign direct investments.""]"
Kenya,2022–2026,1,World Environment Situation Room Kenya national environmental data platform skills development data management artificial intelligence AI capacity skills environmental information system government stakeholder institution platform training after:2022-01-01 before:2026-01-01,this action is funded by the european union,https://www.gtai.de/resource/blob/1942808/a74d3030ca3023316650e37dc83ed78c/PRO202511041942800%20-%20Annex.PDF,"Kenya is a strategic partner to the EU as a relatively stable democracy, important regional security actor, a key trade partner with an Economic Partnership ...",https://www.gtai.de › resource › blob,www_gtai_de_this_action_is_funded_by_the_european_union.txt,False,False,0,0,none,none,unclear,unclear,No relevant information found,No UNEP link found,[]
Kenya,2022–2026,1,World Environment Situation Room Kenya national environmental data platform skills development data management artificial intelligence AI capacity skills environmental information system government stakeholder institution platform training after:2022-01-01 before:2026-01-01,Impact of Artificial Intelligence (AI) Technology in Healthcare ...,https://pmc.ncbi.nlm.nih.gov/articles/PMC10804900/,"AI excels in aspects such as rapid adaptation, high diagnostic accuracy, and data management that can help improve workforce productivity.",https://pmc.ncbi.nlm.nih.gov › articles › PMC10804900,pmc_ncbi_nlm_nih_gov_Impact_of_Artificial_Intelligence_AI_Technology_in.txt,False,False,0,0,none,none,unclear,unclear,"The document does not contain any relevant information about Kenya, digital transformation, environmental data management, sustainable AI, or capacity development.",The document does not mention UNEP or any related work.,[]
Kenya,2022–2026,1,World Environment Situation Room Kenya national environmental data platform skills development data management artificial intelligence AI capacity skills environmental information system government stakeholder institution platform training after:2022-01-01 before:2026-01-01,Global research policy & practices report: advancing ...,https://unesdoc.unesco.org/ark:/48223/pf0000383682,"This analytical review and its corresponding study examine perspectives, insights, and best practices for digital literacy and digital citizenship education.",https://unesdoc.unesco.org › ark:,unesdoc_unesco_org_Global_research_policy_practices_report_advancing_.txt,False,False,0,0,none,none,unclear,unclear,The document does not contain any relevant information about Kenya or digital/data management/sustainable AI practices.,There is no mention of UNEP or any related work.,[]
Kenya,2022–2026,1,World Environment Situation Room Kenya national environmental data platform skills development data management artificial intelligence AI capacity skills environmental information system government stakeholder institution platform training after:2022-01-01 before:2026-01-01,Responsible artificial intelligence in Africa: towards policy ...,https://www.cambridge.org/core/journals/data-and-policy/article/responsible-artificial-intelligence-in-africa-towards-policy-learning/046FDCF371DF7EB95300BCCB7A887B41,Several African countries are developing artificial intelligence (AI) strategies and ethics frameworks with the goal of accelerating responsible AI ...,https://www.cambridge.org › data-and-policy › article,www_cambridge_org_Responsible_artificial_intelligence_in_Africa_towa.txt,False,False,0,0,none,none,none,none,...,...,"[""No relevant evidence found""]"
Kenya,2022–2026,2,UNEP initiative Kenya environmental data analytics upgraded data management artificial intelligence AI capacity skills environmental information system government stakeholder institution platform training after:2022-01-01 before:2026-01-01,IPCC,https://www.facebook.com/IPCC/posts/addressing-the-ministerial-dialogue-on-the-role-of-sustainable-digital-technolog/1030119635959096/,"Artificial Intelligence (AI) is leading the way in changing climate science by providing new tools to model, predict, and study complex environmental systems.",80+ reactions,www_facebook_com_IPCC.txt,False,False,0,0,none,none,unclear,unclear,"The document does not contain explicit evidence related to measured improvements in data management, environmentally sustainable AI practices, or capacity/skills development in Kenya during 2022-2026.",There is no explicit link between UNEP or UNEP-supported work and the SP7.1 improvement/capacity/sustainable AI outcome in the document.,[]
Kenya,2022–2026,2,UNEP initiative Kenya environmental data analytics upgraded data management artificial intelligence AI capacity skills environmental information system government stakeholder institution platform training after:2022-01-01 before:2026-01-01,Data for a Changing Planet: Transparency as a Means ...,https://www.unep.org/events/unep-event/data-changing-planet-transparency-means-accountability-and-decision-making,"The panel discussion, moderated by UNEP's Miriam Hinostroza, explored how countries are navigating the complexities of digital reporting systems and using data ...",https://www.unep.org › events › unep-event › data-cha...,www_unep_org_Data_for_a_Changing_Planet_Transparency_as_a_Means.txt,True,True,60,80,data management system / environmental data platform / data governance / capacity development,developed / implemented / used,government / public-sector institution / UN or international organization,national / international,"The document mentions Kenya's efforts to advance digital systems for tracking climate actions and financial flows. UNEP's new tools, such as the World Environment Situation Room, the Climate Mirror, and the Environment GPT, aim to address data gaps and provide integrated, verifiable, and accessible information.","UNEP's Climate Change Division Director and Head of UNEP's Digital Office are quoted, and UNEP's tools and strategies are mentioned as supporting data management and environmentally sustainable practices in Kenya.","[""Kenya is advancing digital systems to track climate actions and financial flows"", ""UNEP's new Global Environmental Data Strategy and tools"", ""The World Environment Situation Room, the Climate Mirror and the newly available Environment GPT"", ""UNEP Climate Change Division Director Martin Krause stressed that transparency is evolving into a core enabler of climate action"", ""Sally Radwan, Head of UNEP’s Digital Office, outlined the promise and risks of the “data revolution”""]"
Kenya,2022–2026,2,UNEP initiative Kenya environmental data analytics upgraded data management artificial intelligence AI capacity skills environmental information system government stakeholder institution platform training after:2022-01-01 before:2026-01-01,United Nations Activities on Artificial Intelligence (AI),https://www.itu.int/dms_pub/itu-s/opb/gen/S-GEN-UNACT-2021-PDF-E.pdf,The projects presented in this report illustrate the importance of investing in multi-stakeholder partnerships for producing concrete outcome- driven processes ...,https://www.itu.int › S-GEN-UNACT-2021-PDF-E,www_itu_int_United_Nations_Activities_on_Artificial_Intelligen.txt,False,False,0,0,none,none,unclear,unclear,No evidence found due to fetch error.,No UNEP link found due to fetch error.,[]
Kenya,2022–2026,2,UNEP initiative Kenya environmental data analytics upgraded data management artificial intelligence AI capacity skills environmental information system government stakeholder institution platform training after:2022-01-01 before:2026-01-01,Artificial Intelligence for Climate Action:,https://unfccc.int/ttclear/misc_/StaticFiles/gnwoerk_static/AI4climateaction/f2922b97c4cf431996c468e622127eb5/112f8be560ea447dab5ff2e53ab3f6e4.pdf,"harnessing advanced ML algorithms and data analytics, AI systems enhance the accuracy and efficiency of climate models by processing vast amounts of climate ...",https://unfccc.int › StaticFiles › gnwoerk_static,unfccc_int_Artificial_Intelligence_for_Climate_Action_.txt,False,False,0,0,none,none,none,none,"The document does not contain explicit evidence of measured improvements in data management and environmentally sustainable artificial intelligence practices, including capacity and skills development, among countries and stakeholders in Kenya during 2022-2026.","The document does not explicitly link UNEP or UNEP-supported work to the measured improvement in data management, environmentally sustainable AI practices, or capacity/skills development in Kenya during 2022-2026.",[]
Kenya,2022–2026,2,UNEP initiative Kenya environmental data analytics upgraded data management artificial intelligence AI capacity skills environmental information system government stakeholder institution platform training after:2022-01-01 before:2026-01-01,Blueprint for a Global Digital Product Information System ( ...,https://www.oneplanetnetwork.org/sites/default/files/2025-12/UNEP%20Blueprint%20-%20FINAL.pdf,"In addition, global initiatives for more efficient environmental data management will be strengthened, with a focus on the involvement of stakeholders from ...",https://www.oneplanetnetwork.org › default › files,www_oneplanetnetwork_org_Blueprint_for_a_Global_Digital_Product_Information.txt,False,False,0,0,none,none,unclear,unclear,"The document does not contain explicit evidence of measured improvements in data management and environmentally sustainable artificial intelligence practices, including capacity and skills development, among countries and stakeholders in Kenya for the time window 2022–2026.","There is no explicit link between UNEP or UNEP-supported work and the measured improvement in data management, environmentally sustainable AI practices, or capacity/skills development in Kenya for the specified time window.",[]
Kenya,2022–2026,2,UNEP initiative Kenya environmental data analytics upgraded data management artificial intelligence AI capacity skills environmental information system government stakeholder institution platform training after:2022-01-01 before:2026-01-01,AI Hub for Sustainable Development,https://aihubfordevelopment.org/,"The AI Hub is aligned with the African Union's AI Strategy and is anchored by 14 partner countries in Africa (Algeria, Angola, Egypt, Ethiopia, Ghana, Côte d' ...",https://aihubfordevelopment.org,aihubfordevelopment_org_AI_Hub_for_Sustainable_Development.txt,True,False,40,0,AI practice / sustainable AI,developed,mixed stakeholders,regional,"The document mentions the AI Hub for Sustainable Development, which aims to nurture a space for novel ideas and transformative solutions by Africa’s innovators and start-ups to build AI foundations, including green compute, data, and talent. Kenya is one of the 14 partner countries in Africa. The AI Hub has initiated several projects, including the Africa Green Compute Coalition (AGCC), Compute Accelerator Programme, and AI Infrastructure Builder Programme. However, there is no explicit evidence of measured improvements in data management and environmentally sustainable AI practices in Kenya during 2022-2026.","There is no explicit link between UNEP or UNEP-supported work and the measured improvement in data management, environmentally sustainable AI practices, or capacity/skills development in Kenya (in 2022-2026).","[""The AI Hub for Sustainable Development"", ""Africa Green Compute Coalition (AGCC)"", ""Compute Accelerator Programme"", ""AI Infrastructure Builder Programme""]"
Kenya,2022–2026,2,UNEP initiative Kenya environmental data analytics upgraded data management artificial intelligence AI capacity skills environmental information system government stakeholder institution platform training after:2022-01-01 before:2026-01-01,Generative AI's environmental footprint poses difficult ...,https://www.ifpri.org/blog/generative-ais-environmental-footprint-poses-difficult-tradeoffs-for-agrifood-systems-in-low-and-middle-income-countries/,"As AI infrastructure expands in LMICs, we must consider the tradeoffs of increased agricultural productivity with AI's growing physical footprint and the ...",https://www.ifpri.org › blog › generative-ais-environmen...,www_ifpri_org_Generative_AI_s_environmental_footprint_poses_diff.txt,False,False,0,0,none,none,unclear,global,The document does not contain explicit evidence of measured improvements in data management and environmentally sustainable artificial intelligence practices in Kenya during 2022-2026.,There is no explicit link between UNEP or UNEP-supported work and any improvements in data management or sustainable AI practices in Kenya during 2022-2026.,[]
Kenya,2022–2026,2,UNEP initiative Kenya environmental data analytics upgraded data management artificial intelligence AI capacity skills environmental information system government stakeholder institution platform training after:2022-01-01 before:2026-01-01,Developing AI-based biodiversity solutions in Kenya,https://www.youtube.com/watch?v=EsvAL5Phza8,In this talk I will describe efforts at the Centre for Data Science and Artificial Intelligence (DSAIL) at Dedan Kimathi University of Technology in Nyeri Kenya ...,240+ views · 6 months ago,www_youtube_com_Developing_AI_based_biodiversity_solutions_in_Keny.txt,False,False,0,0,none,none,unclear,unclear,"The document does not contain explicit evidence related to measured improvements in data management, environmentally sustainable AI practices, or capacity/skills development in Kenya during 2022-2026.",There is no explicit link between UNEP or UNEP-supported work and any improvements or capacity development in data management or sustainable AI practices in Kenya during 2022-2026.,[]
Kenya,2022–2026,2,UNEP initiative Kenya environmental data analytics upgraded data management artificial intelligence AI capacity skills environmental information system government stakeholder institution platform training after:2022-01-01 before:2026-01-01,Art 5(6) and (8) • AI for Sustainability Information • EU ...,https://unece.org/sites/default/files/2024-11/7Nov_pm_9TFAI_3a_API_5_AEF_Hough.pdf,"Environmental resilience through artificial intelligence: innovations in monitoring and management. Environmental Science and Pollution Research, 31, 18379–.",https://unece.org › sites › default › files,unece_org_Art_5_6_and_8_AI_for_Sustainability_Information_EU.txt,False,False,0,0,none,none,unclear,unclear,"The document does not contain explicit evidence related to Kenya or the time window 2022-2026, nor does it discuss improvements in data management, environmental data systems, or sustainable AI practices.",There is no explicit link between UNEP or UNEP-supported work and any improvements in data management or sustainable AI practices in Kenya for the specified time period.,[]
Kenya,2022–2026,2,UNEP initiative Kenya environmental data analytics upgraded data management artificial intelligence AI capacity skills environmental information system government stakeholder institution platform training after:2022-01-01 before:2026-01-01,Artificial intelligence in waste management systems,https://www.sciencedirect.com/science/article/pii/S2949750725000987,"Although AI applications in waste management are rapidly advancing, most existing reviews remain narrow in scope, focusing mainly on municipal solid waste or ...",https://www.sciencedirect.com › science › article › pii,www_sciencedirect_com_Artificial_intelligence_in_waste_management_system.txt,False,False,0,0,none,none,unclear,unclear,"The document does not contain any relevant information about Kenya, digital transformation, environmental data management, sustainable AI, or capacity development.",There is no mention of UNEP or UNEP-supported work in the document.,[]
Kenya,2022–2026,2,UNEP initiative Kenya environmental data analytics upgraded data management artificial intelligence AI capacity skills environmental information system government stakeholder institution platform training after:2022-01-01 before:2026-01-01,Kenya Outlook Report 2023 New,https://www.innovationagency.go.ke/storage/pub-docs/ken_pub_Kenya%20Outlook%20Report%202023%20New_compressed.pdf,"This may involve initiatives aimed at improving data infrastructure, promoting ethical AI practices, investing in AI education and training, and fostering ...",https://www.innovationagency.go.ke › pub-docs,www_innovationagency_go_ke_Kenya_Outlook_Report_2023_New.txt,False,False,0,0,none,none,unclear,unclear,No document text available for analysis due to fetch error.,No document text available for analysis due to fetch error.,[]
Kenya,2022–2026,2,UNEP initiative Kenya environmental data analytics upgraded data management artificial intelligence AI capacity skills environmental information system government stakeholder institution platform training after:2022-01-01 before:2026-01-01,The Environmental Impact of the Full AI Lifecycle Needs to ...,https://www.unep.org/resources/report/artificial-intelligence-ai-end-end-environmental-impact-full-ai-lifecycle-needs-be,This note outlines key areas identified by UNEP regarding the environmental impact of Artificial intelligence (AI) across its lifecycle.,https://www.unep.org › resources › report › artificial-in...,www_unep_org_The_Environmental_Impact_of_the_Full_AI_Lifecycle_.txt,False,False,0,0,none,none,unclear,global,The document does not contain explicit evidence of measured improvements in data management and environmentally sustainable artificial intelligence practices in Kenya for the time window 2022-2026.,The document does not explicitly link UNEP or UNEP-supported work to measured improvements in data management and environmentally sustainable artificial intelligence practices in Kenya for the time window 2022-2026.,[]
Kenya,2022–2026,2,UNEP initiative Kenya environmental data analytics upgraded data management artificial intelligence AI capacity skills environmental information system government stakeholder institution platform training after:2022-01-01 before:2026-01-01,Developing Green Skills for Sustainable Careers,https://www.igi-global.com/viewtitle.aspx?TitleId=377114&isxn=9798337311425,Artificial Intelligence (AI) is emerging as a transformative tool in developing green skills and ad- vancing sustainability objectives. AI technologies can ...,https://www.igi-global.com › viewtitle,www_igi-global_com_Developing_Green_Skills_for_Sustainable_Careers.txt,False,False,0,0,none,none,unclear,unclear,"The document text provided does not contain explicit evidence related to Kenya or the time window 2022-2026, nor does it discuss improvements in data management, environmental data systems, or sustainable AI practices.",There is no explicit link between UNEP or UNEP-supported work and any improvements in data management or sustainable AI practices in Kenya for the given time frame.,[]
Kenya,2022–2026,2,UNEP initiative Kenya environmental data analytics upgraded data management artificial intelligence AI capacity skills environmental information system government stakeholder institution platform training after:2022-01-01 before:2026-01-01,March/April 2025 LC Net Newsletter,https://www.lifecycleinitiative.org/march-april-2025-lc-net-newsletter/,"Through InTex and UNEP experts, the university built its LCA expertise and helped Kenyan SMEs in developing strategies to lower the environmental footprint of ...",https://www.lifecycleinitiative.org › Africa,www_lifecycleinitiative_org_March_April_2025_LC_Net_Newsletter.txt,False,False,0,0,none,none,unclear,unclear,"The document does not contain explicit evidence related to Kenya or the time window 2022-2026, nor does it discuss improvements in data management, environmental data systems, or sustainable AI practices.",There is no explicit link to UNEP or UNEP-supported work in the provided document.,[]
Kenya,2022–2026,2,UNEP initiative Kenya environmental data analytics upgraded data management artificial intelligence AI capacity skills environmental information system government stakeholder institution platform training after:2022-01-01 before:2026-01-01,The Inaugural Kenya Software & AI Summit is a strategic ...,https://www.facebook.com/JOHNTANUI/posts/the-inaugural-kenya-software-ai-summit-is-a-strategic-platform-to-consolidate-ou/10164221350694579/,The Inaugural Kenya Software & AI Summit is a strategic platform to consolidate our achievements and define our digital destiny. Our software ecosystem...,30+ reactions,www_facebook_com_The_Inaugural_Kenya_Software_AI_Summit_is_a_strate.txt,False,False,0,0,none,unclear,unclear,unclear,"The document does not contain explicit evidence of measured improvements in data management, environmentally sustainable AI practices, or capacity/skills development in Kenya during 2022-2026.","There is no explicit link between UNEP or UNEP-supported work and any improvements in data management, environmentally sustainable AI practices, or capacity/skills development in Kenya during 2022-2026.",[]
Kenya,2022–2026,2,UNEP initiative Kenya environmental data analytics upgraded data management artificial intelligence AI capacity skills environmental information system government stakeholder institution platform training after:2022-01-01 before:2026-01-01,Full-Report-Jobs-skills-for-the-New-Economy.pdf,https://www.systemiq.earth/wp-content/uploads/2025/11/Full-Report-Jobs-skills-for-the-New-Economy.pdf,"This report is a call to place people at the center of our collective response. It shows that investing in jobs, skills and social equity is not only a moral ...",https://www.systemiq.earth › uploads › 2025/11,www_systemiq_earth_Full_Report_Jobs_skills_for_the_New_Economy_pdf.txt,False,False,0,0,none,none,none,none,"The document does not contain explicit evidence of measured improvements in data management and environmentally sustainable artificial intelligence practices, including capacity and skills development, among countries and stakeholders in Kenya during 2022-2026.","There is no explicit link between UNEP or UNEP-supported work and the measured improvement in data management, environmentally sustainable AI practices, or capacity/skills development in Kenya during 2022-2026.",[]
Kenya,2022–2026,2,UNEP initiative Kenya environmental data analytics upgraded data management artificial intelligence AI capacity skills environmental information system government stakeholder institution platform training after:2022-01-01 before:2026-01-01,KENYA'S OPEN GOVERNMENT PARTNERSHIP (OGP),https://www.opengovpartnership.org/wp-content/uploads/2024/01/Kenya_Action-Plan_2023-2027_December.pdf,"This ensures that citizens are partners in governance, co-creating policies that reflect their needs and aspirations while safeguarding foundational principles ...",https://www.opengovpartnership.org › 2024/01,www_opengovpartnership_org_KENYA_S_OPEN_GOVERNMENT_PARTNERSHIP_OGP_.txt,True,False,60,0,data management system / digital governance / capacity development,developed / implemented,government / civil society / private sector,national,"The document provides evidence of Kenya's efforts to improve digital governance, data management, and access to information. The country has initiated a 10-year digital master plan to enhance citizen access through digital technologies. The government has also established a multi-stakeholder mechanism for dialogue on digital economy and transformation. However, the document does not provide explicit evidence of measured improvements in data management and environmentally sustainable AI practices.","There is no explicit mention of UNEP or UNEP-supported work in the document. The document primarily focuses on Kenya's national efforts to improve digital governance, data management, and access to information.","[""Kenya's Open Government Partnership (OGP) 5th National Action Plan 2023-2027"", ""Embracing Open Government for a Safe, Secure, Inclusive and Sustainable Future"", ""The Government of Kenya takes immense pride in its ongoing commitment to the principles and objectives of the Open Government Partnership (OGP)."", ""Kenya's journey with the OGP, which began in 2011, has been marked by significant milestones, and we remain resolute in our mission to promote open governance.""]"
Kenya,2022–2026,2,UNEP initiative Kenya environmental data analytics upgraded data management artificial intelligence AI capacity skills environmental information system government stakeholder institution platform training after:2022-01-01 before:2026-01-01,Harnessing Digital Technologies for Smarter Water ...,https://reports.weforum.org/docs/WEF_Harnessing_Digital_Technologies_for_Smarter_Water_Management_in_Agriculture_2025.pdf,The power of AI models in irrigation lies in their ability to adapt to changing environmental conditions by continuously learning from large data sets of ...,https://reports.weforum.org › docs › WEF_Harn...,reports_weforum_org_Harnessing_Digital_Technologies_for_Smarter_Water_.txt,False,False,0,0,none,none,none,none,"The document does not contain explicit evidence of measured improvements in data management and environmentally sustainable artificial intelligence practices, including capacity and skills development, among countries and stakeholders in Kenya during 2022-2026.","There is no explicit link between UNEP or UNEP-supported work and the measured improvement in data management, environmentally sustainable AI practices, or capacity/skills development in Kenya during 2022-2026.",[]
Kenya,2022–2026,2,UNEP initiative Kenya environmental data analytics upgraded data management artificial intelligence AI capacity skills environmental information system government stakeholder institution platform training after:2022-01-01 before:2026-01-01,An Inventory of Nature-based Solutions (NbS) in Kenya,https://gca.org/wp-content/uploads/2025/05/26.05.2025.GCA-Kenya-NbS-Compendium-Reco_FINAL.pdf,"Improved governance, financing, operational capacity, and data availability would help create a more conducive environment for successful NbS projects in Nakuru ...",https://gca.org › wp-content › uploads › 2025/05,gca_org_An_Inventory_of_Nature_based_Solutions_NbS_in_Keny.txt,False,False,0,0,none,none,unknown,unknown,"The document does not contain explicit evidence of measured improvements in data management and environmentally sustainable artificial intelligence practices, including capacity and skills development, among countries and stakeholders in Kenya during 2022-2026.","There is no explicit link between UNEP or UNEP-supported work and the measured improvement in data management, environmentally sustainable AI practices, or capacity/skills development in Kenya during 2022-2026.",[]
Kenya,2022–2026,2,UNEP initiative Kenya environmental data analytics upgraded data management artificial intelligence AI capacity skills environmental information system government stakeholder institution platform training after:2022-01-01 before:2026-01-01,Summary report 14–18 July 2025 - Earth Negotiations Bulletin,https://enb.iisd.org/african-ministerial-conference-environment-amcen-20-summary,"the role of sustainable digital technologies, artificial intelligence (AI), early warning systems (EWS) and assessments for environmental sustainability in ...",https://enb.iisd.org › african-ministerial-conference-env...,enb_iisd_org_Summary_report_14_18_July_2025_Earth_Negotiations_.txt,False,False,0,0,none,none,unclear,global,The document does not contain explicit evidence of measured improvements in data management and environmentally sustainable artificial intelligence practices in Kenya during 2022-2026.,"The document does not explicitly link UNEP or UNEP-supported work to enabling, supporting, improving, training, implementing, or operationalizing SP7.1 outcomes in Kenya during 2022-2026.",[]
Kenya,2022–2026,2,UNEP initiative Kenya environmental data analytics upgraded data management artificial intelligence AI capacity skills environmental information system government stakeholder institution platform training after:2022-01-01 before:2026-01-01,Summary report 14–18 July 2025 - Earth Negotiations Bulletin,https://enb.iisd.org/african-ministerial-conference-environment-amcen-20-summary,"the role of sustainable digital technologies, artificial intelligence (AI), early warning systems (EWS) and assessments for environmental sustainability in ...",https://enb.iisd.org › african-ministerial-conference-env...,enb_iisd_org_Summary_report_14_18_July_2025_Earth_Negotiations_.txt,False,False,0,0,none,none,government,regional,"The document does not contain explicit evidence of measured improvements in data management and environmentally sustainable AI practices, capacity and skills development, or adoption of digital tools and environmental data platforms in Kenya during 2022-2026.","There is no explicit link between UNEP or UNEP-supported work and measured improvements in data management, environmentally sustainable AI practices, or capacity/skills development in Kenya during 2022-2026.","[""No relevant evidence found""]"
Kenya,2022–2026,2,UNEP initiative Kenya environmental data analytics upgraded data management artificial intelligence AI capacity skills environmental information system government stakeholder institution platform training after:2022-01-01 before:2026-01-01,Leveraging artificial intelligence to meet the sustainable ...,https://www.researchgate.net/publication/387140131_Leveraging_artificial_intelligence_to_meet_the_sustainable_development_goals,"Findings – This study presents a framework for leveraging AI to achieve SDGs. It de- tails the role of AI in achieving each SDG, identifies the best practices ...",https://www.researchgate.net › publication › 38714013...,www_researchgate_net_Leveraging_artificial_intelligence_to_meet_the_sus.txt,False,False,0,0,none,none,unclear,unclear,"The document does not contain explicit evidence related to Kenya or the time window 2022-2026. The topic is about leveraging artificial intelligence for sustainable development goals, but it does not provide specific information about Kenya or the specified time frame.",There is no explicit link to UNEP or UNEP-supported work in the provided document.,[]
Kenya,2022–2026,2,UNEP initiative Kenya environmental data analytics upgraded data management artificial intelligence AI capacity skills environmental information system government stakeholder institution platform training after:2022-01-01 before:2026-01-01,Harnessing Digital Technologies for Smarter Water ...,https://reports.weforum.org/docs/WEF_Harnessing_Digital_Technologies_for_Smarter_Water_Management_in_Agriculture_2025.pdf,The power of AI models in irrigation lies in their ability to adapt to changing environmental conditions by continuously learning from large data sets of ...,https://reports.weforum.org › docs › WEF_Harn...,reports_weforum_org_Harnessing_Digital_Technologies_for_Smarter_Water_.txt,False,False,0,0,none,none,none,none,The document does not contain explicit evidence of measured improvements in data management and environmentally sustainable artificial intelligence practices in Kenya during 2022-2026.,"There is no explicit link between UNEP or UNEP-supported work and the measured improvement in data management, environmentally sustainable AI practices, or capacity/skills development in Kenya during 2022-2026.",[]
Kenya,2022–2026,2,UNEP initiative Kenya environmental data analytics upgraded data management artificial intelligence AI capacity skills environmental information system government stakeholder institution platform training after:2022-01-01 before:2026-01-01,Ensuring Safe Water and Sanitation for All,https://unctad.org/system/files/official-document/dtltikd2022d1_en.pdf,"UNEP. UNEP's Freshwater Ecosystems Explorer data platform leverages the best available science and data to track, monitor and improve the health of freshwater.",https://unctad.org › files › official-document,unctad_org_Ensuring_Safe_Water_and_Sanitation_for_All.txt,False,False,0,0,none,none,none,none,"The document does not contain explicit evidence of measured improvements in data management and environmentally sustainable artificial intelligence practices, including capacity and skills development, among countries and stakeholders in Kenya during 2022-2026.","The document does not explicitly link UNEP or UNEP-supported work to the measured improvement in data management, environmentally sustainable AI practices, or capacity/skills development in Kenya during 2022-2026.",[]
Kenya,2022–2026,2,UNEP initiative Kenya environmental data analytics upgraded data management artificial intelligence AI capacity skills environmental information system government stakeholder institution platform training after:2022-01-01 before:2026-01-01,Minerals Crime,https://www.unodc.org/documents/data-and-analysis/Crimes%20on%20Environment/ECR25_P2b_Minerals_Crime.pdf,"Artificial intelligence (AI): Researchers are de- veloping AI to automatically detect mine com- ponents, although challenges in data collection and model ...",https://www.unodc.org › data-and-analysis,www_unodc_org_Minerals_Crime.txt,False,False,0,0,none,none,unclear,unclear,No relevant information found.,No UNEP link found.,[]
Kenya,2022–2026,2,UNEP initiative Kenya environmental data analytics upgraded data management artificial intelligence AI capacity skills environmental information system government stakeholder institution platform training after:2022-01-01 before:2026-01-01,"UN adopts first-ever resolution on AI and environment, but ...",https://www.climatechangenews.com/2025/12/12/un-adopts-first-ever-resolution-artificial-intelligence-ai-environment-lifecycle-unea/,The resolution proposed by Kenya aims to harness “the opportunities and benefits of artificial intelligence systems in support of the environment and by ...,https://www.climatechangenews.com › 2025/12/12 › un...,www_climatechangenews_com_UN_adopts_first_ever_resolution_on_AI_and_environm.txt,True,False,40,0,AI practice / sustainable AI,developed,government / UN or international organization,national / international,"The document mentions Kenya's efforts in AI development for environmental purposes, such as monitoring forest degradation and predicting carbon storage capacity. However, the evidence is limited, and there's no clear indication of measured improvements or institutional uptake.","Although UNEP is mentioned as producing a report on the environmental benefits, risks, and impacts of artificial intelligence, there is no explicit link between UNEP and specific improvements in data management or sustainable AI practices in Kenya.","[""Kenya aims to harness 'the opportunities and benefits of artificial intelligence systems in support of the environment and by minimizing its environmental impacts'"", ""AI is helping conservationists monitor forest degradation, launch reforestation and predict carbon storage capacity in new forest areas in Kenya"", ""UN Environment Programme (UNEP) to produce a report on the 'environmental benefits, risks and impacts of artificial intelligence'""]"
Kenya,2022–2026,2,UNEP initiative Kenya environmental data analytics upgraded data management artificial intelligence AI capacity skills environmental information system government stakeholder institution platform training after:2022-01-01 before:2026-01-01,Customs Matters: Strengthening Customs Administration in a ...,https://www.elibrary.imf.org/downloadpdf/display/book/9798400200120/9798400200120.pdf,learning and recorded training sessions. Other specialized training for emerging skills such as data management or data analytics may be obtained from private-.,https://www.elibrary.imf.org › display › book,www_elibrary_imf_org_Customs_Matters_Strengthening_Customs_Administrati.txt,False,False,0,0,none,none,unclear,unclear,Document not retrieved due to fetch error. No evidence available for assessment.,Document not retrieved due to fetch error. No evidence available for assessment.,[]
Kenya,2022–2026,2,UNEP initiative Kenya environmental data analytics upgraded data management artificial intelligence AI capacity skills environmental information system government stakeholder institution platform training after:2022-01-01 before:2026-01-01,evaluationof gefsupportfortechnological innovation,https://www.thegef.org/sites/default/files/documents/2025-11/GEF_IEO_technological_innovation_Final_Nov19_2025.pdf,"These technological innovations include, among others, artificial intelligence (AI), big data analytics, Internet-of-Things (IoT), smart grids, renewable energy ...",https://www.thegef.org › sites › files › documents,www_thegef_org_evaluationof_gefsupportfortechnological_innovation.txt,False,False,0,0,none,none,none,none,"The document does not contain explicit evidence of measured improvements in data management and environmentally sustainable artificial intelligence practices, including capacity and skills development, among countries and stakeholders in Kenya during 2022-2026.","There is no explicit link between UNEP or UNEP-supported work and measured improvements in data management, environmentally sustainable AI practices, or capacity/skills development in Kenya during 2022-2026.",[]
Kenya,2022–2026,2,UNEP initiative Kenya environmental data analytics upgraded data management artificial intelligence AI capacity skills environmental information system government stakeholder institution platform training after:2022-01-01 before:2026-01-01,SMALL ISLAND DEVELOPING STATES (SIDS),https://sdgs.un.org/sites/default/files/2022-11/SIDS_DRR_Gap_Assessment_Report_MoI.pdf,stakeholders. This is also a pressing issue as increasingly DRR processes are relying on artificial intelligence (AI) and machine learning. (ML) to generate ...,https://sdgs.un.org › sites › default › files › SIDS_...,sdgs_un_org_SMALL_ISLAND_DEVELOPING_STATES_SIDS_.txt,False,False,0,0,none,none,none,none,,,[]
Kenya,2022–2026,2,UNEP initiative Kenya environmental data analytics upgraded data management artificial intelligence AI capacity skills environmental information system government stakeholder institution platform training after:2022-01-01 before:2026-01-01,Customs Matters: Strengthening Customs Administration in a ...,https://www.elibrary.imf.org/downloadpdf/display/book/9798400200120/9798400200120.pdf,learning and recorded training sessions. Other specialized training for emerging skills such as data management or data analytics may be obtained from private-.,https://www.elibrary.imf.org › display › book,www_elibrary_imf_org_Customs_Matters_Strengthening_Customs_Administrati.txt,False,False,0,0,none,none,unclear,unclear,No relevant information found.,No UNEP link found.,[]
Kenya,2022–2026,2,UNEP initiative Kenya environmental data analytics upgraded data management artificial intelligence AI capacity skills environmental information system government stakeholder institution platform training after:2022-01-01 before:2026-01-01,Sustainability Data Book2021,https://global.toyota/pages/global_toyota/sustainability/report/sdb/sdb21_en.pdf,"The Sustainability Data Book explains Toyota's sustainability approach and policies for ESG initiatives along with practical cases and numerical data, ...",https://global.toyota › report › sdb › sdb21_en,global_toyota_Sustainability_Data_Book2021.txt,False,False,0,0,none,none,company,company,"The document does not contain explicit evidence of measured improvements in data management and environmentally sustainable artificial intelligence practices, capacity and skills development, or stakeholder capacity improvements related to these areas in Kenya during 2022-2026.","There is no explicit link between UNEP or UNEP-supported work and the measured improvement in data management, environmentally sustainable AI practices, or capacity/skills development in the document.","[""The document discusses Toyota's sustainability approach, environmental data, and initiatives but does not mention Kenya, UNEP, or specific improvements in data management or sustainable AI practices.""]"
Kenya,2022–2026,2,UNEP initiative Kenya environmental data analytics upgraded data management artificial intelligence AI capacity skills environmental information system government stakeholder institution platform training after:2022-01-01 before:2026-01-01,GF5354-0692162f4d65f78-54532146.pdf,https://cag.gov.in/uploads/media/GF5354-0692162f4d65f78-54532146.pdf,"AI and Machine Learning. Artificial intelligence and machine learning are enhancing renewable energy operations by predicting energy demand, optimizing.",https://cag.gov.in › uploads › media,cag_gov_in_GF5354_0692162f4d65f78_54532146_pdf.txt,False,False,0,0,none,none,unclear,unclear,No relevant information found in the document.,No UNEP attribution found in the document.,[]
Kenya,2022–2026,2,UNEP initiative Kenya environmental data analytics upgraded data management artificial intelligence AI capacity skills environmental information system government stakeholder institution platform training after:2022-01-01 before:2026-01-01,"Environmental, social and governance review",https://www.hsbc.com/-/files/hsbc/investors/hsbc-results/2023/annual/pdfs/hsbc-holdings-plc/240221-esg-review-2023.pdf,"The plan will help our people, customers, investors and other stakeholders to understand our long-term vision, the challenges, uncertainties and dependencies ...",https://www.hsbc.com › 240221-esg-review-2023,www_hsbc_com_Environmental_social_and_governance_review.txt,False,False,0,0,none,none,none,none,"The document does not contain explicit evidence of measured improvements in data management, environmentally sustainable artificial intelligence practices, or capacity and skills development related to these areas in Kenya during 2022-2026.","There is no explicit link between UNEP or UNEP-supported work and the measured improvement in data management, environmentally sustainable AI practices, or capacity/skills development in Kenya during 2022-2026.",[]
Kenya,2022–2026,2,UNEP initiative Kenya environmental data analytics upgraded data management artificial intelligence AI capacity skills environmental information system government stakeholder institution platform training after:2022-01-01 before:2026-01-01,Sustainability Data Book2021,https://global.toyota/pages/global_toyota/sustainability/report/sdb/sdb21_en.pdf,"The Sustainability Data Book explains Toyota's sustainability approach and policies for ESG initiatives along with practical cases and numerical data, ...",https://global.toyota › report › sdb › sdb21_en,global_toyota_Sustainability_Data_Book2021.txt,False,False,0,0,none,none,unclear,unclear,"The document does not contain explicit evidence related to Kenya or the time window 2022-2026. It appears to be a sustainability report from Toyota Motor Corporation, discussing their environmental initiatives and goals, but not related to digital transformation, environmental data management, or sustainable AI practices in Kenya.",There is no mention of UNEP or UNEP-supported work in the provided document.,[]
Kenya,2022–2026,2,UNEP initiative Kenya environmental data analytics upgraded data management artificial intelligence AI capacity skills environmental information system government stakeholder institution platform training after:2022-01-01 before:2026-01-01,THE IGAD CLIMATE ADAPTATION STRATEGY (2023-2030),https://igad.int/wp-content/uploads/2023/12/IGAD-Climate-Adaptation-Strategy-2023-2030-.pdf,The IGAD Climate Adaptation Strategy (2023-2030) was prepared with substantial inputs and feedback from the IGAD Centre of Excellence for Climate Adaptation ...,https://igad.int › wp-content › uploads › 2023/12,igad_int_THE_IGAD_CLIMATE_ADAPTATION_STRATEGY_2023_2030_.txt,False,False,0,0,none,none,unclear,unclear,No relevant information found.,No UNEP link found.,[]
Kenya,2022–2026,2,UNEP initiative Kenya environmental data analytics upgraded data management artificial intelligence AI capacity skills environmental information system government stakeholder institution platform training after:2022-01-01 before:2026-01-01,Measuring climate resilience in low,https://www.frontiersin.org/journals/climate/articles/10.3389/fclim.2025.1514423/pdf,"By integrating satellite data with AI and Deep Learning, early warning systems can deliver critical insights into environmental hazards, allowing proactive risk ...",https://www.frontiersin.org › articles › pdf,www_frontiersin_org_Measuring_climate_resilience_in_low.txt,False,False,0,0,none,none,none,none,"The document does not contain explicit evidence of measured improvements in data management and environmentally sustainable artificial intelligence practices, including capacity and skills development, among Kenya or stakeholders/institutions in Kenya (in 2022–2026).","There is no explicit link between UNEP (United Nations Environment Programme), UNEP Digital Transformation work, WESR, or UNEP-supported work to the measured improvement in data management, environmentally sustainable AI practices, or capacity/skills development in Kenya (in 2022–2026).",[]
Kenya,2022–2026,2,UNEP initiative Kenya environmental data analytics upgraded data management artificial intelligence AI capacity skills environmental information system government stakeholder institution platform training after:2022-01-01 before:2026-01-01,Implementation progress of IHP-IX,https://unesdoc.unesco.org/ark:/48223/pf0000393490,The Management Information System developed through this initiative integrates well-log and geospatial data ... AI capacity- building initiative tailored ...,https://unesdoc.unesco.org › ark:,unesdoc_unesco_org_Implementation_progress_of_IHP_IX.txt,False,False,0,0,none,none,unclear,unclear,The document does not contain explicit evidence related to Kenya or the time window 2022-2026. It appears to be a general document about UNESCO's IHP-IX program.,There is no mention of UNEP or any relation to the United Nations Environment Programme.,[]
Kenya,2022–2026,2,UNEP initiative Kenya environmental data analytics upgraded data management artificial intelligence AI capacity skills environmental information system government stakeholder institution platform training after:2022-01-01 before:2026-01-01,Kenya and Africa Forge Historic Milestone at UNEA-7 with ...,https://africasciencenews.org/kenya-and-africa-forge-historic-milestone-at-unea-7-with-first-un-resolution-on-ai-environmental-sustainability/,"For the first time, the United Nations has adopted a significant resolution specifically addressing the environmental sustainability of artificial intelligence ...",https://africasciencenews.org › Blog › Environment,africasciencenews_org_Kenya_and_Africa_Forge_Historic_Milestone_at_UNEA_.txt,False,False,0,0,none,none,unclear,unclear,No relevant information found.,No relevant information found.,[]
Kenya,2022–2026,2,UNEP initiative Kenya environmental data analytics upgraded data management artificial intelligence AI capacity skills environmental information system government stakeholder institution platform training after:2022-01-01 before:2026-01-01,Artificial Intelligence and Sustainability: - Highlights and Events,https://research.sbs.edu/sbsrm/SBSRM01_Research%20Monography_01.pdf,Sustainable Decision-Making AI-powered decision support systems provide managers with insights that prioritize sustainability alongside financial performance.,https://research.sbs.edu › sbsrm,research_sbs_edu_Artificial_Intelligence_and_Sustainability_Highlig.txt,False,False,0,0,none,none,academic / business,global,"The document does not contain explicit evidence related to Kenya or the time window 2022-2026. It discusses AI and sustainability broadly, but does not meet the specific indicator requirements for SP7.1.","There is no explicit link between UNEP or UNEP-supported work and the measured improvement in data management, environmentally sustainable AI practices, or capacity/skills development in Kenya (2022-2026).","[""No relevant phrases""]"
Lebanon,2018–2022,1,UNEP initiative Lebanon geospatial environmental data operationalized data management artificial intelligence AI capacity skills environmental information system government stakeholder institution platform training after:2018-01-01 before:2022-01-01,United Nations Environment Programme (UNEP) - AI for Good,https://aiforgood.itu.int/about-us/un-ai-actions/unep/,"UNEP is the leading global environmental authority, setting the environmental agenda and promoting sustainable development within the UN system.",https://aiforgood.itu.int › About us › UN AI Actions,aiforgood_itu_int_United_Nations_Environment_Programme_UNEP_AI_for_G.txt,False,False,0,0,none,none,unclear,unclear,No relevant information found.,No UNEP link found.,[]
Lebanon,2018–2022,1,UNEP initiative Lebanon geospatial environmental data operationalized data management artificial intelligence AI capacity skills environmental information system government stakeholder institution platform training after:2018-01-01 before:2022-01-01,Data Resources,https://www.unep.org/data-resources,"UNEP is the global champion for the environment with programmes focusing on sustainable development, climate, biodiversity and more.",https://www.unep.org › data-resources,www_unep_org_Data_Resources.txt,False,False,0,0,none,none,unclear,global,"The document does not contain explicit evidence of measured improvements in data management and environmentally sustainable artificial intelligence practices, including capacity and skills development, among countries and stakeholders in Lebanon during 2018-2022.","The document does not explicitly link UNEP or UNEP-supported work to the measured improvement in data management, environmentally sustainable AI practices, or capacity/skills development in Lebanon during 2018-2022.",[]
Lebanon,2018–2022,1,UNEP initiative Lebanon geospatial environmental data operationalized data management artificial intelligence AI capacity skills environmental information system government stakeholder institution platform training after:2018-01-01 before:2022-01-01,Publications & Knowledge,https://www.unep.org/publications-data,"The WESR is the new UNEP data, information and knowledge platform providing users access to validated content to support environmental decision… read more.",https://www.unep.org › publications-data,www_unep_org_Publications_Knowledge.txt,False,False,0,0,none,none,unclear,global,"The document does not contain explicit evidence related to measured improvements in data management, environmentally sustainable AI practices, or capacity/skills development in Lebanon during 2018-2022.","There is no explicit link between UNEP or UNEP-supported work and measured improvements in data management, environmentally sustainable AI practices, or capacity/skills development in Lebanon during 2018-2022.",[]
Lebanon,2018–2022,1,UNEP initiative Lebanon geospatial environmental data operationalized data management artificial intelligence AI capacity skills environmental information system government stakeholder institution platform training after:2018-01-01 before:2022-01-01,BLUEPRINT Geospatial Landscape of the United Nations ...,https://ggim.un.org/meetings/GGIM-committee/10th-Session/documents/2020_UN-Geospatial-Network-Blueprint-Landscape.pdf,"The objective is to encourage and continually increase the use of geospatial resources (data, information, services) in decision making processes for.",https://ggim.un.org › meetings › documents › 202...,ggim_un_org_BLUEPRINT_Geospatial_Landscape_of_the_United_Natio.txt,False,False,0,0,none,none,unclear,unclear,No relevant evidence found in the document.,No UNEP attribution found in the document.,[]
Kenya,2022–2026,2,UNEP initiative Kenya environmental data analytics upgraded data management artificial intelligence AI capacity skills environmental information system government stakeholder institution platform training after:2022-01-01 before:2026-01-01,An Overview of Digital Transformation and Environmental ...,https://www.mdpi.com/2071-1050/16/24/11079,"This paper examines the dual impact of digital technologies, highlighting key threats such as rising energy consumption, growing e-waste, and the increased ...",https://www.mdpi.com › ...,www_mdpi_com_An_Overview_of_Digital_Transformation_and_Environm.txt,False,False,0,0,none,none,none,none,The document does not contain explicit evidence related to measured improvements in digital/data/AI practices in Kenya during 2022-2026.,There is no explicit link between UNEP or UNEP-supported work and the SP7.1 improvement/capacity/sustainable AI outcome in Kenya during 2022-2026.,[]
Lebanon,2018–2022,1,UNEP initiative Lebanon geospatial environmental data operationalized data management artificial intelligence AI capacity skills environmental information system government stakeholder institution platform training after:2018-01-01 before:2022-01-01,Artificial Intelligence Strategy for Lebanon,https://www.unescwa.org/events/artificial-intelligence-strategy-lebanon,During this meeting discussions with relevant stakeholders will focus on the requirements for an artificial intelligence strategy for Lebanon.,https://www.unescwa.org › events › artificial-intelligenc...,www_unescwa_org_Artificial_Intelligence_Strategy_for_Lebanon.txt,False,False,0,0,none,none,none,unclear,The document does not contain explicit evidence of measured improvements in data management and environmentally sustainable artificial intelligence practices in Lebanon between 2018 and 2022.,There is no explicit link between UNEP or UNEP-supported work and any improvements in data management or sustainable AI practices in Lebanon during the specified time frame.,[]
Lebanon,2018–2022,1,UNEP initiative Lebanon geospatial environmental data operationalized data management artificial intelligence AI capacity skills environmental information system government stakeholder institution platform training after:2018-01-01 before:2022-01-01,Updates on the status of capacity-development,https://unece.org/sites/default/files/2021-10/S7_2_UNDA%20project_UNECE_UNEP_ENG_revised%281%29.pdf,"To strengthen capacities of national environmental authorities and statistical agencies to collect, produce data in accordance with SEIS.",https://unece.org › sites › default › files › S7_2_U...,unece_org_Updates_on_the_status_of_capacity_development.txt,False,False,0,0,none,none,unclear,unclear,The document does not contain explicit evidence of measured improvements in data management and environmentally sustainable artificial intelligence practices in Lebanon during 2018-2022.,"There is no explicit link between UNEP or UNEP-supported work and the measured improvement in data management, environmentally sustainable AI practices, or capacity/skills development in Lebanon during 2018-2022.",[]
Lebanon,2018–2022,1,UNEP initiative Lebanon geospatial environmental data operationalized data management artificial intelligence AI capacity skills environmental information system government stakeholder institution platform training after:2018-01-01 before:2022-01-01,News Archives - APRU,https://www.apru.org/tag/news/,"APRU expands access to education through a wide variety of programmes, builds professional capacity and enhances student engagement and the development of ...",https://www.apru.org › tag › news,www_apru_org_News_Archives_APRU.txt,False,False,0,0,none,none,none,none,"The provided document text does not contain explicit evidence related to Lebanon during 2018-2022, nor does it discuss digital/data management, environmentally sustainable AI practices, or capacity/skills development in these areas.",There is no mention of UNEP or UNEP-supported work in the provided document text.,[]
Lebanon,2018–2022,1,UNEP initiative Lebanon geospatial environmental data operationalized data management artificial intelligence AI capacity skills environmental information system government stakeholder institution platform training after:2018-01-01 before:2022-01-01,ESCWA's post,https://www.facebook.com/unescwa/posts/today-escwa-held-a-regional-workshop-on-the-development-of-transport-statistics-/2437635169658465/,"Today, #ESCWA held a regional workshop on the Development of #Transport Statistics under the auspices and in the presence of Lebanese Minister Raya...",30+ reactions,www_facebook_com_ESCWA_s_post.txt,False,False,0,0,none,none,unclear,regional,"The document does not contain explicit evidence related to improved data management, environmental data systems/platforms/workflows, environmentally sustainable AI practices, or capacity/skills development in Lebanon during 2018-2022.","There is no explicit link between UNEP or UNEP-supported work and any improvement in data management, environmentally sustainable AI practices, or capacity/skills development in Lebanon during 2018-2022.",[]
Lebanon,2018–2022,1,UNEP initiative Lebanon geospatial environmental data operationalized data management artificial intelligence AI capacity skills environmental information system government stakeholder institution platform training after:2018-01-01 before:2022-01-01,Big Data and the Sustainable Development Goals: ...,https://files.unsdsn.org/Big%2BData-report%2BFINAL.pdf,"in academic research studies that use high-resolution satellite imagery, geospatial data, and powerful machine learning algorithms to complement traditional ...",https://files.unsdsn.org › Big+Data-report+FINAL,files_unsdsn_org_Big_Data_and_the_Sustainable_Development_Goals_.txt,False,False,0,0,none,none,none,none,The document does not contain explicit evidence of measured improvements in data management and environmentally sustainable artificial intelligence practices in Lebanon during 2018-2022.,There is no explicit link between UNEP or UNEP-supported work and measured improvements in data management or environmentally sustainable AI practices in Lebanon during 2018-2022.,[]
Lebanon,2018–2022,1,UNEP initiative Lebanon geospatial environmental data operationalized data management artificial intelligence AI capacity skills environmental information system government stakeholder institution platform training after:2018-01-01 before:2022-01-01,LEBANON- Third Biennial Update Report 2019. ...,https://unfccc.int/sites/default/files/resource/LEBANON-%20Third%20Biennial%20Update%20Report%202019.pdf,"As they develop local capacity, they draw on the people of UNDP and our wide range of partners. For more information http://climatechange.moe.gov.lb/.",https://unfccc.int › sites › default › files › resource,unfccc_int_LEBANON_Third_Biennial_Update_Report_2019_.txt,False,False,0,0,none,none,government,national,"The document does not contain explicit evidence of measured improvements in data management and environmentally sustainable artificial intelligence practices, including capacity and skills development, among countries and stakeholders in Lebanon during 2018-2022.","The document does not explicitly link UNEP or UNEP-supported work to the measured improvement in data management, environmentally sustainable AI practices, or capacity/skills development in Lebanon during 2018-2022.","[""No relevant phrases found""]"
Lebanon,2018–2022,1,UNEP initiative Lebanon geospatial environmental data operationalized data management artificial intelligence AI capacity skills environmental information system government stakeholder institution platform training after:2018-01-01 before:2022-01-01,First Global Report,https://environmentalmigration.iom.int/sites/g/files/tmzbdl1411/files/documents/2023-11/environmental_rule_of_law.pdf,The report individuates the governance system of various countries and simultaneously presses upon the conditional differences in various aspects of ...,https://environmentalmigration.iom.int › files › e...,environmentalmigration_iom_int_First_Global_Report.txt,False,False,0,0,none,none,none,none,"The document does not contain explicit evidence related to Lebanon or the time window 2018–2022. It discusses environmental rule of law and governance globally, but does not provide specific information on digital/data management, sustainable AI practices, or capacity and skills development in Lebanon.","There is no explicit link between UNEP or UNEP-supported work and measured improvements in data management, environmentally sustainable AI practices, or capacity/skills development in Lebanon (2018–2022).",[]
Lebanon,2018–2022,1,UNEP initiative Lebanon geospatial environmental data operationalized data management artificial intelligence AI capacity skills environmental information system government stakeholder institution platform training after:2018-01-01 before:2022-01-01,SOER REPORT,https://www.unicef.org/lebanon/media/7161/file/SOER_Report_EN.pdf,"The purpose of the report is to consolidate, analyse and present the latest available data on the environment in various key sectors in Lebanon. Each chapter.",https://www.unicef.org › lebanon › media › file,www_unicef_org_SOER_REPORT.txt,False,False,0,0,none,none,unclear,unclear,The document does not contain explicit evidence of measured improvements in data management and environmentally sustainable artificial intelligence practices in Lebanon during 2018-2022.,There is no explicit link between UNEP or UNEP-supported work and the measured improvement in data management or environmentally sustainable AI practices in Lebanon during 2018-2022.,[]
Lebanon,2018–2022,1,UNEP initiative Lebanon geospatial environmental data operationalized data management artificial intelligence AI capacity skills environmental information system government stakeholder institution platform training after:2018-01-01 before:2022-01-01,UNESCO Science Report: the race against time for smarter ...,https://unesdoc.unesco.org/ark:/48223/pf0000377433.locale=en,"The government has also established a big data platform to monitor water ... AI,' according to its New Generation Artificial Intelligence Development Plan.",https://unesdoc.unesco.org › ark:,unesdoc_unesco_org_UNESCO_Science_Report_the_race_against_time_for_sm.txt,False,False,0,0,none,none,unclear,unclear,"The document is not relevant to the task as it does not contain information about Lebanon, UNEP, or improvements in data management and environmentally sustainable artificial intelligence practices.",There is no mention of UNEP or its activities related to the task.,[]
Lebanon,2018–2022,1,UNEP initiative Lebanon geospatial environmental data operationalized data management artificial intelligence AI capacity skills environmental information system government stakeholder institution platform training after:2018-01-01 before:2022-01-01,The World Bank Annual Report 2018,https://documents1.worldbank.org/curated/en/630671538158537244/pdf/The-World-Bank-Annual-Report-2018.pdf,"Inter- nally, a management information system to track and manage environmental and social risks is being developed, while guidance materials, good practice ...",https://documents1.worldbank.org › curated › pdf,documents1_worldbank_org_The_World_Bank_Annual_Report_2018.txt,False,False,0,0,none,none,none,none,"The document does not contain explicit evidence related to improved data management, environmental data systems/platforms/workflows, environmentally sustainable AI practices, or capacity/skills development in data management or AI for Lebanon during 2018-2022.","There is no explicit link between UNEP or UNEP-supported work and the measured improvement in data management, environmentally sustainable AI practices, or capacity/skills development in Lebanon during 2018-2022.",[]
Lebanon,2018–2022,1,UNEP initiative Lebanon geospatial environmental data operationalized data management artificial intelligence AI capacity skills environmental information system government stakeholder institution platform training after:2018-01-01 before:2022-01-01,ALLIANZ GROUP SUSTAINABILITY REPORT 2020,https://www.allianz.com/content/dam/onemarketing/azcom/Allianz_com/sustainability/documents/Allianz_Group_Sustainability_Report_2020-web.pdf,"operations as a carbon neutral company. The Allianz environmental management system (EMS) provides clear standards and controls, supports environmental data.",https://www.allianz.com › azcom › documents,www_allianz_com_ALLIANZ_GROUP_SUSTAINABILITY_REPORT_2020.txt,False,False,0,0,none,none,unclear,unclear,The document is not relevant to the task as it is a sustainability report of Allianz Group and does not contain information about Lebanon or SP7.1 indicator.,There is no mention of UNEP or UNEP-supported work in the document.,[]
Lebanon,2018–2022,1,UNEP initiative Lebanon geospatial environmental data operationalized data management artificial intelligence AI capacity skills environmental information system government stakeholder institution platform training after:2018-01-01 before:2022-01-01,THE FUTURE IS NOW,https://pure.iiasa.ac.at/id/eprint/16067/1/24797GSDR_report_2019.pdf,"Artificial intelligence (AI) promises to bring a new generation of sustainable development solutions. However, in order to foster public trust in AI systems, AI.",https://pure.iiasa.ac.at › eprint,pure_iiasa_ac_at_THE_FUTURE_IS_NOW.txt,False,False,0,0,none,none,unclear,unclear,No document text available for analysis due to fetch error.,No document text available for analysis due to fetch error.,[]
Lebanon,2018–2022,1,UNEP initiative Lebanon geospatial environmental data operationalized data management artificial intelligence AI capacity skills environmental information system government stakeholder institution platform training after:2018-01-01 before:2022-01-01,Getting the message right on nature‐based solutions to ...,https://onlinelibrary.wiley.com/doi/10.1111/gcb.15513,"Nature-based solutions involve the protection, restoration or management of natural and semi-natural ecosystems; the sustainable management of aquatic ...",https://onlinelibrary.wiley.com › doi › gcb,onlinelibrary_wiley_com_Getting_the_message_right_on_nature_based_solution.txt,False,False,0,0,none,none,unclear,unclear,"The document does not contain explicit evidence related to measured improvements in data management, environmentally sustainable AI practices, or capacity and skills development in Lebanon during 2018-2022.",There is no explicit link between UNEP or UNEP-supported work and the SP7.1 improvement/capacity/sustainable AI outcome in the document.,[]
Lebanon,2018–2022,1,UNEP initiative Lebanon geospatial environmental data operationalized data management artificial intelligence AI capacity skills environmental information system government stakeholder institution platform training after:2018-01-01 before:2022-01-01,Implementing the Water–Energy–Food–Ecosystems Nexus ...,https://uploads.water-energy-food.org/resources/wio9781789062595.pdf,This publication compiles a number of case studies with the aim of highlighting the importance and benefits of the. WEFE Nexus approach for development ...,https://uploads.water-energy-food.org › resources,uploads_water-energy-food_org_Implementing_the_Water_Energy_Food_Ecosystems_Nexu.txt,False,False,0,0,none,none,unclear,unclear,No relevant evidence found due to document fetch failure.,No UNEP link found due to document fetch failure.,[]
Lebanon,2018–2022,1,UNEP initiative Lebanon geospatial environmental data operationalized data management artificial intelligence AI capacity skills environmental information system government stakeholder institution platform training after:2018-01-01 before:2022-01-01,United Nations Office for Disaster Risk Reduction,https://gar.undrr.org/sites/default/files/reports/2019-05/full_gar_report.pdf,"The. Sendai Framework charts a clear policy pathway for governments and citizens to prevent and mitigate shocks caused by natural and man-made hazards, as well ...",https://gar.undrr.org › reports › full_gar_report,gar_undrr_org_United_Nations_Office_for_Disaster_Risk_Reduction.txt,False,False,0,0,none,none,unclear,unclear,The document does not contain explicit evidence related to measured improvements in digital/data management or environmentally sustainable AI practices in Lebanon during 2018-2022.,"There is no explicit link between UNEP or UNEP-supported work and any improvements in data management, environmentally sustainable AI practices, or capacity/skills development in Lebanon during 2018-2022.",[]
Lebanon,2018–2022,1,UNEP initiative Lebanon geospatial environmental data operationalized data management artificial intelligence AI capacity skills environmental information system government stakeholder institution platform training after:2018-01-01 before:2022-01-01,foreward,https://moen.gov.iq/files/POST_FILE/Iraq_BTR__9_September_2025_Final_English_Designed.pdf,"The report provides an accurate picture of greenhouse gas emissions, mitigation and adaptation actions, and progress made in implementing the Nationally ...",https://moen.gov.iq › files › POST_FILE › Iraq_B...,moen_gov_iq_foreward.txt,False,False,0,0,none,none,unclear,unclear,No relevant information found in the document.,No UNEP link found in the document.,[]
Lebanon,2018–2022,1,UNEP initiative Lebanon geospatial environmental data operationalized data management artificial intelligence AI capacity skills environmental information system government stakeholder institution platform training after:2018-01-01 before:2022-01-01,About us - AI for Good - ITU,https://aiforgood.itu.int/about-us/,"The mission of AI for Good is to unlock AI's potential to serve humanity through building skills, AI standards, and advancing partnerships. AI for Good is ...",https://aiforgood.itu.int › about-us,aiforgood_itu_int_About_us_AI_for_Good_ITU.txt,False,False,0,0,none,none,unclear,unclear,No relevant information found,No UNEP link found,[]
Lebanon,2018–2022,1,UNEP initiative Lebanon geospatial environmental data operationalized data management artificial intelligence AI capacity skills environmental information system government stakeholder institution platform training after:2018-01-01 before:2022-01-01,Annual Report - 2020,https://unhabitat.org/sites/default/files/2021/05/annual_progress_report_2020_final.pdf,"UN-Habitat helps reduce spatial inequality and poverty in communities by improving planning and policymaking, supporting urban regeneration, and increasing.",https://unhabitat.org › default › files › 2021/05,unhabitat_org_Annual_Report_2020.txt,False,False,0,0,none,none,UN or international organization,national,"The document does not contain explicit evidence of measured improvements in data management and environmentally sustainable artificial intelligence practices, including capacity and skills development, among countries and stakeholders in Lebanon during 2018-2022.","The document does not explicitly link UNEP or UNEP-supported work to the measured improvement in data management, environmentally sustainable AI practices, or capacity/skills development in Lebanon during 2018-2022.","[""No relevant phrases found""]"
Lebanon,2018–2022,1,UNEP initiative Lebanon geospatial environmental data operationalized data management artificial intelligence AI capacity skills environmental information system government stakeholder institution platform training after:2018-01-01 before:2022-01-01,THE FUTURE IS NOW,https://unitar.org/sites/default/files/media/file/The%20Future%20is%20now%20GSDR%20Report%202019.pdf,"Artificial intelligence (AI) promises to bring a new generation of sustainable development solutions. However, in order to foster public trust in AI systems, AI.",https://unitar.org › default › files › media › file,unitar_org_THE_FUTURE_IS_NOW.txt,False,False,0,0,none,none,unclear,unclear,No relevant evidence found in the document.,No UNEP attribution found in the document.,[]
Lebanon,2018–2022,1,UNEP initiative Lebanon geospatial environmental data operationalized data management artificial intelligence AI capacity skills environmental information system government stakeholder institution platform training after:2018-01-01 before:2022-01-01,The State of World Fisheries and Aquaculture 2022,https://openknowledge.fao.org/server/api/core/bitstreams/a2090042-8cda-4f35-9881-16f6302ce757/content,FAO information products are available on the FAO website. (www.fao.org/publications) and can be purchased through publications-sales@fao.org. Requests for ...,https://openknowledge.fao.org › core › content,openknowledge_fao_org_The_State_of_World_Fisheries_and_Aquaculture_2022.txt,False,False,0,0,none,none,unclear,unclear,No relevant information found.,No relevant information found.,[]
Lebanon,2018–2022,1,UNEP initiative Lebanon geospatial environmental data operationalized data management artificial intelligence AI capacity skills environmental information system government stakeholder institution platform training after:2018-01-01 before:2022-01-01,Annual Report - 2020,https://unhabitat.org/sites/default/files/2021/05/annual_progress_report_2020_final.pdf,"UN-Habitat helps reduce spatial inequality and poverty in communities by improving planning and policymaking, supporting urban regeneration, and increasing.",https://unhabitat.org › default › files › 2021/05,unhabitat_org_Annual_Report_2020.txt,False,False,0,0,none,none,UN or international organization,national,"The document does not contain explicit evidence of measured improvements in data management and environmentally sustainable artificial intelligence practices, including capacity and skills development, among countries and stakeholders in Lebanon during 2018-2022.","The document does not explicitly link UNEP or UNEP-supported work to the measured improvement in data management, environmentally sustainable AI practices, or capacity/skills development in Lebanon during 2018-2022.","[""No relevant phrases found""]"
Lebanon,2018–2022,1,UNEP initiative Lebanon geospatial environmental data operationalized data management artificial intelligence AI capacity skills environmental information system government stakeholder institution platform training after:2018-01-01 before:2022-01-01,New threats to human security in the Anthropocene,https://hs.hdr.undp.org/pdf/srhs2022.pdf,The United Nations offers a natural platform to advance these core objectives with the involvement of all relevant stakeholders. This report offers valuable ...,https://hs.hdr.undp.org › pdf › srhs2022,hs_hdr_undp_org_New_threats_to_human_security_in_the_Anthropocene.txt,False,False,0,0,none,none,unclear,unclear,No relevant information found due to document fetch error.,No relevant information found due to document fetch error.,[]
Lebanon,2018–2022,1,UNEP initiative Lebanon geospatial environmental data operationalized data management artificial intelligence AI capacity skills environmental information system government stakeholder institution platform training after:2018-01-01 before:2022-01-01,Motions,https://portals.iucn.org/library/sites/library/files/documents/WCC-7th-008-En.pdf,17.6 1988 San José An improved system of information management for natural resource data ... • Good Governance for Social Development and the Environment ...,https://portals.iucn.org › library › files › documents,portals_iucn_org_Motions.txt,False,False,0,0,none,none,unclear,unclear,No relevant information found.,No relevant information found.,[]
Lebanon,2018–2022,1,UNEP initiative Lebanon geospatial environmental data operationalized data management artificial intelligence AI capacity skills environmental information system government stakeholder institution platform training after:2018-01-01 before:2022-01-01,Health and Human Rights Journal,https://www.hhrjournal.org/wp-content/uploads/sites/2//2021/12/hhrj_23-2_dec-2021.pdf,"The journal maintains a tradition of critical scholarship and also provides an inclusive forum for action-oriented dialogue among human rights practitioners, ...",https://www.hhrjournal.org › hhrj_23-2_dec-2021,www_hhrjournal_org_Health_and_Human_Rights_Journal.txt,False,False,0,0,none,none,academic / research institution,global,"The document is an academic journal focused on health and human rights, and does not contain explicit evidence related to digital transformation, environmental data management, sustainable AI practices, or capacity and skills development in Lebanon during 2018-2022.","The document does not mention UNEP or any UNEP-supported work related to digital transformation, environmental data management, sustainable AI practices, or capacity and skills development in Lebanon during 2018-2022.","[""The journal discusses ecological justice, the right to health, and the interconnectedness of human and nonhuman well-being, but does not provide evidence of measured improvements in data management and environmentally sustainable AI practices.""]"
Lebanon,2018–2022,1,UNEP initiative Lebanon geospatial environmental data operationalized data management artificial intelligence AI capacity skills environmental information system government stakeholder institution platform training after:2018-01-01 before:2022-01-01,World Investment Report 2020,https://unctad.org/system/files/official-document/wir2020_en.pdf,"As such, this year's World Investment Report is required reading for policymakers and an important tool for the international development community. I commend ...",https://unctad.org › system › files › wir2020_en,unctad_org_World_Investment_Report_2020.txt,False,False,0,0,none,none,unclear,unclear,"The document does not contain explicit evidence related to improved data management, environmental data systems/platforms/workflows, environmentally sustainable AI practices, or capacity/skills development in Lebanon during 2018-2022.","There is no explicit link between UNEP or UNEP-supported work and any measured improvement in data management, environmentally sustainable AI practices, or capacity/skills development in Lebanon during 2018-2022.",[]
Lebanon,2018–2022,1,UNEP initiative Lebanon geospatial environmental data operationalized data management artificial intelligence AI capacity skills environmental information system government stakeholder institution platform training after:2018-01-01 before:2022-01-01,STUDY ON TRENDS AND OUTLOOK OF MARINE POLLUTION,https://www.rempec.org/en/knowledge-centre/online-catalogue/studyontrends2022.pdf,"Martina Bocci (Director, t-ELIKA) and Emiliano Ramieri. (Research Manager, CNR-ISMAR) drafted the Study on trends and outlook of marine pollution from ships and ...",https://www.rempec.org › online-catalogue › stu...,www_rempec_org_STUDY_ON_TRENDS_AND_OUTLOOK_OF_MARINE_POLLUTION.txt,False,False,0,0,none,none,unclear,unclear,No evidence found due to document fetch failure,No evidence found due to document fetch failure,[]
Lebanon,2018–2022,1,UNEP initiative Lebanon geospatial environmental data operationalized data management artificial intelligence AI capacity skills environmental information system government stakeholder institution platform training after:2018-01-01 before:2022-01-01,Asia-Pacific Migration Report 2020,https://www.unescap.org/sites/default/files/APMR2020_FullReport.pdf,"The largest regional intergovernmental platform with 53 member States and 9 associate members, ESCAP has emerged as a strong regional think-tank offering ...",https://www.unescap.org › APMR2020_FullReport,www_unescap_org_Asia_Pacific_Migration_Report_2020.txt,False,False,0,0,none,none,unclear,unclear,"The document does not contain explicit evidence related to measured improvements in data management, environmentally sustainable AI practices, or capacity and skills development in Lebanon during 2018-2022.","There is no explicit link between UNEP or UNEP-supported work and the measured improvement in data management, environmentally sustainable AI practices, or capacity/skills development in Lebanon during 2018-2022.",[]
Lebanon,2018–2022,1,UNEP initiative Lebanon geospatial environmental data operationalized data management artificial intelligence AI capacity skills environmental information system government stakeholder institution platform training after:2018-01-01 before:2022-01-01,State of Mediterranean Forests 2018,https://planbleu.org/wp-content/uploads/2018/11/somf2018.pdf,"The State of Mediterranean Forests 2018 analyzes the circum-Mediterranean region, a territory encompassing thirty-one countries and a wide range of political, ...",https://planbleu.org › 2018/11 › somf2018,planbleu_org_State_of_Mediterranean_Forests_2018.txt,,,,,,,,,"[ERROR] Error code: 400 - {'error': {'message': ""Failed to generate JSON. Please adjust your prompt. See 'failed_generation' for more details."", 'type': 'invalid_request_error', 'code': 'json_validate_failed', 'failed_generation': '{\n0.1 Cyprus 4.4 3.2 2.5 Egypt, Arab Rep. 4.7 7.2 5.1 Greece 4.1 -1.7 -3.5 Israel 3.6 2.3 3.1 Lebanon 7. Lebanon. The mention of speciﬁc companies or products of manufacturers, whether or not these have been patented, does not imply that these have been endorsed or recommended by FAO or Plan Bleu in preference to others of a similar nature that are not mentioned. The views expressed in this information product are those of the author(s) and do not necessarily reﬂect the views or policies of FAO or Plan Bleu. ISBN FAO: 978-92-5-131047-2 ISBN Plan Bleu: 978-2-912081-52- 0 ...""\n\nThe following JSON is valid according to the provided schema:\n}'}}",,[]
Lebanon,2018–2022,1,UNEP initiative Lebanon geospatial environmental data operationalized data management artificial intelligence AI capacity skills environmental information system government stakeholder institution platform training after:2018-01-01 before:2022-01-01,Higher Education in the World 7,https://www.guninetwork.org/wp-content/uploads/2023/07/download_full_report_heiw7.pdf,"What are the global challenges that require science, technology and humanities to be integrated into a conception of research and teaching in the higher space?",https://www.guninetwork.org › uploads › 2023/07,www_guninetwork_org_Higher_Education_in_the_World_7.txt,False,False,0,0,none,none,unclear,unclear,No evidence found due to document fetch error.,No evidence found due to document fetch error.,[]
Lebanon,2018–2022,1,UNEP initiative Lebanon geospatial environmental data operationalized data management artificial intelligence AI capacity skills environmental information system government stakeholder institution platform training after:2018-01-01 before:2022-01-01,WORLD YOUTH REPORT,https://www.local2030.org/library/695/Youth-and-the-2030-Agenda-for-Sustainable-Development.pdf,"The Department works in three main interlinked areas: it compiles, generates and analyses a wide range of economic, social and environmental data and ...",https://www.local2030.org › library › Youth-and-t...,www_local2030_org_WORLD_YOUTH_REPORT.txt,False,False,0,0,none,none,none,global,"The document does not contain explicit evidence related to Lebanon during 2018-2022, nor does it discuss improved data management, environmental data systems/platforms/workflows, environmentally sustainable AI practices, or capacity/skills development in these areas.","There is no mention of UNEP or UNEP-supported work linked to improvements in data management, environmentally sustainable AI practices, or capacity/skills development in Lebanon during 2018-2022.",[]
Lebanon,2018–2022,1,UNEP initiative Lebanon geospatial environmental data operationalized data management artificial intelligence AI capacity skills environmental information system government stakeholder institution platform training after:2018-01-01 before:2022-01-01,World Trade Report 2021: Economic resilience and trade,https://www.wto.org/english/res_e/booksp_e/wtr21_e/00_wtr21_e.pdf,"The World Trade Report is an annual publication that aims to deepen understanding about trends in trade, trade policy issues and the multilateral trading system ...",https://www.wto.org › wtr21_e › 00_wtr21_e,www_wto_org_World_Trade_Report_2021_Economic_resilience_and_tr.txt,False,False,0,0,none,none,none,none,The document does not contain explicit evidence related to measured improvements in digital/data management or environmentally sustainable AI practices in Lebanon during 2018-2022.,There is no explicit link between UNEP or UNEP-supported work and measured improvements in digital/data management or environmentally sustainable AI practices in Lebanon during 2018-2022.,[]
Lebanon,2018–2022,1,UNEP initiative Lebanon geospatial environmental data operationalized data management artificial intelligence AI capacity skills environmental information system government stakeholder institution platform training after:2018-01-01 before:2022-01-01,Land Restoration,https://commonland.com/wp-content/uploads/2021/08/Land-restoration-reclaiming-landscapes-for-a-sustainable-future-by-Chabay-Ilan-Frick-Martin-Helgeson-Jennifer-Elseviers-2015.pdf,"Practitioners and researchers must always rely on their own experience and knowledge in evaluating and using any information, methods, compounds, or experiments ...",https://commonland.com › uploads › 2021/08,commonland_com_Land_Restoration.txt,False,False,0,0,none,none,unclear,unclear,"The document does not contain explicit evidence related to Lebanon or the time window 2018-2022, nor does it discuss improvements in data management, environmental data systems, or sustainable AI practices.",There is no explicit link between UNEP or UNEP-supported work and any improvements in data management or sustainable AI practices in Lebanon.,[]
Lebanon,2018–2022,1,UNEP initiative Lebanon geospatial environmental data operationalized data management artificial intelligence AI capacity skills environmental information system government stakeholder institution platform training after:2018-01-01 before:2022-01-01,"Prioritising SDG targets: assessing baselines, gaps and ...",https://www.researchgate.net/publication/326137160_Prioritising_SDG_targets_assessing_baselines_gaps_and_interlinkages,"PDF | The Sustainable Development Goals (SDGs) provide an integrated, evidence-based framework of targets and indicators to support national planning.",https://www.researchgate.net › publication › 32613716...,www_researchgate_net_Prioritising_SDG_targets_assessing_baselines_gaps_.txt,False,False,0,0,none,none,unclear,unclear,"The document does not contain explicit evidence related to measured improvements in data management, environmental data systems/platforms/workflows, environmentally sustainable AI practices, or capacity/skills development in Lebanon during 2018-2022.",There is no explicit link between UNEP or UNEP-supported work and any improvements in data management or sustainable AI practices in Lebanon during 2018-2022.,[]
Lebanon,2018–2022,1,UNEP initiative Lebanon geospatial environmental data operationalized data management artificial intelligence AI capacity skills environmental information system government stakeholder institution platform training after:2018-01-01 before:2022-01-01,A GUIDE TO GLOBAL HEALTH DIPLOMACY,https://www.graduateinstitute.ch/sites/internet/files/2021-02/GHC-Guide.pdf,This Guide to Global Health Diplomacy is a valuable and practical tool for enabling health diplomats to be both professional and effective in their work. I am ...,https://www.graduateinstitute.ch › GHC-Guide,www_graduateinstitute_ch_A_GUIDE_TO_GLOBAL_HEALTH_DIPLOMACY.txt,False,False,0,0,none,none,none,none,"The document does not contain explicit evidence related to improved data management, environmental data systems/platforms/workflows, environmentally sustainable AI practices, or capacity/skills development in data management or AI in Lebanon during 2018-2022.","There is no explicit link between UNEP or UNEP-supported work and any measured improvement in data management, environmentally sustainable AI practices, or capacity/skills development in Lebanon during 2018-2022.",[]
Lebanon,2018–2022,2,UNEP assisted Lebanon environment statistics data management established data management artificial intelligence AI capacity skills environmental information system government stakeholder institution platform training after:2018-01-01 before:2022-01-01,United Nations Environment Programme (UNEP) - AI for Good,https://aiforgood.itu.int/about-us/un-ai-actions/unep/,"UNEP is the leading global environmental authority, setting the environmental agenda and promoting sustainable development within the UN system.",https://aiforgood.itu.int › About us › UN AI Actions,aiforgood_itu_int_United_Nations_Environment_Programme_UNEP_AI_for_G.txt,False,False,0,0,none,none,unclear,unclear,No relevant information found.,No UNEP link found.,[]
Lebanon,2018–2022,2,UNEP assisted Lebanon environment statistics data management established data management artificial intelligence AI capacity skills environmental information system government stakeholder institution platform training after:2018-01-01 before:2022-01-01,Publications & Knowledge,https://www.unep.org/publications-data,"The WESR is the new UNEP data, information and knowledge platform providing users access to validated content to support environmental decision… read more.",https://www.unep.org › publications-data,www_unep_org_Publications_Knowledge.txt,False,False,0,0,none,none,unclear,unclear,"The document does not contain explicit evidence of measured improvements in data management and environmentally sustainable artificial intelligence practices, including capacity and skills development, among countries and stakeholders in Lebanon during 2018-2022.","The document does not explicitly link UNEP or UNEP-supported work to the measured improvement in data management, environmentally sustainable AI practices, or capacity/skills development in Lebanon during 2018-2022.",[]
Lebanon,2018–2022,1,UNEP initiative Lebanon geospatial environmental data operationalized data management artificial intelligence AI capacity skills environmental information system government stakeholder institution platform training after:2018-01-01 before:2022-01-01,"UAV-Supported Forest Regeneration: Current Trends, ...",https://pdfs.semanticscholar.org/9e3b/22d29c721e1263d3eecd8527ee6851cae046.pdf,"A possible pathway can be through forest landscape restoration (FLR) which includes planting trees in addition to agroforestry, erosion control and natural ...",https://pdfs.semanticscholar.org › ...,pdfs_semanticscholar_org_UAV_Supported_Forest_Regeneration_Current_Trends_.txt,False,False,0,0,none,none,none,none,"The document does not contain explicit evidence related to improved data management, environmental data systems/platforms/workflows, environmentally sustainable AI practices, or capacity/skills development in data management or AI in Lebanon during 2018-2022.","There is no explicit link between UNEP or UNEP-supported work and the measured improvement in data management, environmentally sustainable AI practices, or capacity/skills development in Lebanon during 2018-2022.",[]
Lebanon,2018–2022,1,UNEP initiative Lebanon geospatial environmental data operationalized data management artificial intelligence AI capacity skills environmental information system government stakeholder institution platform training after:2018-01-01 before:2022-01-01,Abstract Book,https://ic-sd.org/wp-content/uploads/2019/09/190920-Abstract-book_poster-presentations_FINAL-WEB-COPY.pdf,"Imagine a world where every life is improved — where natural resources are readily available, people have access to education and opportunity, and communities ...",https://ic-sd.org › wp-content › uploads › 2019/09,ic-sd_org_Abstract_Book.txt,False,False,0,0,none,none,none,none,"The document does not contain explicit evidence related to improved data management, environmental data systems/platforms/workflows, environmentally sustainable AI practices, or capacity/skills development in data management or AI for Lebanon during 2018-2022.","There is no explicit link between UNEP or UNEP-supported work and the measured improvement in data management, environmentally sustainable AI practices, or capacity/skills development in Lebanon during 2018-2022.",[]
Lebanon,2018–2022,2,UNEP assisted Lebanon environment statistics data management established data management artificial intelligence AI capacity skills environmental information system government stakeholder institution platform training after:2018-01-01 before:2022-01-01,ESCWA's post,https://www.facebook.com/unescwa/posts/today-escwa-held-a-regional-workshop-on-the-development-of-transport-statistics-/2437635169658465/,"Today, #ESCWA held a regional workshop on the Development of #Transport Statistics under the auspices and in the presence of Lebanese Minister Raya...",30+ reactions,www_facebook_com_ESCWA_s_post.txt,False,False,0,0,none,none,unclear,regional,"The document does not contain explicit evidence of measured improvements in data management and environmentally sustainable artificial intelligence practices, including capacity and skills development, among countries and stakeholders in Lebanon during 2018-2022.","There is no explicit link between UNEP or UNEP-supported work and the improvement in data management, environmentally sustainable AI practices, or capacity/skills development in Lebanon during 2018-2022.",[]
Lebanon,2018–2022,2,UNEP assisted Lebanon environment statistics data management established data management artificial intelligence AI capacity skills environmental information system government stakeholder institution platform training after:2018-01-01 before:2022-01-01,Sustainable Development Goal 6 Synthesis Report on ...,https://www.unwater.org/sites/default/files/app/uploads/2018/12/SDG6_SynthesisReport2018_WaterandSanitation_04122018.pdf,"Use one information and mutual accountability platform built around a multi-stakeholder, government-led cycle of planning, monitoring and learning. Build ...",https://www.unwater.org › uploads › 2018/12,www_unwater_org_Sustainable_Development_Goal_6_Synthesis_Report_on.txt,False,False,0,0,none,none,none,none,"The document does not contain explicit evidence related to improved data management, environmental data systems/platforms/workflows, environmentally sustainable AI practices, or capacity/skills development in data management or AI for Lebanon during 2018-2022.","There is no explicit link between UNEP or UNEP-supported work and the measured improvement in data management, environmentally sustainable AI practices, or capacity/skills development in Lebanon during 2018-2022.",[]
Lebanon,2018–2022,2,UNEP assisted Lebanon environment statistics data management established data management artificial intelligence AI capacity skills environmental information system government stakeholder institution platform training after:2018-01-01 before:2022-01-01,Frontier Technologies For Sustainable Development,https://www.un.org/development/desa/dpad/wp-content/uploads/sites/45/publication/WESS2018_full_web.pdf,"UN/DESA's work addresses a range of cross- cutting issues that affect peoples' lives and livelihoods, such as social policy, poverty eradication, employment, ...",https://www.un.org › sites › WESS2018_full_web,www_un_org_Frontier_Technologies_For_Sustainable_Development.txt,False,False,0,0,none,none,unclear,unclear,No relevant evidence found in the document.,No UNEP attribution found in the document.,[]
Lebanon,2018–2022,2,UNEP assisted Lebanon environment statistics data management established data management artificial intelligence AI capacity skills environmental information system government stakeholder institution platform training after:2018-01-01 before:2022-01-01,The Promise and Peril of a Digital Ecosystem for the Planet,https://www.greenindustryplatform.org/blog/promise-and-peril-digital-ecosystem-planet,"The UN Science-Policy Business Forum established a working group on “Data, Analytics and AI” back in May 2018. The aim was to kick-start a global conversation ...",https://www.greenindustryplatform.org › blog › promise...,www_greenindustryplatform_org_The_Promise_and_Peril_of_a_Digital_Ecosystem_for_t.txt,False,False,0,0,none,none,unclear,global,The document does not contain explicit evidence of measured improvements in data management and environmentally sustainable artificial intelligence practices in Lebanon during 2018-2022.,"The document does not explicitly link UNEP or UNEP-supported work to the measured improvement in data management, environmentally sustainable AI practices, or capacity/skills development in Lebanon during 2018-2022.",[]
Lebanon,2018–2022,2,UNEP assisted Lebanon environment statistics data management established data management artificial intelligence AI capacity skills environmental information system government stakeholder institution platform training after:2018-01-01 before:2022-01-01,First Global Report,https://environmentalmigration.iom.int/sites/g/files/tmzbdl1411/files/documents/2023-11/environmental_rule_of_law.pdf,"“This compelling new report solves the mystery of why problems such as pollution, declining biodiversity and climate change persist despite the proliferation of ...",https://environmentalmigration.iom.int › files › e...,environmentalmigration_iom_int_First_Global_Report.txt,False,False,0,0,none,none,none,none,"The document does not contain explicit evidence related to 'Lebanon' during 2018–2022, and does not discuss improvements in environmental data management, environmentally sustainable AI practices, or capacity and skills development in these areas.",The document does not explicitly link UNEP or UNEP-supported work to any environmental rule of law or sustainable development outcomes in 'Lebanon'.,[]
Lebanon,2018–2022,2,UNEP assisted Lebanon environment statistics data management established data management artificial intelligence AI capacity skills environmental information system government stakeholder institution platform training after:2018-01-01 before:2022-01-01,Ref,https://www.bpbes.net.br/wp-content/uploads/2019/03/GEO6-SPM_EN.pdf,1. What is the Global Environment Outlook? Mainstreaming environmental considerations into social and economic decisions at all levels is of vital importance.,https://www.bpbes.net.br › GEO6-SPM_EN,www_bpbes_net_br_Ref.txt,False,False,0,0,none,none,none,none,"The document does not contain explicit evidence of measured improvements in data management and environmentally sustainable artificial intelligence practices, including capacity and skills development, among countries and stakeholders in Lebanon during 2018-2022.","There is no explicit link between UNEP (United Nations Environment Programme), UNEP Digital Transformation work, WESR, or UNEP-supported work to the measured improvement in data management, environmentally sustainable AI practices, or capacity/skills development in Lebanon during 2018-2022.",[]
Lebanon,2018–2022,2,UNEP assisted Lebanon environment statistics data management established data management artificial intelligence AI capacity skills environmental information system government stakeholder institution platform training after:2018-01-01 before:2022-01-01,UNESCO Science Report: the race against time for smarter ...,https://unesdoc.unesco.org/ark:/48223/pf0000377433.locale=en,... a Shared Platform for Disaster Management which pools information collected by ministries. Chubu University is leading the development of an AI system ...,https://unesdoc.unesco.org › ark:,unesdoc_unesco_org_UNESCO_Science_Report_the_race_against_time_for_sm.txt,False,False,0,0,none,none,unclear,unclear,"The document is not relevant to the task as it does not contain information about Lebanon, UNEP, data management, or sustainable AI practices.",There is no mention of UNEP or its activities in the provided document.,[]
Lebanon,2018–2022,2,UNEP assisted Lebanon environment statistics data management established data management artificial intelligence AI capacity skills environmental information system government stakeholder institution platform training after:2018-01-01 before:2022-01-01,Sysrev: A FAIR Platform for Data Curation and Systematic ...,https://www.frontiersin.org/journals/artificial-intelligence/articles/10.3389/frai.2021.685298/full,Sysrev is a web application designed to facilitate data curation and SERs. Thousands of publicly accessible Sysrev projects have been created.,https://www.frontiersin.org › frai.2021.685298 › full,www_frontiersin_org_Sysrev_A_FAIR_Platform_for_Data_Curation_and_Syste.txt,False,False,0,0,none,none,unclear,unclear,"The document does not contain explicit evidence related to measured improvements in data management, environmentally sustainable AI practices, or capacity/skills development in Lebanon during 2018-2022.",There is no explicit link between UNEP or UNEP-supported work and the described improvements in data management or sustainable AI practices in Lebanon during 2018-2022.,[]
Lebanon,2018–2022,2,UNEP assisted Lebanon environment statistics data management established data management artificial intelligence AI capacity skills environmental information system government stakeholder institution platform training after:2018-01-01 before:2022-01-01,Ref,https://www.bpbes.net.br/wp-content/uploads/2019/03/GEO6-SPM_EN.pdf,1. What is the Global Environment Outlook? Mainstreaming environmental considerations into social and economic decisions at all levels is of vital importance.,https://www.bpbes.net.br › GEO6-SPM_EN,www_bpbes_net_br_Ref.txt,False,False,0,0,none,none,none,none,"The document does not contain explicit evidence related to measured improvements in data management, environmentally sustainable AI practices, or capacity/skills development in Lebanon during 2018-2022.","There is no explicit link between UNEP or UNEP-supported work and the measured improvement in data management, environmentally sustainable AI practices, or capacity/skills development in Lebanon during 2018-2022.",[]
Lebanon,2018–2022,2,UNEP assisted Lebanon environment statistics data management established data management artificial intelligence AI capacity skills environmental information system government stakeholder institution platform training after:2018-01-01 before:2022-01-01,International efforts using Space for Climate Action,https://www.unoosa.org/documents/pdf/Space4SDGs/Space_for_Climate_Action_-ebook.pdf,The Strategic Mapping Exercise was made possible through the generous support of the Government of the United Kingdom of. Great Britain and Northern Ireland.,https://www.unoosa.org › documents › pdf › Spac...,www_unoosa_org_International_efforts_using_Space_for_Climate_Acti.txt,False,False,0,0,none,none,unclear,unclear,No relevant information found,No relevant information found,[]
Lebanon,2018–2022,2,UNEP assisted Lebanon environment statistics data management established data management artificial intelligence AI capacity skills environmental information system government stakeholder institution platform training after:2018-01-01 before:2022-01-01,Artificial Intelligence Strategy for Lebanon,https://www.unescwa.org/events/artificial-intelligence-strategy-lebanon,During this meeting discussions with relevant stakeholders will focus on the requirements for an artificial intelligence strategy for Lebanon.,https://www.unescwa.org › events › artificial-intelligenc...,www_unescwa_org_Artificial_Intelligence_Strategy_for_Lebanon.txt,False,False,0,0,none,none,none,unclear,The document does not contain explicit evidence of measured improvements in data management and environmentally sustainable artificial intelligence practices in Lebanon during 2018-2022.,There is no explicit link between UNEP or UNEP-supported work and any improvements in data management or sustainable AI practices in Lebanon during 2018-2022.,[]
Lebanon,2018–2022,2,UNEP assisted Lebanon environment statistics data management established data management artificial intelligence AI capacity skills environmental information system government stakeholder institution platform training after:2018-01-01 before:2022-01-01,UNESCO Science Report: the race against time for smarter ...,https://unesdoc.unesco.org/ark:/48223/pf0000377433.locale=en,"The government has also established a big data platform to monitor water quality, within one of the 16 mega-engineering programmes established under the ...",https://unesdoc.unesco.org › ark:,unesdoc_unesco_org_UNESCO_Science_Report_the_race_against_time_for_sm.txt,False,False,0,0,none,none,unclear,unclear,"The document is not relevant to the task as it does not contain information about Lebanon, the time window 2018-2022, or explicit evidence of measured improvements in data management and environmentally sustainable artificial intelligence practices.",There is no explicit link to UNEP or UNEP-supported work in the provided document.,[]
Lebanon,2018–2022,2,UNEP assisted Lebanon environment statistics data management established data management artificial intelligence AI capacity skills environmental information system government stakeholder institution platform training after:2018-01-01 before:2022-01-01,News Archives - APRU,https://www.apru.org/tag/news/,"APRU expands access to education through a wide variety of programmes, builds professional capacity and enhances student engagement and the development of ...",https://www.apru.org › tag › news,www_apru_org_News_Archives_APRU.txt,False,False,0,0,none,none,none,none,"The document does not contain explicit evidence related to improved data management, environmental data systems/platforms/workflows, environmentally sustainable AI practices, or capacity/skills development in data management or AI for Lebanon during 2018-2022.",There is no explicit link between UNEP or UNEP-supported work and the SP7.1 improvement/capacity/sustainable AI outcome in Lebanon during 2018-2022.,[]
Lebanon,2018–2022,2,UNEP assisted Lebanon environment statistics data management established data management artificial intelligence AI capacity skills environmental information system government stakeholder institution platform training after:2018-01-01 before:2022-01-01,Sysrev: A FAIR Platform for Data Curation and Systematic ...,https://www.frontiersin.org/journals/artificial-intelligence/articles/10.3389/frai.2021.685298/full,Sysrev is a web application designed to facilitate data curation and SERs. Thousands of publicly accessible Sysrev projects have been created.,https://www.frontiersin.org › frai.2021.685298 › full,www_frontiersin_org_Sysrev_A_FAIR_Platform_for_Data_Curation_and_Syste.txt,False,False,0,0,none,none,unclear,unclear,"The document does not contain explicit evidence related to measured improvements in digital/data/AI practices in Lebanon during 2018-2022. It primarily discusses a platform called Sysrev, which is a FAIR-motivated web application for data curation and systematic evidence reviews.","There is no explicit link between UNEP or UNEP-supported work and the measured improvement in data management, environmentally sustainable AI practices, or capacity/skills development in Lebanon during 2018-2022.",[]
Lebanon,2018–2022,2,UNEP assisted Lebanon environment statistics data management established data management artificial intelligence AI capacity skills environmental information system government stakeholder institution platform training after:2018-01-01 before:2022-01-01,Lebanon BUR4 2021.pdf,https://unfccc.int/sites/default/files/resource/Lebanon%20BUR4%202021.pdf,"Lebanon's Fourth Biennial update report the UNFCCC. Beirut, Lebanon. UNFCCC focal point. Samar Malek, Acting Head of Service of Environmental Technology, ...",https://unfccc.int › sites › default › files › resource,unfccc_int_Lebanon_BUR4_2021_pdf.txt,False,False,0,0,none,none,unclear,unclear,No relevant information found.,No UNEP link found.,[]
Lebanon,2018–2022,2,UNEP assisted Lebanon environment statistics data management established data management artificial intelligence AI capacity skills environmental information system government stakeholder institution platform training after:2018-01-01 before:2022-01-01,Advancing Education for Sustainable Development. Key ...,https://www.worldfuturecouncil.org/wp-content/uploads/2019/01/Handbook-ADVANCING-EDUCATION-FOR-SUSTAINABLE-DEVOLOPMENT-by-Alistair-Whitby-WFC_2019.pdf,"Education for Sustainable Development, or ESD, means to rethink our model of learning and teaching; to give new answers to old questions; and to provide young ...",https://www.worldfuturecouncil.org › 2019/01,www_worldfuturecouncil_org_Advancing_Education_for_Sustainable_Development_Ke.txt,False,False,0,0,none,none,none,none,"The document provided does not contain explicit evidence related to Lebanon during 2018-2022, nor does it discuss improvements in data management, environmental data systems, sustainable AI practices, or capacity and skills development in these areas.","There is no explicit link between UNEP or UNEP-supported work and any improvements in data management, environmentally sustainable AI practices, or capacity/skills development in Lebanon during 2018-2022.",[]
Lebanon,2018–2022,2,UNEP assisted Lebanon environment statistics data management established data management artificial intelligence AI capacity skills environmental information system government stakeholder institution platform training after:2018-01-01 before:2022-01-01,Climate change and COP26,https://par.nsf.gov/servlets/purl/10344122,"A recent review on AI and its possible impacts towards sustain- ability argue that AI will play a critical role beyond enabling better consumption of energy, ...",https://par.nsf.gov › servlets › purl,par_nsf_gov_Climate_change_and_COP26.txt,False,False,0,0,none,none,none,none,"The document does not contain explicit evidence related to measured improvements in data management, environmentally sustainable AI practices, or capacity/skills development in Lebanon during 2018-2022.","There is no explicit link between UNEP or UNEP-supported work and the measured improvement in data management, environmentally sustainable AI practices, or capacity/skills development in Lebanon during 2018-2022.",[]
Lebanon,2018–2022,2,UNEP assisted Lebanon environment statistics data management established data management artificial intelligence AI capacity skills environmental information system government stakeholder institution platform training after:2018-01-01 before:2022-01-01,Towards investment and financing for sustainable tourism,https://www.oecd.org/en/publications/2018/03/oecd-tourism-trends-and-policies-2018_g1g87153/full-report/component-9.html,"This chapter examines the need for a shift toward investment and financing practices that support sustainable tourism, and explores policies, institutions and ...",https://www.oecd.org › ... › Full Report,www_oecd_org_Towards_investment_and_financing_for_sustainable_t.txt,False,False,0,0,none,none,unclear,global,The document does not contain explicit evidence of measured improvements in data management and environmentally sustainable artificial intelligence practices in Lebanon during 2018-2022.,"There is no explicit link between UNEP or UNEP-supported work and measured improvements in data management, environmentally sustainable AI practices, or capacity/skills development in Lebanon during 2018-2022.",[]
Lebanon,2018–2022,2,UNEP assisted Lebanon environment statistics data management established data management artificial intelligence AI capacity skills environmental information system government stakeholder institution platform training after:2018-01-01 before:2022-01-01,United Nations Office for Disaster Risk Reduction,https://gar.undrr.org/sites/default/files/reports/2019-05/full_gar_report.pdf,"The. Sendai Framework charts a clear policy pathway for governments and citizens to prevent and mitigate shocks caused by natural and man-made hazards, as well ...",https://gar.undrr.org › reports › full_gar_report,gar_undrr_org_United_Nations_Office_for_Disaster_Risk_Reduction.txt,False,False,0,0,none,none,none,none,"The document does not contain explicit evidence related to measured improvements in digital/data management, environmentally sustainable AI practices, or capacity/skills development in Lebanon during 2018-2022.","There is no explicit link between UNEP or UNEP-supported work and the measured improvement in data management, environmentally sustainable AI practices, or capacity/skills development in Lebanon during 2018-2022.",[]
Lebanon,2018–2022,2,UNEP assisted Lebanon environment statistics data management established data management artificial intelligence AI capacity skills environmental information system government stakeholder institution platform training after:2018-01-01 before:2022-01-01,Advancing Education for Sustainable Development. Key ...,https://www.worldfuturecouncil.org/wp-content/uploads/2019/01/Handbook-ADVANCING-EDUCATION-FOR-SUSTAINABLE-DEVOLOPMENT-by-Alistair-Whitby-WFC_2019.pdf,"Education for Sustainable Development, or ESD, means to rethink our model of learning and teaching; to give new answers to old questions; and to provide young ...",https://www.worldfuturecouncil.org › 2019/01,www_worldfuturecouncil_org_Advancing_Education_for_Sustainable_Development_Ke.txt,,,,,,,,,[ERROR] Connection error.,,[]
Lebanon,2018–2022,2,UNEP assisted Lebanon environment statistics data management established data management artificial intelligence AI capacity skills environmental information system government stakeholder institution platform training after:2018-01-01 before:2022-01-01,TOWARDS THE LOCALIZATION OF THE SDGs,https://www.global-taskforce.org/sites/default/files/2021-07/5th%20report_gtf_hlpf_2021.pdf,"The analysis, conclusions and recommendations of this report do not necessarily reflect the views of all the members of United. Cities and Local Governments.",https://www.global-taskforce.org › default › files,www_global-taskforce_org_TOWARDS_THE_LOCALIZATION_OF_THE_SDGs.txt,,,,,,,,,[ERROR] Request timed out.,,[]
Lebanon,2018–2022,2,UNEP assisted Lebanon environment statistics data management established data management artificial intelligence AI capacity skills environmental information system government stakeholder institution platform training after:2018-01-01 before:2022-01-01,30The 2030 Sustainable Development Agenda and the ...,https://thedocs.worldbank.org/en/doc/259801562965232326-0270022019/original/2030Agenda2019finalweb.pdf,"As detailed in this report, these include water and sanitation, health and pandemics, education and job training, infra- structure, climate change mitigation, ...",https://thedocs.worldbank.org › doc › original,thedocs_worldbank_org_30The_2030_Sustainable_Development_Agenda_and_the_.txt,,,,,,,,,[ERROR] Request timed out.,,[]
Lebanon,2018–2022,2,UNEP assisted Lebanon environment statistics data management established data management artificial intelligence AI capacity skills environmental information system government stakeholder institution platform training after:2018-01-01 before:2022-01-01,SOER REPORT,https://www.unicef.org/lebanon/media/7161/file/SOER_Report_EN.pdf,"The purpose of the report is to consolidate, analyse and present the latest available data on the environment in various key sectors in Lebanon. Each chapter.",https://www.unicef.org › lebanon › media › file,www_unicef_org_SOER_REPORT.txt,,,,,,,,,[ERROR] Request timed out.,,[]
Lebanon,2018–2022,2,UNEP assisted Lebanon environment statistics data management established data management artificial intelligence AI capacity skills environmental information system government stakeholder institution platform training after:2018-01-01 before:2022-01-01,Quantifying interregional flows of multiple ecosystem services,https://www.sciencedirect.com/science/article/pii/S0959378018314705,We provide a first multi-ES quantification of a nation's use of ES from abroad. We focus on ES flows that benefit the population in Germany but are supplied ...,https://www.sciencedirect.com › science › article › pii,www_sciencedirect_com_Quantifying_interregional_flows_of_multiple_ecosys.txt,,,,,,,,,[ERROR] Request timed out.,,[]
Lebanon,2018–2022,2,UNEP assisted Lebanon environment statistics data management established data management artificial intelligence AI capacity skills environmental information system government stakeholder institution platform training after:2018-01-01 before:2022-01-01,IFC Report no 14 on Sustainable Finance,https://www.bis.org/ifc/publ/ifc_report_14.pdf,Another goal is to support ongoing international statistical initiatives that aim at promoting a shared understanding of statistical needs (also by developing ...,https://www.bis.org › ifc › publ › ifc_report_14,www_bis_org_IFC_Report_no_14_on_Sustainable_Finance.txt,,,,,,,,,[ERROR] Request timed out.,,[]
Lebanon,2018–2022,2,UNEP assisted Lebanon environment statistics data management established data management artificial intelligence AI capacity skills environmental information system government stakeholder institution platform training after:2018-01-01 before:2022-01-01,THE FUTURE IS NOW,https://pure.iiasa.ac.at/id/eprint/16067/1/24797GSDR_report_2019.pdf,"Artificial intelligence (AI) promises to bring a new generation of sustainable development solutions. However, in order to foster public trust in AI systems, AI.",https://pure.iiasa.ac.at › eprint,pure_iiasa_ac_at_THE_FUTURE_IS_NOW.txt,,,,,,,,,[ERROR] Request timed out.,,[]
Lebanon,2018–2022,2,UNEP assisted Lebanon environment statistics data management established data management artificial intelligence AI capacity skills environmental information system government stakeholder institution platform training after:2018-01-01 before:2022-01-01,Council for Development Republic of Lebanon National ...,https://www.urbanagendaplatform.org/sites/default/files/2022-04/NUA%20Draft%20Report.pdf,UN agencies have established response plans and supported the Lebanese. Government in developing the Lebanon Crisis Response Plan 2015-16 (LCRP) that aims to ...,https://www.urbanagendaplatform.org › sites › files,www_urbanagendaplatform_org_Council_for_Development_Republic_of_Lebanon_Nation.txt,,,,,,,,,[ERROR] Request timed out.,,[]
Lebanon,2018–2022,2,UNEP assisted Lebanon environment statistics data management established data management artificial intelligence AI capacity skills environmental information system government stakeholder institution platform training after:2018-01-01 before:2022-01-01,State of Mediterranean Forests 2018,https://planbleu.org/wp-content/uploads/2018/11/somf2018.pdf,"The State of Mediterranean Forests 2018 analyzes the circum-Mediterranean region, a territory encompassing thirty-one countries and a wide range of political, ...",https://planbleu.org › 2018/11 › somf2018,planbleu_org_State_of_Mediterranean_Forests_2018.txt,,,,,,,,,[ERROR] Request timed out.,,[]
Lebanon,2018–2022,2,UNEP assisted Lebanon environment statistics data management established data management artificial intelligence AI capacity skills environmental information system government stakeholder institution platform training after:2018-01-01 before:2022-01-01,Future Cities,https://unhabitat.org/sites/default/files/2020/02/future_cities_new_economy_and_shared_city_prosperity_driven_by_technological_innovations_discussion_papers.pdf,Creative and smart local governments are applying evidence- based policies to benefit communities. Technology forces us to rethink our current urban management ...,https://unhabitat.org › default › files › 2020/02 › f...,unhabitat_org_Future_Cities.txt,,,,,,,,,[ERROR] Request timed out.,,[]
Lebanon,2018–2022,2,UNEP assisted Lebanon environment statistics data management established data management artificial intelligence AI capacity skills environmental information system government stakeholder institution platform training after:2018-01-01 before:2022-01-01,Strategic Environmental Assessment (SEA) for Exploration ...,https://www.lpa.gov.lb/Library/Assets/Gallery/Files/SEA/7%20-%20SEA%20E%20P%20Lebanon%20Volume%20%204%20Stakeholder%20Engagement.pdf,"Volume 4 of the SEA report compiles all inputs obtained from stakeholder engagement activities during the SEA process that spanned from February, 2018 to May, ...",https://www.lpa.gov.lb › Gallery › Files › SEA,www_lpa_gov_lb_Strategic_Environmental_Assessment_SEA_for_Explora.txt,,,,,,,,,[ERROR] Connection error.,,[]
Lebanon,2018–2022,2,UNEP assisted Lebanon environment statistics data management established data management artificial intelligence AI capacity skills environmental information system government stakeholder institution platform training after:2018-01-01 before:2022-01-01,About us - AI for Good - ITU,https://aiforgood.itu.int/about-us/,"AI for Good was established in 2017 by the International Telecommunication Union (ITU), the United Nations (UN) leading agency for digital technologies.",https://aiforgood.itu.int › about-us,aiforgood_itu_int_About_us_AI_for_Good_ITU.txt,,,,,,,,,[ERROR] Request timed out.,,[]
Lebanon,2018–2022,2,UNEP assisted Lebanon environment statistics data management established data management artificial intelligence AI capacity skills environmental information system government stakeholder institution platform training after:2018-01-01 before:2022-01-01,VNR 2022 UAE Report,https://hlpf.un.org/sites/default/files/vnrs/2022/VNR%202022%20UAE%20Report.pdf,"We are dedicated to strengthening our commitments to the SDGs and amplifying measurable efforts through partnerships, national and international platforms, and ...",https://hlpf.un.org › sites › default › files › vnrs,hlpf_un_org_VNR_2022_UAE_Report.txt,,,,,,,,,[ERROR] Connection error.,,[]
Lebanon,2018–2022,2,UNEP assisted Lebanon environment statistics data management established data management artificial intelligence AI capacity skills environmental information system government stakeholder institution platform training after:2018-01-01 before:2022-01-01,The Ministry of Municipality and Environment (MME ...,https://www.facebook.com/gulftimes/posts/the-ministry-of-municipality-and-environment-mme-and-the-united-nations-environm/4146183432175146/,The Ministry of Municipality and Environment (MME) and the United Nations Environment Program - West Asia Office on Sunday signed an agreement on a project to ...,10+ reactions,www_facebook_com_The_Ministry_of_Municipality_and_Environment_MME_.txt,,,,,,,,,[ERROR] Connection error.,,[]
Lebanon,2018–2022,2,UNEP assisted Lebanon environment statistics data management established data management artificial intelligence AI capacity skills environmental information system government stakeholder institution platform training after:2018-01-01 before:2022-01-01,The State of Fashion 2021,https://www.mckinsey.com/~/media/mckinsey/industries/retail/our%20insights/state%20of%20fashion/2021/the-state-of-fashion-2021-vf.pdf,"Machine learning. A form of artificial intelligence that automates analytical model building, enabling systems to. “learn” with minimal human intervention ...",https://www.mckinsey.com › industries › retail,www_mckinsey_com_The_State_of_Fashion_2021.txt,,,,,,,,,[ERROR] Connection error.,,[]
Lebanon,2018–2022,2,UNEP assisted Lebanon environment statistics data management established data management artificial intelligence AI capacity skills environmental information system government stakeholder institution platform training after:2018-01-01 before:2022-01-01,Study on due diligence requirements through the supply chain,https://www.europarl.europa.eu/meetdocs/2014_2019/plmrep/COMMITTEES/DROI/DV/2020/06-22/Studyonduediligencerequirements_EN.pdf,"This study for the European Commission focuses on due diligence requirements to identify, prevent, mitigate and account for abuses of human rights, including ...",https://www.europarl.europa.eu › plmrep › DROI,www_europarl_europa_eu_Study_on_due_diligence_requirements_through_the_su.txt,,,,,,,,,[ERROR] Connection error.,,[]
Lebanon,2018–2022,2,UNEP assisted Lebanon environment statistics data management established data management artificial intelligence AI capacity skills environmental information system government stakeholder institution platform training after:2018-01-01 before:2022-01-01,United Nations world water development report 4,https://unesdoc.unesco.org/ark:/48223/pf0000215644,United Nations world water development report 4: managing water under uncertainty and risk ; Corporate author. UNESCO World Water Assessment Programme ; ISBN. 978 ...,https://unesdoc.unesco.org › ark:,unesdoc_unesco_org_United_Nations_world_water_development_report_4.txt,,,,,,,,,[ERROR] Connection error.,,[]
Lebanon,2018–2022,2,UNEP assisted Lebanon environment statistics data management established data management artificial intelligence AI capacity skills environmental information system government stakeholder institution platform training after:2018-01-01 before:2022-01-01,The World Bank Annual Report 2018,https://documents1.worldbank.org/curated/en/630671538158537244/pdf/The-World-Bank-Annual-Report-2018.pdf,"Inter- nally, a management information system to track and manage environmental and social risks is being developed, while guidance materials, good practice ...",https://documents1.worldbank.org › curated › pdf,documents1_worldbank_org_The_World_Bank_Annual_Report_2018.txt,,,,,,,,,[ERROR] Connection error.,,[]
Lebanon,2018–2022,2,UNEP assisted Lebanon environment statistics data management established data management artificial intelligence AI capacity skills environmental information system government stakeholder institution platform training after:2018-01-01 before:2022-01-01,WORLD MIGRATION REPORT 2022,https://publications.iom.int/system/files/pdf/WMR-2022.pdf,"As an intergovernmental organization, IOM acts with its partners in the international community to: assist in meeting the operational challenges of migration; ...",https://publications.iom.int › pdf › WMR-2022,publications_iom_int_WORLD_MIGRATION_REPORT_2022.txt,,,,,,,,,[ERROR] Request timed out.,,[]
Lebanon,2022–2026,1,UNEP facilitated Lebanon sustainable AI practices capacity building data management artificial intelligence AI capacity skills environmental information system government stakeholder institution platform training after:2022-01-01 before:2026-01-01,Working Group on AI Capacity Building,https://www.broadbandcommission.org/working-groups/ai-capacity-building/,The Broadband Commission Working Group on AI Capacity Building has leveraged a multi-stakeholder leadership model to assess the critical capacity needs for ...,https://www.broadbandcommission.org › working-groups,www_broadbandcommission_org_Working_Group_on_AI_Capacity_Building.txt,,,,,,,,,[ERROR] Request timed out.,,[]
Lebanon,2022–2026,1,UNEP facilitated Lebanon sustainable AI practices capacity building data management artificial intelligence AI capacity skills environmental information system government stakeholder institution platform training after:2022-01-01 before:2026-01-01,United Nations Activities on Artificial Intelligence (AI),https://www.itu.int/dms_pub/itu-s/opb/gen/S-GEN-UNACT-2021-PDF-E.pdf,"At ITU, we strive to build common understanding and trust around the use of AI for environmental efficiency, health, 5G, autonomous and assisted driving, and ...",https://www.itu.int › S-GEN-UNACT-2021-PDF-E,www_itu_int_United_Nations_Activities_on_Artificial_Intelligen.txt,,,,,,,,,[ERROR] Request timed out.,,[]
Lebanon,2022–2026,1,UNEP facilitated Lebanon sustainable AI practices capacity building data management artificial intelligence AI capacity skills environmental information system government stakeholder institution platform training after:2022-01-01 before:2026-01-01,United Nations Institute for Training and Research (UNITAR),https://www.facebook.com/UNITARHQ/posts/yesterday-at-the-united-nations-headquarters-in-new-york-unitar-and-the-chair-of/1255740839924047/,... AI Capacity-Building” will be a key component in advancing the AI capacity- building initiative of the Global Digital Compact at the UN.” On September 23 ...,150+ reactions,www_facebook_com_United_Nations_Institute_for_Training_and_Research.txt,,,,,,,,,[ERROR] Request timed out.,,[]
Lebanon,2022–2026,1,UNEP facilitated Lebanon sustainable AI practices capacity building data management artificial intelligence AI capacity skills environmental information system government stakeholder institution platform training after:2022-01-01 before:2026-01-01,Overview of UN system AI capacity-building activities in the ...,https://www.un.org/sites/un2.un.org/files/n3pvlw.pdf,Online reference document for Report of the Secretary-General: Innovative Voluntary Financing Options for Artificial Intelligence Capacity-Building ...,https://www.un.org › sites › un2.un.org › files,www_un_org_Overview_of_UN_system_AI_capacity_building_activit.txt,,,,,,,,,[ERROR] Request timed out.,,[]
Lebanon,2022–2026,1,UNEP facilitated Lebanon sustainable AI practices capacity building data management artificial intelligence AI capacity skills environmental information system government stakeholder institution platform training after:2022-01-01 before:2026-01-01,P506791-6d1439ac-240a-49e5-a0c6-9373fd5b215d.docx,https://documents1.worldbank.org/curated/en/099071025093533166/P506791-6d1439ac-240a-49e5-a0c6-9373fd5b215d.docx,Advanced AI applications also require high-performance computing power that exceeds the capacity of Lebanon's legacy government data centers. AI deployment ...,https://documents1.worldbank.org › curated,documents1_worldbank_org_P506791_6d1439ac_240a_49e5_a0c6_9373fd5b215d_docx.txt,,,,,,,,,[ERROR] Request timed out.,,[]
Lebanon,2022–2026,1,UNEP facilitated Lebanon sustainable AI practices capacity building data management artificial intelligence AI capacity skills environmental information system government stakeholder institution platform training after:2022-01-01 before:2026-01-01,Leveraging artificial intelligence to meet the sustainable ...,https://www.researchgate.net/publication/387140131_Leveraging_artificial_intelligence_to_meet_the_sustainable_development_goals,"Aim/purpose – This study aims to identify the role of Artificial Intelligence (AI) in achieving the Sustainable Development Goals (SDGs), with specific ...",https://www.researchgate.net › publication › 38714013...,www_researchgate_net_Leveraging_artificial_intelligence_to_meet_the_sus.txt,False,False,0,0,none,none,unclear,unclear,"The document does not contain explicit evidence related to Lebanon or the time window 2022-2026, nor does it discuss measured improvements in data management, environmentally sustainable AI practices, or capacity/skills development in these areas.",There is no explicit link between UNEP or UNEP-supported work and the SP7.1 improvement/capacity/sustainable AI outcome in the document.,[]
Lebanon,2022–2026,1,UNEP facilitated Lebanon sustainable AI practices capacity building data management artificial intelligence AI capacity skills environmental information system government stakeholder institution platform training after:2022-01-01 before:2026-01-01,UNDP and e& strengthen AI collaboration for sustainable ...,https://www.undp.org/arab-states/press-releases/undp-and-e-strengthen-ai-collaboration-sustainable-development-advancing-health-and-climate-solutions,"The new platform leverages natural language processing and sentiment analysis to monitor vital topics like climate, natural disasters, and public health in ...",https://www.undp.org › arab-states › press-releases › und...,www_undp_org_UNDP_and_e_strengthen_AI_collaboration_for_sustain.txt,False,False,0,0,none,none,unclear,global,"The document does not contain explicit evidence related to measured improvements in data management, environmentally sustainable AI practices, or capacity/skills development in Lebanon during 2022-2026.","The document does not explicitly link UNEP or UNEP-supported work to any improvements in data management, environmentally sustainable AI practices, or capacity/skills development in Lebanon during 2022-2026.",[]
Lebanon,2022–2026,1,UNEP facilitated Lebanon sustainable AI practices capacity building data management artificial intelligence AI capacity skills environmental information system government stakeholder institution platform training after:2022-01-01 before:2026-01-01,ESCWA,https://www.facebook.com/unescwa/posts/-this-week-in-the-escwanewsletter-climate-adaptation-finance-for-cities-in-the-a/1162590159314216/?locale=eu_ES,"Video Transcript: At the UN House in Beirut, Espo and its partners organized a workshop on climate adaptation finance for cities in the Arab region. In Dubai ...",6 reactions,www_facebook_com_ESCWA.txt,False,False,0,0,none,none,none,unclear,"The document does not contain explicit evidence related to measured improvements in data management, environmentally sustainable AI practices, or capacity/skills development in Lebanon during 2022-2026.","There is no explicit link between UNEP or UNEP-supported work and any improvements in data management, environmentally sustainable AI practices, or capacity/skills development in Lebanon during 2022-2026.",[]
Lebanon,2022–2026,1,UNEP facilitated Lebanon sustainable AI practices capacity building data management artificial intelligence AI capacity skills environmental information system government stakeholder institution platform training after:2022-01-01 before:2026-01-01,ARTIFICIAL INTELLIGENCE AND TECHNOLOGY,https://www.iswa.org/wp-content/uploads/2025/05/7th-ISWA-YPG-Conference-Conference-Book.pdf,"The rapid advancement of Artificial Intelligence (AI) technologies, including machine learning, has introduced a new research paradigm for waste management.",https://www.iswa.org › uploads › 2025/05,www_iswa_org_ARTIFICIAL_INTELLIGENCE_AND_TECHNOLOGY.txt,False,False,0,0,none,none,unclear,unclear,No relevant information found,No UNEP link found,[]
Lebanon,2022–2026,1,UNEP facilitated Lebanon sustainable AI practices capacity building data management artificial intelligence AI capacity skills environmental information system government stakeholder institution platform training after:2022-01-01 before:2026-01-01,Developing Artificial Intelligence (AI) Policies for Public ...,https://www.khi.org/wp-content/uploads/2025/01/Developing-Artificial-Intelligence-AI-Policies-for-Public-Health-Organizations_A-Template-and-Guidance_web.pdf,"This overall project, which included several components — this document, AI Policy Template and Guidance, supplemental documents, a literature.",https://www.khi.org › uploads › 2025/01 › Deve...,www_khi_org_Developing_Artificial_Intelligence_AI_Policies_for.txt,False,False,0,0,none,none,none,none,"The document is not related to Lebanon or the time window 2022-2026. It is a general template and guidance for developing artificial intelligence (AI) policies for public health organizations, primarily focused on the United States.",There is no mention of UNEP or UNEP-supported work in the document.,[]
Lebanon,2022–2026,1,UNEP facilitated Lebanon sustainable AI practices capacity building data management artificial intelligence AI capacity skills environmental information system government stakeholder institution platform training after:2022-01-01 before:2026-01-01,The Environmental Impact of the Full AI Lifecycle Needs to ...,https://www.unep.org/resources/report/artificial-intelligence-ai-end-end-environmental-impact-full-ai-lifecycle-needs-be,This note outlines key areas identified by UNEP regarding the environmental impact of Artificial intelligence (AI) across its lifecycle.,https://www.unep.org › resources › report › artificial-in...,www_unep_org_The_Environmental_Impact_of_the_Full_AI_Lifecycle_.txt,False,False,0,0,none,none,unclear,global,"The document does not contain explicit evidence related to measured improvements in data management, environmental data systems/platforms/workflows, environmentally sustainable AI practices, or capacity/skills development in Lebanon during 2022-2026.","The document does not explicitly link UNEP or UNEP-supported work to enabling, supporting, improving, training, implementing, or operationalizing SP7.1 evidence in Lebanon during 2022-2026.",[]
Lebanon,2022–2026,1,UNEP facilitated Lebanon sustainable AI practices capacity building data management artificial intelligence AI capacity skills environmental information system government stakeholder institution platform training after:2022-01-01 before:2026-01-01,Lebanon's digital leap: AI in governance and public services,https://www.sirenanalytics.com/main-content/lebanon-s-digital-leap-ai-in-governance-and-public-services,"AI offers Lebanon a unique opportunity to modernise governance, improve service delivery, and rebuild public trust. From predictive analytics to citizen-centric ...",https://www.sirenanalytics.com › main-content › lebano...,www_sirenanalytics_com_Lebanon_s_digital_leap_AI_in_governance_and_public.txt,True,False,60,0,AI practice / sustainable AI / AI governance / capacity development / skills development,developed / implemented / adopted,government / public-sector institution / private-sector institution / academia / mixed stakeholders,national,"The document discusses Lebanon's digital transformation efforts, including AI adoption in governance and public services. It mentions various initiatives by different ministries, such as the LEAP initiative, digital ID systems, and predictive analytics. However, it does not provide explicit evidence of measured improvements or institutional uptake.",There is no explicit mention of UNEP or UNEP-supported work in the document.,"[""LEAP initiative, a five-year roadmap to embed AI across government operations"", ""investing in digital ID systems, e-payments, and predictive analytics"", ""committed to reskilling programs to build local AI expertise"", ""developing a unified social registry"", ""using data-driven approaches"", ""rolling out the National Digital Health Strategy"", ""building integrated health registries and traceability systems"", ""digitising labor records and exploring AI-driven employment matching tools""]"
Lebanon,2022–2026,1,UNEP facilitated Lebanon sustainable AI practices capacity building data management artificial intelligence AI capacity skills environmental information system government stakeholder institution platform training after:2022-01-01 before:2026-01-01,Lebanon National AI Strategy,https://daleel-madani.org/civil-society-directory/national-council-entrepreneurship-and-innovation/projects/lebanon-national-ai-strategy,"This initiative aims to position Lebanon as a leading hub for AI development and application in the region, by providing a comprehensive ecosystem of resources ...",https://daleel-madani.org › ... › Projects,daleel-madani_org_Lebanon_National_AI_Strategy.txt,True,False,40,0,AI practice / sustainable AI,developed,government / public-sector institution,national,"The document mentions the development of a national AI strategy for Lebanon, which indicates an improvement in AI practices. However, the evidence is limited to the development stage and does not show measured improvements or institutional uptake.",There is no explicit link between UNEP or UNEP-supported work and the development of the national AI strategy for Lebanon.,"[""Lebanon National AI Strategy"", ""development of a national AI strategy""]"
Lebanon,2022–2026,1,UNEP facilitated Lebanon sustainable AI practices capacity building data management artificial intelligence AI capacity skills environmental information system government stakeholder institution platform training after:2022-01-01 before:2026-01-01,Developing Green Skills for Sustainable Careers,https://www.igi-global.com/viewtitle.aspx?TitleId=377114&isxn=9798337311425,"Virtual Simulations and Training - AI facilitates immersive learning experiences through vir- tual simulations, allowing individuals to practice green skills in ...",https://www.igi-global.com › viewtitle,www_igi-global_com_Developing_Green_Skills_for_Sustainable_Careers.txt,False,False,0,0,none,none,unclear,unclear,"The document provided does not contain explicit evidence related to Lebanon or the time window 2022–2026, nor does it discuss improvements in data management, environmental data systems, sustainable AI practices, or capacity/skills development in these areas.","There is no explicit link between UNEP or UNEP-supported work and any improvements in data management, environmentally sustainable AI practices, or capacity/skills development in Lebanon for the specified time frame.",[]
Lebanon,2022–2026,1,UNEP facilitated Lebanon sustainable AI practices capacity building data management artificial intelligence AI capacity skills environmental information system government stakeholder institution platform training after:2022-01-01 before:2026-01-01,AI BENEFIT-SHARING FRAMEWORK: BALANCING ...,https://aigi.ox.ac.uk/wp-content/uploads/2025/12/Operationalising-AI-Benefit-Sharing-Workshop-02.12.2025.pdf,Global AI capacity facility: Multilateral development banks or UN agencies could establish a dedicated facility to finance AI infrastructure and skills ...,https://aigi.ox.ac.uk › uploads › 2025/12 › Oper...,aigi_ox_ac_uk_AI_BENEFIT_SHARING_FRAMEWORK_BALANCING_.txt,False,False,0,0,none,none,unclear,unclear,No relevant information found,No UNEP link found,[]
Lebanon,2022–2026,1,UNEP facilitated Lebanon sustainable AI practices capacity building data management artificial intelligence AI capacity skills environmental information system government stakeholder institution platform training after:2022-01-01 before:2026-01-01,WiDS @AUB 2025 - Panel Discussion: Lebanon's Digital ...,https://www.youtube.com/watch?v=URsUjhdITO4,WiDS @AUB 2025 - Panel Discussion: Lebanon's Digital Leap AI In Governance and Public Services. 64 views · 6 months ago ...more ...,60+ views · 6 months ago,www_youtube_com_WiDS_AUB_2025_Panel_Discussion_Lebanon_s_Digital_.txt,False,False,0,0,none,none,unclear,unclear,The document does not contain explicit evidence related to Lebanon or the time window 2022-2026. It appears to be a YouTube video description with unrelated content.,There is no mention of UNEP or UNEP-supported work in the provided text.,[]
Lebanon,2022–2026,1,UNEP facilitated Lebanon sustainable AI practices capacity building data management artificial intelligence AI capacity skills environmental information system government stakeholder institution platform training after:2022-01-01 before:2026-01-01,Realising Early Warnings for All:,https://unfccc.int/ttclear/misc_/StaticFiles/gnwoerk_static/TEC_EWS/f1138bce6e91477181f4cdfebdd6c46a/0df47e1f17374e109baf43fa11ab5c5d.pdf,"Regional, national and local stakeholders need to benefit from capacity-building activities for effective data and knowledge creation and management.",https://unfccc.int › gnwoerk_static › TEC_EWS,unfccc_int_Realising_Early_Warnings_for_All_.txt,False,False,0,0,none,none,none,none,"The document does not contain explicit evidence related to measured improvements in data management, environmental data systems/platforms/workflows, environmentally sustainable AI practices, or capacity/skills development in Lebanon during 2022-2026.","There is no explicit link between UNEP or UNEP-supported work and the measured improvement in data management, environmentally sustainable AI practices, or capacity/skills development in Lebanon during 2022-2026.",[]
Lebanon,2022–2026,1,UNEP facilitated Lebanon sustainable AI practices capacity building data management artificial intelligence AI capacity skills environmental information system government stakeholder institution platform training after:2022-01-01 before:2026-01-01,Data and AI for Sustainable Development: Building a ...,https://www.paris21.org/events/data-and-ai-sustainable-development-building-smarter-future,"Showcase success stories around the use of AI and explore how to leverage its capabilities to build a smarter, more inclusive, and more equitable future.",https://www.paris21.org › events › data-and-ai-sustaina...,www_paris21_org_Data_and_AI_for_Sustainable_Development_Building_a.txt,False,False,0,0,none,none,unclear,unclear,"The document does not contain explicit evidence related to measured improvements in data management, environmentally sustainable AI practices, or capacity/skills development in Lebanon during 2022-2026.",There is no explicit link between UNEP or UNEP-supported work and the SP7.1 improvement/capacity/sustainable AI outcome in the document.,[]
Lebanon,2022–2026,1,UNEP facilitated Lebanon sustainable AI practices capacity building data management artificial intelligence AI capacity skills environmental information system government stakeholder institution platform training after:2022-01-01 before:2026-01-01,Ensuring Safe Water and Sanitation for All,https://unctad.org/system/files/official-document/dtltikd2022d1_en.pdf,UNEP. ACT Malaysia and UNEP have collaborated to build wastewater management capacity. After testing the feasibility of ISTP wastewater treatment ...,https://unctad.org › files › official-document,unctad_org_Ensuring_Safe_Water_and_Sanitation_for_All.txt,False,False,0,0,none,none,none,none,"The document does not contain explicit evidence of measured improvements in data management and environmentally sustainable artificial intelligence practices, including capacity and skills development, among countries and stakeholders in Lebanon during 2022-2026.","The document does not explicitly link UNEP or UNEP-supported work to the measured improvement in data management, environmentally sustainable AI practices, or capacity/skills development in Lebanon during 2022-2026.",[]
Lebanon,2022–2026,1,UNEP facilitated Lebanon sustainable AI practices capacity building data management artificial intelligence AI capacity skills environmental information system government stakeholder institution platform training after:2022-01-01 before:2026-01-01,REGULATION FOR INNOVATION - IDRC / CRDI,https://idl-bnc-idrc.dspacedirect.org/bitstreams/2862329d-24c1-4454-a496-d03f068d4843/download,"It supports the development of a collaborative research programme to improve the regulation of innovations in priority areas including health, the digital ...",https://idl-bnc-idrc.dspacedirect.org › download,idl-bnc-idrc_dspacedirect_org_REGULATION_FOR_INNOVATION_IDRC_CRDI.txt,False,False,0,0,none,none,unclear,unclear,No relevant information found in the document.,No UNEP attribution found in the document.,[]
Lebanon,2022–2026,1,UNEP facilitated Lebanon sustainable AI practices capacity building data management artificial intelligence AI capacity skills environmental information system government stakeholder institution platform training after:2022-01-01 before:2026-01-01,Artificial intelligence,https://dig.watch/technologies/artificial-intelligence,"Governments are further encouraged to invest in AI research and development, foster digital ecosystems for AI, shape enabling policy environments, build human ...",https://dig.watch › Technologies,dig_watch_Artificial_intelligence.txt,False,False,0,0,none,none,unclear,unclear,"The document does not contain explicit evidence related to measured improvements in data management, environmentally sustainable AI practices, or capacity/skills development in Lebanon during 2022-2026.","There is no explicit link between UNEP or UNEP-supported work and any improvements in data management, environmentally sustainable AI practices, or capacity/skills development in Lebanon during 2022-2026.",[]
Lebanon,2022–2026,1,UNEP facilitated Lebanon sustainable AI practices capacity building data management artificial intelligence AI capacity skills environmental information system government stakeholder institution platform training after:2022-01-01 before:2026-01-01,Lebanon's government taps Roland Berger to help ...,https://www.consultancy-me.com/news/11533/lebanons-government-taps-roland-berger-to-help-advance-its-ai-ambitions,OMSITAI leads Lebanon's forward-thinking agenda to transform its public sector through digitisation and in particular through artificial intelligence (AI).,https://www.consultancy-me.com › news › lebanons-go...,www_consultancy-me_com_Lebanon_s_government_taps_Roland_Berger_to_help_.txt,True,False,40,0,AI practice / sustainable AI / AI governance,developed / implemented,government,national,"The article mentions Lebanon's government signing a strategic collaboration with Roland Berger to help advance its AI ambitions, including initiatives such as bringing in a national ID system, digitizing payments, and building the infrastructure and ecosystem required for developing and adopting AI. This indicates some level of improvement in AI practices and governance.",There is no mention of UNEP or UNEP-supported work in the article.,"[""Lebanon’s government has signed a strategic collaboration with Roland Berger, one of the world’s leading strategic consulting firms, to help the nation craft and advance its AI ambitions."", ""Initiatives reported to be high on the agenda include bringing in a national ID system, digitising payments and building the infrastructure and ecosystem required for developing and adopting AI."", ""Under this Memorandum of Understanding, Roland Berger will advise and support OMSITAI in the development of AI-driven initiatives that contribute to national strategies, through strategy advisory, technical knowhow, and the development of governance frameworks that ensure safe, ethical, and impactful AI adoption.""]"
Lebanon,2022–2026,1,UNEP facilitated Lebanon sustainable AI practices capacity building data management artificial intelligence AI capacity skills environmental information system government stakeholder institution platform training after:2022-01-01 before:2026-01-01,Lebanon's government taps Roland Berger to help ...,https://www.consultancy-me.com/news/11533/lebanons-government-taps-roland-berger-to-help-advance-its-ai-ambitions,OMSITAI leads Lebanon's forward-thinking agenda to transform its public sector through digitisation and in particular through artificial intelligence (AI).,https://www.consultancy-me.com › news › lebanons-go...,www_consultancy-me_com_Lebanon_s_government_taps_Roland_Berger_to_help_.txt,True,False,40,0,AI practice / sustainable AI / AI governance / capacity development,developed / implemented / adopted,government / public-sector institution,national,"The article discusses Lebanon's government collaboration with Roland Berger to advance its AI ambitions, including developing AI-driven initiatives, strategy advisory, technical knowhow, and governance frameworks. This indicates initial steps in AI adoption and capacity development.",There is no explicit link between UNEP or UNEP-supported work and Lebanon's AI ambitions or improvements in data management and sustainable AI practices.,"[""Lebanon’s government has signed a strategic collaboration with Roland Berger... to help the nation craft and advance its AI ambitions."", ""Initiatives reported to be high on the agenda include bringing in a national ID system, digitising payments and building the infrastructure and ecosystem required for developing and adopting AI."", ""Under this Memorandum of Understanding, Roland Berger will advise and support OMSITAI in the development of AI-driven initiatives that contribute to national strategies...""]"
Lebanon,2022–2026,1,UNEP facilitated Lebanon sustainable AI practices capacity building data management artificial intelligence AI capacity skills environmental information system government stakeholder institution platform training after:2022-01-01 before:2026-01-01,BRIEFING PACKAGE 2024,https://www.unodc.org/documents/Maritime_crime/briefing_package_2024_en_web_version.pdf,"In 2024, GMCP provided technical assistance to Member States to enhance the detection, investigation, prosecution, and adjudication of maritime crime.",https://www.unodc.org › Maritime_crime › briefi...,www_unodc_org_BRIEFING_PACKAGE_2024.txt,False,False,0,0,none,none,unclear,unclear,No relevant information found.,No UNEP link found.,[]
Lebanon,2022–2026,1,UNEP facilitated Lebanon sustainable AI practices capacity building data management artificial intelligence AI capacity skills environmental information system government stakeholder institution platform training after:2022-01-01 before:2026-01-01,2023-2024 Joint Call - BiodivNBS ...,https://www.biodiversa.eu/wp-content/uploads/2025/10/Biodiversa_2023-2024_BiodivNBS.pdf,This theme examined how NbS can facilitate equitable transformative change and sustainable livelihoods by identifying barriers and catalysts for transformation.,https://www.biodiversa.eu › uploads › 2025/10,www_biodiversa_eu_2023_2024_Joint_Call_BiodivNBS_.txt,False,False,0,0,none,none,none,none,"The document does not contain explicit evidence of measured improvements in data management and environmentally sustainable artificial intelligence practices, including capacity and skills development, among countries and stakeholders in Lebanon during 2022-2026.","The document does not explicitly link UNEP or UNEP-supported work to the measured improvement in data management, environmentally sustainable AI practices, or capacity/skills development in Lebanon during 2022-2026.",[]
Lebanon,2022–2026,1,UNEP facilitated Lebanon sustainable AI practices capacity building data management artificial intelligence AI capacity skills environmental information system government stakeholder institution platform training after:2022-01-01 before:2026-01-01,Greening curriculum guidance: teaching and learning for ...,https://unesdoc.unesco.org/ark:/48223/pf0000390022,Greening curriculum guidance Teaching and learning for climate actionUNESCO – a global leader in education Education is UNESCO's top priority because it is ...,https://unesdoc.unesco.org › ark:,unesdoc_unesco_org_Greening_curriculum_guidance_teaching_and_learning.txt,False,False,0,0,none,none,none,unclear,"The document is not relevant to the task as it does not contain information about Lebanon, the time window 2022-2026, digital/data management/sustainable AI improvement, or UNEP attribution.",There is no UNEP attribution or mention of UNEP in the provided document.,[]
Lebanon,2022–2026,1,UNEP facilitated Lebanon sustainable AI practices capacity building data management artificial intelligence AI capacity skills environmental information system government stakeholder institution platform training after:2022-01-01 before:2026-01-01,UN Innovation Network | Projects,https://www.uninnovation.network/projects,A living library of innovation projects across the UN. Below you can see an overview of the innovation projects run by various UN Entities.,https://www.uninnovation.network › projects,www_uninnovation_network_UN_Innovation_Network_Projects.txt,False,False,0,0,none,none,unclear,unclear,"The document does not contain explicit evidence related to measured improvements in data management, environmentally sustainable AI practices, or capacity/skills development in Lebanon during 2022-2026.",There is no explicit link between UNEP or UNEP-supported work and the SP7.1 improvement/capacity/sustainable AI outcome in Lebanon during 2022-2026.,[]
Lebanon,2022–2026,1,UNEP facilitated Lebanon sustainable AI practices capacity building data management artificial intelligence AI capacity skills environmental information system government stakeholder institution platform training after:2022-01-01 before:2026-01-01,2024 Universal Registration Document (PDF version),https://totalenergies.com/system/files/documents/totalenergies_universal-registration-document-2024_2025_en.pdf,"... machine learning and artificial intelligence solutions. In particular, they make it possible to make projections on energy prices, whether on physical ...",https://totalenergies.com › files › documents › tota...,totalenergies_com_2024_Universal_Registration_Document_PDF_version_.txt,False,False,0,0,none,none,unclear,unclear,"The document does not contain explicit evidence related to measured improvements in digital/data management, environmentally sustainable AI practices, or capacity/skills development in Lebanon during 2022-2026.","There is no explicit link between UNEP or UNEP-supported work and any improvements in data management, environmentally sustainable AI practices, or capacity/skills development in Lebanon during 2022-2026.",[]
Lebanon,2022–2026,1,UNEP facilitated Lebanon sustainable AI practices capacity building data management artificial intelligence AI capacity skills environmental information system government stakeholder institution platform training after:2022-01-01 before:2026-01-01,🔴The week in brief UNECE 👇 🔶At #IFESD14 in Skopje ...,https://www.facebook.com/UNECEpage/posts/the-week-in-brief-unece-at-ifesd14-in-skopje-north-macedonia-tatiana-molcean-pre/1253318480161956/,Capacity Building and Education The UN Institute for Training and Research (UNITAR) has empowered negotiators from Least Developed Countries through ...,5 reactions,www_facebook_com__The_week_in_brief_UNECE_At_IFESD14_in_Skopje_.txt,False,False,0,0,none,none,unclear,unclear,,,[]
Lebanon,2022–2026,1,UNEP facilitated Lebanon sustainable AI practices capacity building data management artificial intelligence AI capacity skills environmental information system government stakeholder institution platform training after:2022-01-01 before:2026-01-01,Jobs,https://www.greenindustryplatform.org/jobs-list/search,The United Nations Environment Programme is looking for a Communications Consultant to increase the visibility of the work of its Plastics Initiative.,https://www.greenindustryplatform.org › jobs-list › search,www_greenindustryplatform_org_Jobs.txt,False,False,0,0,none,none,unclear,unclear,,,[]
Lebanon,2022–2026,1,UNEP facilitated Lebanon sustainable AI practices capacity building data management artificial intelligence AI capacity skills environmental information system government stakeholder institution platform training after:2022-01-01 before:2026-01-01,Artificial Intelligence in Development and Humanitarian Work,https://www.esteri.it/wp-content/uploads/2025/12/Promises-Paradoxes-an-Perils-of-AI-in-Development-and-Humanitarian-Sectors.pdf,Data from developing countries is often harvested to train AI systems without proper consent or compensation to the data subjects.256 The asymmetrical power ...,https://www.esteri.it › uploads › 2025/12 › Promis...,www_esteri_it_Artificial_Intelligence_in_Development_and_Humanit.txt,False,False,0,0,none,none,unclear,unclear,No relevant information found in the document.,No UNEP attribution found in the document.,[]
Lebanon,2022–2026,1,UNEP facilitated Lebanon sustainable AI practices capacity building data management artificial intelligence AI capacity skills environmental information system government stakeholder institution platform training after:2022-01-01 before:2026-01-01,SwitchMed in Lebanon,https://www.unep.org/resources/policy-and-strategy/switchmed-lebanon,SwitchMed is proud to have supported Lebanon in its work to build a society where people and planet thrive and prosper together.,https://www.unep.org › resources › policy-and-strategy,www_unep_org_SwitchMed_in_Lebanon.txt,False,False,0,0,none,none,unclear,national,"The document does not contain explicit evidence of measured improvements in data management and environmentally sustainable artificial intelligence practices, including capacity and skills development, among countries and stakeholders in Lebanon during 2022-2026.","The document mentions UNEP's involvement in supporting Lebanon's sustainable consumption and production national action plan and other environmental initiatives, but does not explicitly link UNEP to measured improvements in data management or sustainable AI practices.",[]
Lebanon,2022–2026,1,UNEP facilitated Lebanon sustainable AI practices capacity building data management artificial intelligence AI capacity skills environmental information system government stakeholder institution platform training after:2022-01-01 before:2026-01-01,Advancing green education in MENA region: Challenges ...,https://onlinelibrary.wiley.com/doi/full/10.1002/sd.3182,"This paper explores Green Education in the Middle East and North Africa (MENA), addressing shared environmental challenges across its 21 diverse countries.",https://onlinelibrary.wiley.com › doi › full,onlinelibrary_wiley_com_Advancing_green_education_in_MENA_region_Challenge.txt,False,False,0,0,none,none,unclear,unclear,"No explicit evidence found related to measured improvements in data management, environmentally sustainable AI practices, or capacity/skills development in Lebanon during 2022-2026.","No explicit link found between UNEP or UNEP-supported work and improvements in data management, environmentally sustainable AI practices, or capacity/skills development in Lebanon during 2022-2026.",[]
Lebanon,2022–2026,1,UNEP facilitated Lebanon sustainable AI practices capacity building data management artificial intelligence AI capacity skills environmental information system government stakeholder institution platform training after:2022-01-01 before:2026-01-01,Strategic results report (SRR) 2024,https://unesdoc.unesco.org/ark:/48223/pf0000391185,"The Strategic Results Report, 2024 (SRR24) details UNESCO's strategic impact during a turbulent four-year period marked by increasing global crises and ...",https://unesdoc.unesco.org › ark:,unesdoc_unesco_org_Strategic_results_report_SRR_2024.txt,False,False,0,0,none,none,unclear,unclear,"The document does not contain explicit evidence related to Lebanon or the time window 2022-2026, nor does it discuss improvements in data management, environmental data systems, sustainable AI practices, or capacity and skills development in these areas.","There is no mention of UNEP or UNEP-supported work in relation to improvements in data management, sustainable AI practices, or capacity/skills development in Lebanon for the specified time frame.",[]
Lebanon,2022–2026,1,UNEP facilitated Lebanon sustainable AI practices capacity building data management artificial intelligence AI capacity skills environmental information system government stakeholder institution platform training after:2022-01-01 before:2026-01-01,INDUSTRIAL DEVELOPMENT REPORT 2026,https://www.unido.org/sites/default/files/unido-publications/2025-11/UNIDO%20IDR26.pdf,"Our mandate is reflected in Sustainable Develop- ment Goal (SDG) 9: “Build resilient infrastructure, promote inclusive and sustainable industrialization and ...",https://www.unido.org › files › unido-publications,www_unido_org_INDUSTRIAL_DEVELOPMENT_REPORT_2026.txt,False,False,0,0,none,none,none,none,"The document does not contain explicit evidence of measured improvements in data management and environmentally sustainable artificial intelligence practices, including capacity and skills development, among countries and stakeholders in Lebanon (in 2022–2026).","The document does not explicitly link UNEP (United Nations Environment Programme), UNEP Digital Transformation work, WESR, or UNEP-supported work to the measured improvement in data management, environmentally sustainable AI practices, or capacity/skills development in Lebanon (in 2022–2026).",[]
Lebanon,2022–2026,1,UNEP facilitated Lebanon sustainable AI practices capacity building data management artificial intelligence AI capacity skills environmental information system government stakeholder institution platform training after:2022-01-01 before:2026-01-01,Increased climate resilience planning for municipal water ...,https://www.adaptation-undp.org/projects/naps-gcf-lebanon,The goal of the project is to increase the resilience of water resource planning in urban areas in Lebanon. To address the identified barriers and achieve the ...,https://www.adaptation-undp.org › naps-gcf-lebanon,www_adaptation-undp_org_Increased_climate_resilience_planning_for_municipa.txt,False,False,0,0,none,none,unclear,unclear,No evidence found due to document fetch error.,No evidence found due to document fetch error.,[]
Lebanon,2022–2026,1,UNEP facilitated Lebanon sustainable AI practices capacity building data management artificial intelligence AI capacity skills environmental information system government stakeholder institution platform training after:2022-01-01 before:2026-01-01,UNEP_BGG_NY_25.pdf,https://www.cwmun.org/wp-content/uploads/2025/02/UNEP_BGG_NY_25.pdf,"Artificial intelligence (AI) is revolutionizing the way we approach environmental sustainability and economic growth, offering innovative solutions to ...",https://www.cwmun.org › uploads › 2025/02,www_cwmun_org_UNEP_BGG_NY_25_pdf.txt,False,False,0,0,none,none,unclear,unclear,No explicit evidence related to Lebanon or 2022-2026 timeframe.,No explicit link to UNEP or UNEP-supported work.,[]
Lebanon,2022–2026,1,UNEP facilitated Lebanon sustainable AI practices capacity building data management artificial intelligence AI capacity skills environmental information system government stakeholder institution platform training after:2022-01-01 before:2026-01-01,"Lebanon to Invest Up to $50 Million in AI, Digital Tools ...",https://enmaeya.com/en/news/68da36aff9ce754f0163d9bf-lebanon-to-invest-up-to-50-million-in-ai-digital-tools-to-modernize-public-services,"Lebanon explores AI, digital IDs, and automation to streamline public services, anticipate resource needs, and modernize government operations.",https://enmaeya.com › news › 68da36aff9ce754f0163d...,enmaeya_com_Lebanon_to_Invest_Up_to_50_Million_in_AI_Digital_T.txt,True,False,80,0,AI practice / data governance / digital tools,developed / implemented / adopted,government,national,"The article provides clear evidence of Lebanon's government investing in AI and digital tools to modernize public services, with specific projects and improvements mentioned, such as the EMSReports.ai platform reducing reporting time by 75% and predictive analytics being tested to manage medicine shortages.",There is no explicit mention of UNEP or UNEP-supported work in the article.,"[""Lebanon’s government is exploring artificial intelligence (AI) and digital tools to make public services more efficient"", ""A $30–50 million investment could fund projects like national digital IDs, digital payments, data sharing, robotic process automation (RPA), and predictive analytics"", ""Pilot projects have already shown results. The EMSReports.ai platform, used for emergency documentation, reportedly cut reporting time by 75%"", ""Predictive analytics is also being tested to help manage shortages of critical medicines, which have fallen by about 60% since 2021"", ""Building skills is also part of the plan. Short courses aim to train public servants in AI tools and prompt writing to turn pilot projects into real operational results""]"
Lebanon,2022–2026,1,UNEP facilitated Lebanon sustainable AI practices capacity building data management artificial intelligence AI capacity skills environmental information system government stakeholder institution platform training after:2022-01-01 before:2026-01-01,Investing in Climate for Growth and Development: Policy ...,https://www.oecd.org/en/publications/investing-in-climate-for-growth-and-development_16b7cbc7-en/full-report/investing-in-climate-for-growth-and-development-policy-highlights_867ee4f8.html,"Governments are at an inflection point in addressing climate change. While climate action has gained momentum over the past decade, current efforts are not ...",https://www.oecd.org › ... › Full Report,www_oecd_org_Investing_in_Climate_for_Growth_and_Development_Po.txt,False,False,0,0,none,none,none,none,"The document does not contain explicit evidence related to improved data management, environmental data systems/platforms/workflows, environmentally sustainable AI practices, or capacity/skills development in data management or AI for Lebanon during 2022-2026.","There is no explicit link between UNEP or UNEP-supported work and the measured improvement in data management, environmentally sustainable AI practices, or capacity/skills development in Lebanon during 2022-2026.",[]
Lebanon,2022–2026,1,UNEP facilitated Lebanon sustainable AI practices capacity building data management artificial intelligence AI capacity skills environmental information system government stakeholder institution platform training after:2022-01-01 before:2026-01-01,"Sustainability, Volume 17, Issue 4 (February-2 2025)",https://www.mdpi.com/2071-1050/17/4,"This study investigates the complex duality of automation and its impact on sustainable development, encompassing the factors of economic growth, social equity, ...",https://www.mdpi.com › ...,www_mdpi_com_Sustainability_Volume_17_Issue_4_February_2_2025_.txt,False,False,0,0,none,none,unclear,unclear,"The provided document text does not contain explicit evidence related to Lebanon during 2022-2026, nor does it discuss improvements in environmental data management, sustainable AI practices, or capacity/skills development in these areas.","There is no explicit link between UNEP or UNEP-supported work and any improvements in data management, environmentally sustainable AI practices, or capacity/skills development in Lebanon during 2022-2026.",[]
Lebanon,2022–2026,2,World Environment Situation Room Lebanon environmental digital transformation launched data management artificial intelligence AI capacity skills environmental information system government stakeholder institution platform training after:2022-01-01 before:2026-01-01,How artificial intelligence is accelerating the digital ...,https://www.oecd.org/en/publications/2025/06/governing-with-artificial-intelligence_398fa287/full-report/how-artificial-intelligence-is-accelerating-the-digital-government-journey_d9552dc7.html,"This chapter explains how artificial intelligence (AI) can accelerate the digital government journey. It situates government as a developer and user of AI, ...",https://www.oecd.org › ... › Full Report,www_oecd_org_How_artificial_intelligence_is_accelerating_the_di.txt,False,False,0,0,none,none,none,none,The document does not contain explicit evidence related to measured improvements in digital/data management or environmentally sustainable AI practices in Lebanon during 2022-2026.,"There is no explicit link between UNEP or UNEP-supported work and any improvements in data management, environmentally sustainable AI practices, or capacity/skills development in Lebanon during 2022-2026.",[]
Lebanon,2022–2026,2,World Environment Situation Room Lebanon environmental digital transformation launched data management artificial intelligence AI capacity skills environmental information system government stakeholder institution platform training after:2022-01-01 before:2026-01-01,"MCIT Holds Roundtable to Support AI Startups, Shape ...",https://www.facebook.com/MCITEgypt/posts/mcit-holds-roundtable-to-support-ai-startups-shape-ai-legislationthe-ministry-of/1087029666800659/,"MCIT Holds Roundtable to Support AI Startups, Shape AI Legislation The Ministry of Communications and Information Technology (MCIT), in collaboration...",10+ reactions,www_facebook_com_MCIT_Holds_Roundtable_to_Support_AI_Startups_Shape.txt,False,False,0,0,none,none,unclear,unclear,"The document does not contain explicit evidence related to Lebanon or the time window 2022-2026. It discusses AI-related initiatives in Egypt, but not in Lebanon.",There is no mention of UNEP or UNEP-supported work in the document.,[]
Lebanon,2022–2026,2,World Environment Situation Room Lebanon environmental digital transformation launched data management artificial intelligence AI capacity skills environmental information system government stakeholder institution platform training after:2022-01-01 before:2026-01-01,Overcoming barriers and seizing opportunities in the ...,https://www.sciencedirect.com/science/article/pii/S2444569X24001616,This study aims to investigate the key factors affecting the adoption of next-generation digital technologies and determine whether these factors act as ...,https://www.sciencedirect.com › science › article › pii,www_sciencedirect_com_Overcoming_barriers_and_seizing_opportunities_in_t.txt,False,False,0,0,none,none,unclear,unclear,"The document text does not contain any relevant information about Lebanon, digital transformation, environmental data management, sustainable AI, or capacity development.",There is no mention of UNEP or UNEP-supported work in the document.,[]
Lebanon,2022–2026,2,World Environment Situation Room Lebanon environmental digital transformation launched data management artificial intelligence AI capacity skills environmental information system government stakeholder institution platform training after:2022-01-01 before:2026-01-01,ESCWA,https://www.facebook.com/unescwa/posts/-this-week-in-the-escwanewsletter-climate-adaptation-finance-for-cities-in-the-a/1162590159314216/?locale=eu_ES,... Administration to explore artificial intelligence and digital transformation in governance. As a continuation of its support to Lebanon's official ...,6 reactions,www_facebook_com_ESCWA.txt,False,False,0,0,none,none,none,unclear,"The provided document text does not contain explicit evidence related to measured improvements in data management, environmentally sustainable AI practices, or capacity/skills development in Lebanon during 2022-2026.","There is no explicit link between UNEP or UNEP-supported work and any improvements in data management, environmentally sustainable AI practices, or capacity/skills development in Lebanon during 2022-2026.",[]
Lebanon,2022–2026,2,World Environment Situation Room Lebanon environmental digital transformation launched data management artificial intelligence AI capacity skills environmental information system government stakeholder institution platform training after:2022-01-01 before:2026-01-01,Lebanon Digital Acceleration Project (P506791),https://documents1.worldbank.org/curated/en/099090425095530619/pdf/P506791-4ac32e56-9b25-4c20-a0fd-5f3f7e5d8cea.pdf,"... Data Hosting Capabilities will support building the government's capabilities to securely and sustainably host national data on resilient, AI-ready data ...",https://documents1.worldbank.org › curated › pdf,documents1_worldbank_org_Lebanon_Digital_Acceleration_Project_P506791_.txt,True,False,60,0,data management system / digital public infrastructure / capacity development,developed / implemented,government / public-sector institution,national,"The Lebanon Digital Acceleration Project aims to strengthen digital foundations and enablers, improve the delivery of high-impact public services, and includes components on digital foundations, digital enablers, digitalization of high-impact services, project management, and citizen engagement. The project involves building and reinforcing Lebanon's national cybersecurity capabilities, developing cross-cutting digital public infrastructure, and enhancing the resilience, security, inclusivity, and scalability of digital services across both the public and private sectors.",There is no explicit mention of UNEP or UNEP-supported work in the provided document.,"[""The Lebanon Digital Acceleration Project (P506791)"", ""strengthen digital foundations and enablers and improve the delivery of high-impact public services"", ""ensure the provision of secure, efficient, low-carbon, and climate-resilient data infrastructure"", ""build and reinforce Lebanon’s national cybersecurity capabilities"", ""develop cross-cutting, interoperable DPI to enhance the resilience, inclusivity, and scalability of digital services""]"
Lebanon,2022–2026,2,World Environment Situation Room Lebanon environmental digital transformation launched data management artificial intelligence AI capacity skills environmental information system government stakeholder institution platform training after:2022-01-01 before:2026-01-01,ARTIFICIAL INTELLIGENCE AND TECHNOLOGY,https://www.iswa.org/wp-content/uploads/2025/05/7th-ISWA-YPG-Conference-Conference-Book.pdf,"The rapid advancement of Artificial Intelligence (AI) technologies, including machine learning, has introduced a new research paradigm for waste management.",https://www.iswa.org › uploads › 2025/05,www_iswa_org_ARTIFICIAL_INTELLIGENCE_AND_TECHNOLOGY.txt,False,False,0,0,none,none,unclear,unclear,No relevant evidence found in the document.,No UNEP attribution found in the document.,[]
Lebanon,2022–2026,2,World Environment Situation Room Lebanon environmental digital transformation launched data management artificial intelligence AI capacity skills environmental information system government stakeholder institution platform training after:2022-01-01 before:2026-01-01,"AI and AI-powered digital twins for smart, green, and zero ...",https://pmc.ncbi.nlm.nih.gov/articles/PMC12617626/,"This work establishes AI and AI-driven DTs as transformative catalysts for realizing the next generation of resource-efficient, carbon-neutral, and ecologically ...",https://pmc.ncbi.nlm.nih.gov › articles › PMC12617626,pmc_ncbi_nlm_nih_gov_AI_and_AI_powered_digital_twins_for_smart_green_an.txt,False,False,0,0,none,none,unclear,unclear,The document does not contain any relevant information about Lebanon or digital/data management/sustainable AI practices.,The document does not mention UNEP or any related work.,[]
Lebanon,2022–2026,2,World Environment Situation Room Lebanon environmental digital transformation launched data management artificial intelligence AI capacity skills environmental information system government stakeholder institution platform training after:2022-01-01 before:2026-01-01,"AI and Sustainability: Opportunities, Challenges, and Impact",https://www.ey.com/en_nl/insights/climate-change-sustainability-services/ai-and-sustainability-opportunities-challenges-and-impact,"This article explores the environmental impact of artificial intelligence (AI) and discusses opportunities, current legislation, and ways organizations can make ...",https://www.ey.com › en_nl › insights › ai-and-sustaina...,www_ey_com_AI_and_Sustainability_Opportunities_Challenges_and.txt,False,False,0,0,none,none,unclear,unclear,"The document does not contain explicit evidence related to measured improvements in data management, environmentally sustainable AI practices, or capacity/skills development in Lebanon during 2022-2026.","There is no explicit link between UNEP or UNEP-supported work and any improvements in data management, sustainable AI practices, or capacity/skills development in Lebanon during 2022-2026.",[]
Lebanon,2022–2026,2,World Environment Situation Room Lebanon environmental digital transformation launched data management artificial intelligence AI capacity skills environmental information system government stakeholder institution platform training after:2022-01-01 before:2026-01-01,AI and education: protecting the rights of learners,https://unesdoc.unesco.org/ark:/48223/pf0000395373.locale=en,"Beyond formal education, a lifelong learning perspective is also required, ensuring that people of all ages have access to learning opportunities to build ...",https://unesdoc.unesco.org › ark:,unesdoc_unesco_org_AI_and_education_protecting_the_rights_of_learners.txt,False,False,0,0,none,none,unclear,unclear,"The document does not contain explicit evidence related to Lebanon or the time window 2022-2026. It appears to be a general document about AI and education, not specifically focused on environmental data management or sustainable AI practices.",There is no explicit link to UNEP or UNEP-supported work in the provided document.,[]
Lebanon,2022–2026,2,World Environment Situation Room Lebanon environmental digital transformation launched data management artificial intelligence AI capacity skills environmental information system government stakeholder institution platform training after:2022-01-01 before:2026-01-01,E-Government Survey 2024,https://desapublications.un.org/sites/default/files/publications/2024-09/%28Web%20version%29%20E-Government%20Survey%202024%201392024.pdf,"AI presents significant opportunities for enhancing government operations, it also poses risks that could widen the gap between countries in special situations ...",https://desapublications.un.org › files › publications,desapublications_un_org_E_Government_Survey_2024.txt,False,False,0,0,none,none,none,none,"The document does not contain explicit evidence of measured improvements in data management and environmentally sustainable artificial intelligence practices, including capacity and skills development, among countries and stakeholders in Lebanon during 2022-2026.","There is no explicit link between UNEP or UNEP-supported work and the measured improvement in data management, environmentally sustainable AI practices, or capacity/skills development in Lebanon during 2022-2026.",[]
Lebanon,2022–2026,2,World Environment Situation Room Lebanon environmental digital transformation launched data management artificial intelligence AI capacity skills environmental information system government stakeholder institution platform training after:2022-01-01 before:2026-01-01,United Nations Activities on Artificial Intelligence (AI),https://www.itu.int/dms_pub/itu-s/opb/gen/S-GEN-UNACT-2021-PDF-E.pdf,"At ITU, we strive to build common understanding and trust around the use of AI for environmental efficiency, health, 5G, autonomous and assisted driving, and ...",https://www.itu.int › S-GEN-UNACT-2021-PDF-E,www_itu_int_United_Nations_Activities_on_Artificial_Intelligen.txt,False,False,0,0,none,none,unclear,unclear,No evidence found due to fetch error.,No evidence found due to fetch error.,[]
Lebanon,2022–2026,2,World Environment Situation Room Lebanon environmental digital transformation launched data management artificial intelligence AI capacity skills environmental information system government stakeholder institution platform training after:2022-01-01 before:2026-01-01,SDG Digital Acceleration Agenda,https://www.undp.org/sites/g/files/zskgke326/files/2023-09/SDG%20Digital%20Acceleration%20Agenda_2.pdf,"With a range of real-world examples, this agenda shows how game-changing digital solutions can accelerate progress in climate action, education, hunger, poverty.",https://www.undp.org › files › zskgke326 › files,www_undp_org_SDG_Digital_Acceleration_Agenda.txt,False,False,0,0,none,none,none,none,"The document does not contain explicit evidence of measured improvements in data management, environmentally sustainable AI practices, or capacity and skills development in Lebanon during 2022-2026.","There is no explicit link between UNEP or UNEP-supported work and the measured improvement in data management, environmentally sustainable AI practices, or capacity/skills development in Lebanon during 2022-2026.",[]
Lebanon,2022–2026,2,World Environment Situation Room Lebanon environmental digital transformation launched data management artificial intelligence AI capacity skills environmental information system government stakeholder institution platform training after:2022-01-01 before:2026-01-01,Ctrl+S Culture: AI and Heritage in a Digital World,https://www.iccrom.org/sites/default/files/2025-11/iccrom_ctrls_11.pdf,This study presents a practical case in which Geographic. Information Systems (GIS) and GeoAI are used to support climate-resilient management of cultural ...,https://www.iccrom.org › files › iccrom_ctrls_11,www_iccrom_org_Ctrl_S_Culture_AI_and_Heritage_in_a_Digital_World.txt,False,False,0,0,none,none,unclear,unclear,No evidence found due to document fetch failure.,No evidence found due to document fetch failure.,[]
Lebanon,2022–2026,2,World Environment Situation Room Lebanon environmental digital transformation launched data management artificial intelligence AI capacity skills environmental information system government stakeholder institution platform training after:2022-01-01 before:2026-01-01,Lebanon Digital Transformation Strategy 2020-2030,https://www.thereformshub.org/blog/32,Hosts IMPACT platform to collect and publish governmental data; monitors public administration. Website: impact.cib.gov.lb. Ministry of State for Technology ...,https://www.thereformshub.org › blog,www_thereformshub_org_Lebanon_Digital_Transformation_Strategy_2020_2030.txt,True,False,40,0,data management system / environmental data platform / data governance / digital monitoring,developed / implemented,government / public-sector institution,national,"The document provides evidence of Lebanon's efforts to improve digital transformation, data management, and environmentally sustainable practices. The Digital Transformation Strategy 2020-2030 and the Lebanon Digital Acceleration Project aim to modernize governance, rebuild trust, reduce corruption, and ensure inclusive digital services. The strategy includes projects such as the National Digital ID, Dawlati e-government portal, and IMPACT platform. However, the document does not provide explicit evidence of measured improvements in data management and environmentally sustainable AI practices.","There is no explicit mention of UNEP or UNEP-supported work in the document. The digital transformation efforts in Lebanon are attributed to the Lebanese government, World Bank, and UNDP, but not UNEP.","[""Lebanon Digital Transformation Strategy 2020-2030"", ""Digital Acceleration Project"", ""National Digital ID"", ""Dawlati e-government portal"", ""IMPACT platform"", ""UNDP partnership with OMSAR""]"
Lebanon,2022–2026,2,World Environment Situation Room Lebanon environmental digital transformation launched data management artificial intelligence AI capacity skills environmental information system government stakeholder institution platform training after:2022-01-01 before:2026-01-01,The Economic Impacts and the Regulation of AI - IMF eLibrary,https://www.elibrary.imf.org/view/journals/001/2024/065/article-A001-en.xml,"This review paper investigates how Artificial Intelligence (AI) affects the economy and how the technology has been regulated, relying on academic and policy ...",https://www.elibrary.imf.org › journals › article-A001-en,www_elibrary_imf_org_The_Economic_Impacts_and_the_Regulation_of_AI_IMF_.txt,False,False,0,0,none,none,unclear,unclear,No relevant information found,No relevant information found,[]
Lebanon,2022–2026,2,World Environment Situation Room Lebanon environmental digital transformation launched data management artificial intelligence AI capacity skills environmental information system government stakeholder institution platform training after:2022-01-01 before:2026-01-01,Lebanon Digital Transformation Strategy 2020-2030,https://dig.watch/resource/lebanon-digital-transformation-strategy-2020-2030,The Lebanon Digital Transformation Strategy aims to modernise the nation's governance and economy by leveraging digital technologies to address challenges.,https://dig.watch › Resources,dig_watch_Lebanon_Digital_Transformation_Strategy_2020_2030.txt,True,False,40,0,digital transformation strategy / capacity development / skills development,developed / planned,government,national,"The document outlines a comprehensive digital transformation strategy for Lebanon, focusing on governance, open government, digital infrastructure, and business continuity. It includes plans for capacity development, digital literacy, and the adoption of cutting-edge technologies like AI. However, it lacks specific evidence of measured improvements or operational use in environmental data management or sustainable AI practices.","There is no explicit link between UNEP or UNEP-supported work and the digital transformation strategy or any improvements in data management, environmentally sustainable AI practices, or capacity/skills development mentioned in the document.","[""Lebanon Digital Transformation Strategy aims to modernise the nation’s governance and economy by leveraging digital technologies"", ""establishing a National Digital Academy, promoting apprenticeships, and increasing awareness of digital opportunities"", ""Incorporating cutting-edge technologies such as AI, blockchain, and cloud computing to drive economic growth and governmental efficiency""]"
Lebanon,2022–2026,2,World Environment Situation Room Lebanon environmental digital transformation launched data management artificial intelligence AI capacity skills environmental information system government stakeholder institution platform training after:2022-01-01 before:2026-01-01,Lebanon's digital leap: AI in governance and public services,https://www.sirenanalytics.com/main-content/lebanon-s-digital-leap-ai-in-governance-and-public-services,"AI offers Lebanon a unique opportunity to modernise governance, improve service delivery, and rebuild public trust. From predictive analytics to citizen-centric ...",https://www.sirenanalytics.com › main-content › lebano...,www_sirenanalytics_com_Lebanon_s_digital_leap_AI_in_governance_and_public.txt,True,False,60,0,AI practice / sustainable AI / capacity development / data governance / digital transformation,developed / implemented / adopted,government / public-sector institution / private-sector institution / academia / mixed stakeholders,national,"The document discusses Lebanon's digital transformation efforts, including the use of AI in governance and public services. It highlights various initiatives, such as the LEAP initiative, digital ID systems, e-payments, and predictive analytics. However, the evidence of measured improvements is partial, and the focus is on planned actions rather than achieved outcomes.",There is no explicit link to UNEP or UNEP-supported work in the document. The text does not mention UNEP or its activities.,"[""Lebanon’s digital leap: AI in governance and public services"", ""The LEAP initiative, a five-year roadmap to embed AI across government operations"", ""Investing in digital ID systems, e-payments, and predictive analytics to streamline services"", ""Committed to reskilling programs to build local AI expertise"", ""Developing a unified social registry to improve targeting and transparency in social programs"", ""Rolling out the National Digital Health Strategy (2025–2030)"", ""Building integrated health registries and traceability systems for better policy decisions""]"
Lebanon,2022–2026,2,World Environment Situation Room Lebanon environmental digital transformation launched data management artificial intelligence AI capacity skills environmental information system government stakeholder institution platform training after:2022-01-01 before:2026-01-01,A Primer for the 21st Century: The 5 Systemic Changes,https://roberthhacker.medium.com/a-primer-for-the-21st-century-the-5-systemic-changes-7e710e3c2321,The five systemic transformations are: 1. Science 2. Economic System 3. Political System 4. Environment 5. Education,340+ likes,roberthhacker_medium_com_A_Primer_for_the_21st_Century_The_5_Systemic_Chang.txt,False,False,0,0,none,none,unclear,unclear,"The document does not contain explicit evidence related to Lebanon or the time window 2022-2026, nor does it discuss improvements in data management, environmental data systems, or sustainable AI practices.",There is no mention of UNEP or UNEP-supported work in the document.,[]
Lebanon,2022–2026,2,World Environment Situation Room Lebanon environmental digital transformation launched data management artificial intelligence AI capacity skills environmental information system government stakeholder institution platform training after:2022-01-01 before:2026-01-01,"Gender, Digital Transformation and Artificial Intelligence ...",https://www.unido.org/sites/default/files/unido-publications/2023-11/Gender%2C%20Digital%20Transformation%20and%20Artificial%20Intelligence%20Report_0.pdf,"American Development Bank launched fAIr LAC, a toolkit designed to help governments and entrepreneurs address risks in AI and data management. As described ...",https://www.unido.org › files › unido-publications,www_unido_org_Gender_Digital_Transformation_and_Artificial_Intel.txt,False,False,0,0,none,none,none,none,"The document does not contain explicit evidence related to Lebanon during 2022-2026. It primarily focuses on gender gaps in technology and digital transformation, with a broader scope that does not specifically address environmental data management, sustainable AI practices, or capacity development in these areas for Lebanon.","There is no explicit link between UNEP or UNEP-supported work and improvements in data management, environmentally sustainable AI practices, or capacity/skills development in Lebanon during 2022-2026.",[]
Lebanon,2022–2026,2,World Environment Situation Room Lebanon environmental digital transformation launched data management artificial intelligence AI capacity skills environmental information system government stakeholder institution platform training after:2022-01-01 before:2026-01-01,Empowering Youth in Lebanon through Digital Upskilling and ...,https://www.alghurairfoundation.org/wp-content/uploads/2024/05/IGNITE-New.pdf,"Upskilling in digital technologies such as artificial intelligence (AI), data analytics, cloud computing, and cybersecurity can equip Arab youth with the ...",https://www.alghurairfoundation.org › 2024/05,www_alghurairfoundation_org_Empowering_Youth_in_Lebanon_through_Digital_Upskil.txt,True,False,40,0,capacity development / skills development,developed / implemented,government / public-sector institution / private-sector institution / civil society / mixed stakeholders,national,"The document discusses digital upskilling and education in Lebanon, focusing on improving digital skills for youth, but does not provide explicit evidence of measured improvements in environmental data management or sustainable AI practices. It emphasizes the importance of digital transformation, AI, and data literacy in driving economic growth and employability.",There is no explicit link between UNEP or UNEP-supported work and the digital upskilling initiatives in Lebanon discussed in the document.,"[""Upskilling in digital technologies such as artificial intelligence, data analytics, cloud computing, and cybersecurity"", ""Abdulla Al Ghurair Foundation is broadening its efforts in digital upskilling, scaling the UAE Nomu Initiative in Lebanon"", ""Equipping the youth with digital skills will help them pursue opportunities in international markets"", ""Digital upskilling fosters innovation and entrepreneurship by empowering individuals to leverage technology to create new products, services, and business models""]"
Lebanon,2022–2026,2,World Environment Situation Room Lebanon environmental digital transformation launched data management artificial intelligence AI capacity skills environmental information system government stakeholder institution platform training after:2022-01-01 before:2026-01-01,Considerations for Deploying Artificial Intelligence ...,https://www-pub.iaea.org/MTCD/publications/PDF/p15866-PUB2119_web.pdf,The adoption of AI technologies requires a concerted effort from the nuclear power industry to raise the readiness level of AI technologies from the research.,https://www-pub.iaea.org › publications › PDF,www-pub_iaea_org_Considerations_for_Deploying_Artificial_Intelligen.txt,False,False,0,0,none,none,unclear,unclear,"The document text does not contain any relevant information about digital transformation, environmental data management, sustainable AI, or capacity development evaluation for Lebanon or any other entity.",There is no mention of UNEP or UNEP-supported work in the document text.,[]
Lebanon,2022–2026,2,World Environment Situation Room Lebanon environmental digital transformation launched data management artificial intelligence AI capacity skills environmental information system government stakeholder institution platform training after:2022-01-01 before:2026-01-01,Towards a Socio-technical and Responsible AI ...,https://www.aub.edu.lb/ifi/Documents/Towards-Socio-technical-and-Responsible-AI-transformation-Lebanon.pdf,"As Lebanon embarks on a long overdue data and AI transformation, the daunting challenges and setbacks it has continuously grappled with raise substantially ...",https://www.aub.edu.lb › ifi › Documents › Tow...,www_aub_edu_lb_Towards_a_Socio_technical_and_Responsible_AI_.txt,True,False,40,0,data governance / data maturity framework / responsible AI / trustworthy machine learning,developed / proposed,government / public-sector institution / academic,national,"The document discusses a socio-technical and responsible AI transformation in Lebanon, proposing a framework for data democratization, responsible AI, and trustworthy machine learning. It outlines a data democratization maturity framework and a responsible AI framework, providing recommendations for Lebanon's AI strategy. However, it does not provide explicit evidence of measured improvements or uptake in data management or sustainable AI practices.",There is no explicit mention of UNEP or UNEP-supported work in the document.,"[""This Working Paper aims to augment a plethora of channels by which to support the LEAP roadmap using a socio-technical and responsible AI parlance, against a backdrop of talent exodus."", ""The guardrails we develop in this working paper give rise to a set of recommendations that we hope can drive the national AI strategy in Lebanon using state-of-the-art socio-technical metrics and guidelines."", ""A holistic approach to data democratization...integrates a plethora of socio-material components involving technology, culture, education, and governance to build an efficient and sustainable data ecosystem.""]"
Lebanon,2022–2026,2,World Environment Situation Room Lebanon environmental digital transformation launched data management artificial intelligence AI capacity skills environmental information system government stakeholder institution platform training after:2022-01-01 before:2026-01-01,UN Office of Information and Communications Technology on ...,https://www.instagram.com/reel/DJoy_NHP8VL/,Where we are providing a unified and efficient resources management system using an AI and IoT technology to reduce the waste and improve the quality and to ...,2 likes · 1 year ago,www_instagram_com_UN_Office_of_Information_and_Communications_Techno.txt,False,False,0,0,none,unclear,unclear,unclear,"The document does not contain explicit evidence related to Lebanon or the time window 2022-2026. It also does not discuss data management, environmentally sustainable AI practices, or capacity and skills development in these areas.","There is no explicit link between UNEP or UNEP-supported work and any improvement in data management, environmentally sustainable AI practices, or capacity/skills development in Lebanon.",[]
Lebanon,2022–2026,2,World Environment Situation Room Lebanon environmental digital transformation launched data management artificial intelligence AI capacity skills environmental information system government stakeholder institution platform training after:2022-01-01 before:2026-01-01,Digital Transformation with Africa,https://2021-2025.state.gov/digital-transformation-with-africa/,"In December 2022, President Biden launched the Digital Transformation with Africa (DTA) initiative to expand digital access and literacy and strengthen ...",https://2021-2025.state.gov › digital-transformation-wit...,2021-2025_state_gov_Digital_Transformation_with_Africa.txt,False,False,0,0,none,none,unclear,unclear,"The document does not contain explicit evidence related to 'Lebanon' or 'Lebanon' stakeholders/institutions in 2022–2026. It primarily discusses the U.S.-Africa Leaders Summit and the Digital Transformation with Africa (DTA) initiative, focusing on various African countries but not mentioning Lebanon.",There is no mention of UNEP or UNEP-supported work in the document related to 'Lebanon' or 'Lebanon' stakeholders/institutions in 2022–2026.,[]
Lebanon,2022–2026,2,World Environment Situation Room Lebanon environmental digital transformation launched data management artificial intelligence AI capacity skills environmental information system government stakeholder institution platform training after:2022-01-01 before:2026-01-01,2024 Universal Registration Document (PDF version),https://totalenergies.com/system/files/documents/totalenergies_universal-registration-document-2024_2025_en.pdf,"This Universal Registration Document is a reproduction in PDF format, translated into english, of the official version of the Universal Registration. Document ...",https://totalenergies.com › files › documents › tota...,totalenergies_com_2024_Universal_Registration_Document_PDF_version_.txt,False,False,0,0,none,none,unclear,unclear,"The document does not contain explicit evidence related to measured improvements in digital/data management and environmentally sustainable AI practices, capacity and skills development, or adoption of these practices in Lebanon during 2022-2026.","There is no explicit link between UNEP or UNEP-supported work and the measured improvement in data management, environmentally sustainable AI practices, or capacity/skills development in Lebanon during 2022-2026.",[]
Lebanon,2022–2026,2,World Environment Situation Room Lebanon environmental digital transformation launched data management artificial intelligence AI capacity skills environmental information system government stakeholder institution platform training after:2022-01-01 before:2026-01-01,22 Digital Transformation Examples for Companies and ...,https://digitalleadership.com/glossary/digital-transformation-examples/,This article delves into real-life digital transformation examples of companies that have not only embraced digital transformation but have thrived through ...,https://digitalleadership.com › glossary › digital-transfo...,digitalleadership_com_22_Digital_Transformation_Examples_for_Companies_a.txt,False,False,0,0,none,none,unclear,unclear,"The document does not contain any explicit evidence related to Lebanon or the time window 2022-2026. It discusses digital transformation examples across various industries but does not mention environmental data management, sustainable AI practices, or capacity and skills development in these areas.",There is no mention of UNEP or UNEP-supported work in the document.,[]
Lebanon,2022–2026,2,World Environment Situation Room Lebanon environmental digital transformation launched data management artificial intelligence AI capacity skills environmental information system government stakeholder institution platform training after:2022-01-01 before:2026-01-01,Digital Progress and Trends Report 2025: Strengthening AI ...,https://openknowledge.worldbank.org/server/api/core/bitstreams/f2509a0f-7153-4f32-b180-bc11e90c4940/content,Governments have a pivotal role to play in building and strengthening these critical foundations so that AI can take root and flourish in developing countries.,https://openknowledge.worldbank.org › content,openknowledge_worldbank_org_Digital_Progress_and_Trends_Report_2025_Strengthen.txt,False,False,0,0,none,none,unclear,unclear,No evidence found due to document fetch error.,No evidence found due to document fetch error.,[]
Lebanon,2022–2026,2,World Environment Situation Room Lebanon environmental digital transformation launched data management artificial intelligence AI capacity skills environmental information system government stakeholder institution platform training after:2022-01-01 before:2026-01-01,Triple bottom line sustainability and Innovation 5.0 ...,https://www.emerald.com/ejim/article/28/5/1965/1249805/Triple-bottom-line-sustainability-and-Innovation-5,"This study provides a detailed analysis of Industry 5.0, its technological elements and its relevance to creating Society 5.0, smart cities and digitalized ...",https://www.emerald.com › ejim › article › Triple-botto...,www_emerald_com_Triple_bottom_line_sustainability_and_Innovation_5.txt,False,False,0,0,none,none,unclear,unclear,"The document does not contain explicit evidence related to measured improvements in data management, environmentally sustainable AI practices, or capacity/skills development in Lebanon during 2022-2026.",There is no mention of UNEP or UNEP-supported work in the document.,[]
Lebanon,2022–2026,2,World Environment Situation Room Lebanon environmental digital transformation launched data management artificial intelligence AI capacity skills environmental information system government stakeholder institution platform training after:2022-01-01 before:2026-01-01,AI-Driven Social Protection: Enhancing Access and Delivery,https://www.csm.tech/blog-details/ai-driven-social-protection-enhancing-access-and-delivery,"AI is transforming social protection by enhancing efficiency, accuracy, and inclusivity across assessment, enrolment, provision, and monitoring processes.",https://www.csm.tech › blog-details › ai-driven-social-pr...,www_csm_tech_AI_Driven_Social_Protection_Enhancing_Access_and_D.txt,False,False,0,0,none,none,unclear,unclear,"The document does not contain explicit evidence related to measured improvements in data management, environmentally sustainable AI practices, or capacity/skills development in Lebanon during 2022-2026.","There is no explicit link between UNEP or UNEP-supported work and any improvements in data management, AI practices, or capacity development in the document.",[]
Lebanon,2022–2026,2,World Environment Situation Room Lebanon environmental digital transformation launched data management artificial intelligence AI capacity skills environmental information system government stakeholder institution platform training after:2022-01-01 before:2026-01-01,"Driving Lebanon's digital future with innovation, leadership ...",https://www.instagram.com/p/DQbWZuEjK6l/,"The vision for Lebanon in 2030 centers on a high-tech, sustainable recovery. Official plans focus on modernizing the health system through digitalization and ...",30+ likes,www_instagram_com_Driving_Lebanon_s_digital_future_with_innovation_l.txt,False,False,0,0,none,none,unclear,unclear,"The document does not contain explicit evidence of measured improvements in data management, environmentally sustainable AI practices, or capacity and skills development in Lebanon during 2022-2026.",There is no mention of UNEP or UNEP-supported work in the document.,[]
Lebanon,2022–2026,2,World Environment Situation Room Lebanon environmental digital transformation launched data management artificial intelligence AI capacity skills environmental information system government stakeholder institution platform training after:2022-01-01 before:2026-01-01,GLOBAL VALUE CHAIN DEVELOPMENT REPORT 2025,https://www.wto.org/english/res_e/booksp_e/gvcreport2025_e.pdf,It is based on joint research efforts to better understand the ongoing development and evolution of global value chains and their implications for economic ...,https://www.wto.org › english › res_e › booksp_e,www_wto_org_GLOBAL_VALUE_CHAIN_DEVELOPMENT_REPORT_2025.txt,False,False,0,0,none,none,none,none,"The document does not contain explicit evidence related to improved data management, environmental data systems/platforms/workflows, environmentally sustainable AI practices, or capacity/skills development in data management or AI for Lebanon during 2022-2026.","There is no explicit link between UNEP or UNEP-supported work and the measured improvement in data management, environmentally sustainable AI practices, or capacity/skills development in Lebanon during 2022-2026.",[]
Lebanon,2022–2026,2,World Environment Situation Room Lebanon environmental digital transformation launched data management artificial intelligence AI capacity skills environmental information system government stakeholder institution platform training after:2022-01-01 before:2026-01-01,UN Innovation Network | Projects,https://www.uninnovation.network/projects,A living library of innovation projects across the UN. Below you can see an overview of the innovation projects run by various UN Entities.,https://www.uninnovation.network › projects,www_uninnovation_network_UN_Innovation_Network_Projects.txt,False,False,0,0,none,none,unclear,global,"The document does not contain explicit evidence of measured improvements in data management and environmentally sustainable artificial intelligence practices, including capacity and skills development, among countries and stakeholders in Lebanon during 2022-2026.","There is no explicit link between UNEP or UNEP-supported work and the measured improvement in data management, environmentally sustainable AI practices, or capacity/skills development in Lebanon during 2022-2026.",[]
Lebanon,2022–2026,2,World Environment Situation Room Lebanon environmental digital transformation launched data management artificial intelligence AI capacity skills environmental information system government stakeholder institution platform training after:2022-01-01 before:2026-01-01,MITAI | Ministry of Technology & AI - Republic of Lebanon,https://www.mitai.gov.lb/,"Pioneering Lebanon's digital transformation through intelligent infrastructure, ethical AI, and citizen-centric innovation. Explore Vision. 2030 Targets.",https://www.mitai.gov.lb,www_mitai_gov_lb_MITAI_Ministry_of_Technology_AI_Republic_of_Lebano.txt,True,False,40,0,digital transformation / AI innovation / digital government portal,developed / under development,government,national,"The document mentions Lebanon's digital transformation initiative, a digital government portal, and a target of 80% digitized services, indicating some level of improvement in digital practices. However, there is no explicit evidence of measured improvements in environmental data management or sustainable AI practices.",There is no explicit link between UNEP or UNEP-supported work and the digital transformation initiatives mentioned in the document.,"[""Pioneering Lebanon's digital transformation through intelligent infrastructure, ethical AI, and citizen-centric innovation."", ""80% DIGITIZED SERVICES"", ""DIGITAL GOVERNMENT PORTAL"", ""LEAP – Path to 2030""]"
Lebanon,2022–2026,2,World Environment Situation Room Lebanon environmental digital transformation launched data management artificial intelligence AI capacity skills environmental information system government stakeholder institution platform training after:2022-01-01 before:2026-01-01,Artificial Intelligence Index Report 2025 | Stanford HAI,https://hai.stanford.edu/assets/files/hai_ai_index_report_2025.pdf,"Several countries launched billion-dollar national AI infrastructure initiatives, including major efforts to expand energy capacity to support AI development.",https://hai.stanford.edu › assets › files › hai_ai_ind...,hai_stanford_edu_Artificial_Intelligence_Index_Report_2025_Stanford.txt,False,False,0,0,none,none,unclear,global,"The document does not contain explicit evidence of measured improvements in data management and environmentally sustainable artificial intelligence practices, including capacity and skills development, among countries and stakeholders in Lebanon during 2022-2026.","There is no explicit link between UNEP or UNEP-supported work and the measured improvement in data management, environmentally sustainable AI practices, or capacity/skills development in Lebanon during 2022-2026.",[]
Lebanon,2022–2026,2,World Environment Situation Room Lebanon environmental digital transformation launched data management artificial intelligence AI capacity skills environmental information system government stakeholder institution platform training after:2022-01-01 before:2026-01-01,Lebanon National AI Strategy,https://daleel-madani.org/civil-society-directory/national-council-entrepreneurship-and-innovation/projects/lebanon-national-ai-strategy,"This initiative aims to position Lebanon as a leading hub for AI development and application in the region, by providing a comprehensive ecosystem of resources ...",https://daleel-madani.org › ... › Projects,daleel-madani_org_Lebanon_National_AI_Strategy.txt,True,False,40,0,AI practice / sustainable AI,developed,government / public-sector institution,national,"The document mentions the development of a national AI strategy for Lebanon, which indicates an improvement in AI practices. However, the evidence is limited, and it does not provide clear information on the implementation or operationalization of the strategy.",There is no explicit link between UNEP or UNEP-supported work and the development of the national AI strategy for Lebanon.,"[""Lebanon National AI Strategy"", ""development of a national AI strategy""]"
Lebanon,2022–2026,2,World Environment Situation Room Lebanon environmental digital transformation launched data management artificial intelligence AI capacity skills environmental information system government stakeholder institution platform training after:2022-01-01 before:2026-01-01,WiDS @ AUB By The Numbers! What started as a local ...,https://www.instagram.com/reel/DQTmZDqk_d2/,"In the DIGIWAVE project, we are working on a workshop to design a training program that helps women transition to or teaches them digital skills, so they can ...",30+ likes · 6 months ago,www_instagram_com_WiDS_AUB_By_The_Numbers_What_started_as_a_local_.txt,False,False,0,0,none,none,unclear,unclear,"The document does not contain any explicit evidence related to Lebanon or the time window 2022-2026. It appears to be a social media post about an event called WiDS @ AUB, which is not relevant to the task.",There is no mention of UNEP or any UNEP-supported work in the document.,[]
Lebanon,2022–2026,2,World Environment Situation Room Lebanon environmental digital transformation launched data management artificial intelligence AI capacity skills environmental information system government stakeholder institution platform training after:2022-01-01 before:2026-01-01,Digital @ DAI,https://dai-global-digital.com/,Generative artificial intelligence (AI) is a fascinating field that is taking the world by storm. It is a cutting-edge technology that allows algorithms to ...,https://dai-global-digital.com,dai-global-digital_com_Digital_DAI.txt,False,False,0,0,none,none,unclear,unclear,"The document does not contain explicit evidence related to measured improvements in digital/data/AI practices, capacity/skills development, adoption, operational use, or measurable change in Lebanon during 2022-2026.",There is no explicit link between UNEP or UNEP-supported work and any SP7.1 improvement/capacity/sustainable AI outcome in Lebanon during 2022-2026.,[]
Lebanon,2022–2026,2,World Environment Situation Room Lebanon environmental digital transformation launched data management artificial intelligence AI capacity skills environmental information system government stakeholder institution platform training after:2022-01-01 before:2026-01-01,Artificial Intelligence in Africa: Challenges and Opportunities,https://www.policycenter.ma/sites/default/files/2024-09/PB_23_24%20%28Azeroual%29%20%28EN%29.pdf,The integration of Artificial Intelligence (AI) in Africa presents promising prospects and substantial challenges. While some countries on the continent ...,https://www.policycenter.ma › sites › default › files,www_policycenter_ma_Artificial_Intelligence_in_Africa_Challenges_and_O.txt,False,False,0,0,none,none,unclear,unclear,No relevant information found.,No relevant information found.,[]
Lebanon,2022–2026,2,World Environment Situation Room Lebanon environmental digital transformation launched data management artificial intelligence AI capacity skills environmental information system government stakeholder institution platform training after:2022-01-01 before:2026-01-01,Digital Transformation for the Sustainable Development Goals,https://www.adb.org/sites/default/files/publication/1019656/digital-transformation-sustainable-development-goals.pdf,"The. Asian Development Bank (ADB) is poised to support developing member countries (DMCs) in their digital transformation, accelerate progress toward digital.",https://www.adb.org › default › files › publication,www_adb_org_Digital_Transformation_for_the_Sustainable_Develop.txt,False,False,0,0,none,none,unclear,unclear,"The document does not contain explicit evidence related to Lebanon during 2022-2026, and does not discuss improved data management, environmental data systems/platforms/workflows, environmentally sustainable AI practices, or capacity/skills development in these areas.","There is no explicit link between UNEP or UNEP-supported work and any improvements in data management, environmentally sustainable AI practices, or capacity/skills development in Lebanon during 2022-2026.",[]
Ghana,2018–2022,1,UNEP Digital Transformation Ghana data management training environment operationalized data management artificial intelligence AI capacity skills environmental information system government stakeholder institution platform training after:2018-01-01 before:2022-01-01,United Nations Activities on Artificial Intelligence (AI) 2020,https://www.itu.int/dms_pub/itu-s/opb/gen/S-GEN-UNACT-2020-1-PDF-E.pdf,Hence a need to engage AI experts to grow UN Environment's capacity in AI through training and project consultancy. – The visual modelling / algorithm tool ...,https://www.itu.int › dms_pub › itu-s › opb › gen,www_itu_int_United_Nations_Activities_on_Artificial_Intelligen.txt,False,False,0,0,none,none,unclear,unclear,No evidence found due to fetch error.,No evidence found due to fetch error.,[]
Lebanon,2022–2026,2,World Environment Situation Room Lebanon environmental digital transformation launched data management artificial intelligence AI capacity skills environmental information system government stakeholder institution platform training after:2022-01-01 before:2026-01-01,Artificial Intelligence in Emergency and Crisis Management,https://scientificadvice.eu/scientific-outputs/artificial-intelligence-in-emergency-and-crisis-management-rapid-evidence-review-report/,This document was published as part of our overall advice on Artificial Intelligence in Emergency and Crisis Management. Read the full advice ...,https://scientificadvice.eu › scientific-outputs › artificial...,scientificadvice_eu_Artificial_Intelligence_in_Emergency_and_Crisis_Ma.txt,False,False,0,0,none,none,none,none,"The document does not contain explicit evidence related to 'Lebanon' during 2022–2026. It primarily focuses on the use of Artificial Intelligence in Emergency and Crisis Management, with a broad perspective, and does not provide specific information about improvements in data management, environmentally sustainable AI practices, or capacity and skills development in 'Lebanon'.","There is no explicit link between UNEP or UNEP-supported work and the measured improvement in data management, environmentally sustainable AI practices, or capacity/skills development in 'Lebanon' (in 2022–2026). The document does not mention UNEP at all.",[]
Ghana,2018–2022,1,UNEP Digital Transformation Ghana data management training environment operationalized data management artificial intelligence AI capacity skills environmental information system government stakeholder institution platform training after:2018-01-01 before:2022-01-01,Propelling LDCs in the Digital Age: A 4IR Perspective for ...,https://hub.unido.org/sites/default/files/publications/Publication_4IR_LDC.pdf,"This chapter provides actionable recommendations for LDCs which are aligned with. UNIDO's 4IR Strategic Framework, i.e., skills development and capacity ...",https://hub.unido.org › default › files › publications,hub_unido_org_Propelling_LDCs_in_the_Digital_Age_A_4IR_Perspecti.txt,False,False,0,0,none,none,unclear,unclear,The document does not contain explicit evidence related to Ghana or the time window 2018-2022.,The document does not contain explicit evidence related to UNEP or UNEP-supported work.,[]
Ghana,2018–2022,1,UNEP Digital Transformation Ghana data management training environment operationalized data management artificial intelligence AI capacity skills environmental information system government stakeholder institution platform training after:2018-01-01 before:2022-01-01,ON ARTIFICIAL INTELLIGENCE STRATEGIES,https://sdgs.un.org/sites/default/files/2021-06/Resource%20Guide%20on%20AI%20Strategies_June%202021.pdf,The Guide represents a collaborative effort and reflects the input and contributions of experts in the field of technology and innovation.,https://sdgs.un.org › sites › default › files,sdgs_un_org_ON_ARTIFICIAL_INTELLIGENCE_STRATEGIES.txt,,,,,,,,,"[ERROR] Error code: 400 - {'error': {'message': ""Failed to generate JSON. Please adjust your prompt. See 'failed_generation' for more details."", 'type': 'invalid_request_error', 'code': 'json_validate_failed', 'failed_generation': '{\n\x05 Chapter 3: Developing an AI Strategy .................................................. ................................................... ........................ 15 A practical guide to developing a national AI strategy .................................................. ............................... 15 Developing an AI Strategy: A Guiding Framework .................................................. ......................... 21 3.5 Key components of AI Strategies .................................................. ................................................... .... 25 3.6.2 Data quality, integrity and standards .................................................. ............................................ 32 3.6.3 Data sharing and access .................................................. ................................................... .................. 33 \x02 \x02 \x02 \x02 \x02 assistant<|header_end|>\n}'}}",,[]
Ghana,2018–2022,1,UNEP Digital Transformation Ghana data management training environment operationalized data management artificial intelligence AI capacity skills environmental information system government stakeholder institution platform training after:2018-01-01 before:2022-01-01,AI for Good Impact Report,https://s41721.pcdn.co/wp-content/uploads/2021/06/eBat-2402309_AI-for-Good-Impact-Report-E-v6.pdf,Training Data: The dataset used to train an AI or machine learning model. The quality and quantity of training data significantly impact the model's performance ...,https://s41721.pcdn.co › uploads › 2021/06 › eB...,s41721_pcdn_co_AI_for_Good_Impact_Report.txt,False,False,0,0,none,none,none,none,The document does not contain explicit evidence of measured improvements in data management and environmentally sustainable artificial intelligence practices in Ghana during 2018-2022.,"There is no explicit link between UNEP or UNEP-supported work and measured improvements in data management, environmentally sustainable AI practices, or capacity/skills development in Ghana during 2018-2022.",[]
Ghana,2018–2022,1,UNEP Digital Transformation Ghana data management training environment operationalized data management artificial intelligence AI capacity skills environmental information system government stakeholder institution platform training after:2018-01-01 before:2022-01-01,In a bid to accelerate the use of digital & smart agriculture ...,https://www.facebook.com/kiplimoarap/posts/in-a-bid-to-accelerate-the-use-of-digital-smart-agriculture-solutions-we-have-em/1897684727078866/,"In a bid to accelerate the use of digital & smart agriculture solutions, we have embarked on a PHASE II drive to accelerate the adoption of digital...",50+ reactions,www_facebook_com_In_a_bid_to_accelerate_the_use_of_digital_smart_ag.txt,False,False,0,0,none,none,unclear,unclear,"The document does not contain explicit evidence related to measured improvements in data management, environmentally sustainable AI practices, or capacity/skills development in Ghana during 2018-2022.",There is no mention of UNEP or UNEP-supported work in the document.,[]
Ghana,2018–2022,1,UNEP Digital Transformation Ghana data management training environment operationalized data management artificial intelligence AI capacity skills environmental information system government stakeholder institution platform training after:2018-01-01 before:2022-01-01,FUTURE OF KNOWLEDGE,https://knowledge4all.com/admin/Reports/FOK_2021En.pdf,"In particular, it focuses on how countries can leverage the power of technology and knowledge to build resilience to future shocks, advance economic growth, and ...",https://knowledge4all.com › admin › Reports,knowledge4all_com_FUTURE_OF_KNOWLEDGE.txt,False,False,0,0,none,none,none,none,"The document does not contain explicit evidence related to measured improvements in data management, environmental data systems/platforms/workflows, environmentally sustainable AI practices, or capacity/skills development in Ghana during 2018-2022.","There is no explicit link between UNEP or UNEP-supported work and the measured improvement in data management, environmentally sustainable AI practices, or capacity/skills development in Ghana during 2018-2022.",[]
Ghana,2018–2022,1,UNEP Digital Transformation Ghana data management training environment operationalized data management artificial intelligence AI capacity skills environmental information system government stakeholder institution platform training after:2018-01-01 before:2022-01-01,The Role of Lighthouse Projects,https://www3.weforum.org/docs/WEF_Lighthouse_Project_Report.pdf,"Each of these Lighthouse Projects describes the ways in which stakeholders are making concrete progress to address the pressing societal, economic,.",https://www3.weforum.org › docs › WEF_Light...,www3_weforum_org_The_Role_of_Lighthouse_Projects.txt,False,False,0,0,none,none,none,none,"The document does not contain explicit evidence of measured improvements in data management and environmentally sustainable artificial intelligence practices, including capacity and skills development, among countries and stakeholders in Ghana during 2018-2022.","There is no explicit link between UNEP or UNEP-supported work and the measured improvement in data management, environmentally sustainable AI practices, or capacity/skills development in Ghana during 2018-2022.",[]
Ghana,2018–2022,1,UNEP Digital Transformation Ghana data management training environment operationalized data management artificial intelligence AI capacity skills environmental information system government stakeholder institution platform training after:2018-01-01 before:2022-01-01,Big Data and the Sustainable Development Goals: ...,https://files.unsdsn.org/Big%2BData-report%2BFINAL.pdf,Mapping poverty through data integration and artificial intelligence. A ... SoilGrids250m: Global gridded soil information based on machine learning.,https://files.unsdsn.org › Big+Data-report+FINAL,files_unsdsn_org_Big_Data_and_the_Sustainable_Development_Goals_.txt,False,False,0,0,none,none,unclear,global,"The document does not contain explicit evidence of measured improvements in data management and environmentally sustainable artificial intelligence practices, including capacity and skills development, among Ghana or stakeholders/institutions in Ghana (in 2018–2022).","There is no explicit link between UNEP (United Nations Environment Programme), UNEP Digital Transformation work, WESR, or UNEP-supported work to the measured improvement in data management, environmentally sustainable AI practices, or capacity/skills development in Ghana (in 2018–2022).",[]
Ghana,2018–2022,1,UNEP Digital Transformation Ghana data management training environment operationalized data management artificial intelligence AI capacity skills environmental information system government stakeholder institution platform training after:2018-01-01 before:2022-01-01,Digital Economy Report 2021,https://unctad.org/system/files/official-document/der2021_en.pdf,The COVID-19 pandemic has accelerated the process of digital transformation and added urgency for. Governments to respond. A key challenge is how to govern and ...,https://unctad.org › system › files › der2021_en,unctad_org_Digital_Economy_Report_2021.txt,False,False,0,0,none,none,unclear,unclear,The document is not relevant to the task as it does not contain explicit evidence of measured improvements in data management and environmentally sustainable artificial intelligence practices in Ghana during 2018-2022.,"There is no explicit link between UNEP or UNEP-supported work and the measured improvement in data management, environmentally sustainable AI practices, or capacity/skills development in Ghana during 2018-2022.",[]
Ghana,2018–2022,1,UNEP Digital Transformation Ghana data management training environment operationalized data management artificial intelligence AI capacity skills environmental information system government stakeholder institution platform training after:2018-01-01 before:2022-01-01,Climate Change AI Workshop Papers,https://www.climatechange.ai/papers,"On this page, we show accepted works from all our workshops on ""Tackling Climate Change with Machine Learning.""",https://www.climatechange.ai › papers,www_climatechange_ai_Climate_Change_AI_Workshop_Papers.txt,False,False,0,0,none,none,none,unclear,"The document does not contain explicit evidence of measured improvements in data management and environmentally sustainable artificial intelligence practices, including capacity and skills development, among countries and stakeholders in Ghana during 2018-2022.","There is no explicit link between UNEP or UNEP-supported work and the measured improvement in data management, environmentally sustainable AI practices, or capacity/skills development in Ghana during 2018-2022.",[]
Ghana,2018–2022,1,UNEP Digital Transformation Ghana data management training environment operationalized data management artificial intelligence AI capacity skills environmental information system government stakeholder institution platform training after:2018-01-01 before:2022-01-01,UNESCO Science Report: the race against time for smarter ...,https://unesdoc.unesco.org/ark:/48223/pf0000377433.locale=en,Artificial intelligence (AI) • NITI Aayog published a National Strategy for Artificial Intelligence (2018) to leverage AI technologies to improve health ...,https://unesdoc.unesco.org › ark:,unesdoc_unesco_org_UNESCO_Science_Report_the_race_against_time_for_sm.txt,False,False,0,0,none,none,unclear,unclear,"The document is not relevant to the task as it does not contain information about Ghana, the time window 2018-2022, or explicit evidence of measured improvements in data management and environmentally sustainable artificial intelligence practices.",There is no explicit link to UNEP or UNEP-supported work in the provided document.,[]
Ghana,2018–2022,1,UNEP Digital Transformation Ghana data management training environment operationalized data management artificial intelligence AI capacity skills environmental information system government stakeholder institution platform training after:2018-01-01 before:2022-01-01,First Global Report,https://environmentalmigration.iom.int/sites/g/files/tmzbdl1411/files/documents/2023-11/environmental_rule_of_law.pdf,"“This compelling new report solves the mystery of why problems such as pollution, declining biodiversity and climate change persist despite the proliferation of ...",https://environmentalmigration.iom.int › files › e...,environmentalmigration_iom_int_First_Global_Report.txt,False,False,0,0,none,none,none,none,"The document does not contain explicit evidence related to improved data management, environmental data systems/platforms/workflows, environmentally sustainable AI practices, or capacity/skills development in data management or AI in Ghana during 2018-2022.","The document does not explicitly link UNEP or UNEP-supported work to enabling, supporting, improving, training, implementing, or operationalizing SP7.1 outcomes in Ghana during 2018-2022.",[]
Ghana,2018–2022,1,UNEP Digital Transformation Ghana data management training environment operationalized data management artificial intelligence AI capacity skills environmental information system government stakeholder institution platform training after:2018-01-01 before:2022-01-01,Climate Cooperation and Competition: Leveraging ...,https://www.csis.org/analysis/climate-cooperation-and-competition-leveraging-sustainable-development-goal-13,UN Sustainable Development Goal 13 (SDG13) on combatting climate change and its impacts is a particularly useful foundation for the Biden administration's ...,https://www.csis.org › analysis › climate-cooperation-an...,www_csis_org_Climate_Cooperation_and_Competition_Leveraging_.txt,False,False,0,0,none,none,unclear,global,"The document does not contain explicit evidence of measured improvements in data management and environmentally sustainable artificial intelligence practices, including capacity and skills development, among countries and stakeholders in Ghana during 2018-2022.","There is no explicit link between UNEP or UNEP-supported work and the measured improvement in data management, environmentally sustainable AI practices, or capacity/skills development in Ghana during 2018-2022.",[]
Ghana,2018–2022,1,UNEP Digital Transformation Ghana data management training environment operationalized data management artificial intelligence AI capacity skills environmental information system government stakeholder institution platform training after:2018-01-01 before:2022-01-01,"hearing on technology, trade, and military-civil","https://www.uscc.gov/sites/default/files/2019-10/June%207,%202019%20Hearing%20Transcript.pdf","This hearing examined China's development of artificial intelligence, new materials, and energy storage, renewable energy, and nuclear power. It assessed ...",https://www.uscc.gov › sites › default › files,www_uscc_gov_hearing_on_technology_trade_and_military_civil.txt,False,False,0,0,none,none,unclear,unclear,No relevant information found,No relevant information found,[]
Ghana,2018–2022,1,UNEP Digital Transformation Ghana data management training environment operationalized data management artificial intelligence AI capacity skills environmental information system government stakeholder institution platform training after:2018-01-01 before:2022-01-01,News Archives - APRU,https://www.apru.org/tag/news/,"APRU expands access to education through a wide variety of programmes, builds professional capacity and enhances student engagement and the development of ...",https://www.apru.org › tag › news,www_apru_org_News_Archives_APRU.txt,False,False,0,0,none,none,none,none,"The document does not contain explicit evidence related to measured improvements in digital/data management, environmentally sustainable AI practices, or capacity/skills development in Ghana during 2018-2022.","There is no explicit link between UNEP or UNEP-supported work and the described improvements in digital/data management, environmentally sustainable AI practices, or capacity/skills development in Ghana during 2018-2022.",[]
Ghana,2018–2022,1,UNEP Digital Transformation Ghana data management training environment operationalized data management artificial intelligence AI capacity skills environmental information system government stakeholder institution platform training after:2018-01-01 before:2022-01-01,Innovations for Sustainability,https://pure.iiasa.ac.at/id/eprint/16533/1/TWI2050-web-2.pdf,"The emergence and diffusion of digital innovations including the internet of things (IoT), artificial intelligence (AI), 3D printing. (sometimes called ...",https://pure.iiasa.ac.at › eprint › TWI2050-web-2,pure_iiasa_ac_at_Innovations_for_Sustainability.txt,False,False,0,0,none,none,unclear,unclear,No relevant information found due to document fetch error.,No relevant information found due to document fetch error.,[]
Ghana,2018–2022,1,UNEP Digital Transformation Ghana data management training environment operationalized data management artificial intelligence AI capacity skills environmental information system government stakeholder institution platform training after:2018-01-01 before:2022-01-01,'Ideas Paper' Action Track 3: Boost Nature-Positive ...,https://www.unfoodsystemshub.org/docs/unfoodsystemslibraries/fss-community/action-track-synthesis-reports/at3_synthesis-report-game-changing-and-systemic-solutions---wave-1.pdf,"Incorporate food trees with complementary crops into degraded landscapes to produce more nutrient-rich foods, restore degraded soils, and contribute to climate.",https://www.unfoodsystemshub.org › docs › at3_...,www_unfoodsystemshub_org__Ideas_Paper_Action_Track_3_Boost_Nature_Positive_.txt,False,False,0,0,none,none,none,none,"The document does not contain explicit evidence related to improved data management, environmental data systems/platforms/workflows, environmentally sustainable AI practices, capacity or skills development in data management or AI, or measured uptake or institutional improvement in these areas for Ghana during 2018-2022.","There is no explicit link between UNEP or UNEP-supported work and the measured improvement in data management, environmentally sustainable AI practices, or capacity/skills development in Ghana during 2018-2022.",[]
Ghana,2018–2022,1,UNEP Digital Transformation Ghana data management training environment operationalized data management artificial intelligence AI capacity skills environmental information system government stakeholder institution platform training after:2018-01-01 before:2022-01-01,MEASURING AND MONITORING SDGs,https://unece.org/sites/default/files/2021-04/2012761_E_web.pdf,"3. Full responsibility means that the NSO is responsible for all SDG measurement and monitoring in the country, using both its own data and data it obtains from ...",https://unece.org › default › files › 2012761_E_web,unece_org_MEASURING_AND_MONITORING_SDGs.txt,False,False,0,0,none,none,unclear,unclear,The document does not contain explicit evidence of measured improvements in data management and environmentally sustainable artificial intelligence practices in Ghana during 2018-2022.,"There is no explicit link between UNEP or UNEP-supported work and the measured improvement in data management, environmentally sustainable AI practices, or capacity/skills development in Ghana during 2018-2022.",[]
Ghana,2018–2022,1,UNEP Digital Transformation Ghana data management training environment operationalized data management artificial intelligence AI capacity skills environmental information system government stakeholder institution platform training after:2018-01-01 before:2022-01-01,EVALUATION FOR TRANSFORMATIONAL CHANGE,https://ideas-global.org/wp-content/uploads/2019/11/2019-11-05-Final_IDEAS_EvaluationForTransformationalChange.pdf,This chapter portrays some of the developments that have taken place and analyses how these transformations will be shaping the capacity of government to re-.,https://ideas-global.org › uploads › 2019/11 › 20...,ideas-global_org_EVALUATION_FOR_TRANSFORMATIONAL_CHANGE.txt,False,False,0,0,none,unclear,unclear,unclear,"The document does not contain explicit evidence related to improved data management, environmental data systems/platforms/workflows, environmentally sustainable AI practices, or capacity/skills development in data management or AI for Ghana during 2018-2022.","There is no explicit link between UNEP or UNEP-supported work and the measured improvement in data management, environmentally sustainable AI practices, or capacity/skills development in Ghana during 2018-2022.",[]
Ghana,2018–2022,1,UNEP Digital Transformation Ghana data management training environment operationalized data management artificial intelligence AI capacity skills environmental information system government stakeholder institution platform training after:2018-01-01 before:2022-01-01,Ghana Country Environmental Analysis - Documents & Reports,https://documents1.worldbank.org/curated/en/419871588578973802/pdf/Ghana-Country-Environmental-Analysis.pdf,Data and information management. EPA can develop a database management system with paper-based procedures replaced by auto- mation and deployment of ...,https://documents1.worldbank.org › curated › pdf,documents1_worldbank_org_Ghana_Country_Environmental_Analysis_Documents_Rep.txt,False,False,0,0,none,none,unclear,national,"The document does not contain explicit evidence of measured improvements in data management and environmentally sustainable artificial intelligence practices, including capacity and skills development, among countries and stakeholders in Ghana during 2018-2022.","There is no explicit link between UNEP or UNEP-supported work and the measured improvement in data management, environmentally sustainable AI practices, or capacity/skills development in Ghana during 2018-2022.",[]
Ghana,2018–2022,1,UNEP Digital Transformation Ghana data management training environment operationalized data management artificial intelligence AI capacity skills environmental information system government stakeholder institution platform training after:2018-01-01 before:2022-01-01,GCA State and Trends in Adaptation Report 2021: Africa,https://gca.org/wp-content/uploads/2021/10/GCA_State-and-Trends-in-Adaptation-2021-Africa_full-report_low-res.pdf,"This new report from the Global Center on. Adaptation, State and Trends in Adaptation 2021, combines in-depth analyses, case studies, and viewpoints from those ...",https://gca.org › wp-content › uploads › 2021/10,gca_org_GCA_State_and_Trends_in_Adaptation_Report_2021_Afr.txt,False,False,0,0,none,none,none,none,"The document does not contain explicit evidence of measured improvements in data management and environmentally sustainable artificial intelligence practices, including capacity and skills development, among countries and stakeholders in Ghana during 2018-2022.","The document does not explicitly link UNEP or UNEP-supported work to the measured improvement in data management, environmentally sustainable AI practices, or capacity/skills development in Ghana during 2018-2022.",[]
Ghana,2018–2022,1,UNEP Digital Transformation Ghana data management training environment operationalized data management artificial intelligence AI capacity skills environmental information system government stakeholder institution platform training after:2018-01-01 before:2022-01-01,Find A Tool,https://resourcegovernance.org/sites/default/files/documents/nrgi_measuring_environmental_and_social_impacts_tool_explorer_2019.xlsx,Mosaic offers methods for aggregating data about the energy profile and operational activities of an organization. Automated conversions and calculations help ...,https://resourcegovernance.org › files › documents,resourcegovernance_org_Find_A_Tool.txt,False,False,0,0,none,none,unclear,unclear,,,[]
Ghana,2018–2022,1,UNEP Digital Transformation Ghana data management training environment operationalized data management artificial intelligence AI capacity skills environmental information system government stakeholder institution platform training after:2018-01-01 before:2022-01-01,Mineral Resource Governance in the 21st Century,https://www.greenpolicyplatform.org/sites/default/files/downloads/resource/irp-mineral_resource_governance-full_report-feb2020_compressed_compressed%20(1).pdf,"environmental information and data, including environmental and social impact assessment reports and management plans. Environmental data are important for ...",https://www.greenpolicyplatform.org › downloads,www_greenpolicyplatform_org_Mineral_Resource_Governance_in_the_21st_Century.txt,False,False,0,0,none,none,none,none,"The document does not contain explicit evidence related to improved data management, environmental data systems/platforms/workflows, environmentally sustainable AI practices, or capacity/skills development in data management or AI in Ghana during 2018-2022.","There is no explicit link between UNEP or UNEP-supported work and the measured improvement in data management, environmentally sustainable AI practices, or capacity/skills development in Ghana during 2018-2022.",[]
Ghana,2018–2022,1,UNEP Digital Transformation Ghana data management training environment operationalized data management artificial intelligence AI capacity skills environmental information system government stakeholder institution platform training after:2018-01-01 before:2022-01-01,TOWARDS THE LOCALIZATION OF THE SDGs,https://www.global-taskforce.org/sites/default/files/2021-07/5th%20report_gtf_hlpf_2021.pdf,"professional and vocational training and upskilling on soft and digital skills, and tackling the administrative, economic and technological barriers that.",https://www.global-taskforce.org › default › files,www_global-taskforce_org_TOWARDS_THE_LOCALIZATION_OF_THE_SDGs.txt,False,False,0,0,none,none,none,none,"The document does not contain explicit evidence related to Ghana or the time window 2018-2022, nor does it discuss digital/data management practices, environmentally sustainable AI, or capacity/skills development in these areas.",There is no mention of UNEP or UNEP-supported work in the provided document.,[]
Ghana,2018–2022,1,UNEP Digital Transformation Ghana data management training environment operationalized data management artificial intelligence AI capacity skills environmental information system government stakeholder institution platform training after:2018-01-01 before:2022-01-01,World Trade Report 2020,https://www.wto.org/english/res_e/booksp_e/wtr20_e/wtr20_e.pdf,"The World Trade Report is an annual publication that aims to deepen understanding about trends in trade, trade policy issues and the multilateral trading system ...",https://www.wto.org › res_e › wtr20_e › wtr20_e,www_wto_org_World_Trade_Report_2020.txt,False,False,0,0,none,none,none,none,"The document does not contain explicit evidence related to improved data management, environmental data systems/platforms/workflows, environmentally sustainable AI practices, capacity or skills development in data management or AI, or measured uptake or institutional improvement in these areas for Ghana during 2018-2022.","There is no explicit link between UNEP or UNEP-supported work and the measured improvement in data management, environmentally sustainable AI practices, or capacity/skills development in Ghana during 2018-2022.",[]
Ghana,2018–2022,1,UNEP Digital Transformation Ghana data management training environment operationalized data management artificial intelligence AI capacity skills environmental information system government stakeholder institution platform training after:2018-01-01 before:2022-01-01,About us - AI for Good - ITU,https://aiforgood.itu.int/about-us/,"The mission of AI for Good is to unlock AI's potential to serve humanity through building skills, AI standards, and advancing partnerships. AI for Good is ...",https://aiforgood.itu.int › about-us,aiforgood_itu_int_About_us_AI_for_Good_ITU.txt,False,False,0,0,none,none,unclear,unclear,No relevant information found.,No relevant information found.,[]
Ghana,2018–2022,1,UNEP Digital Transformation Ghana data management training environment operationalized data management artificial intelligence AI capacity skills environmental information system government stakeholder institution platform training after:2018-01-01 before:2022-01-01,Building resilience: New strategies for strengthening ...,https://www.oecd.org/content/dam/oecd/en/publications/reports/2021/11/building-resilience_6b655137/354aa2aa-en.pdf,"By accessing monitoring data using sensors, digital technologies, and artificial intelligence techniques, smart/intelligent infrastructure can develop self ...",https://www.oecd.org › oecd › reports › 2021/11,www_oecd_org_Building_resilience_New_strategies_for_strengtheni.txt,False,False,0,0,none,none,none,none,"The document does not contain explicit evidence related to improved data management, environmental data systems/platforms/workflows, environmentally sustainable AI practices, or capacity/skills development in data management or AI in Ghana during 2018-2022.","There is no explicit link between UNEP or UNEP-supported work and the measured improvement in data management, environmentally sustainable AI practices, or capacity/skills development in Ghana during 2018-2022.",[]
Ghana,2018–2022,1,UNEP Digital Transformation Ghana data management training environment operationalized data management artificial intelligence AI capacity skills environmental information system government stakeholder institution platform training after:2018-01-01 before:2022-01-01,Private-sector action in adaptation: Perspectives on the ...,https://unepccc.org/wp-content/uploads/2019/04/msme-adaptation-updated-web-2.pdf,"(Eds.) (2018). Private-sector action in adaptation: Perspectives on the role of micro, small and medium size enterprises. UNEP DTU Partnership.",https://unepccc.org › uploads › 2019/04 › msme...,unepccc_org_Private_sector_action_in_adaptation_Perspectives_o.txt,False,False,0,0,none,none,academic / research institution,global,"The document does not contain explicit evidence related to improved data management, environmental data systems/platforms/workflows, environmentally sustainable AI practices, or capacity/skills development in data management or AI in Ghana during 2018-2022.","The document does not explicitly link UNEP or UNEP-supported work to enabling, supporting, improving, training, implementing, or operationalizing any SP7.1 outcomes.","[""No relevant evidence found""]"
Ghana,2018–2022,1,UNEP Digital Transformation Ghana data management training environment operationalized data management artificial intelligence AI capacity skills environmental information system government stakeholder institution platform training after:2018-01-01 before:2022-01-01,SOUTH AFRICA'S THIRD NATIONAL COMMUNICATION,https://unfccc.int/sites/default/files/resource/South%20African%20TNC%20Report%20%20to%20the%20UNFCCC_31%20Aug.pdf,"These include the national Departments of Environmental Affairs, Energy, Mineral Resources,. Basic & Higher Education, Health, Agriculture, Forestry & Fisheries ...",https://unfccc.int › sites › default › files › resource,unfccc_int_SOUTH_AFRICA_S_THIRD_NATIONAL_COMMUNICATION.txt,False,False,0,0,none,none,government,national,The document is about South Africa's third national communication under the United Nations Framework Convention on Climate Change and does not contain any information about Ghana or its digital/data management/sustainable AI practices.,There is no mention of UNEP or its support in the provided document.,"[""...""]"
Ghana,2018–2022,1,UNEP Digital Transformation Ghana data management training environment operationalized data management artificial intelligence AI capacity skills environmental information system government stakeholder institution platform training after:2018-01-01 before:2022-01-01,2021 Sustainable Development Report,https://www.se.com/ww/en/assets/564/document/322964/sustainability-report-2021.pdf,The Group is now a world corporate leader in sustainability and a key enabler for all stakeholders in its ecosystem to accelerate their own energy efficiency ...,https://www.se.com › sustainability-report-2021,www_se_com_2021_Sustainable_Development_Report.txt,False,False,0,0,none,none,unclear,unclear,"The document does not contain explicit evidence of measured improvements in data management and environmentally sustainable artificial intelligence practices, capacity and skills development, or adoption of digital tools and sustainable AI practices in Ghana during 2018-2022.","There is no explicit link between UNEP or UNEP-supported work and the measured improvement in data management, environmentally sustainable AI practices, or capacity/skills development in Ghana during 2018-2022.",[]
Ghana,2018–2022,1,UNEP Digital Transformation Ghana data management training environment operationalized data management artificial intelligence AI capacity skills environmental information system government stakeholder institution platform training after:2018-01-01 before:2022-01-01,Papua New Guinea's Enhanced Nationally Determined ...,https://pacificndc.org/sites/default/files/2020-12/PNG%20Enhanced%20NDC%202020_3.pdf,"Promote the use of drone GIS mapping, artificial intelligence (AI) and internet of things (IoT) technology to mitigate flooding, both inland and islands.",https://pacificndc.org › sites › default › files,pacificndc_org_Papua_New_Guinea_s_Enhanced_Nationally_Determined_.txt,False,False,0,0,none,none,government,national,"The document is about Papua New Guinea's Nationally Determined Contribution and does not contain any information about Ghana or digital transformation, environmental data management, sustainable AI, or capacity development evaluation.",There is no mention of UNEP or any UNEP-supported work in the document.,"[""Papua New Guinea’s Nationally Determined Contribution"", ""Climate Change and Development Authority"", ""United Nations Framework Convention on Climate Change""]"
Ghana,2018–2022,1,UNEP Digital Transformation Ghana data management training environment operationalized data management artificial intelligence AI capacity skills environmental information system government stakeholder institution platform training after:2018-01-01 before:2022-01-01,Growing Better:,https://www.foodandlandusecoalition.org/wp-content/uploads/2019/09/FOLU-GrowingBetter-GlobalReport.pdf,Transforming the world's food and land use systems is necessary to achieve the targets for climate and sustainable development set out in the 2015 Sustainable.,https://www.foodandlandusecoalition.org › 2019/09,www_foodandlandusecoalition_org_Growing_Better_.txt,False,False,0,0,none,none,unclear,unclear,"Document could not be retrieved, no evidence available.","Document could not be retrieved, no evidence available.",[]
Ghana,2018–2022,1,UNEP Digital Transformation Ghana data management training environment operationalized data management artificial intelligence AI capacity skills environmental information system government stakeholder institution platform training after:2018-01-01 before:2022-01-01,Sustainability | May-1 2021 - Browse Articles,https://www.mdpi.com/2071-1050/13/09,"Sustainable development embraces a broad spectrum of social, economic and ecological aspects. Thus, a sustainable transformation process of energy systems is ...",https://www.mdpi.com › ...,www_mdpi_com_Sustainability_May_1_2021_Browse_Articles.txt,False,False,0,0,none,none,unclear,unclear,"The document provided does not contain any explicit evidence related to Ghana or the time window 2018-2022. The articles discussed in the document are from various topics and do not mention digital transformation, environmental data management, sustainable AI, or capacity development evaluation in Ghana.",There is no mention of UNEP or UNEP-supported work in the provided document.,[]
Ghana,2018–2022,1,UNEP Digital Transformation Ghana data management training environment operationalized data management artificial intelligence AI capacity skills environmental information system government stakeholder institution platform training after:2018-01-01 before:2022-01-01,National Renewable Energy Action Plan (NREAP) of São ...,https://www.gn-sec.net/sites/default/files/documents/files/120222_nreap_stp_english.pdf,"framework, and training and capacity building of the government areas involved in the management of the energy sector, as well as other stakeholders. With ...",https://www.gn-sec.net › 120222_nreap_stp_english,www_gn-sec_net_National_Renewable_Energy_Action_Plan_NREAP_of_S_o.txt,False,False,0,0,none,none,none,none,"The document is about São Tomé and Príncipe, not Ghana, and does not contain evidence of measured improvements in data management and environmentally sustainable artificial intelligence practices, capacity and skills development, or other relevant areas.","The document does not mention UNEP or UNEP-supported work related to the improvements in data management, environmentally sustainable AI practices, or capacity/skills development in Ghana.",[]
Ghana,2018–2022,1,UNEP Digital Transformation Ghana data management training environment operationalized data management artificial intelligence AI capacity skills environmental information system government stakeholder institution platform training after:2018-01-01 before:2022-01-01,THE FUTURE IS NOW,https://unitar.org/sites/default/files/media/file/The%20Future%20is%20now%20GSDR%20Report%202019.pdf,"Those issues include new technologies, digital and economic transformation, environmental degradation, biodiversity loss, climate change, and the management of.",https://unitar.org › default › files › media › file,unitar_org_THE_FUTURE_IS_NOW.txt,False,False,0,0,none,none,unclear,unclear,No relevant information found.,No UNEP attribution found.,[]
Ghana,2018–2022,1,UNEP Digital Transformation Ghana data management training environment operationalized data management artificial intelligence AI capacity skills environmental information system government stakeholder institution platform training after:2018-01-01 before:2022-01-01,Sessional paper No.....of 2012 On Kenya Vision 2030,https://vision2030.go.ke/wp-content/uploads/2018/05/Sessional-paper-No.-10-of-2012-On-Kenya-Vision-2030.pdf,• Upgrade the capacity of institutions for enhanced environmental data and information coverage and application;. • Develop a policy framework to harmonise ...,https://vision2030.go.ke › uploads › 2018/05 › S...,vision2030_go_ke_Sessional_paper_No_of_2012_On_Kenya_Vision_2030.txt,False,False,0,0,none,none,unclear,unclear,The document text provided is not related to Ghana or the time window 2018-2022. It appears to be an error message from a failed HTTPS connection attempt to a Kenyan website.,There is no UNEP attribution or mention of UNEP in the provided text.,[]
Ghana,2018–2022,1,UNEP Digital Transformation Ghana data management training environment operationalized data management artificial intelligence AI capacity skills environmental information system government stakeholder institution platform training after:2018-01-01 before:2022-01-01,Record of Proceedings,https://gggi.org/wp-content/uploads/2021/12/GGGWeek2021-Proceedings_20211216_.pdf,and improve their environmental information systems that collect and collate the data needed.217 ESSAT is developed by the United Nations Statistics ...,https://gggi.org › wp-content › uploads › 2021/12,gggi_org_Record_of_Proceedings.txt,False,False,0,0,none,none,unclear,unclear,No evidence found due to document fetch error.,No evidence found due to document fetch error.,[]
Ghana,2018–2022,1,UNEP Digital Transformation Ghana data management training environment operationalized data management artificial intelligence AI capacity skills environmental information system government stakeholder institution platform training after:2018-01-01 before:2022-01-01,Annual Report - 2020,https://unhabitat.org/sites/default/files/2021/05/annual_progress_report_2020_final.pdf,This Annual Report summarizes. UN-Habitat's achievements in the first year of the Strategic Plan 2020–2023 which focuses on working in the most pressing areas ...,https://unhabitat.org › default › files › 2021/05,unhabitat_org_Annual_Report_2020.txt,False,False,0,0,none,none,UN or international organization,national,"The document does not contain explicit evidence of measured improvements in data management and environmentally sustainable artificial intelligence practices, including capacity and skills development, among countries and stakeholders in Ghana during 2018-2022.","The document does not explicitly link UNEP or UNEP-supported work to the measured improvement in data management, environmentally sustainable AI practices, or capacity/skills development in Ghana during 2018-2022.",[]
Ghana,2018–2022,1,UNEP Digital Transformation Ghana data management training environment operationalized data management artificial intelligence AI capacity skills environmental information system government stakeholder institution platform training after:2018-01-01 before:2022-01-01,The State of World Fisheries and Aquaculture 2022,https://openknowledge.fao.org/server/api/core/bitstreams/a2090042-8cda-4f35-9881-16f6302ce757/content,This flagship publication is part of The State of the World series of the Food and Agriculture Organization of the United Nations. Required citation: FAO. 2022.,https://openknowledge.fao.org › core › content,openknowledge_fao_org_The_State_of_World_Fisheries_and_Aquaculture_2022.txt,False,False,0,0,none,none,unclear,unclear,No relevant information found,No UNEP link found,[]
Ghana,2018–2022,2,UNEP project Ghana digital public infrastructure environment trained data management artificial intelligence AI capacity skills environmental information system government stakeholder institution platform training after:2018-01-01 before:2022-01-01,The Department of Environment's GEF funded Cross,https://www.facebook.com/investingforwellness/posts/the-department-of-environments-gef-funded-cross-cutting-capacity-development-ccc/1007985179641456/,"The training covered advanced GIS, web GIS applications, remote sensing using Google Earth Engine and essential #Python programming for spatial data handling ...",3 reactions,www_facebook_com_The_Department_of_Environment_s_GEF_funded_Cross.txt,False,False,0,0,none,none,unclear,unclear,The document is not about Ghana and does not contain explicit evidence of measured improvements in data management and environmentally sustainable artificial intelligence practices.,There is no explicit link to UNEP or UNEP-supported work.,[]
Ghana,2018–2022,2,UNEP project Ghana digital public infrastructure environment trained data management artificial intelligence AI capacity skills environmental information system government stakeholder institution platform training after:2018-01-01 before:2022-01-01,United Nations Activities on Artificial Intelligence (AI) 2019,https://www.itu.int/dms_pub/itu-s/opb/gen/S-GEN-UNACT-2019-1-PDF-E.pdf,Hence a need to engage AI experts to grow UN Environment's capacity in AI through training and project consultancy. -. The visual modelling / algorithm tool ...,https://www.itu.int › dms_pub › itu-s › opb › gen,www_itu_int_United_Nations_Activities_on_Artificial_Intelligen.txt,False,False,0,0,none,none,unclear,unclear,No evidence found due to fetch error.,No evidence found due to fetch error.,[]
Ghana,2018–2022,1,UNEP Digital Transformation Ghana data management training environment operationalized data management artificial intelligence AI capacity skills environmental information system government stakeholder institution platform training after:2018-01-01 before:2022-01-01,Chapter 4 — Global Warming of 1.5 ºC,https://www.ipcc.ch/sr15/chapter/chapter-4/,"The global response to warming of 1.5°C comprises transitions in land and ecosystem, energy, urban and infrastructure, and industrial systems.",https://www.ipcc.ch › chapter › chapter-4,www_ipcc_ch_Chapter_4_Global_Warming_of_1_5_C.txt,False,False,0,0,none,unclear,unclear,global,"The document does not contain explicit evidence related to measured improvements in data management, environmentally sustainable AI practices, or capacity/skills development in Ghana during 2018-2022.","There is no explicit link between UNEP or UNEP-supported work and the measured improvement in data management, environmentally sustainable AI practices, or capacity/skills development in Ghana during 2018-2022.",[]
Ghana,2018–2022,2,UNEP project Ghana digital public infrastructure environment trained data management artificial intelligence AI capacity skills environmental information system government stakeholder institution platform training after:2018-01-01 before:2022-01-01,Frontier Technologies For Sustainable Development,https://www.un.org/development/desa/dpad/wp-content/uploads/sites/45/publication/WESS2018_full_web.pdf,"Digital technologies: artificial intelligence, communications and robotics. Artificial intelligence (AI)—encompassing machine learning and deployment of algo-.",https://www.un.org › sites › WESS2018_full_web,www_un_org_Frontier_Technologies_For_Sustainable_Development.txt,False,False,0,0,none,none,unclear,unclear,No relevant information found.,No UNEP link found.,[]
Ghana,2018–2022,2,UNEP project Ghana digital public infrastructure environment trained data management artificial intelligence AI capacity skills environmental information system government stakeholder institution platform training after:2018-01-01 before:2022-01-01,The Role of Lighthouse Projects,https://www3.weforum.org/docs/WEF_Lighthouse_Project_Report.pdf,"Each of these Lighthouse Projects describes the ways in which stakeholders are making concrete progress to address the pressing societal, economic,.",https://www3.weforum.org › docs › WEF_Light...,www3_weforum_org_The_Role_of_Lighthouse_Projects.txt,False,False,0,0,none,none,unclear,unclear,"The document does not contain explicit evidence related to Ghana or the time window 2018-2022, nor does it discuss improved data management, environmental data systems/platforms/workflows, environmentally sustainable AI practices, or capacity/skills development in these areas.","There is no explicit link between UNEP or UNEP-supported work and any measured improvement in data management, environmentally sustainable AI practices, or capacity/skills development in Ghana (2018-2022).",[]
Ghana,2018–2022,2,UNEP project Ghana digital public infrastructure environment trained data management artificial intelligence AI capacity skills environmental information system government stakeholder institution platform training after:2018-01-01 before:2022-01-01,The Digital Revolu on and Sustainable Development,https://www.idos-research.de/uploads/media/TWI2050-for-web.pdf,"The Digital Revolution, including virtual and augmented reality (virtual reality and AR), additive manufacturing. (AM), (general purpose) artificial ...",https://www.idos-research.de › TWI2050-for-web,www_idos-research_de_The_Digital_Revolu_on_and_Sustainable_Development.txt,False,False,0,0,none,none,none,none,"The document does not contain explicit evidence of measured improvements in data management and environmentally sustainable artificial intelligence practices, including capacity and skills development, among countries and stakeholders in Ghana during 2018-2022.","The document does not explicitly link UNEP or UNEP-supported work to the measured improvement in data management, environmentally sustainable AI practices, or capacity/skills development in Ghana during 2018-2022.",[]
Ghana,2018–2022,2,UNEP project Ghana digital public infrastructure environment trained data management artificial intelligence AI capacity skills environmental information system government stakeholder institution platform training after:2018-01-01 before:2022-01-01,Digital technology and the planet,https://royalsociety.org/-/media/policy/projects/digital-technology-and-the-planet/digital-technology-and-the-planet-report.pdf,"Government should use the net zero target to drive momentum behind the provision of data access, digital infrastructure and skills. In Spring. 2020, only 12% of ...",https://royalsociety.org › media › policy › projects,royalsociety_org_Digital_technology_and_the_planet.txt,False,False,0,0,none,none,none,none,The document does not contain explicit evidence of measured improvements in data management and environmentally sustainable artificial intelligence practices in Ghana during 2018-2022.,"There is no explicit link between UNEP or UNEP-supported work and the measured improvement in data management, environmentally sustainable AI practices, or capacity/skills development in Ghana during 2018-2022.",[]
Ghana,2018–2022,2,UNEP project Ghana digital public infrastructure environment trained data management artificial intelligence AI capacity skills environmental information system government stakeholder institution platform training after:2018-01-01 before:2022-01-01,FUTURE OF KNOWLEDGE,https://knowledge4all.com/admin/Reports/FOK_2021En.pdf,"This Future of Knowledge. Foresight Report aims to help countries to do just this by examining the 'technological readiness' of economies to transform, both in ...",https://knowledge4all.com › admin › Reports,knowledge4all_com_FUTURE_OF_KNOWLEDGE.txt,False,False,0,0,none,none,none,none,"The document does not contain explicit evidence related to measured improvements in data management, environmentally sustainable AI practices, or capacity and skills development in Ghana during 2018-2022.","The document does not explicitly link UNEP or UNEP-supported work to enabling, supporting, improving, training, implementing, or operationalizing SP7.1 outcomes in Ghana during 2018-2022.",[]
Ghana,2018–2022,2,UNEP project Ghana digital public infrastructure environment trained data management artificial intelligence AI capacity skills environmental information system government stakeholder institution platform training after:2018-01-01 before:2022-01-01,reducing-consumer-food-waste-using-green-and-digital- ...,https://unepccc.org/wp-content/uploads/2021/11/reducing-consumer-food-waste-using-green-and-digital-technologies.pdf,"Based on UNEP's conceptualisation of environmentally sound technologies [24], in this report 'green technologies' refers to those that have the potential to.",https://unepccc.org › uploads › 2021/11 › reduci...,unepccc_org_reducing_consumer_food_waste_using_green_and_digit.txt,False,False,0,0,none,none,none,none,The document does not contain explicit evidence of measured improvements in data management and environmentally sustainable artificial intelligence practices in Ghana during 2018-2022.,"The document does not explicitly link UNEP or UNEP-supported work to enabling, supporting, improving, training, implementing, or operationalizing SP7.1 outcomes in Ghana during 2018-2022.",[]
Ghana,2018–2022,2,UNEP project Ghana digital public infrastructure environment trained data management artificial intelligence AI capacity skills environmental information system government stakeholder institution platform training after:2018-01-01 before:2022-01-01,AI for Good Impact Report,https://s41721.pcdn.co/wp-content/uploads/2021/06/eBat-2402309_AI-for-Good-Impact-Report-E-v6.pdf,Artificial intelligence (AI) holds great promise in accelerating the achievement of the United. Nations Sustainable Development Goals (SDGs). Its rapid ...,https://s41721.pcdn.co › uploads › 2021/06 › eB...,s41721_pcdn_co_AI_for_Good_Impact_Report.txt,False,False,0,0,none,none,none,none,"The provided document does not contain explicit evidence of measured improvements in data management and environmentally sustainable artificial intelligence practices, including capacity and skills development, among countries and stakeholders in Ghana during 2018-2022.","There is no explicit link between UNEP or UNEP-supported work and the measured improvement in data management, environmentally sustainable AI practices, or capacity/skills development in Ghana during 2018-2022.",[]
Ghana,2018–2022,2,UNEP project Ghana digital public infrastructure environment trained data management artificial intelligence AI capacity skills environmental information system government stakeholder institution platform training after:2018-01-01 before:2022-01-01,UNESCO Science Report: the race against time for smarter ...,https://unesdoc.unesco.org/ark:/48223/pf0000377433.locale=en,"The National Strategic Development Plan also prioritizes digital skills training ... AI,' according to its New Generation Artificial Intelligence Development Plan ...",https://unesdoc.unesco.org › ark:,unesdoc_unesco_org_UNESCO_Science_Report_the_race_against_time_for_sm.txt,False,False,0,0,none,none,unclear,unclear,"The document is not relevant to the task as it does not contain information about Ghana, the time window 2018-2022, or evidence of measured improvements in data management and environmentally sustainable artificial intelligence practices.",There is no explicit link to UNEP or UNEP-supported work in the provided document.,[]
Ghana,2018–2022,2,UNEP project Ghana digital public infrastructure environment trained data management artificial intelligence AI capacity skills environmental information system government stakeholder institution platform training after:2018-01-01 before:2022-01-01,Technology and Innovation Report 2021,https://unctad.org/system/files/official-document/tir2020_en.pdf,"Recent developments in frontier technologies, including artificial intelligence, robotics and biotechnology, have shown tremendous potential for sustainable ...",https://unctad.org › system › files › tir2020_en,unctad_org_Technology_and_Innovation_Report_2021.txt,False,False,0,0,none,none,none,none,"The document does not contain explicit evidence related to Ghana or the time window 2018-2022. It is a general report on technology and innovation, and does not provide specific information on digital/data management/sustainable AI practices or UNEP's involvement in Ghana.",There is no mention of UNEP or its activities in Ghana or related to the specified time window.,[]
Ghana,2018–2022,2,UNEP project Ghana digital public infrastructure environment trained data management artificial intelligence AI capacity skills environmental information system government stakeholder institution platform training after:2018-01-01 before:2022-01-01,Big Data and the Sustainable Development Goals: ...,https://files.unsdsn.org/Big%2BData-report%2BFINAL.pdf,"necessary data sources, skills, infrastructure, knowledge, and financing to deliver big data projects. The increasing importance of partnerships for data ...",https://files.unsdsn.org › Big+Data-report+FINAL,files_unsdsn_org_Big_Data_and_the_Sustainable_Development_Goals_.txt,True,False,40,0,data management system / environmental data platform / data governance / data standards / data quality / digital monitoring / geospatial data / AI practice / sustainable AI / AI governance / capacity development / skills development,improved / strengthened / developed / implemented / adopted / operationalized / used / integrated / trained / measured,government / public-sector institution / private-sector institution / UN or international organization / civil society / academia / mixed stakeholders,global / regional / national / subnational / institutional / private sector / stakeholder,"The document discusses big data and its applications in supporting Sustainable Development Goals (SDGs) monitoring. It highlights various use cases and innovations in big data, including its potential to support environmental data management and sustainable AI practices. The Ghana Statistical Service (GSS) is mentioned as having partnered with Vodafone Ghana and the Flowminder Foundation to produce official statistics from mobile phone data. However, the document does not provide explicit evidence of measured improvements in data management and environmentally sustainable AI practices in Ghana during 2018-2022.","There is no explicit link between UNEP or UNEP-supported work and the measured improvement in data management, environmentally sustainable AI practices, or capacity/skills development in Ghana during 2018-2022.","[""The Ghana Statistical Service (GSS) has partnered with Vodafone Ghana and the Flowminder Foundation to produce official statistics from mobile phone data."", ""The GSS is combining remote sensing data with ground-truthing from citizen-generated data to support the monitoring of marine litter (14.1.b)."", ""UNEP is mentioned as a collaborator in the World Bank's Light Every Night initiative.""]"
Ghana,2018–2022,2,UNEP project Ghana digital public infrastructure environment trained data management artificial intelligence AI capacity skills environmental information system government stakeholder institution platform training after:2018-01-01 before:2022-01-01,Climate Cooperation and Competition: Leveraging ...,https://www.csis.org/analysis/climate-cooperation-and-competition-leveraging-sustainable-development-goal-13,UN Sustainable Development Goal 13 (SDG13) on combatting climate change and its impacts is a particularly useful foundation for the Biden administration's ...,https://www.csis.org › analysis › climate-cooperation-an...,www_csis_org_Climate_Cooperation_and_Competition_Leveraging_.txt,False,False,0,0,none,none,unclear,global,The document does not contain explicit evidence of measured improvements in data management and environmentally sustainable artificial intelligence practices in Ghana during 2018-2022.,"There is no explicit link between UNEP or UNEP-supported work and the measured improvement in data management, environmentally sustainable AI practices, or capacity/skills development in Ghana during 2018-2022.",[]
Ghana,2018–2022,2,UNEP project Ghana digital public infrastructure environment trained data management artificial intelligence AI capacity skills environmental information system government stakeholder institution platform training after:2018-01-01 before:2022-01-01,Propelling LDCs in the Digital Age: A 4IR Perspective for ...,https://hub.unido.org/sites/default/files/publications/Publication_4IR_LDC.pdf,"This chapter provides actionable recommendations for LDCs which are aligned with. UNIDO's 4IR Strategic Framework, i.e., skills development and capacity ...",https://hub.unido.org › files › Publication_4IR_LDC,hub_unido_org_Propelling_LDCs_in_the_Digital_Age_A_4IR_Perspecti.txt,False,False,0,0,none,none,unclear,unclear,The document does not contain explicit evidence of measured improvements in data management and environmentally sustainable artificial intelligence practices in Ghana during 2018-2022.,"There is no explicit link between UNEP or UNEP-supported work and the measured improvement in data management, environmentally sustainable AI practices, or capacity/skills development in Ghana during 2018-2022.",[]
Ghana,2018–2022,2,UNEP project Ghana digital public infrastructure environment trained data management artificial intelligence AI capacity skills environmental information system government stakeholder institution platform training after:2018-01-01 before:2022-01-01,Digital Technologies for Urban Metabolism Efficiency,https://www.mdpi.com/2071-1050/13/11/6043,This paper generates insights into the digitalization practices of the circularity of urban metabolism by analyzing the initiatives implemented by the ...,https://www.mdpi.com › ...,www_mdpi_com_Digital_Technologies_for_Urban_Metabolism_Efficien.txt,False,False,0,0,none,none,unclear,unclear,No relevant information found.,No relevant information found.,[]
Ghana,2018–2022,2,UNEP project Ghana digital public infrastructure environment trained data management artificial intelligence AI capacity skills environmental information system government stakeholder institution platform training after:2018-01-01 before:2022-01-01,Climate Change AI Workshop Papers,https://www.climatechange.ai/papers,"On this page, we show accepted works from all our workshops on ""Tackling Climate Change with Machine Learning.""",https://www.climatechange.ai › papers,www_climatechange_ai_Climate_Change_AI_Workshop_Papers.txt,False,False,0,0,none,none,none,unclear,"The document does not contain explicit evidence related to measured improvements in data management, environmentally sustainable AI practices, or capacity/skills development in Ghana during 2018-2022.","There is no explicit link between UNEP or UNEP-supported work and the measured improvement in data management, environmentally sustainable AI practices, or capacity/skills development in Ghana during 2018-2022.",[]
Ghana,2018–2022,2,UNEP project Ghana digital public infrastructure environment trained data management artificial intelligence AI capacity skills environmental information system government stakeholder institution platform training after:2018-01-01 before:2022-01-01,Building resilience: New strategies for strengthening ...,https://www.oecd.org/content/dam/oecd/en/publications/reports/2021/11/building-resilience_6b655137/354aa2aa-en.pdf,"Innovations can be cross-cutting, impacting all infrastructure sectors (Artificial intelligence (AI), machine learning (ML), robotics, the Internet of ...",https://www.oecd.org › oecd › reports › 2021/11,www_oecd_org_Building_resilience_New_strategies_for_strengtheni.txt,False,False,0,0,none,none,none,none,"The document does not contain explicit evidence related to improved data management, environmental data systems/platforms/workflows, environmentally sustainable AI practices, or capacity/skills development in data management or AI in Ghana during 2018-2022.","There is no explicit link between UNEP or UNEP-supported work and the measured improvement in data management, environmentally sustainable AI practices, or capacity/skills development in Ghana during 2018-2022.",[]
Ghana,2018–2022,2,UNEP project Ghana digital public infrastructure environment trained data management artificial intelligence AI capacity skills environmental information system government stakeholder institution platform training after:2018-01-01 before:2022-01-01,Climate change and COP26 - ODU Digital Commons,https://digitalcommons.odu.edu/context/itds_facpubs/article/1061/viewcontent/He_2022_ClimateChangeandCOP26AreDigitalTechnologiesOCR.pdf,"The WEF report identifies how digital technologies can help to automate and significantly improve the effi- ciency of industrial, manufacturing and agricultural ...",https://digitalcommons.odu.edu › viewcontent,digitalcommons_odu_edu_Climate_change_and_COP26_ODU_Digital_Commons.txt,False,False,0,0,none,none,unclear,unclear,No document text available for analysis due to fetch error.,No document text available for analysis due to fetch error.,[]
Ghana,2018–2022,2,UNEP project Ghana digital public infrastructure environment trained data management artificial intelligence AI capacity skills environmental information system government stakeholder institution platform training after:2018-01-01 before:2022-01-01,First Global Report,https://environmentalmigration.iom.int/sites/g/files/tmzbdl1411/files/documents/2023-11/environmental_rule_of_law.pdf,"“This compelling new report solves the mystery of why problems such as pollution, declining biodiversity and climate change persist despite the proliferation of ...",https://environmentalmigration.iom.int › files › e...,environmentalmigration_iom_int_First_Global_Report.txt,False,False,0,0,none,none,none,none,The document does not contain explicit evidence related to Ghana or the time window 2018-2022. It appears to be a general report on environmental rule of law and does not discuss digital/data management/sustainable AI practices.,The document does not explicitly link UNEP or UNEP-supported work to any specific outcomes or improvements in Ghana or the time window 2018-2022.,[]
Ghana,2018–2022,2,UNEP project Ghana digital public infrastructure environment trained data management artificial intelligence AI capacity skills environmental information system government stakeholder institution platform training after:2018-01-01 before:2022-01-01,Innovations for Sustainability,https://pure.iiasa.ac.at/id/eprint/16533/1/TWI2050-web-2.pdf,"The emergence and diffusion of digital innovations including the internet of things (IoT), artificial intelligence (AI), 3D printing. (sometimes called ...",https://pure.iiasa.ac.at › eprint › TWI2050-web-2,pure_iiasa_ac_at_Innovations_for_Sustainability.txt,False,False,0,0,none,none,unclear,unclear,No document text available for analysis due to fetch error.,No document text available for analysis due to fetch error.,[]
Ghana,2018–2022,2,UNEP project Ghana digital public infrastructure environment trained data management artificial intelligence AI capacity skills environmental information system government stakeholder institution platform training after:2018-01-01 before:2022-01-01,The World Bank Annual Report 2018,https://documents1.worldbank.org/curated/en/630671538158537244/pdf/The-World-Bank-Annual-Report-2018.pdf,government's capacity to deliver digital services and develop regionally integrated digital infrastructure. It will also support private sector development ...,https://documents1.worldbank.org › curated › pdf,documents1_worldbank_org_The_World_Bank_Annual_Report_2018.txt,False,False,0,0,none,none,none,none,"The document does not contain explicit evidence of measured improvements in data management, environmentally sustainable AI practices, or capacity and skills development in Ghana during 2018-2022.",There is no mention of UNEP or UNEP-supported work in the document related to Ghana or the specified time period.,[]
Ghana,2018–2022,2,UNEP project Ghana digital public infrastructure environment trained data management artificial intelligence AI capacity skills environmental information system government stakeholder institution platform training after:2018-01-01 before:2022-01-01,News Archives - APRU,https://www.apru.org/tag/news/,"APRU expands access to education through a wide variety of programmes, builds professional capacity and enhances student engagement and the development of ...",https://www.apru.org › tag › news,www_apru_org_News_Archives_APRU.txt,False,False,0,0,none,none,none,none,"The document does not contain explicit evidence related to measured improvements in data management, environmentally sustainable AI practices, or capacity/skills development in Ghana during 2018-2022.","There is no explicit link between UNEP or UNEP-supported work and the measured improvement in data management, environmentally sustainable AI practices, or capacity/skills development in Ghana during 2018-2022.",[]
Ghana,2018–2022,2,UNEP project Ghana digital public infrastructure environment trained data management artificial intelligence AI capacity skills environmental information system government stakeholder institution platform training after:2018-01-01 before:2022-01-01,Solid waste management in the context of the waste hierarchy ...,https://academic.oup.com/ieam/article/20/1/9/7725080,"A sustainable SWM system requires appropriate technical solutions, adequate and strong organizational capacity, and stakeholder cooperation and partnerships, ...",https://academic.oup.com › ieam › article,academic_oup_com_Solid_waste_management_in_the_context_of_the_waste.txt,False,False,0,0,none,none,unclear,unclear,No evidence found due to document fetch failure.,No evidence found due to document fetch failure.,[]
Ghana,2018–2022,2,UNEP project Ghana digital public infrastructure environment trained data management artificial intelligence AI capacity skills environmental information system government stakeholder institution platform training after:2018-01-01 before:2022-01-01,RENEWABLES 2021 GLOBAL STATUS REPORT,https://www.ren21.net/wp-content/uploads/2019/05/GSR2021_Full_Report.pdf,"We provide up-to-date and peer-reviewed facts, figures and analysis of global developments in technology, policies and markets. Our goal: enable decision-makers.",https://www.ren21.net › GSR2021_Full_Report,www_ren21_net_RENEWABLES_2021_GLOBAL_STATUS_REPORT.txt,False,False,0,0,none,none,none,none,The document does not contain explicit evidence of measured improvements in data management and environmentally sustainable artificial intelligence practices in Ghana during 2018-2022.,There is no explicit link between UNEP or UNEP-supported work and measured improvements in data management or environmentally sustainable AI practices in Ghana during 2018-2022.,[]
Ghana,2018–2022,2,UNEP project Ghana digital public infrastructure environment trained data management artificial intelligence AI capacity skills environmental information system government stakeholder institution platform training after:2018-01-01 before:2022-01-01,Apolitical's 100 Most Influential Academics in Government,https://apolitical.co/lists/apoliticals-100-most-influential-academics-in-government,Academic research remains a vital source of information and innovation. This is why Apolitical invited public servants to nominate the academics who are the ...,https://apolitical.co › lists › apoliticals-100-most-influenti...,apolitical_co_Apolitical_s_100_Most_Influential_Academics_in_Gov.txt,False,False,0,0,none,none,none,none,"The document does not contain any explicit evidence related to Ghana or the period 2018-2022. It appears to be a list of influential academics in government, with no clear connection to digital transformation, environmental data management, or sustainable AI practices.",There is no mention of UNEP or UNEP-supported work in the provided document.,[]
Ghana,2018–2022,2,UNEP project Ghana digital public infrastructure environment trained data management artificial intelligence AI capacity skills environmental information system government stakeholder institution platform training after:2018-01-01 before:2022-01-01,Demystifying Finance for Circular Economies,https://www.unepfi.org/wordpress/wp-content/uploads/2021/03/UNEPFI_DemystfyingFinanceCircularity-2020-2.pdf,The United Nations Environment Programme Finance Initiative (UNEP FI) is a partnership between UNEP and the global financial sector to mobilize private ...,https://www.unepfi.org › uploads › 2021/03 › U...,www_unepfi_org_Demystifying_Finance_for_Circular_Economies.txt,False,False,0,0,none,none,unclear,unclear,"The document does not contain explicit evidence of measured improvements in data management and environmentally sustainable artificial intelligence practices, including capacity and skills development, among countries and stakeholders in Ghana during 2018-2022.","The document does not explicitly link UNEP or UNEP-supported work to the measured improvement in data management, environmentally sustainable AI practices, or capacity/skills development in Ghana during 2018-2022.",[]
Ghana,2018–2022,2,UNEP project Ghana digital public infrastructure environment trained data management artificial intelligence AI capacity skills environmental information system government stakeholder institution platform training after:2018-01-01 before:2022-01-01,"hearing on technology, trade, and military-civil","https://www.uscc.gov/sites/default/files/2019-10/June%207,%202019%20Hearing%20Transcript.pdf","This hearing examined China's development of artificial intelligence, new materials, and energy storage, renewable energy, and nuclear power. It assessed ...",https://www.uscc.gov › sites › default › files,www_uscc_gov_hearing_on_technology_trade_and_military_civil.txt,False,False,0,0,none,none,unclear,unclear,Document not retrieved due to fetch error. No evidence available for assessment.,Document not retrieved due to fetch error. No evidence available for assessment.,[]
Ghana,2018–2022,2,UNEP project Ghana digital public infrastructure environment trained data management artificial intelligence AI capacity skills environmental information system government stakeholder institution platform training after:2018-01-01 before:2022-01-01,Chapter 4 — Global Warming of 1.5 ºC,https://www.ipcc.ch/sr15/chapter/chapter-4/,"The global response to warming of 1.5°C comprises transitions in land and ecosystem, energy, urban and infrastructure, and industrial systems.",https://www.ipcc.ch › chapter › chapter-4,www_ipcc_ch_Chapter_4_Global_Warming_of_1_5_C.txt,False,False,0,0,none,none,none,global,"The document does not contain explicit evidence related to improved data management, environmental data systems/platforms/workflows, environmentally sustainable AI practices, or capacity/skills development in Ghana during 2018-2022.","There is no explicit link between UNEP or UNEP-supported work and the measured improvement in data management, environmentally sustainable AI practices, or capacity/skills development in Ghana during 2018-2022.",[]
Ghana,2018–2022,2,UNEP project Ghana digital public infrastructure environment trained data management artificial intelligence AI capacity skills environmental information system government stakeholder institution platform training after:2018-01-01 before:2022-01-01,GCA State and Trends in Adaptation Report 2021: Africa,https://gca.org/wp-content/uploads/2021/10/GCA_State-and-Trends-in-Adaptation-2021-Africa_full-report_low-res.pdf,"This new report from the Global Center on. Adaptation, State and Trends in Adaptation 2021, combines in-depth analyses, case studies, and viewpoints from those ...",https://gca.org › wp-content › uploads › 2021/10,gca_org_GCA_State_and_Trends_in_Adaptation_Report_2021_Afr.txt,False,False,0,0,none,none,none,none,"The provided document does not contain explicit evidence related to improved data management, environmental data systems/platforms/workflows, environmentally sustainable AI practices, or capacity/skills development in data management or AI in Ghana during 2018-2022.","There is no explicit link between UNEP or UNEP-supported work and the measured improvement in data management, environmentally sustainable AI practices, or capacity/skills development in Ghana during 2018-2022.",[]
Ghana,2018–2022,2,UNEP project Ghana digital public infrastructure environment trained data management artificial intelligence AI capacity skills environmental information system government stakeholder institution platform training after:2018-01-01 before:2022-01-01,"hearing on technology, trade, and military-civil","https://www.uscc.gov/sites/default/files/2019-10/June%207,%202019%20Hearing%20Transcript.pdf","This hearing examined China's development of artificial intelligence, new materials, and energy storage, renewable energy, and nuclear power. It assessed ...",https://www.uscc.gov › sites › default › files,www_uscc_gov_hearing_on_technology_trade_and_military_civil.txt,False,False,0,0,none,none,unclear,unclear,No relevant evidence found due to document fetch error.,No UNEP link found due to document fetch error.,[]
Ghana,2018–2022,2,UNEP project Ghana digital public infrastructure environment trained data management artificial intelligence AI capacity skills environmental information system government stakeholder institution platform training after:2018-01-01 before:2022-01-01,Climate change and COP26 - Cronfa - Swansea University,https://cronfa.swan.ac.uk/Record/cronfa58613/Download/58613__21714__8a085b94c040483caed01087f579c024.pdf,"The WEF report identifies how digital technologies can help to automate and significantly improve the effi- ciency of industrial, manufacturing and agricultural ...",https://cronfa.swan.ac.uk › Record › Download,cronfa_swan_ac_uk_Climate_change_and_COP26_Cronfa_Swansea_University.txt,False,False,0,0,none,none,unclear,unclear,No document text available for analysis due to fetch error.,No document text available for analysis due to fetch error.,[]
Ghana,2018–2022,2,UNEP project Ghana digital public infrastructure environment trained data management artificial intelligence AI capacity skills environmental information system government stakeholder institution platform training after:2018-01-01 before:2022-01-01,expo 2020 dubai sustainability report 2020,https://www.expo2020dubai.com/-/media/expo2020/sustainability/expo-designed-report-digital-version-v12.pdf,"It illustrates our efforts to integrate, impact and inspire – to establish a legacy of sustainable design and construction, while generating new ideas and ...",https://www.expo2020dubai.com › sustainability,www_expo2020dubai_com_expo_2020_dubai_sustainability_report_2020.txt,False,False,0,0,none,none,none,none,"The document does not contain explicit evidence related to Ghana or the time window 2018-2022. It appears to be a sustainability report for Expo 2020 Dubai, which is unrelated to the specified country and time frame.",There is no mention of UNEP or UNEP-supported work in the provided document.,[]
Ghana,2018–2022,2,UNEP project Ghana digital public infrastructure environment trained data management artificial intelligence AI capacity skills environmental information system government stakeholder institution platform training after:2018-01-01 before:2022-01-01,Papua New Guinea's Enhanced Nationally Determined ...,https://pacificndc.org/sites/default/files/2020-12/PNG%20Enhanced%20NDC%202020_3.pdf,"The NDC outlines key pathways towards sustainable economic development in line with the United Nations. Sustainable Development Goals – in particular, Goal 13 ...",https://pacificndc.org › sites › default › files,pacificndc_org_Papua_New_Guinea_s_Enhanced_Nationally_Determined_.txt,False,False,0,0,none,none,government,national,"The document does not contain explicit evidence related to improved data management, environmental data systems/platforms/workflows, environmentally sustainable AI practices, or capacity/skills development in data management or AI in Ghana during 2018-2022.","The document does not explicitly link UNEP or UNEP-supported work to enabling, supporting, improving, training, implementing, or operationalizing SP7.1 outcomes.","[""Papua New Guinea's Nationally Determined Contribution"", ""climate change policy"", ""mitigation and adaptation contributions""]"
Ghana,2018–2022,2,UNEP project Ghana digital public infrastructure environment trained data management artificial intelligence AI capacity skills environmental information system government stakeholder institution platform training after:2018-01-01 before:2022-01-01,National Circular Economy Roadmap for Reducing Plastic ...,https://www.csiro.au/-/media/Environment/Circular-Economy-Roadmap-India/23-00249_ENV_REPORT_IACPRoadmap_WEB-230714.pdf,"Build sorting facilities with artificial intelligence (AI) capabilities, and advanced mechanical and chemical processing infrastructure in proximity to source ...",https://www.csiro.au › media › Environment › 23-...,www_csiro_au_National_Circular_Economy_Roadmap_for_Reducing_Pla.txt,False,False,0,0,none,none,unclear,unclear,No relevant information found in the document.,No UNEP attribution found in the document.,[]
Ghana,2018–2022,2,UNEP project Ghana digital public infrastructure environment trained data management artificial intelligence AI capacity skills environmental information system government stakeholder institution platform training after:2018-01-01 before:2022-01-01,World Trade Report 2020,https://www.wto.org/english/res_e/booksp_e/wtr20_e/wtr20_e.pdf,"The World Trade Report is an annual publication that aims to deepen understanding about trends in trade, trade policy issues and the multilateral trading system ...",https://www.wto.org › res_e › wtr20_e › wtr20_e,www_wto_org_World_Trade_Report_2020.txt,False,False,0,0,none,none,unclear,global,"The document does not contain explicit evidence related to improved data management, environmental data systems/platforms/workflows, environmentally sustainable AI practices, or capacity/skills development in data management or AI in Ghana during 2018-2022.","There is no explicit link between UNEP or UNEP-supported work and the measured improvement in data management, environmentally sustainable AI practices, or capacity/skills development in Ghana during 2018-2022.",[]
Ghana,2018–2022,2,UNEP project Ghana digital public infrastructure environment trained data management artificial intelligence AI capacity skills environmental information system government stakeholder institution platform training after:2018-01-01 before:2022-01-01,A review of hybrid renewable energy systems in mini-grids ...,https://www.sciencedirect.com/science/article/pii/S1364032121003269,"In this study, hybrid renewable energy systems (HRESs) have been analyzed, which are designed to overcome the fluctuating nature of renewables, for off-grid ...",https://www.sciencedirect.com › science › article › pii,www_sciencedirect_com_A_review_of_hybrid_renewable_energy_systems_in_min.txt,False,False,0,0,none,none,unclear,unclear,"The document does not contain any relevant information about Ghana, digital transformation, environmental data management, sustainable AI, or capacity development.",There is no mention of UNEP or any related work.,[]
Ghana,2018–2022,2,UNEP project Ghana digital public infrastructure environment trained data management artificial intelligence AI capacity skills environmental information system government stakeholder institution platform training after:2018-01-01 before:2022-01-01,CROWDSOURCING THE FUTURE OF SME FINANCING,https://www.ifc.org/content/dam/ifc/doc/mgrt/2020-12-call-for-insights-e-publication.pdf,"uses advanced alternative methods and data to assess risk, like. Machine Learning (ML) and Artificial Intelligence (AI), as well as offering simpler service ...",https://www.ifc.org › dam › ifc › doc › mgrt › 2...,www_ifc_org_CROWDSOURCING_THE_FUTURE_OF_SME_FINANCING.txt,False,False,0,0,none,none,unclear,unclear,"The document does not contain explicit evidence related to improved data management, environmental data systems/platforms/workflows, environmentally sustainable AI practices, or capacity/skills development in data management or AI in Ghana during 2018-2022.","There is no explicit link between UNEP or UNEP-supported work and the measured improvement in data management, environmentally sustainable AI practices, or capacity/skills development in Ghana during 2018-2022.",[]
Ghana,2018–2022,2,UNEP project Ghana digital public infrastructure environment trained data management artificial intelligence AI capacity skills environmental information system government stakeholder institution platform training after:2018-01-01 before:2022-01-01,Find A Tool,https://resourcegovernance.org/sites/default/files/documents/nrgi_measuring_environmental_and_social_impacts_tool_explorer_2019.xlsx,Mosaic is a web-based carbon accounting platform that helps organizations measure and manage energy and carbon emissions. Mosaic offers methods for aggregating ...,https://resourcegovernance.org › files › documents,resourcegovernance_org_Find_A_Tool.txt,False,False,0,0,none,none,unclear,unclear,,,[]
Ghana,2022–2026,1,with UNEP support Ghana environmental information system trained data management artificial intelligence AI capacity skills environmental information system government stakeholder institution platform training after:2022-01-01 before:2026-01-01,"At the #AIBootcamp, Ministers and senior officials are ...",https://www.facebook.com/UNDPGhana/posts/at-the-aibootcamp-ministers-and-senior-officials-are-identifying-practical-ways-/1138821654942516/,"At the #AIBootcamp, Ministers and senior officials are identifying practical ways Artificial Intelligence can be applied to address challenges across key...",10+ reactions,www_facebook_com_At_the_AIBootcamp_Ministers_and_senior_officials_a.txt,True,False,40,0,AI practice / sustainable AI,developed,government / public-sector institution,national,The document mentions an AI Bootcamp where ministers and senior officials are identifying practical ways to apply Artificial Intelligence to drive sustainable development and improve public service delivery. This indicates an initial step towards improved AI practices.,There is no explicit mention of UNEP or UNEP-supported work in the document.,"[""Artificial Intelligence can be applied to address challenges across key sectors to drive sustainable development and improve public service delivery"", ""AIBootcamp""]"
Ghana,2018–2022,2,UNEP project Ghana digital public infrastructure environment trained data management artificial intelligence AI capacity skills environmental information system government stakeholder institution platform training after:2018-01-01 before:2022-01-01,2019 Global Go To Think Tank Index Report,https://www.bruegel.org/sites/default/files/wp-content/uploads/2020/01/2019-Global-Go-To-Think-Tank-Index-Report.pdf,Our goal is to increase the profile and performance of think tanks and raise the public awareness of the important role think tanks play in governments and ...,https://www.bruegel.org › uploads › 2020/01 › 2...,www_bruegel_org_2019_Global_Go_To_Think_Tank_Index_Report.txt,False,False,0,0,none,none,none,none,"The document does not contain any explicit evidence related to Ghana or the time window 2018-2022. It appears to be a report about think tanks and their role in policy research, with no specific mention of environmental data management, sustainable AI practices, or capacity development in these areas.",There is no mention of UNEP or UNEP-supported work in the document.,[]
Ghana,2018–2022,2,UNEP project Ghana digital public infrastructure environment trained data management artificial intelligence AI capacity skills environmental information system government stakeholder institution platform training after:2018-01-01 before:2022-01-01,Towards Green And Just Cities,https://unhabitat.org/sites/default/files/2021/11/geocities_updated.pdf,"Global Environment for Cities-GEO for Cities: Towards Green and Just. Cities. UNEP, Nairobi. GL. UNEP promotes environmentally sound practices globally and in ...",https://unhabitat.org › 2021/11 › geocities_updated,unhabitat_org_Towards_Green_And_Just_Cities.txt,False,False,0,0,none,none,none,none,"The document does not contain explicit evidence of measured improvements in data management and environmentally sustainable artificial intelligence practices, including capacity and skills development, among countries and stakeholders in Ghana during 2018-2022.","The document does not explicitly link UNEP or UNEP-supported work to the measured improvement in data management, environmentally sustainable AI practices, or capacity/skills development in Ghana during 2018-2022.",[]
Ghana,2022–2026,1,with UNEP support Ghana environmental information system trained data management artificial intelligence AI capacity skills environmental information system government stakeholder institution platform training after:2022-01-01 before:2026-01-01,Integrating Artificial Intelligence into Resource ...,https://www.worldscientific.com/doi/10.1142/S2424862225500083?srsltid=AfmBOooG2va9dZE4bD_0sx_uuVuUZhijZ-SlIXmaAPztB4H5xnhqdcqw,This study examines how Artificial Intelligence (AI) integration within resource management (RM) systems fosters sustainable economic growth in Ghana.,https://www.worldscientific.com › doi,www_worldscientific_com_Integrating_Artificial_Intelligence_into_Resource_.txt,False,False,0,0,none,none,unclear,unclear,"The document does not contain explicit evidence of measured improvements in data management and environmentally sustainable artificial intelligence practices, including capacity and skills development, among countries and stakeholders in Ghana during 2022-2026.","There is no explicit link between UNEP or UNEP-supported work and the improvement in data management, environmentally sustainable AI practices, or capacity/skills development in Ghana during 2022-2026.",[]
Ghana,2022–2026,1,with UNEP support Ghana environmental information system trained data management artificial intelligence AI capacity skills environmental information system government stakeholder institution platform training after:2022-01-01 before:2026-01-01,"WMO on Instagram: "" The development of artificial intelligence ...",https://www.instagram.com/reel/DQQ3L4igAWt/,"Our aim is to better understand the skill of those AI based models, hybrid models and traditional models. And try to identify the weaknesses and strongnesses of ...",180+ likes · 6 months ago,www_instagram_com_WMO_on_Instagram_The_development_of_artificial_int.txt,False,False,0,0,none,none,unclear,unclear,The document does not contain explicit evidence related to Ghana or the time window 2022-2026. It appears to be a social media post from the World Meteorological Organization (WMO) discussing the development of artificial intelligence (AI) technologies and a conference on AI in Earth system sciences.,There is no mention of UNEP or UNEP-supported work in the document.,[]
Ghana,2022–2026,1,with UNEP support Ghana environmental information system trained data management artificial intelligence AI capacity skills environmental information system government stakeholder institution platform training after:2022-01-01 before:2026-01-01,United Nations Activities on Artificial Intelligence (AI),https://www.itu.int/dms_pub/itu-s/opb/gen/S-GEN-UNACT-2023-PDF-E.pdf,"Nearly 60% of the UN projects have reported collaborations with the UN system, the private sector, governments, civil society, academia, or with another.",https://www.itu.int › S-GEN-UNACT-2023-PDF-E,www_itu_int_United_Nations_Activities_on_Artificial_Intelligen.txt,False,False,0,0,none,none,unclear,unclear,No relevant information found.,No UNEP attribution found.,[]
Ghana,2022–2026,1,with UNEP support Ghana environmental information system trained data management artificial intelligence AI capacity skills environmental information system government stakeholder institution platform training after:2022-01-01 before:2026-01-01,Artificial Intelligence for Climate Action:,https://unfccc.int/ttclear/misc_/StaticFiles/gnwoerk_static/AI4climateaction/f2922b97c4cf431996c468e622127eb5/112f8be560ea447dab5ff2e53ab3f6e4.pdf,Automating and leveraging AI enhances the management of maritime resources by developing AI-based decision support systems that effectively manage fisheries ...,https://unfccc.int › StaticFiles › gnwoerk_static,unfccc_int_Artificial_Intelligence_for_Climate_Action_.txt,False,False,0,0,none,none,none,none,"The document does not contain explicit evidence related to measured improvements in data management, environmentally sustainable AI practices, or capacity/skills development in Ghana during 2022-2026.","There is no explicit link between UNEP or UNEP-supported work and the measured improvement in data management, environmentally sustainable AI practices, or capacity/skills development in Ghana during 2022-2026.",[]
Ghana,2022–2026,1,with UNEP support Ghana environmental information system trained data management artificial intelligence AI capacity skills environmental information system government stakeholder institution platform training after:2022-01-01 before:2026-01-01,The Environmental Impact of the Full AI Lifecycle Needs to ...,https://www.unep.org/resources/report/artificial-intelligence-ai-end-end-environmental-impact-full-ai-lifecycle-needs-be,This note outlines key areas identified by UNEP regarding the environmental impact of Artificial intelligence (AI) across its lifecycle.,https://www.unep.org › resources › report › artificial-in...,www_unep_org_The_Environmental_Impact_of_the_Full_AI_Lifecycle_.txt,False,False,0,0,none,none,unclear,global,"The document does not provide specific information about Ghana or any improvements in data management, environmentally sustainable AI practices, or capacity/skills development in Ghana during 2022-2026.","The document mentions UNEP but does not link it to any specific improvements in data management, environmentally sustainable AI practices, or capacity/skills development in Ghana during 2022-2026.",[]
Ghana,2022–2026,1,with UNEP support Ghana environmental information system trained data management artificial intelligence AI capacity skills environmental information system government stakeholder institution platform training after:2022-01-01 before:2026-01-01,Use of Big Data and AI in Green Skills anticipation and ...,https://acqf.africa/skills-data-focus/green-skills/green-skills-reports-and-presentations/6-session-16_use-of-big-data-and-ai-in-green-skills-anticipation-and-qualifications-management_m-pelucchi_nairobi-forum.pdf,"This framework outlines key roles like Sustainable Agriculture Specialist and Organic Farm Manager, highlighting necessary skills across environmental sciences, ...",https://acqf.africa › skills-data-focus › green-skills,acqf_africa_Use_of_Big_Data_and_AI_in_Green_Skills_anticipatio.txt,False,False,0,0,none,none,unclear,unclear,"The document does not contain explicit evidence of measured improvements in data management, environmentally sustainable AI practices, or capacity/skills development in Ghana during 2022-2026.",There is no explicit link between UNEP or UNEP-supported work and the SP7.1 improvement/capacity/sustainable AI outcome in Ghana during 2022-2026.,[]
Ghana,2022–2026,1,with UNEP support Ghana environmental information system trained data management artificial intelligence AI capacity skills environmental information system government stakeholder institution platform training after:2022-01-01 before:2026-01-01,Artificial Intelligence for Climate Security: Possibilities and ...,https://www.sipri.org/sites/default/files/2023-12/2312_sipri_policy_report_ai_for_climate_security_1.pdf,"AI can help policy actors overcome the data problem by enabling efficient use of remote sensing systems, especially satellite imagery, as well as social media.",https://www.sipri.org › sites › default › files › 231...,www_sipri_org_Artificial_Intelligence_for_Climate_Security_Possi.txt,False,False,0,0,none,none,unclear,unclear,No relevant information found.,No relevant information found.,[]
Ghana,2022–2026,1,with UNEP support Ghana environmental information system trained data management artificial intelligence AI capacity skills environmental information system government stakeholder institution platform training after:2022-01-01 before:2026-01-01,Artificial intelligence in waste management systems,https://www.sciencedirect.com/science/article/pii/S2949750725000987,"Although AI applications in waste management are rapidly advancing, most existing reviews remain narrow in scope, focusing mainly on municipal solid waste or ...",https://www.sciencedirect.com › science › article › pii,www_sciencedirect_com_Artificial_intelligence_in_waste_management_system.txt,False,False,0,0,none,none,unclear,unclear,"The document does not contain any relevant information about Ghana, digital transformation, environmental data management, sustainable AI, or capacity development.",There is no mention of UNEP or any related work.,[]
Ghana,2022–2026,1,with UNEP support Ghana environmental information system trained data management artificial intelligence AI capacity skills environmental information system government stakeholder institution platform training after:2022-01-01 before:2026-01-01,the-potential-of-ai-for-the-sdgs-and-official- ...,https://www.paris21.org/sites/default/files/related_documents/2024-04/the-potential-of-ai-for-the-sdgs-and-official-stats_working-paper_0.pdf,"Through the use of AI, data gaps in marine plastic litter in Ghana along with information on what kind of plastics and where they are accumulated can be ...",https://www.paris21.org › related_documents › t...,www_paris21_org_the_potential_of_ai_for_the_sdgs_and_official_.txt,False,False,0,0,none,none,unclear,unclear,"The document does not contain explicit evidence related to measured improvements in data management, environmentally sustainable AI practices, or capacity/skills development in Ghana during 2022-2026.",There is no explicit link between UNEP or UNEP-supported work and the SP7.1 improvement/capacity/sustainable AI outcome in Ghana during 2022-2026.,[]
Ghana,2022–2026,1,with UNEP support Ghana environmental information system trained data management artificial intelligence AI capacity skills environmental information system government stakeholder institution platform training after:2022-01-01 before:2026-01-01,A Model for Combating Marine Litter - UN Statistics Division,https://unstats.un.org/UNSDWebsite/citizen-data/story-details/leveraging-new-technologies-in-Ghana,"With support from the Data for Now initiative, Ghana embarked on a groundbreaking project to explore innovative approaches to map and monitor marine litter ...",https://unstats.un.org › citizen-data › story-details › lever...,unstats_un_org_A_Model_for_Combating_Marine_Litter_UN_Statistics_.txt,True,False,80,0,data management system / environmental data platform / data governance / digital monitoring / geospatial data / AI practice / sustainable AI,improved / strengthened / developed / implemented / adopted / operationalized / used / integrated,government / public-sector institution / civil society / academia / mixed stakeholders,national,"The document provides evidence of improved data management and environmentally sustainable AI practices in Ghana between 2022-2026. The project used drone imagery, AI, and citizen science to collect data on marine litter along Ghana's coastline, providing insights on marine litter hotspots. This initiative is a model for other countries to leverage new technologies and non-traditional data sources to address SDG 14 and combat plastic pollution.","There is no explicit link between UNEP or UNEP-supported work and the measured improvement in data management, environmentally sustainable AI practices, or capacity/skills development in Ghana.","[""With support from the Data for Now initiative, Ghana embarked on a groundbreaking project to explore innovative approaches to map and monitor marine litter along its coastline."", ""The Sustainable Development Solutions Network (SDSN) team, a core partner of the Data For Now initiative, and the International Institute for Applied Systems Analysis (IIASA) worked together with the Ghana Statistical Service (GSS), the Ghana’s Environmental Protection Agency (EPA), and the University of the Aegean conducted a study to understand the feasibility of using drones, citizen science, and AI to collect data along Ghana’s coastline, identifying marine litter hotspots with significant accumulation of plastics."", ""The impact of this innovative approach has been remarkable. It encouraged a knowledge exchange workshop between various agencies from Ghana and Sierra Leone, who expressed interest to the United Nations Statistics Division under the Data For Now project in replicating a similar citizen science data validation and reporting process for SDG 14.1.1b (measurement of plastic debris density) and potentially other indicators.""]"
Ghana,2022–2026,1,with UNEP support Ghana environmental information system trained data management artificial intelligence AI capacity skills environmental information system government stakeholder institution platform training after:2022-01-01 before:2026-01-01,the-potential-of-ai-for-the-sdgs-and-official- ...,https://www.paris21.org/sites/default/files/related_documents/2024-04/the-potential-of-ai-for-the-sdgs-and-official-stats_working-paper_0.pdf,"Through the use of AI, data gaps in marine plastic litter in Ghana along with information on what kind of plastics and where they are accumulated can be ...",https://www.paris21.org › related_documents › t...,www_paris21_org_the_potential_of_ai_for_the_sdgs_and_official_.txt,False,False,0,0,none,none,unclear,unclear,"The document does not contain explicit evidence related to measured improvements in data management, environmental data systems, or sustainable AI practices in Ghana during 2022-2026.",There is no explicit link between UNEP or UNEP-supported work and any improvements in data management or sustainable AI practices in Ghana during 2022-2026.,[]
Ghana,2022–2026,1,with UNEP support Ghana environmental information system trained data management artificial intelligence AI capacity skills environmental information system government stakeholder institution platform training after:2022-01-01 before:2026-01-01,The Environmental Impact of the Full AI Lifecycle Needs to ...,https://www.unep.org/resources/report/artificial-intelligence-ai-end-end-environmental-impact-full-ai-lifecycle-needs-be,This note outlines key areas identified by UNEP regarding the environmental impact of Artificial intelligence (AI) across its lifecycle.,https://www.unep.org › resources › report › artificial-in...,www_unep_org_The_Environmental_Impact_of_the_Full_AI_Lifecycle_.txt,False,False,0,0,none,none,unclear,global,"The document does not contain explicit evidence related to measured improvements in data management, environmentally sustainable AI practices, or capacity/skills development in Ghana during 2022-2026.","The document does not explicitly link UNEP or UNEP-supported work to enabling, supporting, improving, training, implementing, or operationalizing SP7.1 evidence in Ghana during 2022-2026.",[]
Ghana,2022–2026,1,with UNEP support Ghana environmental information system trained data management artificial intelligence AI capacity skills environmental information system government stakeholder institution platform training after:2022-01-01 before:2026-01-01,SY050_Jobs & skills for the New Economy_v10,https://www.giz.de/sites/default/files/media/document/2025-11/20251110-jobs-skills-new-economy-full-report.pdf,"We must modernize training systems, harness innovation, and enable workers to seize the opportunities of an inclusive, low-carbon economy. And we must mobilize ...",https://www.giz.de › files › media › document,www_giz_de_SY050_Jobs_skills_for_the_New_Economy_v10.txt,False,False,0,0,none,none,none,none,"The document does not contain explicit evidence related to improved data management, environmental data systems/platforms/workflows, environmentally sustainable AI practices, or capacity/skills development in data management or AI in Ghana during 2022-2026.","There is no explicit link between UNEP or UNEP-supported work and the measured improvement in data management, environmentally sustainable AI practices, or capacity/skills development in Ghana during 2022-2026.",[]
Ghana,2022–2026,1,with UNEP support Ghana environmental information system trained data management artificial intelligence AI capacity skills environmental information system government stakeholder institution platform training after:2022-01-01 before:2026-01-01,Conceptualization of Artificial Intelligence Use for GHG ...,https://www.mdpi.com/2071-1050/17/22/10153,"This article provides a conceptual and exploratory examination of Scope 3 greenhouse gas (GHG) emissions, focusing on the complexities associated with their ...",https://www.mdpi.com › ...,www_mdpi_com_Conceptualization_of_Artificial_Intelligence_Use_f.txt,False,False,0,0,none,none,unknown,unknown,"The document does not contain explicit evidence related to Ghana or the time window 2022-2026. It discusses Scope 3 greenhouse gas emissions and the role of artificial intelligence in sustainability reporting, but it is not specific to Ghana or the specified time frame.",There is no mention of UNEP or UNEP-supported work in the document.,[]
Ghana,2022–2026,1,with UNEP support Ghana environmental information system trained data management artificial intelligence AI capacity skills environmental information system government stakeholder institution platform training after:2022-01-01 before:2026-01-01,AI for Inclusion: Minister George Outlines Ghana's Strategy for ...,https://www.youtube.com/watch?v=5lLP7lJunDQ,We've got five key areas where we want to use artificial intelligence to better the lives of our people.,15.6K+ views · 5 months ago,www_youtube_com_AI_for_Inclusion_Minister_George_Outlines_Ghana_s_.txt,False,False,0,0,none,none,unclear,unclear,"The document does not contain explicit evidence related to measured improvements in data management, environmentally sustainable AI practices, or capacity/skills development in Ghana during 2022-2026.",There is no explicit link between UNEP or UNEP-supported work and any improvements in data management or sustainable AI practices in Ghana during 2022-2026.,[]
Ghana,2022–2026,1,with UNEP support Ghana environmental information system trained data management artificial intelligence AI capacity skills environmental information system government stakeholder institution platform training after:2022-01-01 before:2026-01-01,Government of Ghana and UNDP Kicks Off Ministerial ...,https://www.undp.org/ghana/press-releases/government-ghana-and-undp-kicks-ministerial-bootcamp-strengthen-ai-capacity-and-advance-ai-enabled-public-services,"Government of Ghana and UNDP Kicks Off Ministerial Bootcamp to strengthen AI Capacity and Advance AI-enabled Public Services. July 25, 2025. Five professionals ...",https://www.undp.org › ghana › press-releases › govern...,www_undp_org_Government_of_Ghana_and_UNDP_Kicks_Off_Ministerial.txt,True,False,60,0,capacity development / AI practice,developed / implemented,government / public-sector institution,national,The document describes a Ministerial AI Bootcamp organized by the Government of Ghana and UNDP to strengthen AI capacity and advance AI-enabled public services. This indicates improvement in AI capacity and practices within the government.,There is no explicit mention of UNEP's involvement in the described activities. The initiative is attributed to UNDP and the Government of Ghana.,"[""The Government of Ghana, in collaboration with the United Nations Development Programme (UNDP), has officially kicked off a high-level Ministerial AI Bootcamp"", ""equipping Ministers and Senior Government Leaders with the knowledge and tools to lead the responsible adoption of Artificial Intelligence (AI) across the public sector"", ""This initiative builds on momentum from the Executive Leadership Programme co-organised by UNDP and the Government of Ghana""]"
Ghana,2022–2026,1,with UNEP support Ghana environmental information system trained data management artificial intelligence AI capacity skills environmental information system government stakeholder institution platform training after:2022-01-01 before:2026-01-01,Artificial Intelligence and Sustainability: - Highlights and Events,https://research.sbs.edu/sbsrm/SBSRM01_Research%20Monography_01.pdf,Sustainable Decision-Making AI-powered decision support systems provide managers with insights that prioritize sustainability alongside financial performance.,https://research.sbs.edu › sbsrm,research_sbs_edu_Artificial_Intelligence_and_Sustainability_Highlig.txt,False,False,0,0,none,none,academic / business,global,"The document does not contain explicit evidence of measured improvements in data management, environmentally sustainable AI practices, or capacity and skills development in Ghana during 2022-2026.","There is no explicit link between UNEP or UNEP-supported work and the measured improvement in data management, environmentally sustainable AI practices, or capacity/skills development in Ghana during 2022-2026.","[""No relevant evidence found.""]"
Ghana,2022–2026,1,with UNEP support Ghana environmental information system trained data management artificial intelligence AI capacity skills environmental information system government stakeholder institution platform training after:2022-01-01 before:2026-01-01,Leveraging information and communication technologies for ...,https://link.springer.com/article/10.1007/s44274-025-00190-1,This study examines the role of information and communication technologies (ICTs) in promoting sustainable agriculture and environmental protection,https://link.springer.com › Discover Environment,link_springer_com_Leveraging_information_and_communication_technolog.txt,False,False,0,0,none,none,unclear,unclear,"The document does not contain explicit evidence of measured improvements in data management and environmentally sustainable artificial intelligence practices, including capacity and skills development, among countries and stakeholders in Ghana during 2022-2026.","There is no explicit link between UNEP or UNEP-supported work and the measured improvement in data management, environmentally sustainable AI practices, or capacity/skills development in Ghana during 2022-2026.",[]
Ghana,2022–2026,1,with UNEP support Ghana environmental information system trained data management artificial intelligence AI capacity skills environmental information system government stakeholder institution platform training after:2022-01-01 before:2026-01-01,"Digital Skills, Innovation, and Economic Transformation",https://thedocs.worldbank.org/en/doc/a607bb6e3b76d2be0f3db8db34dcf73e-0140022025/related/5EDU-WP-15-Digital-skills-innovation-and-economic-transformation.pdf,"This study explores the link between digital skills, innovation, and economic transformation in the context of Africa, focusing on the role and potential ...",https://thedocs.worldbank.org › doc › related › 5E...,thedocs_worldbank_org_Digital_Skills_Innovation_and_Economic_Transformat.txt,False,False,0,0,none,none,none,none,"The document does not contain explicit evidence related to improved data management, environmental data systems/platforms/workflows, environmentally sustainable AI practices, or capacity/skills development in data management or AI in Ghana during 2022-2026.",There is no explicit link between UNEP or UNEP-supported work and the SP7.1 improvement/capacity/sustainable AI outcome in Ghana during 2022-2026.,[]
Ghana,2022–2026,1,with UNEP support Ghana environmental information system trained data management artificial intelligence AI capacity skills environmental information system government stakeholder institution platform training after:2022-01-01 before:2026-01-01,Guidance on AI and Children,https://www.unicef.org/innocenti/media/11991/file/UNICEF-Innocenti-Guidance-on-AI-and-Children-3-2025.pdf,"Requirements for child-centred AI. 10. 1. Ensure regulatory frameworks, oversight and compliance for child-centred AI. 12. 2. Ensure safety for children.",https://www.unicef.org › innocenti › media › file,www_unicef_org_Guidance_on_AI_and_Children.txt,False,False,0,0,none,none,unclear,unclear,"The document is not about Ghana or the time window 2022-2026, and does not contain explicit evidence related to improved data management, environmental data systems/platforms/workflows, environmentally sustainable AI practices, or capacity/skills development in these areas.",There is no explicit link between UNEP or UNEP-supported work and the SP7.1 improvement/capacity/sustainable AI outcome.,[]
Ghana,2022–2026,1,with UNEP support Ghana environmental information system trained data management artificial intelligence AI capacity skills environmental information system government stakeholder institution platform training after:2022-01-01 before:2026-01-01,(PDF) Leveraging AI for Sustainable Development: Diverse ...,https://www.researchgate.net/publication/388948848_Leveraging_AI_for_Sustainable_Development_Diverse_Applications_Across_SDG_Goals,"Through diverse case studies, it examines how AI is being used across sectors to drive economic growth, environmental sustainability, and social inclusion.",https://www.researchgate.net › ... › Artificial Intelligence,www_researchgate_net__PDF_Leveraging_AI_for_Sustainable_Development_Div.txt,False,False,0,0,none,none,unclear,unclear,The document does not contain explicit evidence of measured improvements in data management and environmentally sustainable artificial intelligence practices in Ghana during 2022-2026.,"There is no explicit link between UNEP or UNEP-supported work and the measured improvement in data management, environmentally sustainable AI practices, or capacity/skills development in Ghana during 2022-2026.",[]
Ghana,2022–2026,1,with UNEP support Ghana environmental information system trained data management artificial intelligence AI capacity skills environmental information system government stakeholder institution platform training after:2022-01-01 before:2026-01-01,AI-powered OER training equips Ghanaian educators. ...,https://www.facebook.com/COL4D/posts/from-innovation-to-impact-ai-powered-oer-training-equips-ghanaian-educatorsas-pa/1108801884607177/,Ghana is set to introduce Artificial Intelligence (AI) learning tools in local languages as part of efforts to expand access to quality education. FULL ...,20+ reactions,www_facebook_com_AI_powered_OER_training_equips_Ghanaian_educators_.txt,True,False,41,0,AI practice / capacity development / skills development,developed / implemented / trained,public-sector institution / academia,national / institutional,"The document describes a workshop in Ghana that introduced educators to AI-powered tools for creating Open Educational Resources (OER). The workshop aimed to empower participants to use generative AI for co-creating inclusive and curriculum-aligned educational resources. Twenty-two educators participated, and a total of 22 OER for Biology were developed during the workshop.",There is no explicit link between UNEP or UNEP-supported work and the AI-powered OER training in Ghana.,"[""AI-powered OER training"", ""generative Artificial Intelligence (AI) in resource-constrained settings"", ""Teacher-in-the-Loop AI (TiL AI) project"", ""practical AI applications"", ""AI-powered OER platform""]"
Ghana,2022–2026,1,with UNEP support Ghana environmental information system trained data management artificial intelligence AI capacity skills environmental information system government stakeholder institution platform training after:2022-01-01 before:2026-01-01,AU Digital Agriculture Strategy (DAS) and Implementation ...,https://faolex.fao.org/docs/pdf/au225158.pdf,"An additional AU Artificial Intelligence (AI) ... sources, data availability, data management practices, digital skills, and linkages with other sectors.",https://faolex.fao.org › docs › pdf,faolex_fao_org_AU_Digital_Agriculture_Strategy_DAS_and_Implementa.txt,False,False,0,0,none,none,none,none,"The document is about the AU Digital Agriculture Strategy and Implementation Plan 2024-2030, which is not specific to Ghana or the time window 2022-2026. It does not contain explicit evidence of measured improvements in data management and environmentally sustainable artificial intelligence practices, including capacity and skills development, among countries and stakeholders.","There is no explicit link between UNEP or UNEP-supported work and the measured improvement in data management, environmentally sustainable AI practices, or capacity/skills development in Ghana (in 2022-2026).",[]
Ghana,2022–2026,1,with UNEP support Ghana environmental information system trained data management artificial intelligence AI capacity skills environmental information system government stakeholder institution platform training after:2022-01-01 before:2026-01-01,Ghana - Learning Plans,https://learningplans.sdg-innovation-commons.org/es/GHA?mscale=full-screen,"On this platform, you can discover what sustainable development challenges the Accelerator Labs have been working on, which partners got involved and what ...",https://learningplans.sdg-innovation-commons.org › G...,learningplans_sdg-innovation-commons_org_Ghana_Learning_Plans.txt,False,False,0,0,none,none,unclear,unclear,"The document does not contain explicit evidence related to measured improvements in data management, environmentally sustainable AI practices, or capacity/skills development in Ghana during 2022-2026.",There is no explicit link between UNEP or UNEP-supported work and any improvements in data management or sustainable AI practices in Ghana during 2022-2026.,[]
Ghana,2022–2026,1,with UNEP support Ghana environmental information system trained data management artificial intelligence AI capacity skills environmental information system government stakeholder institution platform training after:2022-01-01 before:2026-01-01,AI for Good Impact Report 2nd edition,https://s41721.pcdn.co/wp-content/uploads/2022/04/2600081_AI-for-Good-Impact-Report-2025-E-v6.pdf,"This AI for Good Impact Report shares the latest insights on emerging technologies, governance trends, and AI use cases across education, healthcare, ...",https://s41721.pcdn.co › uploads › 2022/04 › 26...,s41721_pcdn_co_AI_for_Good_Impact_Report_2nd_edition.txt,False,False,0,0,none,none,none,none,"The document does not contain explicit evidence related to Ghana or the time window 2022-2026, nor does it discuss environmental data management, sustainable AI practices, or capacity and skills development in these areas.",There is no mention of UNEP or UNEP-supported work in relation to Ghana or the specified time window.,[]
Ghana,2022–2026,1,with UNEP support Ghana environmental information system trained data management artificial intelligence AI capacity skills environmental information system government stakeholder institution platform training after:2022-01-01 before:2026-01-01,"Issues paper on Science, Technology and Innovation in the ...",https://unctad.org/system/files/information-document/cstd2025-2026_issues_ai_en.pdf,"By processing vast and dynamic datasets, AI enhances forecasting, simulation and environmental modelling, thereby supporting efforts to understand and respond ...",https://unctad.org › cstd2025-2026_issues_ai_en,unctad_org_Issues_paper_on_Science_Technology_and_Innovation_.txt,False,False,0,0,none,none,none,none,The document does not contain explicit evidence of measured improvements in data management and environmentally sustainable artificial intelligence practices in Ghana during 2022-2026.,"The document does not explicitly link UNEP or UNEP-supported work to enabling, supporting, improving, training, implementing, or operationalizing SP7.1 outcomes in Ghana during 2022-2026.",[]
Ghana,2022–2026,1,with UNEP support Ghana environmental information system trained data management artificial intelligence AI capacity skills environmental information system government stakeholder institution platform training after:2022-01-01 before:2026-01-01,How the UN Environment Programme is using AI for Good,https://www.youtube.com/watch?v=4Fkj-pqsaxE,"UNEP presents the potential of AI to keep the environment under review and empower citizens and governments to act and respond to environmental risks, ...",370+ views · 2 years ago,www_youtube_com_How_the_UN_Environment_Programme_is_using_AI_for_G.txt,False,False,0,0,none,none,unclear,unclear,"The document does not contain explicit evidence related to measured improvements in data management, environmentally sustainable AI practices, or capacity/skills development in Ghana during 2022-2026.","The document does not explicitly link UNEP or UNEP-supported work to any improvements in data management, environmentally sustainable AI practices, or capacity/skills development in Ghana during 2022-2026.",[]
Ghana,2022–2026,1,with UNEP support Ghana environmental information system trained data management artificial intelligence AI capacity skills environmental information system government stakeholder institution platform training after:2022-01-01 before:2026-01-01,THE IGAD CLIMATE ADAPTATION STRATEGY (2023-2030),https://igad.int/wp-content/uploads/2023/12/IGAD-Climate-Adaptation-Strategy-2023-2030-.pdf,The IGAD Climate Adaptation Strategy (2023-2030) was prepared with substantial inputs and feedback from the IGAD Centre of Excellence for Climate Adaptation ...,https://igad.int › wp-content › uploads › 2023/12,igad_int_THE_IGAD_CLIMATE_ADAPTATION_STRATEGY_2023_2030_.txt,False,False,0,0,none,none,unclear,unclear,No relevant information found.,No UNEP attribution found.,[]
Ghana,2022–2026,1,with UNEP support Ghana environmental information system trained data management artificial intelligence AI capacity skills environmental information system government stakeholder institution platform training after:2022-01-01 before:2026-01-01,Green-Taxonomy-Framework-for-Ghana_V3.pdf,https://www.mofep.gov.gh/sites/default/files/reports/economic/Green-Taxonomy-Framework-for-Ghana_V3.pdf,"This framework aims to unlock critical financing for sustainable investments, support Ghana's climate goals, and enhance transparency and investor confidence ...",https://www.mofep.gov.gh › reports › economic,www_mofep_gov_gh_Green_Taxonomy_Framework_for_Ghana_V3_pdf.txt,False,False,0,0,none,none,government,national,"The document does not contain explicit evidence of measured improvements in data management, environmentally sustainable AI practices, or capacity/skills development in Ghana during 2022-2026.","There is no explicit link between UNEP or UNEP-supported work and the measured improvement in data management, environmentally sustainable AI practices, or capacity/skills development in Ghana during 2022-2026.","[""The document focuses on Ghana's Green Finance Taxonomy, which aims to guide investments towards a sustainable and climate-resilient economy. It outlines priority sectors for green financing, including energy, transportation, agriculture, and building and construction. However, it does not discuss improvements in data management, environmentally sustainable AI practices, or capacity/skills development.""]"
Ghana,2022–2026,1,with UNEP support Ghana environmental information system trained data management artificial intelligence AI capacity skills environmental information system government stakeholder institution platform training after:2022-01-01 before:2026-01-01,Greening curriculum guidance: teaching and learning for ...,https://unesdoc.unesco.org/ark:/48223/pf0000390022,"KEY IDEA: Digitalization and artificial intelligence (AI) play a key role in making transport more efficient and less polluting, through automated mobility ...",https://unesdoc.unesco.org › ark:,unesdoc_unesco_org_Greening_curriculum_guidance_teaching_and_learning.txt,False,False,0,0,none,none,unclear,unclear,"The document does not contain explicit evidence related to Ghana, digital/data management, sustainable AI practices, or capacity/skills development in the specified time window of 2022-2026.",There is no mention of UNEP or UNEP-supported work in relation to the specified indicators.,[]
Ghana,2022–2026,1,with UNEP support Ghana environmental information system trained data management artificial intelligence AI capacity skills environmental information system government stakeholder institution platform training after:2022-01-01 before:2026-01-01,Ghana's Request for Support to the Global Shield against ...,https://www.globalshield.org/wp-content/uploads/2024/04/Ghana-Request-for-Support-to-the-Global-Shield_Annex.pdf,"In this regard, there is need for governmental institutions and relevant stakeholders working to achieve disaster risk reduction in Ghana to focus on ...",https://www.globalshield.org › uploads › 2024/04,www_globalshield_org_Ghana_s_Request_for_Support_to_the_Global_Shield_a.txt,False,False,0,0,none,none,government / public-sector institution,national,"The document does not contain explicit evidence of measured improvements in data management, environmentally sustainable AI practices, or capacity/skills development in Ghana during 2022-2026.","There is no explicit link between UNEP or UNEP-supported work and the measured improvement in data management, environmentally sustainable AI practices, or capacity/skills development in Ghana during 2022-2026.",[]
Ghana,2022–2026,1,with UNEP support Ghana environmental information system trained data management artificial intelligence AI capacity skills environmental information system government stakeholder institution platform training after:2022-01-01 before:2026-01-01,(PDF) Leveraging AI for Sustainable Development: Diverse ...,https://www.researchgate.net/publication/388948848_Leveraging_AI_for_Sustainable_Development_Diverse_Applications_Across_SDG_Goals,"Through diverse case studies, it examines how AI is being used across sectors to drive economic growth, environmental sustainability, and social inclusion.",https://www.researchgate.net › ... › Artificial Intelligence,www_researchgate_net__PDF_Leveraging_AI_for_Sustainable_Development_Div.txt,False,False,0,0,none,none,unclear,unclear,"The document does not contain explicit evidence related to Ghana or the time window 2022-2026, nor does it discuss measured improvements in data management, environmentally sustainable AI practices, or capacity/skills development in Ghana.","There is no explicit link between UNEP or UNEP-supported work and any improvement in data management, environmentally sustainable AI practices, or capacity/skills development in Ghana.",[]
Ghana,2022–2026,1,with UNEP support Ghana environmental information system trained data management artificial intelligence AI capacity skills environmental information system government stakeholder institution platform training after:2022-01-01 before:2026-01-01,standard bank group sustainability disclosures report 2024,https://www.standardbank.com/static_file/StandardBankGroup/filedownloads/RTS/2024/SBG_SustainabilityDisclosuresReport2024.pdf,Artificial intelligence (AI). Supports the Department of. Communications and Digital. Technologies' goal of promoting the responsible and ethical development ...,https://www.standardbank.com › static_file › RTS,www_standardbank_com_standard_bank_group_sustainability_disclosures_rep.txt,False,False,0,0,none,none,unclear,unclear,The document does not contain explicit evidence of measured improvements in data management and environmentally sustainable artificial intelligence practices in Ghana during 2022-2026.,"There is no explicit link between UNEP or UNEP-supported work and the measured improvement in data management, environmentally sustainable AI practices, or capacity/skills development in Ghana during 2022-2026.",[]
Ghana,2022–2026,1,with UNEP support Ghana environmental information system trained data management artificial intelligence AI capacity skills environmental information system government stakeholder institution platform training after:2022-01-01 before:2026-01-01,AI-powered OER training equips Ghanaian educators. ...,https://www.facebook.com/COL4D/posts/from-innovation-to-impact-ai-powered-oer-training-equips-ghanaian-educatorsas-pa/1108801884607177/,Ghana is set to introduce Artificial Intelligence (AI) learning tools in local languages as part of efforts to expand access to quality education. FULL ...,20+ reactions,www_facebook_com_AI_powered_OER_training_equips_Ghanaian_educators_.txt,True,False,40,0,AI practice / capacity development,developed / implemented,public-sector institution / academia,national / institutional,"The document describes a workshop in Ghana that introduced educators to AI-powered tools for creating Open Educational Resources (OER). The workshop aimed to empower participants to use generative AI for co-creating inclusive and curriculum-aligned educational resources. Twenty-two educators participated, and 22 OER for Biology were developed. The project demonstrates initial implementation of AI in teacher education, but the scope is limited to a single workshop and does not show broad institutional uptake or measured improvement.",There is no explicit mention of UNEP or UNEP-supported work in the document. The project is attributed to the Commonwealth of Learning (COL).,"[""Twenty-two educators at Wesley College of Education, Ghana, recently participated in a training workshop exploring the transformative potential of Artificial Intelligence (AI) in teacher education."", ""The workshop introduced participants to practical AI applications using COL’s AI-powered OER platform."", ""A total of 22 OER for the subject Biology were developed during the workshop""]"
Ghana,2022–2026,1,with UNEP support Ghana environmental information system trained data management artificial intelligence AI capacity skills environmental information system government stakeholder institution platform training after:2022-01-01 before:2026-01-01,DCO E-Waste Management Framework,https://dco.org/wp-content/uploads/2025/05/DCO-E-Waste-Management-Framework.pdf,• Ai-powered Technology For. Sorting And Data Collection. Artificial Intelligence (AI) powered systems enable automated sorting of e-waste into fractions ...,https://dco.org › wp-content › uploads › 2025/05,dco_org_DCO_E_Waste_Management_Framework.txt,False,False,0,0,none,none,unclear,unclear,No relevant information found in the document.,No UNEP attribution found in the document.,[]
Ghana,2022–2026,1,with UNEP support Ghana environmental information system trained data management artificial intelligence AI capacity skills environmental information system government stakeholder institution platform training after:2022-01-01 before:2026-01-01,UN Innovation Network | Projects,https://www.uninnovation.network/projects,Below you can see an overview of the innovation projects run by various UN Entities. Please feel free to add your UN innovation project!,https://www.uninnovation.network › projects,www_uninnovation_network_UN_Innovation_Network_Projects.txt,False,False,0,0,none,none,none,none,"The document does not contain explicit evidence of measured improvements in data management and environmentally sustainable artificial intelligence practices, including capacity and skills development, among countries and stakeholders in Ghana during 2022-2026.","There is no explicit link between UNEP or UNEP-supported work and the measured improvement in data management, environmentally sustainable AI practices, or capacity/skills development in Ghana during 2022-2026.",[]
Ghana,2022–2026,1,with UNEP support Ghana environmental information system trained data management artificial intelligence AI capacity skills environmental information system government stakeholder institution platform training after:2022-01-01 before:2026-01-01,Lands Minister Participates in Ministerial AI Bootcamp,https://mlnr.gov.gh/lands-minister-participates-in-ministerial-ai-bootcamp/,"The Minister for Lands and Natural Resources, Hon. Emmanuel Armah-Kofi Buah(MP) has participated in a three-day Artificial Intelligence (AI) training.",https://mlnr.gov.gh › lands-minister-participates-in-mini...,mlnr_gov_gh_Lands_Minister_Participates_in_Ministerial_AI_Boot.txt,True,False,40,0,capacity development / AI practice,trained,government,national,The Minister for Lands and Natural Resources participated in a three-day Artificial Intelligence (AI) training programme aimed at enhancing the capacity of Ministers of State and key stakeholders in integrating AI into public sector operations. This indicates a capacity development effort in AI practices.,There is no explicit mention of UNEP or UNEP-supported work in the provided text.,"[""The Minister for Lands and Natural Resources, Hon. Emmanuel Armah-Kofi Buah(MP) has participated in a three-day Artificial Intelligence (AI) training programme"", ""to enhance the capacity of Ministers of State and key stakeholders in integrating AI into public sector operations.""]"
Ghana,2022–2026,1,with UNEP support Ghana environmental information system trained data management artificial intelligence AI capacity skills environmental information system government stakeholder institution platform training after:2022-01-01 before:2026-01-01,How the UN Environment Programme is using AI for Good,https://www.youtube.com/watch?v=4Fkj-pqsaxE,"UNEP presents the potential of AI to keep the environment under review and empower citizens and governments to act and respond to environmental risks, ...",370+ views · 2 years ago,www_youtube_com_How_the_UN_Environment_Programme_is_using_AI_for_G.txt,False,False,0,0,none,none,unclear,unclear,"The document does not contain explicit evidence related to measured improvements in data management, environmentally sustainable AI practices, or capacity/skills development in Ghana during 2022-2026.","There is no explicit link between UNEP or UNEP-supported work and any improvement in data management, environmentally sustainable AI practices, or capacity/skills development in Ghana during 2022-2026.",[]
Ghana,2022–2026,2,UNEP assisted Ghana machine learning environmental data established data management artificial intelligence AI capacity skills environmental information system government stakeholder institution platform training after:2022-01-01 before:2026-01-01,"WMO on Instagram: "" The development of artificial intelligence ...",https://www.instagram.com/reel/DQQ3L4igAWt/,Learning from decades of atmosphere data. AI is helping countries strengthen their forecasting capabilities. Putting powerful tools into more hands worldwide.,180+ likes · 6 months ago,www_instagram_com_WMO_on_Instagram_The_development_of_artificial_int.txt,False,False,0,0,none,none,unclear,unclear,The document does not contain explicit evidence related to Ghana or the time window 2022-2026. It appears to be a social media post from the World Meteorological Organization (WMO) discussing the development of artificial intelligence (AI) technologies and a conference on AI in Earth system sciences.,There is no mention of UNEP or UNEP-supported work in the document.,[]
Ghana,2022–2026,2,UNEP assisted Ghana machine learning environmental data established data management artificial intelligence AI capacity skills environmental information system government stakeholder institution platform training after:2022-01-01 before:2026-01-01,Integrating Artificial Intelligence into Resource ...,https://www.worldscientific.com/doi/10.1142/S2424862225500083?srsltid=AfmBOoosFG9GytcWoc30Gcviq3fVtzngCLS8nyMt_ZLZ_5k54mkjX76H,This study examines how Artificial Intelligence (AI) integration within resource management (RM) systems fosters sustainable economic growth in Ghana.,https://www.worldscientific.com › doi,www_worldscientific_com_Integrating_Artificial_Intelligence_into_Resource_.txt,False,False,0,0,none,none,unclear,national,The document does not contain explicit evidence of measured improvements in data management and environmentally sustainable artificial intelligence practices in Ghana during 2022-2026.,There is no explicit link between UNEP or UNEP-supported work and the improvement in data management or sustainable AI practices in Ghana.,[]
Ghana,2022–2026,1,with UNEP support Ghana environmental information system trained data management artificial intelligence AI capacity skills environmental information system government stakeholder institution platform training after:2022-01-01 before:2026-01-01,Measuring climate resilience in low,https://www.frontiersin.org/journals/climate/articles/10.3389/fclim.2025.1514423/pdf,"By integrating satellite data with AI and Deep Learning, early warning systems can deliver critical insights into environmental hazards, allowing proactive risk ...",https://www.frontiersin.org › articles › pdf,www_frontiersin_org_Measuring_climate_resilience_in_low.txt,False,False,0,0,none,none,none,none,"The document does not contain explicit evidence related to measured improvements in data management, environmental data systems, or sustainable AI practices in Ghana during 2022-2026.","There is no explicit link between UNEP or UNEP-supported work and the measured improvement in data management, environmentally sustainable AI practices, or capacity/skills development in Ghana during 2022-2026.",[]
Ghana,2022–2026,2,UNEP assisted Ghana machine learning environmental data established data management artificial intelligence AI capacity skills environmental information system government stakeholder institution platform training after:2022-01-01 before:2026-01-01,The Environmental Impact of the Full AI Lifecycle Needs to ...,https://www.unep.org/resources/report/artificial-intelligence-ai-end-end-environmental-impact-full-ai-lifecycle-needs-be,This note outlines key areas identified by UNEP regarding the environmental impact of Artificial intelligence (AI) across its lifecycle.,https://www.unep.org › resources › report › artificial-in...,www_unep_org_The_Environmental_Impact_of_the_Full_AI_Lifecycle_.txt,False,False,0,0,none,none,unclear,global,"The document does not contain explicit evidence related to measured improvements in data management, environmental data systems, or sustainable AI practices in Ghana during 2022-2026.","The document does not explicitly link UNEP or UNEP-supported work to enabling, supporting, improving, training, implementing, or operationalizing SP7.1 evidence in Ghana during 2022-2026.",[]
Ghana,2022–2026,2,UNEP assisted Ghana machine learning environmental data established data management artificial intelligence AI capacity skills environmental information system government stakeholder institution platform training after:2022-01-01 before:2026-01-01,dsti/cdep/aigo(2022)3/final,https://one.oecd.org/document/DSTI/CDEP/AIGO(2022)3/FINAL/en/pdf,The paper “Measuring the environmental impacts of AI compute and applications: the AI footprint” is based on the work of the OECD.AI Expert Group on AI Compute ...,https://one.oecd.org › CDEP › FINAL › pdf,one_oecd_org_dsti_cdep_aigo_2022_3_final.txt,False,False,0,0,none,none,unclear,unclear,No relevant information found.,No relevant information found.,[]
Ghana,2022–2026,2,UNEP assisted Ghana machine learning environmental data established data management artificial intelligence AI capacity skills environmental information system government stakeholder institution platform training after:2022-01-01 before:2026-01-01,AI-powered OER training equips Ghanaian educators. ...,https://www.facebook.com/COL4D/posts/from-innovation-to-impact-ai-powered-oer-training-equips-ghanaian-educatorsas-pa/1108801884607177/,Ghana is set to introduce Artificial Intelligence (AI) learning tools in local languages as part of efforts to expand access to quality education. FULL ...,20+ reactions,www_facebook_com_AI_powered_OER_training_equips_Ghanaian_educators_.txt,True,False,41,0,AI practice / capacity development / skills development,developed / implemented / trained,public-sector institution / academia,national / institutional,"The document describes a workshop in Ghana that introduced educators to AI-powered tools for creating Open Educational Resources (OER). Twenty-two educators participated, and 22 OER for Biology were developed. The workshop aimed to empower participants to use generative AI for co-creating inclusive and curriculum-aligned educational resources.",There is no explicit mention of UNEP or UNEP-supported work in the document.,"[""AI-powered OER training"", ""generative Artificial Intelligence (AI) in resource-constrained settings"", ""Teacher-in-the-Loop AI (TiL AI) project"", ""practical AI applications"", ""AI-powered OER platform"", ""co-creative mentoring process""]"
Ghana,2022–2026,2,UNEP assisted Ghana machine learning environmental data established data management artificial intelligence AI capacity skills environmental information system government stakeholder institution platform training after:2022-01-01 before:2026-01-01,AI through the lens of official statistics and the Sustainable ...,https://www.paris21.org/sites/default/files/media/document/2024-07/ai-paper-formatted.pdf,"PARIS21 works with governments, international organisations, civil society, and other stakeholders to strengthen national statistical systems, promote the use ...",https://www.paris21.org › ai-paper-formatted,www_paris21_org_AI_through_the_lens_of_official_statistics_and_the.txt,False,False,0,0,none,none,unclear,unclear,"The document does not contain explicit evidence related to measured improvements in data management, environmentally sustainable AI practices, or capacity/skills development in Ghana during 2022-2026.",There is no explicit link between UNEP or UNEP-supported work and the SP7.1 improvement/capacity/sustainable AI outcome in Ghana during 2022-2026.,[]
Ghana,2022–2026,2,UNEP assisted Ghana machine learning environmental data established data management artificial intelligence AI capacity skills environmental information system government stakeholder institution platform training after:2022-01-01 before:2026-01-01,Artificial Intelligence for Climate Action:,https://unfccc.int/ttclear/misc_/StaticFiles/gnwoerk_static/AI4climateaction/f2922b97c4cf431996c468e622127eb5/112f8be560ea447dab5ff2e53ab3f6e4.pdf,"(2024a) Artificial Intelligence of Things for Synergizing Smarter. Eco-City Brain, Metabolism, and Platform: Pioneering Data-driven Environmental Governance,.",https://unfccc.int › StaticFiles › gnwoerk_static,unfccc_int_Artificial_Intelligence_for_Climate_Action_.txt,False,False,0,0,none,none,none,none,"The document is not about Ghana or the time window 2022-2026. It discusses AI for climate action broadly, focusing on developing countries, LDCs, and SIDS, but does not provide specific evidence of measured improvements in data management, environmentally sustainable AI practices, or capacity/skills development in Ghana during 2022-2026.","There is no explicit link between UNEP or UNEP-supported work and the measured improvement in data management, environmentally sustainable AI practices, or capacity/skills development in Ghana during 2022-2026.",[]
Ghana,2022–2026,2,UNEP assisted Ghana machine learning environmental data established data management artificial intelligence AI capacity skills environmental information system government stakeholder institution platform training after:2022-01-01 before:2026-01-01,Artificial intelligence in waste management systems,https://www.sciencedirect.com/science/article/pii/S2949750725000987,"To improve sorting performance, researchers have developed AI models that combine sensor data, deep learning, and imaging techniques. For instance ...",https://www.sciencedirect.com › science › article › pii,www_sciencedirect_com_Artificial_intelligence_in_waste_management_system.txt,False,False,0,0,none,none,unclear,unclear,"The document does not contain any relevant information about Ghana, digital transformation, environmental data management, sustainable AI, or capacity development.",There is no mention of UNEP or any related work.,[]
Ghana,2022–2026,2,UNEP assisted Ghana machine learning environmental data established data management artificial intelligence AI capacity skills environmental information system government stakeholder institution platform training after:2022-01-01 before:2026-01-01,United Nations Activities on Artificial Intelligence (AI),https://www.itu.int/dms_pub/itu-s/opb/gen/S-GEN-UNACT-2023-PDF-E.pdf,"Nearly 60% of the UN projects have reported collaborations with the UN system, the private sector, governments, civil society, academia, or with another.",https://www.itu.int › S-GEN-UNACT-2023-PDF-E,www_itu_int_United_Nations_Activities_on_Artificial_Intelligen.txt,False,False,0,0,none,none,unclear,unclear,No relevant evidence found due to fetch error.,No UNEP attribution due to lack of evidence.,[]
Ghana,2022–2026,2,UNEP assisted Ghana machine learning environmental data established data management artificial intelligence AI capacity skills environmental information system government stakeholder institution platform training after:2022-01-01 before:2026-01-01,New Coalition aims to put Artificial Intelligence on a more ...,https://www.unep.org/news-and-stories/press-release/new-coalition-aims-put-artificial-intelligence-more-sustainable-path,A number of recent initiatives are working to build the knowledge base around AI and the environment: through the National Institute for Research in Digital ...,"https://www.unep.org › News, Stories & Speeches",www_unep_org_New_Coalition_aims_to_put_Artificial_Intelligence_.txt,False,False,0,0,none,none,unclear,global,The document does not contain explicit evidence of measured improvements in data management and environmentally sustainable artificial intelligence practices in Ghana during 2022-2026.,The document does not explicitly link UNEP or UNEP-supported work to measured improvements in data management and environmentally sustainable artificial intelligence practices in Ghana during 2022-2026.,[]
Ghana,2022–2026,2,UNEP assisted Ghana machine learning environmental data established data management artificial intelligence AI capacity skills environmental information system government stakeholder institution platform training after:2022-01-01 before:2026-01-01,Art 5(6) and (8) • AI for Sustainability Information • EU ...,https://unece.org/sites/default/files/2024-11/7Nov_pm_9TFAI_3a_API_5_AEF_Hough.pdf,"Environmental resilience through artificial intelligence: innovations in monitoring and management. Environmental Science and Pollution Research, 31, 18379–.",https://unece.org › sites › default › files,unece_org_Art_5_6_and_8_AI_for_Sustainability_Information_EU.txt,False,False,0,0,none,none,unclear,unclear,"The document does not contain explicit evidence related to Ghana or the time window 2022-2026. The provided URL leads to a PDF document, but the content is not accessible due to a 403 error.",There is no explicit link between UNEP or UNEP-supported work and the SP7.1 improvement/capacity/sustainable AI outcome in Ghana for 2022-2026.,[]
Ghana,2022–2026,2,UNEP assisted Ghana machine learning environmental data established data management artificial intelligence AI capacity skills environmental information system government stakeholder institution platform training after:2022-01-01 before:2026-01-01,Artificial Intelligence for Climate Security: Possibilities and ...,https://www.sipri.org/sites/default/files/2023-12/2312_sipri_policy_report_ai_for_climate_security_1.pdf,"AI can help policy actors overcome the data problem by enabling efficient use of remote sensing systems, especially satellite imagery, as well as social media.",https://www.sipri.org › sites › default › files › 231...,www_sipri_org_Artificial_Intelligence_for_Climate_Security_Possi.txt,False,False,0,0,none,none,unclear,unclear,No relevant information found.,No relevant information found.,[]
Ghana,2022–2026,2,UNEP assisted Ghana machine learning environmental data established data management artificial intelligence AI capacity skills environmental information system government stakeholder institution platform training after:2022-01-01 before:2026-01-01,Artificial Intelligence and Sustainability: - Highlights and Events,https://research.sbs.edu/sbsrm/SBSRM01_Research%20Monography_01.pdf,Sustainable Decision-Making AI-powered decision support systems provide managers with insights that prioritize sustainability alongside financial performance.,https://research.sbs.edu › sbsrm,research_sbs_edu_Artificial_Intelligence_and_Sustainability_Highlig.txt,False,False,0,0,none,none,unclear,global,"The document does not contain explicit evidence related to measured improvements in data management, environmentally sustainable AI practices, capacity or skills development in data management or AI, or measured uptake or institutional improvement in these areas for Ghana during 2022-2026.","There is no explicit link between UNEP or UNEP-supported work and the discussed improvements in data management, environmentally sustainable AI practices, or capacity/skills development in Ghana during 2022-2026.",[]
Ghana,2022–2026,2,UNEP assisted Ghana machine learning environmental data established data management artificial intelligence AI capacity skills environmental information system government stakeholder institution platform training after:2022-01-01 before:2026-01-01,How the UN Environment Programme is using AI for Good,https://www.youtube.com/watch?v=4Fkj-pqsaxE,UNEP presents the potential of AI to keep the environment under review and empower citizens and governments to act and respond to environmental risks ...,370+ views · 2 years ago,www_youtube_com_How_the_UN_Environment_Programme_is_using_AI_for_G.txt,False,False,0,0,none,none,unclear,unclear,"The document does not contain explicit evidence related to measured improvements in data management, environmentally sustainable AI practices, or capacity/skills development in Ghana during 2022-2026.","The document does not explicitly link UNEP or UNEP-supported work to any improvements in data management, environmentally sustainable AI practices, or capacity/skills development in Ghana during 2022-2026.",[]
Ghana,2022–2026,2,UNEP assisted Ghana machine learning environmental data established data management artificial intelligence AI capacity skills environmental information system government stakeholder institution platform training after:2022-01-01 before:2026-01-01,An Overview of Digital Transformation and Environmental ...,https://www.mdpi.com/2071-1050/16/24/11079,"This paper examines the dual impact of digital technologies, highlighting key threats such as rising energy consumption, growing e-waste, and the increased ...",https://www.mdpi.com › ...,www_mdpi_com_An_Overview_of_Digital_Transformation_and_Environm.txt,False,False,0,0,none,none,none,none,"The document does not contain explicit evidence related to measured improvements in data management, environmentally sustainable AI practices, or capacity/skills development in Ghana during 2022-2026.",There is no explicit link between UNEP or UNEP-supported work and the SP7.1 improvement/capacity/sustainable AI outcome in Ghana during 2022-2026.,[]
Ghana,2022–2026,2,UNEP assisted Ghana machine learning environmental data established data management artificial intelligence AI capacity skills environmental information system government stakeholder institution platform training after:2022-01-01 before:2026-01-01,Handbook on Management and Organization of National ...,https://unstats.un.org/capacity-development/handbook/Handbook_20231001.pdf,The present Handbook on Management and Organization of National Statistical Systems is the fourth edition of the Handbook of Statistical Organization series ...,https://unstats.un.org › Handbook_20231001,unstats_un_org_Handbook_on_Management_and_Organization_of_Nationa.txt,False,False,0,0,none,none,unclear,unclear,No evidence found due to document fetch error.,No evidence found due to document fetch error.,[]
Ghana,2022–2026,2,UNEP assisted Ghana machine learning environmental data established data management artificial intelligence AI capacity skills environmental information system government stakeholder institution platform training after:2022-01-01 before:2026-01-01,Sessions - Living Planet Symposium 2025,https://lps25.esa.int/sessions/,"Alongside remote sensing, Artificial Intelligence (AI) and Machine Learning (ML) play now an important component for the analysis of large datasets of EO data.",https://lps25.esa.int › sessions,lps25_esa_int_Sessions_Living_Planet_Symposium_2025.txt,False,False,0,0,none,none,unclear,unclear,No relevant information found in the document.,No UNEP attribution found in the document.,[]
Ghana,2022–2026,2,UNEP assisted Ghana machine learning environmental data established data management artificial intelligence AI capacity skills environmental information system government stakeholder institution platform training after:2022-01-01 before:2026-01-01,Knowledge Exchange Workshop between Ghana ...,https://files.unsdsn.org/Report%2BCase%2BStudies-Ghana-SL%2Bv3.pdf,"Held in Accra, Ghana, November 2–3, 2023, this workshop was hosted by SDSN's Thematic Research Network on Data and Statistics (TReNDS), the Ghana Statistical ...",https://files.unsdsn.org › Report+Case+Studies-G...,files_unsdsn_org_Knowledge_Exchange_Workshop_between_Ghana_.txt,True,False,60,0,data management system / environmental data platform / capacity development / skills development,strengthened / developed / implemented,government / public-sector institution / civil society / academia / mixed stakeholders,national,"The document provides evidence of improved data management and environmentally sustainable practices in Ghana, specifically in the area of marine litter data collection and citizen science. The Ghana Statistical Service (GSS) has successfully incorporated citizen science data on marine plastic litter into national statistics and official monitoring and reporting on SDG 14.1.1b. The GSS, EPA Ghana, and other stakeholders have worked together to develop a comprehensive approach to marine litter data collection, including the use of citizen science, drones, and artificial intelligence.","There is no explicit link between UNEP or UNEP-supported work and the measured improvement in data management or environmentally sustainable AI practices in Ghana. While UNEP is mentioned in the document, it is not directly attributed to the improvements in Ghana's marine litter data collection or citizen science efforts.","[""Ghana is one of the first countries to incorporate citizen science data on marine plastic litter into national statistics and official monitoring and reporting on SDG 14.1.1b for the years 2016–2020."", ""The GSS assumed the role of coordinating data collection and conducting workshops for government, academic, and Civil Society Organizations (CSOs) stakeholders to streamline the process."", ""EPA Ghana then validated the data following UNEP guidelines, contributing to Ghana’s Voluntary National Review."", ""The IIASA and the University of the Aegean presented the Feasibility Study on Marine Litter Detection and Reporting in Ghana (Fraisl et al., 2023b)."", ""The study suggests citizen science approaches, including a) utilizing the Picture Pile application to generate a reference dataset for annotating drone images to train the AI algorithm, enhancing its accuracy, precision, and reliability; b) deploying drones to capture aerial images for system upload and further processing; and c) collecting ground-truth data to compare AI algorithm results with field data, testing the algorithm’s accuracy, precision, and reliability.""]"
Ghana,2022–2026,2,UNEP assisted Ghana machine learning environmental data established data management artificial intelligence AI capacity skills environmental information system government stakeholder institution platform training after:2022-01-01 before:2026-01-01,"Digital Skills, Innovation, and Economic Transformation",https://thedocs.worldbank.org/en/doc/a607bb6e3b76d2be0f3db8db34dcf73e-0140022025/related/5EDU-WP-15-Digital-skills-innovation-and-economic-transformation.pdf,"This study explores the link between digital skills, innovation, and economic transformation in the context of Africa, focusing on the role and potential ...",https://thedocs.worldbank.org › doc › related › 5E...,thedocs_worldbank_org_Digital_Skills_Innovation_and_Economic_Transformat.txt,False,False,0,0,none,none,unknown,global,"The document does not contain explicit evidence of measured improvements in data management and environmentally sustainable artificial intelligence practices, including capacity and skills development, among countries and stakeholders in Ghana during 2022-2026.","The document does not explicitly link UNEP or UNEP-supported work to the measured improvement in data management, environmentally sustainable AI practices, or capacity/skills development in Ghana during 2022-2026.",[]
Ghana,2022–2026,2,UNEP assisted Ghana machine learning environmental data established data management artificial intelligence AI capacity skills environmental information system government stakeholder institution platform training after:2022-01-01 before:2026-01-01,Digital Public Goods for the SDGs,https://www.undp.org/sites/g/files/zskgke326/files/2023-04/Digital%20Public%20Goods%20for%20the%20SDGs%20-%20Case%20Studies.pdf,"An open-source spatial data analytics platform that provides access to nature, climate change and sustainable development datasets in new ways to empower ...",https://www.undp.org › files › zskgke326 › files,www_undp_org_Digital_Public_Goods_for_the_SDGs.txt,False,False,0,0,none,none,unclear,global,"The document does not contain explicit evidence related to improved data management, environmental data systems/platforms/workflows, environmentally sustainable AI practices, or capacity/skills development in data management or AI in Ghana during 2022-2026.","There is no explicit link between UNEP or UNEP-supported work and the measured improvement in data management, environmentally sustainable AI practices, or capacity/skills development in Ghana during 2022-2026.",[]
Ghana,2022–2026,2,UNEP assisted Ghana machine learning environmental data established data management artificial intelligence AI capacity skills environmental information system government stakeholder institution platform training after:2022-01-01 before:2026-01-01,(PDF) Leveraging AI for Sustainable Development: Diverse ...,https://www.researchgate.net/publication/388948848_Leveraging_AI_for_Sustainable_Development_Diverse_Applications_Across_SDG_Goals,"Through diverse case studies, it examines how AI is being used across sectors to drive economic growth, environmental sustainability, and social inclusion.",https://www.researchgate.net › ... › Artificial Intelligence,www_researchgate_net__PDF_Leveraging_AI_for_Sustainable_Development_Div.txt,False,False,0,0,none,none,unclear,unclear,"The document does not contain explicit evidence related to measured improvements in data management, environmentally sustainable AI practices, or capacity/skills development in Ghana during 2022-2026.",There is no explicit link between UNEP or UNEP-supported work and the improvement in data management or sustainable AI practices in Ghana during 2022-2026.,[]
Ghana,2022–2026,2,UNEP assisted Ghana machine learning environmental data established data management artificial intelligence AI capacity skills environmental information system government stakeholder institution platform training after:2022-01-01 before:2026-01-01,Guidance on AI and Children,https://www.unicef.org/innocenti/media/11991/file/UNICEF-Innocenti-Guidance-on-AI-and-Children-3-2025.pdf,Artificial intelligence (AI) is now front and centre in almost every major app or platform that children use. Recent data reveals rapid adoption: 67 per cent of ...,https://www.unicef.org › innocenti › media › file,www_unicef_org_Guidance_on_AI_and_Children.txt,False,False,0,0,none,none,none,unclear,"The document is not relevant to the task as it does not contain information about Ghana, UNEP, data management, or sustainable AI practices.",There is no UNEP attribution in the document.,[]
Ghana,2022–2026,2,UNEP assisted Ghana machine learning environmental data established data management artificial intelligence AI capacity skills environmental information system government stakeholder institution platform training after:2022-01-01 before:2026-01-01,AU Digital Agriculture Strategy (DAS) and Implementation ...,https://faolex.fao.org/docs/pdf/au225158.pdf,"An additional AU Artificial Intelligence (AI) ... sources, data availability, data management practices, digital skills, and linkages with other sectors.",https://faolex.fao.org › docs › pdf,faolex_fao_org_AU_Digital_Agriculture_Strategy_DAS_and_Implementa.txt,False,False,0,0,none,none,none,none,"The document does not contain explicit evidence related to Ghana or the time window 2022-2026. It is a general document about the AU Digital Agriculture Strategy and Implementation Plan 2024-2030, and does not provide specific information about digital/data management/sustainable AI practices or improvements in Ghana.",There is no mention of UNEP or UNEP-supported work in the provided document.,[]
Ghana,2022–2026,2,UNEP assisted Ghana machine learning environmental data established data management artificial intelligence AI capacity skills environmental information system government stakeholder institution platform training after:2022-01-01 before:2026-01-01,aas arise grantees,https://arise.aasciences.app/grantees,ARISE has a number of grantees who are working on various projects in the field of health research.,https://arise.aasciences.app › grantees,arise_aasciences_app_aas_arise_grantees.txt,False,False,0,0,none,none,unclear,unclear,No evidence available due to document fetch error,No evidence available due to document fetch error,[]
Ghana,2022–2026,2,UNEP assisted Ghana machine learning environmental data established data management artificial intelligence AI capacity skills environmental information system government stakeholder institution platform training after:2022-01-01 before:2026-01-01,Accelerating Climate Action with AI,https://web-assets.bcg.com/72/cf/b609ac3d4ac6829bae6fa88b8329/bcg-accelerating-climate-action-with-ai-nov-2023-rev.pdf,"Machine learning models can analyze weather data, satellite imagery, and terrain information to predict the likelihood of wildfires, helping authorities take.",https://web-assets.bcg.com › bcg-accelerating-clim...,web-assets_bcg_com_Accelerating_Climate_Action_with_AI.txt,False,False,0,0,none,none,unknown,unknown,The document does not contain explicit evidence of measured improvements in data management and environmentally sustainable artificial intelligence practices in Ghana during 2022-2026.,"There is no explicit link between UNEP or UNEP-supported work and measured improvements in data management, environmentally sustainable AI practices, or capacity/skills development in Ghana during 2022-2026.",[]
Ghana,2022–2026,2,UNEP assisted Ghana machine learning environmental data established data management artificial intelligence AI capacity skills environmental information system government stakeholder institution platform training after:2022-01-01 before:2026-01-01,Leveraging digital technology to improve environmental ...,https://www.emerald.com/md/article/63/13/455/1267684/Leveraging-digital-technology-to-improve,"Purpose. This research explores how digital technologies can improve the environmental (E), social (S) and governance (G) performance of infrastructure.",https://www.emerald.com › article › Leveraging-digital-...,www_emerald_com_Leveraging_digital_technology_to_improve_environme.txt,False,False,0,0,none,none,unclear,unclear,"No relevant digital transformation, data management, or sustainable AI evidence found for Ghana in 2022-2026.",No UNEP attribution or support evidence found.,[]
Ghana,2022–2026,2,UNEP assisted Ghana machine learning environmental data established data management artificial intelligence AI capacity skills environmental information system government stakeholder institution platform training after:2022-01-01 before:2026-01-01,AI for Good Impact Report 2nd edition,https://s41721.pcdn.co/wp-content/uploads/2022/04/2600081_AI-for-Good-Impact-Report-2025-E-v6.pdf,"This AI for Good Impact Report shares the latest insights on emerging technologies, governance trends, and AI use cases across education, healthcare, ...",https://s41721.pcdn.co › uploads › 2022/04 › 26...,s41721_pcdn_co_AI_for_Good_Impact_Report_2nd_edition.txt,False,False,0,0,none,none,none,none,"The document does not contain explicit evidence related to measured improvements in data management, environmentally sustainable AI practices, or capacity/skills development in Ghana during 2022-2026.",There is no explicit link between UNEP or UNEP-supported work and the SP7.1 improvement/capacity/sustainable AI outcome in Ghana during 2022-2026.,[]
Ghana,2022–2026,2,UNEP assisted Ghana machine learning environmental data established data management artificial intelligence AI capacity skills environmental information system government stakeholder institution platform training after:2022-01-01 before:2026-01-01,"Issues paper on Science, Technology and Innovation in the ...",https://unctad.org/system/files/information-document/cstd2025-2026_issues_ai_en.pdf,"AI system capable of predicting mooring failures in offshore platforms using digital twins and a combination of structural and environmental data, enhancing ...",https://unctad.org › cstd2025-2026_issues_ai_en,unctad_org_Issues_paper_on_Science_Technology_and_Innovation_.txt,False,False,0,0,none,none,none,none,"The document does not contain explicit evidence of measured improvements in data management, environmentally sustainable AI practices, or capacity/skills development in Ghana during 2022-2026.","There is no explicit link between UNEP or UNEP-supported work and the measured improvement in data management, environmentally sustainable AI practices, or capacity/skills development in Ghana during 2022-2026.",[]
Ghana,2022–2026,2,UNEP assisted Ghana machine learning environmental data established data management artificial intelligence AI capacity skills environmental information system government stakeholder institution platform training after:2022-01-01 before:2026-01-01,UNDP Ghana,https://www.facebook.com/UNDPGhana/posts/giving-the-closing-remark-at-the-7th-edition-of-the-nimdieseries-dr-edward-ampra/1259907742833906/,This training is a key step in preparing for an upcoming Artificial Intelligence (AI) Capacity-Building Bootcamp Workshop aimed at Cabinet Ministers. The ...,20+ reactions,www_facebook_com_UNDP_Ghana.txt,False,False,0,0,none,none,unclear,national,The document does not contain explicit evidence of measured improvements in data management and environmentally sustainable artificial intelligence practices in Ghana during 2022-2026.,The document does not explicitly link UNEP or UNEP-supported work to any improvements in data management or sustainable AI practices in Ghana.,[]
Ghana,2022–2026,2,UNEP assisted Ghana machine learning environmental data established data management artificial intelligence AI capacity skills environmental information system government stakeholder institution platform training after:2022-01-01 before:2026-01-01,Unchartered waters: an exploration for gender equality and ...,https://unesdoc.unesco.org/ark:/48223/pf0000391385,This policy brief aims to inform the G20 Women's Empowerment Working Group and the G20 Summit on the intersection of gender equality and ocean-related issues.,https://unesdoc.unesco.org › ark:,unesdoc_unesco_org_Unchartered_waters_an_exploration_for_gender_equal.txt,False,False,0,0,none,none,unclear,unclear,No relevant evidence found in the document.,No UNEP attribution found in the document.,[]
Ghana,2022–2026,2,UNEP assisted Ghana machine learning environmental data established data management artificial intelligence AI capacity skills environmental information system government stakeholder institution platform training after:2022-01-01 before:2026-01-01,How AI can benefit smallholder farmers in Africa,https://ecdpm.org/application/files/8817/5924/5712/How-AI-can-benefit-smallholder-farmers-Africa-Opportunities-for-EU-Africa-ECDPM-Discussion-Paper-396-2025.pdf,"In this paper, we explore the growing role of AI in African agriculture and identify strategic entry points to accelerate its impact.",https://ecdpm.org › application › files › How-AI-...,ecdpm_org_How_AI_can_benefit_smallholder_farmers_in_Africa.txt,False,False,0,0,none,none,none,none,The document does not contain explicit evidence of measured improvements in data management and environmentally sustainable artificial intelligence practices in Ghana during 2022-2026.,"There is no explicit link between UNEP or UNEP-supported work and the measured improvement in data management, environmentally sustainable AI practices, or capacity/skills development in Ghana during 2022-2026.",[]
Ghana,2022–2026,2,UNEP assisted Ghana machine learning environmental data established data management artificial intelligence AI capacity skills environmental information system government stakeholder institution platform training after:2022-01-01 before:2026-01-01,DCO E-Waste Management Framework,https://dco.org/wp-content/uploads/2025/05/DCO-E-Waste-Management-Framework.pdf,Reuse electronics to help bridge the digital divide. Collect data to monitor and improve the e-waste system. Strengthen the regulatory framework for e-waste.,https://dco.org › wp-content › uploads › 2025/05,dco_org_DCO_E_Waste_Management_Framework.txt,False,False,0,0,none,none,unclear,unclear,No relevant information found in the document.,No UNEP attribution found in the document.,[]
Ghana,2022–2026,2,UNEP assisted Ghana machine learning environmental data established data management artificial intelligence AI capacity skills environmental information system government stakeholder institution platform training after:2022-01-01 before:2026-01-01,"Mr. Nelson Jallah, the Manager of the Climate Information ...",https://www.facebook.com/EnvironmentProtectionAgencyLiberia/posts/mr-nelson-jallah-the-manager-of-the-climate-information-system-project-at-the-en/1272617694907487/,"Mr. Nelson Jallah, the Manager of the Climate Information System Project at the Environmental Protection Agency of Liberia giving an overview of the ...",6 reactions,www_facebook_com_Mr_Nelson_Jallah_the_Manager_of_the_Climate_Inform.txt,False,False,0,0,none,none,unclear,unclear,"The document does not contain explicit evidence related to Ghana or the time window 2022-2026. The content appears to be about the Environmental Protection Agency of Liberia, not Ghana.",There is no explicit link to UNEP or UNEP-supported work in the provided document.,[]
Ghana,2022–2026,2,UNEP assisted Ghana machine learning environmental data established data management artificial intelligence AI capacity skills environmental information system government stakeholder institution platform training after:2022-01-01 before:2026-01-01,2024 Integrated Report,https://www.givaudan.com/files/giv-2024-integrated-report.pdf,Our Integrated Report on economic and ESG performance serves as a comprehensive disclosure of financial and non-financial information.,https://www.givaudan.com › files › giv-2024-int...,www_givaudan_com_2024_Integrated_Report.txt,False,False,0,0,none,none,unclear,global,"The document does not contain explicit evidence related to measured improvement, strengthened capacity, skills development, adoption, use, or operationalization of data management or environmentally sustainable AI practices in Ghana during 2022-2026.",There is no explicit link between UNEP or UNEP-supported work and the mentioned practices in Ghana during 2022-2026.,[]
Ghana,2022–2026,2,UNEP assisted Ghana machine learning environmental data established data management artificial intelligence AI capacity skills environmental information system government stakeholder institution platform training after:2022-01-01 before:2026-01-01,1 Public Perception on the Adoption of Artificial Intelligence ...,https://journals.unidel.edu.ng/manager/papers/paper_32_1764408479.pdf,"Abstract. This study examines the awareness, attitudes, and concerns of local communities, policymakers, and environmental stakeholders regarding the use of ...",https://journals.unidel.edu.ng › manager › papers,journals_unidel_edu_ng_1_Public_Perception_on_the_Adoption_of_Artificial_.txt,False,False,0,0,none,none,academic / researcher,national,The document does not contain explicit evidence of measured improvements in data management and environmentally sustainable artificial intelligence practices in Ghana during 2022-2026.,"There is no explicit link between UNEP or UNEP-supported work and the measured improvement in data management, environmentally sustainable AI practices, or capacity/skills development in Ghana during 2022-2026.","[""Nigeria"", ""AI in environmental conservation"", ""public perception""]"
Ghana,2022–2026,2,UNEP assisted Ghana machine learning environmental data established data management artificial intelligence AI capacity skills environmental information system government stakeholder institution platform training after:2022-01-01 before:2026-01-01,THE EIGHTH COMPREHENSIVE EVALUATION OF THE GEF,https://www.thegef.org/sites/default/files/documents/2025-11/GEF_E_C70_01_OPS8.pdf,"The findings, interpretations, and conclusions in this report are those of the authors and do not necessarily reflect the views of the GEF Council or the ...",https://www.thegef.org › GEF_E_C70_01_OPS8,www_thegef_org_THE_EIGHTH_COMPREHENSIVE_EVALUATION_OF_THE_GEF.txt,False,False,0,0,none,none,none,none,The document does not contain explicit evidence of measured improvements in data management and environmentally sustainable artificial intelligence practices in Ghana during 2022-2026.,"The document does not explicitly link UNEP or UNEP-supported work to enabling, supporting, improving, training, implementing, or operationalizing SP7.1 outcomes in Ghana during 2022-2026.",[]
Ghana,2022–2026,2,UNEP assisted Ghana machine learning environmental data established data management artificial intelligence AI capacity skills environmental information system government stakeholder institution platform training after:2022-01-01 before:2026-01-01,ICISET 2025 International Conference on Information Systems ...,https://iciset.gctu.edu.gh/wp-content/uploads/sites/41/files/Final-Program-ICISET-2025-V4.pdf,His research focuses on developing computational intelligence models that integrate explainable AI (XAI) and machine learning techniques into environmental ...,https://iciset.gctu.edu.gh › uploads › sites › files,iciset_gctu_edu_gh_ICISET_2025_International_Conference_on_Informatio.txt,False,False,0,0,none,none,unclear,unclear,No evidence found due to document retrieval failure.,No evidence found due to document retrieval failure.,[]
Ghana,2022–2026,2,UNEP assisted Ghana machine learning environmental data established data management artificial intelligence AI capacity skills environmental information system government stakeholder institution platform training after:2022-01-01 before:2026-01-01,Guidance on AI and Children,https://www.unicef.org/innocenti/media/11991/file/UNICEF-Innocenti-Guidance-on-AI-and-Children-3-2025.pdf,Artificial intelligence (AI) is now front and centre in almost every major app or platform that children use. Recent data reveals rapid adoption: 67 per cent of ...,https://www.unicef.org › innocenti › media › file,www_unicef_org_Guidance_on_AI_and_Children.txt,False,False,0,0,none,none,unclear,unclear,"The document is not about Ghana or the time window 2022-2026, and does not contain explicit evidence related to improved data management, environmental data systems/platforms/workflows, environmentally sustainable AI practices, or capacity/skills development in these areas.",There is no explicit link between UNEP or UNEP-supported work and the SP7.1 improvement/capacity/sustainable AI outcome.,[]
Ghana,2022–2026,2,UNEP assisted Ghana machine learning environmental data established data management artificial intelligence AI capacity skills environmental information system government stakeholder institution platform training after:2022-01-01 before:2026-01-01,AI for Good Impact Report 2nd edition,https://s41721.pcdn.co/wp-content/uploads/2022/04/2600081_AI-for-Good-Impact-Report-2025-E-v6.pdf,"This AI for Good Impact Report shares the latest insights on emerging technologies, governance trends, and AI use cases across education, healthcare, ...",https://s41721.pcdn.co › uploads › 2022/04 › 26...,s41721_pcdn_co_AI_for_Good_Impact_Report_2nd_edition.txt,False,False,0,0,none,none,unclear,unclear,"The document does not contain explicit evidence related to measured improvements in data management, environmentally sustainable AI practices, or capacity/skills development in Ghana during 2022-2026.","There is no explicit link between UNEP or UNEP-supported work and the measured improvement in data management, environmentally sustainable AI practices, or capacity/skills development in Ghana during 2022-2026.",[]
Ghana,2022–2026,2,UNEP assisted Ghana machine learning environmental data established data management artificial intelligence AI capacity skills environmental information system government stakeholder institution platform training after:2022-01-01 before:2026-01-01,Accelerating Climate Action with AI,https://web-assets.bcg.com/72/cf/b609ac3d4ac6829bae6fa88b8329/bcg-accelerating-climate-action-with-ai-nov-2023-rev.pdf,"Machine learning models can analyze weather data, satellite imagery, and terrain information to predict the likelihood of wildfires, helping authorities take.",https://web-assets.bcg.com › bcg-accelerating-clim...,web-assets_bcg_com_Accelerating_Climate_Action_with_AI.txt,False,False,0,0,none,none,unclear,global,"The document does not contain explicit evidence of measured improvements in data management, environmentally sustainable AI practices, or capacity/skills development in Ghana during 2022-2026.","There is no explicit link between UNEP or UNEP-supported work and the discussed improvements in data management, environmentally sustainable AI practices, or capacity/skills development in Ghana during 2022-2026.",[]
Rwanda,2018–2022,1,UNEP Digital Transformation Rwanda digital public infrastructure environment established data management artificial intelligence AI capacity skills environmental information system government stakeholder institution platform training after:2018-01-01 before:2022-01-01,"Rabat, Morocco: today 30 senior officials participated in ...",https://www.facebook.com/unescwa/posts/rabat-morocco-today-30-senior-officials-participated-in-a-workshop-led-by-escwa-/1778082402280415/,"Specifically, the project focuses on establishing or strengthening public digital learning platforms and content, building teachers' capacities, enhancing ...",10+ reactions,www_facebook_com_Rabat_Morocco_today_30_senior_officials_participat.txt,False,False,0,0,none,none,unclear,regional,"The document does not contain explicit evidence related to Rwanda or the time window 2018-2022, nor does it discuss improvements in data management, environmentally sustainable AI practices, or capacity and skills development in Rwanda.",There is no mention of UNEP or UNEP-supported work in the document.,[]
Rwanda,2018–2022,1,UNEP Digital Transformation Rwanda digital public infrastructure environment established data management artificial intelligence AI capacity skills environmental information system government stakeholder institution platform training after:2018-01-01 before:2022-01-01,Rwanda Digital Acceleration Project,https://www.minict.gov.rw/fileadmin/user_upload/minict_user_upload/Documents/Announcements/ToR_-_Develop_a_National_Innovation_Strategy_and_SMART_RW-GoR__vF1.pdf,"Workstream 1: Five-Year Smart Rwanda Master Plan II, a comprehensive five-year sector strategy for ICT aimed at accelerating national digital transformation to ...",https://www.minict.gov.rw › Announcements › To...,www_minict_gov_rw_Rwanda_Digital_Acceleration_Project.txt,True,False,40,0,data management system / digital innovation ecosystem,developed / implemented,government / public-sector institution,national,"The document describes the Rwanda Digital Acceleration Project, which aims to improve digital access and inclusion, enhance government's ability to introduce fully transactional digital public services, and strengthen the digital innovation ecosystem. The project includes the development of a National Innovation Systems Strategy and Implementation plan and the 5-year Smart Rwanda Master Plan II. These plans focus on improving data management, digital infrastructure, and innovation capacity, which are relevant to SP7.1. However, the document does not provide explicit evidence of measured improvements in data management or environmentally sustainable AI practices.","There is no explicit mention of UNEP or UNEP-supported work in the document. The project is supported by the World Bank and the Asian Infrastructure Investment Bank, but not UNEP.","[""Rwanda Digital Acceleration Project"", ""National Innovation Systems Strategy and Implementation plan"", ""Smart Rwanda Master Plan II"", ""improve digital access and inclusion"", ""enhance government's ability to introduce fully transactional digital public services"", ""strengthen the digital innovation ecosystem""]"
Rwanda,2018–2022,1,UNEP Digital Transformation Rwanda digital public infrastructure environment established data management artificial intelligence AI capacity skills environmental information system government stakeholder institution platform training after:2018-01-01 before:2022-01-01,Rwanda Digital Acceleration Project - World Bank Document,https://documents1.worldbank.org/curated/en/709091640134304839/pdf/Rwanda-Digital-Acceleration-Project.pdf,Growing digital adoption and reliance on digital infrastructure and solutions will make the Rwandan economy increasingly vulnerable to cyber threats.,https://documents1.worldbank.org › curated › pdf,documents1_worldbank_org_Rwanda_Digital_Acceleration_Project_World_Bank_Doc.txt,True,False,40,0,digital access and inclusion / digital literacy / broadband infrastructure,planned / proposed,government / public-sector institution,national,"The document outlines a World Bank project aimed at improving digital access and inclusion in Rwanda. It focuses on increasing broadband penetration, supporting digital literacy, and developing digital public services. The document does not explicitly mention UNEP (United Nations Environment Programme) or its direct involvement.",There is no explicit mention of UNEP or its support in the provided document.,"[""The World Bank Digital Acceleration Project (P173373)"", ""Rwanda Digital Acceleration Project"", ""increase access to broadband and selected digital public services"", ""strengthen the digital innovation ecosystem""]"
Rwanda,2018–2022,1,UNEP Digital Transformation Rwanda digital public infrastructure environment established data management artificial intelligence AI capacity skills environmental information system government stakeholder institution platform training after:2018-01-01 before:2022-01-01,United Nations Activities on Artificial Intelligence (AI) 2020,https://www.itu.int/dms_pub/itu-s/opb/gen/S-GEN-UNACT-2020-1-PDF-E.pdf,The 2020 edition of UN Activities on Artificial Intelligence (AI) takes a deep dive into the technologies behind the more than. 260 projects that are being ...,https://www.itu.int › dms_pub › itu-s › opb › gen,www_itu_int_United_Nations_Activities_on_Artificial_Intelligen.txt,False,False,0,0,none,none,unclear,unclear,No evidence found due to document fetch error.,No evidence found due to document fetch error.,[]
Rwanda,2018–2022,1,UNEP Digital Transformation Rwanda digital public infrastructure environment established data management artificial intelligence AI capacity skills environmental information system government stakeholder institution platform training after:2018-01-01 before:2022-01-01,UN's Task Force on Digital Financing of the ...,https://unsdg.un.org/sites/default/files/2020-08/DF-Task-Force-Full-Report-Aug-2020-1.pdf,"support for digital readiness, strategy and digital skills training through a multi-stakeholder network and a joint facility for digital capacity development.",https://unsdg.un.org › sites › default › files › DF-...,unsdg_un_org_UN_s_Task_Force_on_Digital_Financing_of_the_.txt,False,False,0,0,none,none,none,none,The document does not contain explicit evidence of measured improvements in data management and environmentally sustainable artificial intelligence practices in Rwanda during 2018-2022.,"There is no explicit link between UNEP or UNEP-supported work and the measured improvement in data management, environmentally sustainable AI practices, or capacity/skills development in Rwanda during 2018-2022.",[]
Rwanda,2018–2022,1,UNEP Digital Transformation Rwanda digital public infrastructure environment established data management artificial intelligence AI capacity skills environmental information system government stakeholder institution platform training after:2018-01-01 before:2022-01-01,Propelling LDCs in the Digital Age: A 4IR Perspective for ...,https://hub.unido.org/sites/default/files/publications/Publication_4IR_LDC.pdf,"This chapter provides actionable recommendations for LDCs which are aligned with. UNIDO's 4IR Strategic Framework, i.e., skills development and capacity ...",https://hub.unido.org › files › Publication_4IR_LDC,hub_unido_org_Propelling_LDCs_in_the_Digital_Age_A_4IR_Perspecti.txt,False,False,0,0,none,none,unclear,unclear,The document does not contain explicit evidence related to Rwanda or the time window 2018-2022.,The document does not contain explicit evidence related to UNEP or UNEP-supported work.,[]
Rwanda,2018–2022,1,UNEP Digital Transformation Rwanda digital public infrastructure environment established data management artificial intelligence AI capacity skills environmental information system government stakeholder institution platform training after:2018-01-01 before:2022-01-01,Digitalisation and Responsible Business Conduct,https://www.oecd.org/content/dam/oecd/en/publications/reports/2020/02/digitalisation-and-responsible-business-conduct_8b3265b4/4328b0b5-en.pdf,Digital technologies have made Artificial Intelligence (AI) possible. An AI system is designed to have a machine accomplish a specific problem-solving or ...,https://www.oecd.org › oecd › reports › 2020/02,www_oecd_org_Digitalisation_and_Responsible_Business_Conduct.txt,False,False,0,0,none,none,unclear,unclear,No relevant information found in the document.,No UNEP attribution found in the document.,[]
Rwanda,2018–2022,1,UNEP Digital Transformation Rwanda digital public infrastructure environment established data management artificial intelligence AI capacity skills environmental information system government stakeholder institution platform training after:2018-01-01 before:2022-01-01,AISCI-2020-Rwanda.pdf,https://s899a9742c3d83292.jimcontent.com/download/version/1648057926/module/8292101063/name/AISCI-2020-Rwanda.pdf,"Rwanda, with Vision 2050, aspires to increase the quality of life and develop modern infrastructure 727 by strengthening capacity, service.",https://s899a9742c3d83292.jimcontent.com › name,s899a9742c3d83292_jimcontent_com_AISCI_2020_Rwanda_pdf.txt,True,False,40,0,data management system / environmental data platform / data governance / data standards / capacity development / skills development,developed / implemented / adopted,government / public-sector institution,national,"The document provides evidence of Rwanda's efforts to develop and implement data management and AI practices, including the development of a national AI strategy, data protection laws, and smart city initiatives. However, the evidence of measured improvements in data management and environmentally sustainable AI practices is limited.","There is no explicit link between UNEP or UNEP-supported work and the measured improvement in data management, environmentally sustainable AI practices, or capacity/skills development in Rwanda.","[""Rwanda National AI Strategy"", ""National Strategy for Transformation (NST1)"", ""Emerging Technologies Strategy and Action Plan"", ""FAIR Forward – Artificial Intelligence for All"", ""Data Protection and Privacy Law"", ""Smart Rwanda Master Plan"", ""Kigali Innovation City (KIC)""]"
Rwanda,2018–2022,1,UNEP Digital Transformation Rwanda digital public infrastructure environment established data management artificial intelligence AI capacity skills environmental information system government stakeholder institution platform training after:2018-01-01 before:2022-01-01,Technology and Innovation Report 2021,https://unctad.org/system/files/official-document/tir2020_en.pdf,"Recent developments in frontier technologies, including artificial intelligence, robotics and biotechnology, have shown tremendous potential for sustainable ...",https://unctad.org › system › files › tir2020_en,unctad_org_Technology_and_Innovation_Report_2021.txt,False,False,0,0,none,none,none,none,"The document does not contain explicit evidence related to Rwanda or the time window 2018-2022, nor does it discuss environmental data management, sustainable AI practices, or capacity and skills development in these areas.","There is no explicit link between UNEP or UNEP-supported work and measured improvements in data management, environmentally sustainable AI practices, or capacity/skills development in Rwanda during 2018-2022.",[]
Rwanda,2018–2022,1,UNEP Digital Transformation Rwanda digital public infrastructure environment established data management artificial intelligence AI capacity skills environmental information system government stakeholder institution platform training after:2018-01-01 before:2022-01-01,FUTURE OF KNOWLEDGE,https://knowledge4all.com/admin/Reports/FOK_2021En.pdf,"This Future of Knowledge. Foresight Report aims to help countries to do just this by examining the 'technological readiness' of economies to transform, both in ...",https://knowledge4all.com › admin › Reports,knowledge4all_com_FUTURE_OF_KNOWLEDGE.txt,False,False,0,0,none,none,none,none,"The document does not contain explicit evidence related to Rwanda or the time window 2018-2022. It discusses global risks, technological advancements, and sustainable development but does not provide specific information on digital/data management/sustainable AI improvements, capacity/skills development, or UNEP's involvement in Rwanda.","There is no explicit link between UNEP or UNEP-supported work and measured improvements in data management, environmentally sustainable AI practices, or capacity/skills development in Rwanda (2018-2022).",[]
Rwanda,2018–2022,1,UNEP Digital Transformation Rwanda digital public infrastructure environment established data management artificial intelligence AI capacity skills environmental information system government stakeholder institution platform training after:2018-01-01 before:2022-01-01,UNESCO Science Report: the race against time for smarter ...,https://unesdoc.unesco.org/ark:/48223/pf0000377433.locale=en,The government has also established a big data platform to ... The National Strategic Development Plan also prioritizes digital skills training in schools.,https://unesdoc.unesco.org › ark:,unesdoc_unesco_org_UNESCO_Science_Report_the_race_against_time_for_sm.txt,False,False,0,0,none,none,unclear,unclear,"The document is not relevant to the task as it does not contain information about Rwanda, the time window 2018-2022, or explicit evidence of measured improvements in data management and environmentally sustainable artificial intelligence practices.",There is no explicit link to UNEP or UNEP-supported work in the provided document.,[]
Rwanda,2018–2022,1,UNEP Digital Transformation Rwanda digital public infrastructure environment established data management artificial intelligence AI capacity skills environmental information system government stakeholder institution platform training after:2018-01-01 before:2022-01-01,Digital technology and the planet,https://royalsociety.org/-/media/policy/projects/digital-technology-and-the-planet/digital-technology-and-the-planet-report.pdf,"Government should use the net zero target to drive momentum behind the provision of data access, digital infrastructure and skills. In Spring. 2020, only 12% of ...",https://royalsociety.org › media › policy › projects,royalsociety_org_Digital_technology_and_the_planet.txt,False,False,0,0,none,none,none,none,"The document is a report by The Royal Society, titled 'Digital technology and the planet: Harnessing computing to achieve net zero'. It discusses the potential of digital technologies to support a low-carbon economy and reduce greenhouse gas emissions. However, it does not contain explicit evidence related to Rwanda or stakeholders/institutions in Rwanda (in 2018–2022) of measured improvements in digital/data management, environmentally sustainable AI practices, or capacity/skills development.","There is no explicit link between UNEP or UNEP-supported work and the measured improvement in data management, environmentally sustainable AI practices, or capacity/skills development in Rwanda (in 2018–2022).",[]
Rwanda,2018–2022,1,UNEP Digital Transformation Rwanda digital public infrastructure environment established data management artificial intelligence AI capacity skills environmental information system government stakeholder institution platform training after:2018-01-01 before:2022-01-01,The Promise and Peril of a Digital Ecosystem for the Planet,https://www.greenindustryplatform.org/blog/promise-and-peril-digital-ecosystem-planet,"New cloud computing and artificial intelligence algorithms allow us to monitor, detect and predict environmental and climate threats based on a stream of earth ...",https://www.greenindustryplatform.org › blog › promise...,www_greenindustryplatform_org_The_Promise_and_Peril_of_a_Digital_Ecosystem_for_t.txt,False,False,0,0,none,none,unclear,unclear,"The document does not contain explicit evidence of measured improvements in data management and environmentally sustainable artificial intelligence practices, including capacity and skills development, among Rwanda or stakeholders/institutions in Rwanda (in 2018–2022).","The document does not explicitly link UNEP or UNEP-supported work to the measured improvement in data management, environmentally sustainable AI practices, or capacity/skills development in Rwanda (in 2018–2022).",[]
Rwanda,2018–2022,1,UNEP Digital Transformation Rwanda digital public infrastructure environment established data management artificial intelligence AI capacity skills environmental information system government stakeholder institution platform training after:2018-01-01 before:2022-01-01,The Role of Lighthouse Projects,https://www3.weforum.org/docs/WEF_Lighthouse_Project_Report.pdf,"Each of these Lighthouse Projects describes the ways in which stakeholders are making concrete progress to address the pressing societal, economic,.",https://www3.weforum.org › docs › WEF_Light...,www3_weforum_org_The_Role_of_Lighthouse_Projects.txt,False,False,0,0,none,none,unclear,global,"The document does not contain explicit evidence related to Rwanda or the period 2018-2022, nor does it discuss environmental data management, sustainable AI practices, or capacity and skills development in these areas.","There is no explicit link between UNEP or UNEP-supported work and the measured improvement in data management, environmentally sustainable AI practices, or capacity/skills development in Rwanda (2018-2022).",[]
Rwanda,2018–2022,1,UNEP Digital Transformation Rwanda digital public infrastructure environment established data management artificial intelligence AI capacity skills environmental information system government stakeholder institution platform training after:2018-01-01 before:2022-01-01,AI Governance Day - From Principles to Implementation,https://s41721.pcdn.co/wp-content/uploads/2021/06/2401225_AI_Governance_Day_2024_Report-E.pdf,about by artificial intelligence. That's why we've been integrating AI capacity support in our digital transformation offerings. We'll continue to roll out ...,https://s41721.pcdn.co › uploads › 2021/06 › 24...,s41721_pcdn_co_AI_Governance_Day_From_Principles_to_Implementatio.txt,False,False,0,0,none,none,none,none,"The document does not contain explicit evidence related to Rwanda or the time window 2018-2022. It discusses AI governance globally, but does not provide specific information about improvements in data management, environmentally sustainable AI practices, or capacity and skills development in Rwanda.",There is no mention of UNEP or UNEP-supported work in the document related to Rwanda or the specified time window.,[]
Rwanda,2018–2022,1,UNEP Digital Transformation Rwanda digital public infrastructure environment established data management artificial intelligence AI capacity skills environmental information system government stakeholder institution platform training after:2018-01-01 before:2022-01-01,United Nations Food Systems Summit Action Track 3,https://www.unfoodsystemshub.org/docs/unfoodsystemslibraries/fss-community/action-track-synthesis-reports/at3_synthesis-report-game-changing-and-systemic-solutions---wave-2.pdf,"This Solution Cluster will propose innovations to achieve net gains in biodiversity, fight climate change and increase farmers' resilience. This includes ...",https://www.unfoodsystemshub.org › docs › at3_...,www_unfoodsystemshub_org_United_Nations_Food_Systems_Summit_Action_Track_3.txt,False,False,0,0,none,none,unclear,unclear,No relevant information found,No relevant information found,[]
Rwanda,2018–2022,1,UNEP Digital Transformation Rwanda digital public infrastructure environment established data management artificial intelligence AI capacity skills environmental information system government stakeholder institution platform training after:2018-01-01 before:2022-01-01,Big Data and the Sustainable Development Goals: ...,https://files.unsdsn.org/Big%2BData-report%2BFINAL.pdf,"smart meter data, machine learning for matching addresses, and natural language processing for coding textual survey responses. Published work and code is ...",https://files.unsdsn.org › Big+Data-report+FINAL,files_unsdsn_org_Big_Data_and_the_Sustainable_Development_Goals_.txt,False,False,0,0,none,none,none,none,The document does not contain explicit evidence of measured improvements in data management and environmentally sustainable artificial intelligence practices in Rwanda during 2018-2022.,"There is no explicit link between UNEP or UNEP-supported work and the measured improvement in data management, environmentally sustainable AI practices, or capacity/skills development in Rwanda during 2018-2022.",[]
Rwanda,2018–2022,1,UNEP Digital Transformation Rwanda digital public infrastructure environment established data management artificial intelligence AI capacity skills environmental information system government stakeholder institution platform training after:2018-01-01 before:2022-01-01,Transformations to Achieve the Sustainable Development ...,https://pure.iiasa.ac.at/id/eprint/15347/1/TWI2050_Report081118-web-new.pdf,TWI2050 identifies six exemplary transformations which will allow achieving the. SDGs and long-term sustainability to 2050 and beyond: i) Human capacity and ...,https://pure.iiasa.ac.at › eprint › TWI2050_Report...,pure_iiasa_ac_at_Transformations_to_Achieve_the_Sustainable_Develop.txt,False,False,0,0,none,none,unclear,unclear,No relevant information found in the document.,No UNEP attribution found in the document.,[]
Rwanda,2018–2022,1,UNEP Digital Transformation Rwanda digital public infrastructure environment established data management artificial intelligence AI capacity skills environmental information system government stakeholder institution platform training after:2018-01-01 before:2022-01-01,CHILE'S LONG-TERM CLIMATE STRATEGY,https://unfccc.int/sites/default/files/resource/CHL_LTS_2021_EN_0.pdf,This is the first time our country has established sectoral limits on carbon emissions by 2030 that will be mandatory and binding following approval of the.,https://unfccc.int › files › CHL_LTS_2021_EN_0,unfccc_int_CHILE_S_LONG_TERM_CLIMATE_STRATEGY.txt,False,False,0,0,none,none,government,national,"The document is about Chile's Long-Term Climate Strategy and does not contain any information about Rwanda or digital transformation, environmental data management, sustainable AI, or capacity development evaluation.",There is no mention of UNEP or any UNEP-supported work in the document.,[]
Rwanda,2018–2022,1,UNEP Digital Transformation Rwanda digital public infrastructure environment established data management artificial intelligence AI capacity skills environmental information system government stakeholder institution platform training after:2018-01-01 before:2022-01-01,Future Cities,https://unhabitat.org/sites/default/files/2020/02/future_cities_new_economy_and_shared_city_prosperity_driven_by_technological_innovations_discussion_papers.pdf,"This report Future Cities, New Economy, and Shared City. Prosperity Driven by Technological Innovations pulls together thought-provoking discussion papers from ...",https://unhabitat.org › default › files › 2020/02 › f...,unhabitat_org_Future_Cities.txt,,,,,,,,,"[ERROR] Error code: 400 - {'error': {'message': ""Failed to generate JSON. Please adjust your prompt. See 'failed_generation' for more details."", 'type': 'invalid_request_error', 'code': 'json_validate_failed', 'failed_generation': '{\n(ICAIHCI). Peter Scupelli The founder of Future Cities Lab at Carnegie Mellon University Peter Scupelli is an Assistant Professor of Design in the Carnegie Mellon University. He is the founder and director of Future Cities Lab. His research focuses on designing more sustainable, resilient, and equitable urban and built environments. He received his degrees from University and of California, Berkeley. He is a recipient of numerous awards, including the National Science Foundation CAREER award. Jiajun Xu Research Assistant at Center for Science of Science and Innovation (CSSI), Kellogg School of Management, Northwestern University 16FUTURE CITIES, NEW ECONOMY, AND SHARED CITY PROSPERITY DRIVEN BY TECHNOLOGICAL INNOVATIONSJiajun Xu is a Research Assistant at the Center for Science of Science and Innovation (CSSI) at Kellogg School of AI could be environmentally friendly? 136 FUTURE CITIES, NEW ECONOMY, AND SHARED CITY PROSPERITY DRIVEN BY TECHNOLOGICAL INNOVATIONS136\n\nAI could be environmentally friendly?\n\nFuture cities should explore the environmentally sustainable use of AI. \n\nFuture cities should explore the environmentally sustainable use of AI. \nThe chapter argues that AI could potentially have environmental benefits if used in areas such as smart cities, green infrastructure, and sustainable transportation. \n\nThe chapter argues that AI could potentially have environmental benefits if used in areas such as smart cities, green infrastructure, and sustainable transportation. \nFor example, AI can optimize energy consumption, reduce waste, and improve the efficiency of urban systems.\n\nFor example, AI can optimize energy consumption, reduce waste, and improve the efficiency of urban systems.\nHowever, the chapter also notes that the development and deployment of AI systems can have negative environmental impacts, such as increased energy consumption and e-waste generation.\n\nHowever, the chapter also notes that the development and deployment of AI systems can have negative environmental impacts, such as increased energy consumption and e-waste generation.\nTherefore, future cities should prioritize the development of environmentally sustainable AI systems that minimize negative impacts while maximizing benefits.\n\nTherefore, future cities should prioritize the development of environmentally sustainable AI systems that minimize negative impacts while maximizing benefits. \n\nThe chapter emphasizes the need for a balanced approach to the development and deployment of AI in cities, one that takes into account both the potential benefits and the potential risks.\n\nThe chapter emphasizes the need for a balanced approach to the development and deployment of AI in cities, one that takes into account both the potential benefits and the potential risks. \nIt also highlights the importance of collaboration between stakeholders, including governments, private sector companies, and civil society organizations, to ensure that AI is developed and deployed in a way that promotes sustainable and equitable urban development.\n\nIt also highlights the importance of collaboration between stakeholders, the development and deployment of AI in cities requires careful consideration of the potential risks and benefits.\n\nThe development and deployment of AI in cities requires careful consideration of the potential risks and benefits. \nOverall, the chapter provides a nuanced and balanced view of the potential environmental impacts of AI in cities, highlighting both the opportunities and challenges associated with the development and deployment of AI systems.\n\nOverall, the chapter provides a nuanced and balanced view of the potential environmental impacts of AI in cities, highlighting both the opportunities and challenges associated with the development and deployment of AI systems.\n\nFUTURE CITIES, NEW ECONOMY, AND SHARED CITY PROSPERITY DRIVEN BY TECHNOLOGICAL INNOVATIONS137\n\n137\n\nFUTURE CITIES, NEW ECONOMITY.\n\n{\n  ""digital_relevant"": false,\n  ""unep_attributed"": false,\n  ""digital_practice_score"": 0,\n  ""unep_attribution_score"": 0,\n  ""improvement_type"": ""none"",\n  ""action_stage"": ""none"",\n  ""actor_type"": ""none"",\n  ""evidence_level"": ""unclear"",\n  ""digital_justification"": ""The document does not contain explicit evidence related to Rwanda or the time window 2018-2022. It also does not discuss environmental data management systems, sustainable AI practices, or related capacity development efforts in Rwanda."",\n  ""unep_justification"": """",\n  ""evidence_phrases"": []\n}}'}}",,[]
Rwanda,2018–2022,1,UNEP Digital Transformation Rwanda digital public infrastructure environment established data management artificial intelligence AI capacity skills environmental information system government stakeholder institution platform training after:2018-01-01 before:2022-01-01,International efforts using Space for Climate Action,https://www.unoosa.org/documents/pdf/Space4SDGs/Space_for_Climate_Action_-ebook.pdf,knowledge platform will be the primary transformational change tool for implementing the global environmental data strategy of UNEP by integrating ...,https://www.unoosa.org › documents › pdf › Spac...,www_unoosa_org_International_efforts_using_Space_for_Climate_Acti.txt,False,False,0,0,none,none,unclear,unclear,No relevant information found,No UNEP link found,[]
Rwanda,2018–2022,1,UNEP Digital Transformation Rwanda digital public infrastructure environment established data management artificial intelligence AI capacity skills environmental information system government stakeholder institution platform training after:2018-01-01 before:2022-01-01,World Trade Report 2020,https://www.wto.org/english/res_e/booksp_e/wtr20_e/wtr20_e.pdf,"The World Trade Report is an annual publication that aims to deepen understanding about trends in trade, trade policy issues and the multilateral trading system ...",https://www.wto.org › res_e › wtr20_e › wtr20_e,www_wto_org_World_Trade_Report_2020.txt,False,False,0,0,none,none,none,none,"The document does not contain explicit evidence related to Rwanda or the time window 2018-2022. It is a general report on government policies to promote innovation in the digital age and does not provide specific information on digital transformation, environmental data management, sustainable AI practices, or capacity development evaluation.",There is no mention of UNEP or UNEP-supported work in the provided document.,[]
Rwanda,2018–2022,1,UNEP Digital Transformation Rwanda digital public infrastructure environment established data management artificial intelligence AI capacity skills environmental information system government stakeholder institution platform training after:2018-01-01 before:2022-01-01,Record of Proceedings,https://gggi.org/wp-content/uploads/2021/12/GGGWeek2021-Proceedings_20211216_.pdf,... capacities to plan and manage cities' infrastructure in ... and improve their environmental information systems that collect and collate the data needed.,https://gggi.org › wp-content › uploads › 2021/12,gggi_org_Record_of_Proceedings.txt,False,False,0,0,none,none,unclear,unclear,Document not retrieved due to fetch error. No evidence available for assessment.,Document not retrieved due to fetch error. No evidence available for assessment.,[]
Rwanda,2018–2022,1,UNEP Digital Transformation Rwanda digital public infrastructure environment established data management artificial intelligence AI capacity skills environmental information system government stakeholder institution platform training after:2018-01-01 before:2022-01-01,First Global Report,https://environmentalmigration.iom.int/sites/g/files/tmzbdl1411/files/documents/2023-11/environmental_rule_of_law.pdf,"“This compelling new report solves the mystery of why problems such as pollution, declining biodiversity and climate change persist despite the proliferation of ...",https://environmentalmigration.iom.int › files › e...,environmentalmigration_iom_int_First_Global_Report.txt,False,False,0,0,none,none,none,none,"The document does not contain explicit evidence related to Rwanda during 2018-2022, nor does it discuss digital/data management/sustainable AI practices or environmental rule of law in the context of Rwanda.","There is no explicit link between UNEP or UNEP-supported work and improvements in data management, environmentally sustainable AI practices, or capacity/skills development in Rwanda during 2018-2022.",[]
Rwanda,2018–2022,1,UNEP Digital Transformation Rwanda digital public infrastructure environment established data management artificial intelligence AI capacity skills environmental information system government stakeholder institution platform training after:2018-01-01 before:2022-01-01,Climate Change AI Workshop Papers,https://www.climatechange.ai/papers,"On this page, we show accepted works from all our workshops on ""Tackling Climate Change with Machine Learning.""",https://www.climatechange.ai › papers,www_climatechange_ai_Climate_Change_AI_Workshop_Papers.txt,False,False,0,0,none,none,none,none,The document does not contain explicit evidence of measured improvements in data management and environmentally sustainable artificial intelligence practices in Rwanda between 2018-2022.,"There is no explicit link between UNEP or UNEP-supported work and the measured improvement in data management, environmentally sustainable AI practices, or capacity/skills development in Rwanda between 2018-2022.",[]
Rwanda,2018–2022,1,UNEP Digital Transformation Rwanda digital public infrastructure environment established data management artificial intelligence AI capacity skills environmental information system government stakeholder institution platform training after:2018-01-01 before:2022-01-01,ESIA Report Symbion Power Project 10 05 2017 (1).pdf,https://www.miga.org/sites/default/files/2018-12/ESIA%20Report%20Symbion%20Power%20Project%2010%2005%202017%20%281%29.pdf,information system has also been established and capacity building provided to all sector institutions to ... Rwanda's management and institutional capacity ...,https://www.miga.org › sites › default › files,www_miga_org_ESIA_Report_Symbion_Power_Project_10_05_2017_1_pdf.txt,False,False,0,0,none,none,unclear,national,"The document does not contain explicit evidence of measured improvements in data management and environmentally sustainable artificial intelligence practices, including capacity and skills development, among countries and stakeholders in Rwanda during 2018-2022.","There is no explicit link between UNEP or UNEP-supported work and the measured improvement in data management, environmentally sustainable AI practices, or capacity/skills development in Rwanda during 2018-2022.","[""No relevant evidence found""]"
Rwanda,2018–2022,1,UNEP Digital Transformation Rwanda digital public infrastructure environment established data management artificial intelligence AI capacity skills environmental information system government stakeholder institution platform training after:2018-01-01 before:2022-01-01,TOWARDS THE LOCALIZATION OF THE SDGs,https://www.global-taskforce.org/sites/default/files/2021-07/5th%20report_gtf_hlpf_2021.pdf,Project to consolidate city data and show how cities are achieving the SDGs; developing the. Cities' System Capacity Development Project to strengthen city ...,https://www.global-taskforce.org › default › files,www_global-taskforce_org_TOWARDS_THE_LOCALIZATION_OF_THE_SDGs.txt,False,False,0,0,none,none,unclear,unclear,"The document does not contain explicit evidence related to Rwanda or the time window 2018-2022. It discusses general sustainable development and localization of SDGs but lacks specific information on digital/data management, sustainable AI practices, or capacity/skills development in Rwanda.","There is no explicit link between UNEP or UNEP-supported work and the measured improvement in data management, environmentally sustainable AI practices, or capacity/skills development in Rwanda.",[]
Rwanda,2018–2022,1,UNEP Digital Transformation Rwanda digital public infrastructure environment established data management artificial intelligence AI capacity skills environmental information system government stakeholder institution platform training after:2018-01-01 before:2022-01-01,Mineral Resource Governance in the 21st Century,https://www.greenpolicyplatform.org/sites/default/files/downloads/resource/irp-mineral_resource_governance-full_report-feb2020_compressed_compressed%20(1).pdf,"In addition to generating government revenues, extractive projects can create jobs, build infrastructure and transfer technologies. Yet natural resource ...",https://www.greenpolicyplatform.org › downloads,www_greenpolicyplatform_org_Mineral_Resource_Governance_in_the_21st_Century.txt,False,False,0,0,none,none,none,none,"The document does not contain explicit evidence related to Rwanda or the time window 2018-2022, nor does it discuss digital/data management, environmentally sustainable AI practices, or capacity/skills development in these areas.","There is no explicit link between UNEP or UNEP-supported work and measured improvements in data management, environmentally sustainable AI practices, or capacity/skills development in Rwanda (2018-2022).",[]
Rwanda,2018–2022,1,UNEP Digital Transformation Rwanda digital public infrastructure environment established data management artificial intelligence AI capacity skills environmental information system government stakeholder institution platform training after:2018-01-01 before:2022-01-01,Speaker Biographies,http://slocat.net/wp-content/uploads/2021/01/En-Route-to-COP26_Speaker-Bios.pdf,"Raúl Alfaro-Pelico has more than 20 years of professional experience in infrastructure sustainability, climate change and energy. As the Sustainability. Manager ...",http://slocat.net › En-Route-to-COP26_Speaker-Bios,slocat_net_Speaker_Biographies.txt,False,False,0,0,none,none,none,none,"The document does not contain explicit evidence related to Rwanda or the time window 2018-2022, nor does it discuss environmental data management, sustainable AI practices, or capacity and skills development in these areas.",There is no mention of UNEP or UNEP-supported work in relation to Rwanda or the specified time window.,[]
Rwanda,2018–2022,1,UNEP Digital Transformation Rwanda digital public infrastructure environment established data management artificial intelligence AI capacity skills environmental information system government stakeholder institution platform training after:2018-01-01 before:2022-01-01,Apolitical's 100 Most Influential Academics in Government,https://apolitical.co/lists/apoliticals-100-most-influential-academics-in-government,Academic research remains a vital source of information and innovation. This is why Apolitical invited public servants to nominate the academics who are the ...,https://apolitical.co › lists › apoliticals-100-most-influenti...,apolitical_co_Apolitical_s_100_Most_Influential_Academics_in_Gov.txt,False,False,0,0,none,none,unclear,unclear,"The document does not contain explicit evidence related to Rwanda or the period 2018-2022. It appears to be a list of influential academics in government, with no clear connection to digital transformation, environmental data management, sustainable AI practices, or capacity and skills development in these areas.",There is no mention of UNEP or UNEP-supported work in the provided document.,[]
Rwanda,2018–2022,1,UNEP Digital Transformation Rwanda digital public infrastructure environment established data management artificial intelligence AI capacity skills environmental information system government stakeholder institution platform training after:2018-01-01 before:2022-01-01,Demystifying Finance for Circular Economies,https://www.unepfi.org/wordpress/wp-content/uploads/2021/03/UNEPFI_DemystfyingFinanceCircularity-2020-2.pdf,The United Nations Environment Programme Finance Initiative (UNEP FI) is a partnership between UNEP and the global financial sector to mobilize private ...,https://www.unepfi.org › uploads › 2021/03 › U...,www_unepfi_org_Demystifying_Finance_for_Circular_Economies.txt,False,False,0,0,none,none,none,none,"The document does not contain explicit evidence related to Rwanda or the time window 2018-2022. It primarily focuses on financing circular economies, which is not directly related to digital transformation, environmental data management, sustainable AI, or capacity development evaluation.","The document mentions UNEP but does not link it to specific improvements in data management, environmentally sustainable AI practices, or capacity/skills development in Rwanda during 2018-2022.",[]
Rwanda,2018–2022,1,UNEP Digital Transformation Rwanda digital public infrastructure environment established data management artificial intelligence AI capacity skills environmental information system government stakeholder institution platform training after:2018-01-01 before:2022-01-01,Solid waste management in the context of the waste hierarchy ...,https://academic.oup.com/ieam/article/20/1/9/7725080,"A sustainable SWM system requires appropriate technical solutions, adequate and strong organizational capacity, and stakeholder cooperation and partnerships, ...",https://academic.oup.com › ieam › article,academic_oup_com_Solid_waste_management_in_the_context_of_the_waste.txt,False,False,0,0,none,none,unclear,unclear,No evidence found due to document fetch failure.,No evidence found due to document fetch failure.,[]
Rwanda,2018–2022,1,UNEP Digital Transformation Rwanda digital public infrastructure environment established data management artificial intelligence AI capacity skills environmental information system government stakeholder institution platform training after:2018-01-01 before:2022-01-01,Climate Change AI Workshop Papers,https://www.climatechange.ai/papers,"On this page, we show accepted works from all our workshops on ""Tackling Climate Change with Machine Learning.""",https://www.climatechange.ai › papers,www_climatechange_ai_Climate_Change_AI_Workshop_Papers.txt,False,False,0,0,none,none,none,unclear,The document does not contain explicit evidence of measured improvements in data management and environmentally sustainable artificial intelligence practices in Rwanda during 2018-2022.,"There is no explicit link between UNEP or UNEP-supported work and the measured improvement in data management, environmentally sustainable AI practices, or capacity/skills development in Rwanda during 2018-2022.",[]
Rwanda,2018–2022,1,UNEP Digital Transformation Rwanda digital public infrastructure environment established data management artificial intelligence AI capacity skills environmental information system government stakeholder institution platform training after:2018-01-01 before:2022-01-01,GCA State and Trends in Adaptation Report 2021: Africa,https://gca.org/wp-content/uploads/2021/10/GCA_State-and-Trends-in-Adaptation-2021-Africa_full-report_low-res.pdf,"This new report from the Global Center on. Adaptation, State and Trends in Adaptation 2021, combines in-depth analyses, case studies, and viewpoints from those ...",https://gca.org › wp-content › uploads › 2021/10,gca_org_GCA_State_and_Trends_in_Adaptation_Report_2021_Afr.txt,False,False,0,0,none,none,unknown,unknown,"The document does not contain explicit evidence related to improved data management, environmental data systems/platforms/workflows, environmentally sustainable AI practices, capacity or skills development in data management or AI, or measured uptake or institutional improvement in these areas for Rwanda during 2018-2022.","There is no explicit link between UNEP or UNEP-supported work and the measured improvement in data management, environmentally sustainable AI practices, or capacity/skills development in Rwanda during 2018-2022.",[]
Rwanda,2018–2022,1,UNEP Digital Transformation Rwanda digital public infrastructure environment established data management artificial intelligence AI capacity skills environmental information system government stakeholder institution platform training after:2018-01-01 before:2022-01-01,Using big data for evaluating development outcomes - PMC,https://pmc.ncbi.nlm.nih.gov/articles/PMC8354555/,"The study maps different sources of big data onto development outcomes (based on SDGs) to identify current evidence base, use and the gaps.",https://pmc.ncbi.nlm.nih.gov › articles › PMC8354555,pmc_ncbi_nlm_nih_gov_Using_big_data_for_evaluating_development_outcomes.txt,False,False,0,0,none,none,unclear,unclear,The document does not contain any relevant information about Rwanda or digital/data management/sustainable AI practices.,There is no mention of UNEP or any related work.,[]
Rwanda,2018–2022,1,UNEP Digital Transformation Rwanda digital public infrastructure environment established data management artificial intelligence AI capacity skills environmental information system government stakeholder institution platform training after:2018-01-01 before:2022-01-01,PROJECT PROPOSAL TO THE ADAPTATION FUND,https://www.adaptation-fund.org/wp-content/uploads/2019/08/12093CongoClean.pdf,project to improve the reliability of climate data and of the information created. The equipment invested by the project will contribute in the same ...,https://www.adaptation-fund.org › 2019/08,www_adaptation-fund_org_PROJECT_PROPOSAL_TO_THE_ADAPTATION_FUND.txt,False,False,0,0,none,none,unclear,unclear,No relevant evidence found in the document.,No UNEP attribution found in the document.,[]
Rwanda,2018–2022,1,UNEP Digital Transformation Rwanda digital public infrastructure environment established data management artificial intelligence AI capacity skills environmental information system government stakeholder institution platform training after:2018-01-01 before:2022-01-01,Advancing Education for Sustainable Development. Key ...,https://www.worldfuturecouncil.org/wp-content/uploads/2019/01/Handbook-ADVANCING-EDUCATION-FOR-SUSTAINABLE-DEVOLOPMENT-by-Alistair-Whitby-WFC_2019.pdf,"Education for Sustainable Development, or ESD, means to rethink our model of learning and teaching; to give new answers to old questions; and to provide young ...",https://www.worldfuturecouncil.org › 2019/01,www_worldfuturecouncil_org_Advancing_Education_for_Sustainable_Development_Ke.txt,False,False,0,0,none,none,none,none,"The document does not contain explicit evidence related to Rwanda or the time window 2018-2022, nor does it discuss digital/data management, environmentally sustainable AI practices, or capacity/skills development in these areas.",There is no mention of UNEP or UNEP-supported work in relation to Rwanda or the specified time window.,[]
Rwanda,2018–2022,1,UNEP Digital Transformation Rwanda digital public infrastructure environment established data management artificial intelligence AI capacity skills environmental information system government stakeholder institution platform training after:2018-01-01 before:2022-01-01,Implementing the Water–Energy–Food–Ecosystems Nexus ...,https://uploads.water-energy-food.org/resources/wio9781789062595.pdf,This publication compiles a number of case studies with the aim of highlighting the importance and benefits of the. WEFE Nexus approach for development ...,https://uploads.water-energy-food.org › resources,uploads_water-energy-food_org_Implementing_the_Water_Energy_Food_Ecosystems_Nexu.txt,False,False,0,0,none,none,unclear,unclear,No document text available for analysis due to fetch error.,No document text available for analysis due to fetch error.,[]
Rwanda,2018–2022,2,UNEP capacity building Rwanda data quality management environment implemented data management artificial intelligence AI capacity skills environmental information system government stakeholder institution platform training after:2018-01-01 before:2022-01-01,United Nations Environment Programme (UNEP) - AI for Good,https://aiforgood.itu.int/about-us/un-ai-actions/unep/,"UNEP is the leading global environmental authority, setting the environmental agenda and promoting sustainable development within the UN system.",https://aiforgood.itu.int › About us › UN AI Actions,aiforgood_itu_int_United_Nations_Environment_Programme_UNEP_AI_for_G.txt,False,False,0,0,none,none,unclear,unclear,No relevant information found.,No relevant information found.,[]
Rwanda,2018–2022,1,UNEP Digital Transformation Rwanda digital public infrastructure environment established data management artificial intelligence AI capacity skills environmental information system government stakeholder institution platform training after:2018-01-01 before:2022-01-01,TOWARDS DIGITAL SOBRIETY,https://theshiftproject.org/app/uploads/2025/04/Lean-ICT-Report_The-Shift-Project_2019.pdf,"The Shift Project, a Paris-based think-tank on energy transition, is dedicated to tackling the decisive and delicate issues needed to make this transition a ...",https://theshiftproject.org › uploads › 2025/04,theshiftproject_org_TOWARDS_DIGITAL_SOBRIETY.txt,False,False,0,0,none,none,none,none,"The document does not contain explicit evidence related to Rwanda or the time window 2018-2022. It is a general report on digital technology and environmental impacts, not specific to any country or time frame.",There is no mention of UNEP or UNEP-supported work in the document.,[]
Rwanda,2018–2022,2,UNEP capacity building Rwanda data quality management environment implemented data management artificial intelligence AI capacity skills environmental information system government stakeholder institution platform training after:2018-01-01 before:2022-01-01,"The Ministry of Land, Water and Environment organized ...",https://www.facebook.com/moieritrea/posts/the-ministry-of-land-water-and-environment-organized-training-on-global-monitori/638631526614658/,"The objective of the training was to build capacity of the staff of the Ministry of Land, Water and Environment in maintenance of the MESA station and the ...",40+ reactions,www_facebook_com_The_Ministry_of_Land_Water_and_Environment_organiz.txt,False,False,0,0,none,none,unclear,unclear,"The document does not contain explicit evidence related to Rwanda or the time window 2018-2022. It discusses a training event in Eritrea, which is not relevant to the task.",There is no mention of UNEP or UNEP-supported work in the document.,[]
Rwanda,2018–2022,1,UNEP Digital Transformation Rwanda digital public infrastructure environment established data management artificial intelligence AI capacity skills environmental information system government stakeholder institution platform training after:2018-01-01 before:2022-01-01,RENEWABLE ENERGY AND SUSTAINABILITY REPORT,https://www.ren21.net/wp-content/uploads/2019/05/REN21-RESR-2023_LowRes.pdf,"Our objective is to support and accelerate the transition to renewable energy. Today, REN21 drives the renewable energy transition by creating an enabling.",https://www.ren21.net › uploads › 2019/05 › RE...,www_ren21_net_RENEWABLE_ENERGY_AND_SUSTAINABILITY_REPORT.txt,False,False,0,0,none,none,none,global,"The document is a comprehensive report on renewable energy and sustainability, but it does not contain specific information about Rwanda or explicit evidence of measured improvements in data management and environmentally sustainable artificial intelligence practices in Rwanda during 2018-2022.","There is no explicit link between UNEP or UNEP-supported work and measured improvements in data management, environmentally sustainable AI practices, or capacity/skills development in Rwanda during 2018-2022.",[]
Rwanda,2018–2022,2,UNEP capacity building Rwanda data quality management environment implemented data management artificial intelligence AI capacity skills environmental information system government stakeholder institution platform training after:2018-01-01 before:2022-01-01,AI for Good Impact Report,https://s41721.pcdn.co/wp-content/uploads/2021/06/eBat-2402309_AI-for-Good-Impact-Report-E-v6.pdf,Artificial intelligence (AI) holds great promise in accelerating the achievement of the United. Nations Sustainable Development Goals (SDGs). Its rapid ...,https://s41721.pcdn.co › uploads › 2021/06 › eB...,s41721_pcdn_co_AI_for_Good_Impact_Report.txt,False,False,0,0,none,none,none,none,"The document does not contain explicit evidence related to measured improvements in data management, environmentally sustainable AI practices, or capacity/skills development in Rwanda during 2018-2022.","There is no explicit link between UNEP or UNEP-supported work and any improvements in data management, environmentally sustainable AI practices, or capacity/skills development in Rwanda during 2018-2022.",[]
Rwanda,2018–2022,2,UNEP capacity building Rwanda data quality management environment implemented data management artificial intelligence AI capacity skills environmental information system government stakeholder institution platform training after:2018-01-01 before:2022-01-01,UN Secretary-General's Data Strategy 2020-22,https://www.un.org/en/content/datastrategy/images/pdf/UN_SG_Data-Strategy.pdf,NURTURING CAPABILITIES AND FOSTERING ENABLERS. At the core of our Strategy is a simple idea: We focus not on bureaucracy but start with data action that.,https://www.un.org › datastrategy › images › pdf,www_un_org_UN_Secretary_General_s_Data_Strategy_2020_22.txt,False,False,0,0,none,none,unclear,unclear,No relevant information found.,No UNEP attribution found.,[]
Rwanda,2018–2022,2,UNEP capacity building Rwanda data quality management environment implemented data management artificial intelligence AI capacity skills environmental information system government stakeholder institution platform training after:2018-01-01 before:2022-01-01,Sustainable Development Goal 6 Synthesis Report on ...,https://www.unwater.org/sites/default/files/app/uploads/2018/12/SDG6_SynthesisReport2018_WaterandSanitation_04122018.pdf,"Use one information and mutual accountability platform built around a multi-stakeholder, government-led cycle of planning, monitoring and learning. Build ...",https://www.unwater.org › uploads › 2018/12,www_unwater_org_Sustainable_Development_Goal_6_Synthesis_Report_on.txt,False,False,0,0,none,none,none,none,"The document does not contain explicit evidence related to improved data management, environmental data systems/platforms/workflows, environmentally sustainable AI practices, or capacity/skills development in data management or AI for Rwanda during 2018-2022.","There is no explicit link between UNEP or UNEP-supported work and the measured improvement in data management, environmentally sustainable AI practices, or capacity/skills development in Rwanda during 2018-2022.",[]
Rwanda,2018–2022,2,UNEP capacity building Rwanda data quality management environment implemented data management artificial intelligence AI capacity skills environmental information system government stakeholder institution platform training after:2018-01-01 before:2022-01-01,Solid waste management in the context of the waste hierarchy ...,https://academic.oup.com/ieam/article/20/1/9/7725080,"A sustainable SWM system requires appropriate technical solutions, adequate and strong organizational capacity, and stakeholder cooperation and partnerships, ...",https://academic.oup.com › ieam › article,academic_oup_com_Solid_waste_management_in_the_context_of_the_waste.txt,False,False,0,0,none,none,unclear,unclear,No evidence found due to document fetch error.,No evidence found due to document fetch error.,[]
Rwanda,2018–2022,2,UNEP capacity building Rwanda data quality management environment implemented data management artificial intelligence AI capacity skills environmental information system government stakeholder institution platform training after:2018-01-01 before:2022-01-01,"Making trade work for the environment, prosperity and ...",https://www.wto.org/english/res_e/publications_e/unereport2018_e.pdf,The Environment and Trade Hub of UN. Environment is a capacity building mechanism that supports countries and stakeholders to make trade work for the.,https://www.wto.org › res_e › unereport2018_e,www_wto_org_Making_trade_work_for_the_environment_prosperity_a.txt,False,False,0,0,none,none,none,none,"The document does not contain explicit evidence of measured improvements in data management and environmentally sustainable artificial intelligence practices, including capacity and skills development, among countries and stakeholders in Rwanda during 2018-2022.","The document does not explicitly link UNEP or UNEP-supported work to the measured improvement in data management, environmentally sustainable AI practices, or capacity/skills development in Rwanda during 2018-2022.",[]
Rwanda,2018–2022,2,UNEP capacity building Rwanda data quality management environment implemented data management artificial intelligence AI capacity skills environmental information system government stakeholder institution platform training after:2018-01-01 before:2022-01-01,UNESCO Science Report: the race against time for smarter ...,https://unesdoc.unesco.org/ark:/48223/pf0000377433.locale=en,"The government has also established a big data platform to monitor water quality ... AI,' according to its New Generation Artificial Intelligence Development Plan ...",https://unesdoc.unesco.org › ark:,unesdoc_unesco_org_UNESCO_Science_Report_the_race_against_time_for_sm.txt,False,False,0,0,none,none,unclear,unclear,"The document is not relevant to the task as it does not contain information about Rwanda, UNEP, data management, or sustainable AI practices.",There is no mention of UNEP or its activities in the provided document.,[]
Rwanda,2018–2022,2,UNEP capacity building Rwanda data quality management environment implemented data management artificial intelligence AI capacity skills environmental information system government stakeholder institution platform training after:2018-01-01 before:2022-01-01,First Global Report,https://environmentalmigration.iom.int/sites/g/files/tmzbdl1411/files/documents/2023-11/environmental_rule_of_law.pdf,The report individuates the governance system of various countries and simultaneously presses upon the conditional differences in various aspects of ...,https://environmentalmigration.iom.int › files › e...,environmentalmigration_iom_int_First_Global_Report.txt,False,False,0,0,none,none,none,none,"The document does not contain explicit evidence related to Rwanda or the time window 2018-2022. It discusses environmental rule of law and governance globally, but does not provide specific information on digital/data management/sustainable AI practices or UNEP's involvement in Rwanda.","There is no explicit link between UNEP or UNEP-supported work and the measured improvement in data management, environmentally sustainable AI practices, or capacity/skills development in Rwanda (2018-2022).",[]
Rwanda,2018–2022,2,UNEP capacity building Rwanda data quality management environment implemented data management artificial intelligence AI capacity skills environmental information system government stakeholder institution platform training after:2018-01-01 before:2022-01-01,Climate Change AI Workshop Papers,https://www.climatechange.ai/papers,"On this page, we show accepted works from all our workshops on ""Tackling Climate Change with Machine Learning.""",https://www.climatechange.ai › papers,www_climatechange_ai_Climate_Change_AI_Workshop_Papers.txt,False,False,0,0,none,none,none,unclear,"The document does not contain explicit evidence of measured improvements in data management and environmentally sustainable artificial intelligence practices, including capacity and skills development, among countries and stakeholders in Rwanda between 2018-2022.","There is no explicit link between UNEP or UNEP-supported work and the measured improvement in data management, environmentally sustainable AI practices, or capacity/skills development in Rwanda between 2018-2022.",[]
Rwanda,2018–2022,2,UNEP capacity building Rwanda data quality management environment implemented data management artificial intelligence AI capacity skills environmental information system government stakeholder institution platform training after:2018-01-01 before:2022-01-01,Mineral Resource Governance in the 21st Century,https://www.greenpolicyplatform.org/sites/default/files/downloads/resource/irp-mineral_resource_governance-full_report-feb2020_compressed_compressed%20(1).pdf,"environmental information and data, including environmental and social impact assessment reports and management plans. Environmental data are important for ...",https://www.greenpolicyplatform.org › downloads,www_greenpolicyplatform_org_Mineral_Resource_Governance_in_the_21st_Century.txt,False,False,0,0,none,none,none,none,"The document does not contain explicit evidence related to Rwanda or the time window 2018-2022. It appears to be a general report on mineral resource governance and sustainable development, without specific focus on digital/data management, sustainable AI, or capacity development in Rwanda.","There is no explicit link between UNEP or UNEP-supported work and the measured improvement in data management, environmentally sustainable AI practices, or capacity/skills development in Rwanda (in 2018-2022).",[]
Rwanda,2018–2022,2,UNEP capacity building Rwanda data quality management environment implemented data management artificial intelligence AI capacity skills environmental information system government stakeholder institution platform training after:2018-01-01 before:2022-01-01,Record of Proceedings,https://gggi.org/wp-content/uploads/2021/12/GGGWeek2021-Proceedings_20211216_.pdf,"... climate finance, strengthen coordination mechanisms among key stakeholders, and improve the quality of data management and reporting. Currently, a draft ...",https://gggi.org › wp-content › uploads › 2021/12,gggi_org_Record_of_Proceedings.txt,False,False,0,0,none,none,unclear,unclear,No evidence found due to document fetch error.,No evidence found due to document fetch error.,[]
Rwanda,2018–2022,2,UNEP capacity building Rwanda data quality management environment implemented data management artificial intelligence AI capacity skills environmental information system government stakeholder institution platform training after:2018-01-01 before:2022-01-01,Using big data for evaluating development outcomes - PMC,https://pmc.ncbi.nlm.nih.gov/articles/PMC8354555/,"The study maps different sources of big data onto development outcomes (based on SDGs) to identify current evidence base, use and the gaps.",https://pmc.ncbi.nlm.nih.gov › articles › PMC8354555,pmc_ncbi_nlm_nih_gov_Using_big_data_for_evaluating_development_outcomes.txt,False,False,0,0,none,none,unclear,unclear,The document does not contain any relevant information about Rwanda or digital/data management/sustainable AI practices.,There is no mention of UNEP or any related work.,[]
Rwanda,2018–2022,2,UNEP capacity building Rwanda data quality management environment implemented data management artificial intelligence AI capacity skills environmental information system government stakeholder institution platform training after:2018-01-01 before:2022-01-01,A Systems Approach to Air Pollution – East Africa,https://assets.publishing.service.gov.uk/media/5eb16ef186650c4356562f91/ASAP_-_Air_Pollution_in_East_Africa_-_Synthesis_Report.pdf,"Currently, the focus of action for air quality management has been driven by demands for information provision and capacity building with little to no attention.",https://assets.publishing.service.gov.uk › media,assets_publishing_service_gov_uk_A_Systems_Approach_to_Air_Pollution_East_Africa.txt,False,False,0,0,none,none,mixed stakeholders,national,The document does not contain explicit evidence of measured improvements in data management and environmentally sustainable artificial intelligence practices in Rwanda during 2018-2022.,"There is no explicit link between UNEP or UNEP-supported work and the measured improvement in data management, environmentally sustainable AI practices, or capacity/skills development in Rwanda during 2018-2022.",[]
Rwanda,2018–2022,2,UNEP capacity building Rwanda data quality management environment implemented data management artificial intelligence AI capacity skills environmental information system government stakeholder institution platform training after:2018-01-01 before:2022-01-01,Technology and Innovation Report 2021,https://unctad.org/system/files/official-document/tir2020_en.pdf,"Recent developments in frontier technologies, including artificial intelligence, robotics and biotechnology, have shown tremendous potential for sustainable ...",https://unctad.org › system › files › tir2020_en,unctad_org_Technology_and_Innovation_Report_2021.txt,False,False,0,0,none,none,none,none,"The document does not contain explicit evidence related to improved data management, environmental data systems/platforms/workflows, environmentally sustainable AI practices, or capacity/skills development in Rwanda during 2018-2022.",There is no explicit link between UNEP or UNEP-supported work and the SP7.1 improvement/capacity/sustainable AI outcome in Rwanda during 2018-2022.,[]
Rwanda,2018–2022,2,UNEP capacity building Rwanda data quality management environment implemented data management artificial intelligence AI capacity skills environmental information system government stakeholder institution platform training after:2018-01-01 before:2022-01-01,GOVERNMENT REPUBLIC OF SUDAN Ministry of ...,https://faolex.fao.org/docs/pdf/sud216487E.pdf,"this would supported by institutional capacity building, investment in information systems to support evidence-based policy. The proposed actions will form ...",https://faolex.fao.org › docs › pdf,faolex_fao_org_GOVERNMENT_REPUBLIC_OF_SUDAN_Ministry_of_.txt,False,False,0,0,none,none,government,national,"The document does not contain explicit evidence related to Rwanda or the time window 2018-2022, nor does it discuss digital/data management, sustainable AI practices, or capacity/skills development in these areas.",The document does not mention UNEP or UNEP-supported work related to Rwanda or the specified time window.,[]
Rwanda,2018–2022,2,UNEP capacity building Rwanda data quality management environment implemented data management artificial intelligence AI capacity skills environmental information system government stakeholder institution platform training after:2018-01-01 before:2022-01-01,compendium of data protection and privacy policies,https://unstats.un.org/legal-identity-agenda/documents/Paper/data_protecton_%20and_privacy.pdf,INTRODUCTION. 1.1 Purpose and Scope. The purpose of this Compendium is to 'map' UN policy in the area of data protection and privacy (as well.,https://unstats.un.org › data_protecton_ and_privacy,unstats_un_org_compendium_of_data_protection_and_privacy_policies.txt,False,False,0,0,none,none,unclear,unclear,No relevant evidence found in the document.,No UNEP attribution found in the document.,[]
Rwanda,2018–2022,2,UNEP capacity building Rwanda data quality management environment implemented data management artificial intelligence AI capacity skills environmental information system government stakeholder institution platform training after:2018-01-01 before:2022-01-01,Artificial Intelligence-Enabled Digital Transformation to ...,https://wasd.org.uk/ai-dt-sdgs/,"This roundtable aims at exploring the potential of AI-enabled DT to achieve SDGs, where further reflections on examples from health care, education, finance ...",https://wasd.org.uk › ai-dt-sdgs,wasd_org_uk_Artificial_Intelligence_Enabled_Digital_Transforma.txt,False,False,0,0,none,none,unclear,unclear,"The document does not contain explicit evidence related to Rwanda or specific improvements in data management, environmentally sustainable AI practices, or capacity/skills development in Rwanda during 2018-2022.",The document mentions UNEP as a partner but does not provide explicit evidence linking UNEP to specific improvements in data management or sustainable AI practices in Rwanda during 2018-2022.,[]
Rwanda,2018–2022,2,UNEP capacity building Rwanda data quality management environment implemented data management artificial intelligence AI capacity skills environmental information system government stakeholder institution platform training after:2018-01-01 before:2022-01-01,Big Data and the Sustainable Development Goals: ...,https://files.unsdsn.org/Big%2BData-report%2BFINAL.pdf,"smart meter data, machine learning for matching addresses, and natural language processing for coding textual survey responses. Published work and code is ...",https://files.unsdsn.org › Big+Data-report+FINAL,files_unsdsn_org_Big_Data_and_the_Sustainable_Development_Goals_.txt,False,False,0,0,none,none,none,none,"The document does not contain explicit evidence of measured improvements in data management and environmentally sustainable artificial intelligence practices, including capacity and skills development, among countries and stakeholders in Rwanda during 2018-2022.","There is no explicit link between UNEP or UNEP-supported work and the measured improvement in data management, environmentally sustainable AI practices, or capacity/skills development in Rwanda during 2018-2022.",[]
Rwanda,2018–2022,2,UNEP capacity building Rwanda data quality management environment implemented data management artificial intelligence AI capacity skills environmental information system government stakeholder institution platform training after:2018-01-01 before:2022-01-01,World-Development-Report-2021-Data-for-Better-Lives.pdf,https://documents1.worldbank.org/curated/en/248201616598597113/pdf/World-Development-Report-2021-Data-for-Better-Lives.pdf,"Even where nascent data systems and governance frame- works exist, a lack of institutions with the requisite administrative capacity, decision-making.",https://documents1.worldbank.org › curated › Wo...,documents1_worldbank_org_World_Development_Report_2021_Data_for_Better_Live.txt,False,False,0,0,none,none,none,none,"The document does not contain explicit evidence related to Rwanda or the time window 2018-2022. It appears to be a general report on data and development, not specific to any country or time frame.",There is no mention of UNEP or UNEP-supported work in the provided document.,[]
Rwanda,2018–2022,2,UNEP capacity building Rwanda data quality management environment implemented data management artificial intelligence AI capacity skills environmental information system government stakeholder institution platform training after:2018-01-01 before:2022-01-01,WSIS Forum 2019 Outcome Document,https://www.itu.int/en/itu-wsis/Documents/Forum2019/DRAFT-WSISForum2019OutcomeDocument.pdf,responsible development of trustworthy artificial intelligence (AI) systems for the benefit of society. It will combine resources from across the Organisation.,https://www.itu.int › itu-wsis › Documents › For...,www_itu_int_WSIS_Forum_2019_Outcome_Document.txt,False,False,0,0,none,none,unclear,unclear,No relevant information found,No relevant information found,[]
Rwanda,2018–2022,2,UNEP capacity building Rwanda data quality management environment implemented data management artificial intelligence AI capacity skills environmental information system government stakeholder institution platform training after:2018-01-01 before:2022-01-01,THE STRATEGIC PLAN 2020-2023,https://unhabitat.org/sites/default/files/documents/2019-09/strategic_plan_2020-2023.pdf,"UN-Habitat has a key role to play in supporting local governments and building their capacity to manage urban displacement, drawing on its strong experience ...",https://unhabitat.org › default › files › documents,unhabitat_org_THE_STRATEGIC_PLAN_2020_2023.txt,False,False,0,0,none,none,UN or international organization,global,"The document does not contain explicit evidence related to improved data management, environmental data systems/platforms/workflows, environmentally sustainable AI practices, or capacity/skills development in data management or AI in Rwanda during 2018-2022.","The document does not explicitly link UNEP or UNEP-supported work to enabling, supporting, improving, training, implementing, or operationalizing any SP7.1 outcomes in Rwanda during 2018-2022.","[""No relevant phrases found""]"
Rwanda,2018–2022,2,UNEP capacity building Rwanda data quality management environment implemented data management artificial intelligence AI capacity skills environmental information system government stakeholder institution platform training after:2018-01-01 before:2022-01-01,Digitalisation and Responsible Business Conduct,https://www.oecd.org/content/dam/oecd/en/publications/reports/2020/02/digitalisation-and-responsible-business-conduct_8b3265b4/4328b0b5-en.pdf,"They primarily focus on the conduct of entities involved in the development or (mis)use of digital technologies, and their impacts on science and technology, ...",https://www.oecd.org › oecd › reports › 2020/02,www_oecd_org_Digitalisation_and_Responsible_Business_Conduct.txt,False,False,0,0,none,none,unclear,unclear,No relevant information found in the document.,No UNEP attribution found in the document.,[]
Rwanda,2018–2022,2,UNEP capacity building Rwanda data quality management environment implemented data management artificial intelligence AI capacity skills environmental information system government stakeholder institution platform training after:2018-01-01 before:2022-01-01,Planning for Sustainable Stakeholder Engagement Based ...,https://www.researchgate.net/publication/335831292_Planning_for_Sustainable_Stakeholder_Engagement_Based_on_the_Assessment_of_Conflicting_Interests_in_Projects,The goal of this paper is to provide a framework to enhance effectiveness of the stakeholder engagement in projects by systematically ranking the potential ...,https://www.researchgate.net › ... › Conflict of Interest,www_researchgate_net_Planning_for_Sustainable_Stakeholder_Engagement_Ba.txt,False,False,0,0,none,none,unclear,unclear,"The document does not contain explicit evidence related to Rwanda or the time window 2018-2022, nor does it discuss improvements in data management, environmental data systems, sustainable AI practices, or capacity and skills development in these areas.",There is no explicit link between UNEP or UNEP-supported work and any improvement or capacity development in data management or sustainable AI practices.,[]
Rwanda,2018–2022,2,UNEP capacity building Rwanda data quality management environment implemented data management artificial intelligence AI capacity skills environmental information system government stakeholder institution platform training after:2018-01-01 before:2022-01-01,CHILE'S LONG-TERM CLIMATE STRATEGY,https://unfccc.int/sites/default/files/resource/CHL_LTS_2021_EN_0.pdf,This is the first time our country has established sectoral limits on carbon emissions by 2030 that will be mandatory and binding following approval of the.,https://unfccc.int › files › CHL_LTS_2021_EN_0,unfccc_int_CHILE_S_LONG_TERM_CLIMATE_STRATEGY.txt,False,False,0,0,none,none,government,national,"The document is about Chile's Long-Term Climate Strategy and does not contain any information about Rwanda or digital transformation, environmental data management, sustainable AI practices, or capacity and skills development in these areas.",There is no mention of UNEP or any UNEP-supported work in the document.,[]
Rwanda,2018–2022,2,UNEP capacity building Rwanda data quality management environment implemented data management artificial intelligence AI capacity skills environmental information system government stakeholder institution platform training after:2018-01-01 before:2022-01-01,The Role of Lighthouse Projects,https://www3.weforum.org/docs/WEF_Lighthouse_Project_Report.pdf,"Each of these Lighthouse Projects describes the ways in which stakeholders are making concrete progress to address the pressing societal, economic,.",https://www3.weforum.org › docs › WEF_Light...,www3_weforum_org_The_Role_of_Lighthouse_Projects.txt,False,False,0,0,none,none,unclear,unclear,"The document does not contain explicit evidence of measured improvements in data management and environmentally sustainable artificial intelligence practices, capacity and skills development, or stakeholder capacity improvements related to data management, AI practices, digital tools, or environmental data platforms in Rwanda during 2018-2022.","There is no explicit link between UNEP or UNEP-supported work and the measured improvement in data management, environmentally sustainable AI practices, or capacity/skills development in Rwanda during 2018-2022.",[]
Rwanda,2018–2022,2,UNEP capacity building Rwanda data quality management environment implemented data management artificial intelligence AI capacity skills environmental information system government stakeholder institution platform training after:2018-01-01 before:2022-01-01,Projects by Client,https://www.ddaconsulting.org/projectsbyclient,Tasked with developing a training curriculum and implementation programme focused on building the capacity of FAO staff to assess and manage environmental and ...,https://www.ddaconsulting.org › projectsbyclient,www_ddaconsulting_org_Projects_by_Client.txt,False,False,0,0,none,none,unclear,unclear,No relevant evidence found due to document fetch error.,No relevant evidence found due to document fetch error.,[]
Rwanda,2018–2022,2,UNEP capacity building Rwanda data quality management environment implemented data management artificial intelligence AI capacity skills environmental information system government stakeholder institution platform training after:2018-01-01 before:2022-01-01,Granted projects | NWO,https://www.nwo.nl/en/researchprogrammes/open-competition-ssh/granted-projects,"This project proposes a gamified online task platform to simultaneously assess reinforcement learning, reward sensitivity, and controllability in people with ...",https://www.nwo.nl › open-competition-ssh › granted-p...,www_nwo_nl_Granted_projects_NWO.txt,False,False,0,0,none,none,unclear,unclear,No relevant evidence found in the document.,No UNEP attribution found in the document.,[]
Rwanda,2018–2022,2,UNEP capacity building Rwanda data quality management environment implemented data management artificial intelligence AI capacity skills environmental information system government stakeholder institution platform training after:2018-01-01 before:2022-01-01,Propelling LDCs in the Digital Age: A 4IR Perspective for ...,https://hub.unido.org/sites/default/files/publications/Publication_4IR_LDC.pdf,Skills Development and Capacity Building. Educational programs that deploy rapid data and. AI-skill training are in increasing demand in order to develop data ...,https://hub.unido.org › default › files › publications,hub_unido_org_Propelling_LDCs_in_the_Digital_Age_A_4IR_Perspecti.txt,False,False,0,0,none,none,unclear,unclear,"The document does not contain explicit evidence related to Rwanda or the time window 2018-2022. The document appears to be a publication on 4IR and LDCs, but it does not provide information on digital/data management/sustainable AI improvements or UNEP attribution.",There is no explicit link to UNEP or UNEP-supported work in the document.,[]
Rwanda,2018–2022,2,UNEP capacity building Rwanda data quality management environment implemented data management artificial intelligence AI capacity skills environmental information system government stakeholder institution platform training after:2018-01-01 before:2022-01-01,AI Governance Day - From Principles to Implementation,https://s41721.pcdn.co/wp-content/uploads/2021/06/2401225_AI_Governance_Day_2024_Report-E.pdf,"Convened by the United Nations' International Telecommunication. Union (ITU), the event brought together a kaleidoscope of participants from around the world.",https://s41721.pcdn.co › uploads › 2021/06 › 24...,s41721_pcdn_co_AI_Governance_Day_From_Principles_to_Implementatio.txt,False,False,0,0,none,none,none,none,"The document does not contain explicit evidence related to Rwanda or the time window 2018-2022. It primarily focuses on AI governance discussions and strategies at a global level, without specific references to Rwanda or its digital/data management practices.","There is no explicit link between UNEP or UNEP-supported work and measured improvements in data management, environmentally sustainable AI practices, or capacity/skills development in Rwanda during 2018-2022.",[]
Rwanda,2018–2022,2,UNEP capacity building Rwanda data quality management environment implemented data management artificial intelligence AI capacity skills environmental information system government stakeholder institution platform training after:2018-01-01 before:2022-01-01,"October 15, 2021 – A two-day webinar series on “Big Earth ...",https://www.facebook.com/AITasia/posts/october-15-2021-a-two-day-webinar-series-on-big-earth-data-for-the-sustainable-d/10159460345544709/,"October 15, 2021 – A two-day webinar series on “Big Earth Data for the Sustainable Development Goals,” held on October 12 and 14, facilitates the sharing...",50+ reactions,www_facebook_com_October_15_2021_A_two_day_webinar_series_on_Big_Ea.txt,False,False,0,0,none,none,unclear,unclear,"The document does not contain explicit evidence related to Rwanda or the time window 2018-2022. It discusses a webinar on big earth data for sustainable development goals, but it is not relevant to Rwanda or the specified time frame.",There is no mention of UNEP or UNEP-supported work in the document.,[]
Rwanda,2018–2022,2,UNEP capacity building Rwanda data quality management environment implemented data management artificial intelligence AI capacity skills environmental information system government stakeholder institution platform training after:2018-01-01 before:2022-01-01,REPORT 2021/2022,https://hdr.undp.org/system/files/documents/global-report-document/hdr2021-22reportenglish_0.pdf,The 2021/2022 Human Development Report is the latest in the series of global Human. Development Reports published by the United. Nations Development Programme ( ...,https://hdr.undp.org › global-report-document,hdr_undp_org_REPORT_2021_2022.txt,False,False,0,0,none,none,none,none,"The document does not contain explicit evidence related to improved data management, environmental data systems/platforms/workflows, environmentally sustainable AI practices, or capacity/skills development in Rwanda during 2018-2022.","There is no explicit link between UNEP or UNEP-supported work and the measured improvement in data management, environmentally sustainable AI practices, or capacity/skills development in Rwanda during 2018-2022.",[]
Rwanda,2018–2022,2,UNEP capacity building Rwanda data quality management environment implemented data management artificial intelligence AI capacity skills environmental information system government stakeholder institution platform training after:2018-01-01 before:2022-01-01,compendium of data protection and privacy policies,https://unstats.un.org/legal-identity-agenda/documents/Paper/data_protecton_%20and_privacy.pdf,INTRODUCTION. 1.1 Purpose and Scope. The purpose of this Compendium is to 'map' UN policy in the area of data protection and privacy (as well.,https://unstats.un.org › data_protecton_ and_privacy,unstats_un_org_compendium_of_data_protection_and_privacy_policies.txt,False,False,0,0,none,none,unclear,unclear,"The document could not be retrieved, making it impossible to assess digital/data management/sustainable AI improvements.","The document could not be retrieved, making it impossible to assess UNEP attribution.",[]
Rwanda,2018–2022,2,UNEP capacity building Rwanda data quality management environment implemented data management artificial intelligence AI capacity skills environmental information system government stakeholder institution platform training after:2018-01-01 before:2022-01-01,The Role of Lighthouse Projects,https://www3.weforum.org/docs/WEF_Lighthouse_Project_Report.pdf,"Each of these Lighthouse Projects describes the ways in which stakeholders are making concrete progress to address the pressing societal, economic,.",https://www3.weforum.org › docs › WEF_Light...,www3_weforum_org_The_Role_of_Lighthouse_Projects.txt,False,False,0,0,none,none,none,none,"The document does not contain explicit evidence related to Rwanda or the period 2018-2022 regarding measured improvements in data management and environmentally sustainable artificial intelligence practices, capacity and skills development, or stakeholder capacity improvements related to these areas.","There is no explicit link between UNEP or UNEP-supported work and any measured improvement in data management, environmentally sustainable AI practices, or capacity/skills development in Rwanda during 2018-2022.",[]
Rwanda,2018–2022,2,UNEP capacity building Rwanda data quality management environment implemented data management artificial intelligence AI capacity skills environmental information system government stakeholder institution platform training after:2018-01-01 before:2022-01-01,International efforts using Space for Climate Action,https://www.unoosa.org/documents/pdf/Space4SDGs/Space_for_Climate_Action_-ebook.pdf,"As space-derived information plays this key role in the joint efforts to monitor and observe climate change but also to mitigate, build resilience and prepare ...",https://www.unoosa.org › documents › pdf › Spac...,www_unoosa_org_International_efforts_using_Space_for_Climate_Acti.txt,False,False,0,0,none,none,unclear,unclear,No relevant information found,No UNEP attribution found,[]
Rwanda,2018–2022,2,UNEP capacity building Rwanda data quality management environment implemented data management artificial intelligence AI capacity skills environmental information system government stakeholder institution platform training after:2018-01-01 before:2022-01-01,30The 2030 Sustainable Development Agenda and the ...,https://thedocs.worldbank.org/en/doc/259801562965232326-0270022019/original/2030Agenda2019finalweb.pdf,The historic 2015 global agreement on the SDGs requires all partners to design and build effective implementation mechanisms down to the local level; collect ...,https://thedocs.worldbank.org › doc › original,thedocs_worldbank_org_30The_2030_Sustainable_Development_Agenda_and_the_.txt,False,False,0,0,none,none,unclear,global,The document does not contain explicit evidence of measured improvements in data management and environmentally sustainable artificial intelligence practices in Rwanda during 2018-2022.,There is no explicit link between UNEP or UNEP-supported work and measured improvements in data management or environmentally sustainable AI practices in Rwanda during 2018-2022.,[]
Rwanda,2022–2026,1,UNEP programme Rwanda environmental data analytics reported data management artificial intelligence AI capacity skills environmental information system government stakeholder institution platform training after:2022-01-01 before:2026-01-01,United Nations Activities on Artificial Intelligence (AI),https://www.itu.int/dms_pub/itu-s/opb/gen/S-GEN-UNACT-2021-PDF-E.pdf,The projects presented in this report illustrate the importance of investing in multi-stakeholder partnerships for producing concrete outcome- driven processes ...,https://www.itu.int › S-GEN-UNACT-2021-PDF-E,www_itu_int_United_Nations_Activities_on_Artificial_Intelligen.txt,False,False,0,0,none,none,unclear,unclear,No evidence found due to document fetch error.,No evidence found due to document fetch error.,[]
Rwanda,2018–2022,2,UNEP capacity building Rwanda data quality management environment implemented data management artificial intelligence AI capacity skills environmental information system government stakeholder institution platform training after:2018-01-01 before:2022-01-01,RENEWABLE ENERGY AND SUSTAINABILITY REPORT,https://www.ren21.net/wp-content/uploads/2019/05/REN21-RESR-2023_LowRes.pdf,"Our objective is to support and accelerate the transition to renewable energy. Today, REN21 drives the renewable energy transition by creating an enabling.",https://www.ren21.net › uploads › 2019/05 › RE...,www_ren21_net_RENEWABLE_ENERGY_AND_SUSTAINABILITY_REPORT.txt,False,False,0,0,none,none,none,none,"The document is a comprehensive report on renewable energy and sustainability, but it does not contain specific information about Rwanda or explicit evidence of measured improvements in data management, environmentally sustainable AI practices, or capacity/skills development in Rwanda during 2018-2022.","There is no explicit link between UNEP or UNEP-supported work and measured improvements in data management, environmentally sustainable AI practices, or capacity/skills development in Rwanda during 2018-2022.",[]
Rwanda,2022–2026,1,UNEP programme Rwanda environmental data analytics reported data management artificial intelligence AI capacity skills environmental information system government stakeholder institution platform training after:2022-01-01 before:2026-01-01,Artificial Intelligence (AI),https://www.un.org/en/global-issues/artificial-intelligence,"AI has significant potential to support the UN by promoting inclusivity, reducing inequalities, helping to accelerate nearly 80% of the Sustainable Development ...",https://www.un.org › global-issues › artificial-intelligence,www_un_org_Artificial_Intelligence_AI_.txt,False,False,0,0,none,none,unclear,unclear,No evidence found due to document fetch error.,No evidence found due to document fetch error.,[]
Rwanda,2018–2022,2,UNEP capacity building Rwanda data quality management environment implemented data management artificial intelligence AI capacity skills environmental information system government stakeholder institution platform training after:2018-01-01 before:2022-01-01,Digital technology and the planet,https://royalsociety.org/-/media/policy/projects/digital-technology-and-the-planet/digital-technology-and-the-planet-report.pdf,"Government should use the net zero target to drive momentum behind the provision of data access, digital infrastructure and skills. In Spring. 2020, only 12% of ...",https://royalsociety.org › media › policy › projects,royalsociety_org_Digital_technology_and_the_planet.txt,False,False,0,0,none,none,none,none,"The document does not contain explicit evidence related to Rwanda or the time window 2018-2022. It primarily focuses on the potential of digital technologies to support a low-carbon economy and achieve net zero emissions, with a general discussion of digital technologies and their applications, but does not provide specific information on improvements in data management, environmentally sustainable AI practices, or capacity and skills development in Rwanda.","There is no explicit link between UNEP or UNEP-supported work and the measured improvement in data management, environmentally sustainable AI practices, or capacity/skills development in Rwanda.",[]
Rwanda,2018–2022,2,UNEP capacity building Rwanda data quality management environment implemented data management artificial intelligence AI capacity skills environmental information system government stakeholder institution platform training after:2018-01-01 before:2022-01-01,ESIA Report Symbion Power Project 10 05 2017 (1).pdf,https://www.miga.org/sites/default/files/2018-12/ESIA%20Report%20Symbion%20Power%20Project%2010%2005%202017%20%281%29.pdf,information system has also been established and capacity building provided to all sector institutions to ... Environment Management Authority and the Rwanda ...,https://www.miga.org › sites › default › files,www_miga_org_ESIA_Report_Symbion_Power_Project_10_05_2017_1_pdf.txt,False,False,0,0,none,none,private-sector institution,national,"The document does not contain explicit evidence of measured improvements in data management and environmentally sustainable artificial intelligence practices, including capacity and skills development, among countries and stakeholders in Rwanda during 2018-2022.","There is no explicit link between UNEP or UNEP-supported work and the measured improvement in data management, environmentally sustainable AI practices, or capacity/skills development in Rwanda during 2018-2022.","[""No relevant evidence found""]"
Rwanda,2018–2022,2,UNEP capacity building Rwanda data quality management environment implemented data management artificial intelligence AI capacity skills environmental information system government stakeholder institution platform training after:2018-01-01 before:2022-01-01,Advancing Education for Sustainable Development. Key ...,https://www.worldfuturecouncil.org/wp-content/uploads/2019/01/Handbook-ADVANCING-EDUCATION-FOR-SUSTAINABLE-DEVOLOPMENT-by-Alistair-Whitby-WFC_2019.pdf,"Education for Sustainable Development, or ESD, means to rethink our model of learning and teaching; to give new answers to old questions; and to provide young ...",https://www.worldfuturecouncil.org › 2019/01,www_worldfuturecouncil_org_Advancing_Education_for_Sustainable_Development_Ke.txt,False,False,0,0,none,none,none,none,The document does not contain explicit evidence related to Rwanda or the time window 2018-2022. It is a general handbook on Education for Sustainable Development (ESD) and does not provide specific information on digital/data management/sustainable AI practices or UNEP's involvement in Rwanda.,There is no mention of UNEP or its activities in Rwanda related to digital/data management/sustainable AI practices or capacity development.,[]
Rwanda,2022–2026,1,UNEP programme Rwanda environmental data analytics reported data management artificial intelligence AI capacity skills environmental information system government stakeholder institution platform training after:2022-01-01 before:2026-01-01,"WMO on Instagram: "" The development of artificial intelligence ...",https://www.instagram.com/reel/DQQ3L4igAWt/,Learning from decades of atmosphere data. AI is helping countries strengthen their forecasting capabilities. Putting powerful tools into more hands worldwide.,180+ likes · 6 months ago,www_instagram_com_WMO_on_Instagram_The_development_of_artificial_int.txt,False,False,0,0,none,none,unclear,unclear,"The document does not contain explicit evidence related to Rwanda or the time window 2022-2026. It also does not discuss improvements in data management, environmentally sustainable AI practices, or capacity/skills development in Rwanda.",There is no mention of UNEP or UNEP-supported work in the document.,[]
Rwanda,2022–2026,1,UNEP programme Rwanda environmental data analytics reported data management artificial intelligence AI capacity skills environmental information system government stakeholder institution platform training after:2022-01-01 before:2026-01-01,United Nations System White Paper on AI Governance.pdf,https://unsceb.org/sites/default/files/2024-04/United%20Nations%20System%20White%20Paper%20on%20AI%20Governance.pdf,"Executive summary. Artificial Intelligence (AI) governance has gained significant importance in recent years, especially since late 2022, due to the rapid ...",https://unsceb.org › sites › default › files › Unite...,unsceb_org_United_Nations_System_White_Paper_on_AI_Governance.txt,False,False,0,0,none,none,unclear,unclear,No relevant evidence found in the document.,No UNEP attribution found in the document.,[]
Rwanda,2022–2026,1,UNEP programme Rwanda environmental data analytics reported data management artificial intelligence AI capacity skills environmental information system government stakeholder institution platform training after:2022-01-01 before:2026-01-01,IPCC,https://www.facebook.com/IPCC/posts/addressing-the-ministerial-dialogue-on-the-role-of-sustainable-digital-technolog/1030119635959096/,"Artificial Intelligence (AI) is leading the way in changing climate science by providing new tools to model, predict, and study complex environmental systems.",80+ reactions,www_facebook_com_IPCC.txt,False,False,0,0,none,none,unclear,unclear,"The document does not contain explicit evidence related to Rwanda or the time window 2022-2026. It also does not discuss measured improvements in data management, environmentally sustainable AI practices, or capacity/skills development in Rwanda.",There is no explicit link between UNEP or UNEP-supported work and any improvement in data management or sustainable AI practices in Rwanda.,[]
Rwanda,2022–2026,1,UNEP programme Rwanda environmental data analytics reported data management artificial intelligence AI capacity skills environmental information system government stakeholder institution platform training after:2022-01-01 before:2026-01-01,The National AI Policy of Rwanda,https://dig.watch/resource/the-national-ai-policy-of-rwanda,The Government will invest in and develop a National Skills Building Program prioritizing AI and data skills combined with a Young Professionals ...,https://dig.watch › Resources,dig_watch_The_National_AI_Policy_of_Rwanda.txt,True,False,80,0,data management system / environmental data platform,developed,government,national,"The National AI Policy of Rwanda contains detailed plans for improving data management and environmentally sustainable AI practices. It outlines investments in 21st-century skills, data infrastructure, and AI-ready data, indicating a strong focus on digital/data management/sustainable AI improvement.",There is no explicit mention of UNEP supporting or funding the development of Rwanda's National AI Policy or its implementation.,"[""The Government will invest in and develop a National Skills Building Program prioritizing AI and data skills combined with a Young Professionals/Apprenticeship Program to develop AI talent and career opportunities in the knowledge economy."", ""Set up a multi-sectoral task force to develop data governance frameworks and protocols with standards for sharing data ethically, responsibly and securely"", ""Conduct a feasibility study on the creation of a continental AI Hub in Rwanda""]"
Rwanda,2022–2026,1,UNEP programme Rwanda environmental data analytics reported data management artificial intelligence AI capacity skills environmental information system government stakeholder institution platform training after:2022-01-01 before:2026-01-01,Artificial Intelligence for Climate Action:,https://unfccc.int/ttclear/misc_/StaticFiles/gnwoerk_static/AI4climateaction/f2922b97c4cf431996c468e622127eb5/112f8be560ea447dab5ff2e53ab3f6e4.pdf,"harnessing advanced ML algorithms and data analytics, AI systems enhance the accuracy and efficiency of climate models by processing vast amounts of climate ...",https://unfccc.int › StaticFiles › gnwoerk_static,unfccc_int_Artificial_Intelligence_for_Climate_Action_.txt,False,False,0,0,none,none,none,none,"The document does not contain explicit evidence of measured improvements in data management and environmentally sustainable artificial intelligence practices, including capacity and skills development, among countries and stakeholders in Rwanda during 2022-2026.","The document does not explicitly link UNEP or UNEP-supported work to the measured improvement in data management, environmentally sustainable AI practices, or capacity/skills development in Rwanda during 2022-2026.",[]
Rwanda,2022–2026,1,UNEP programme Rwanda environmental data analytics reported data management artificial intelligence AI capacity skills environmental information system government stakeholder institution platform training after:2022-01-01 before:2026-01-01,Measuring the environmental impacts of artificial ...,https://www.oecd.org/content/dam/oecd/en/publications/reports/2022/11/measuring-the-environmental-impacts-of-artificial-intelligence-compute-and-applications_3dddded5/7babf571-en.pdf,"To better understand and measure national AI compute capacity and its environmental impact, the OECD created a dedicated expert group on AI compute and climate ...",https://www.oecd.org › oecd › reports › 2022/11,www_oecd_org_Measuring_the_environmental_impacts_of_artificial_.txt,False,False,0,0,none,none,unclear,unclear,No relevant information found,No UNEP link found,[]
Rwanda,2022–2026,1,UNEP programme Rwanda environmental data analytics reported data management artificial intelligence AI capacity skills environmental information system government stakeholder institution platform training after:2022-01-01 before:2026-01-01,Exploring big data applications in sustainable urban ...,https://www.sciencedirect.com/science/article/pii/S2664328625000038,"This study provides a comprehensive review of how big data is utilized to promote sustainable urban infrastructure, focusing on five key areas.",https://www.sciencedirect.com › science › article › pii,www_sciencedirect_com_Exploring_big_data_applications_in_sustainable_urb.txt,False,False,0,0,none,none,unclear,unclear,No relevant information found due to document fetch error.,No relevant information found due to document fetch error.,[]
Rwanda,2022–2026,1,UNEP programme Rwanda environmental data analytics reported data management artificial intelligence AI capacity skills environmental information system government stakeholder institution platform training after:2022-01-01 before:2026-01-01,Environmental Impact Assessment and Safeguard ...,https://upskilldevelopment.com/environmental-impact-assessment-and-safeguard-planning-course,"Gain expertise in environmental impact analysis, safeguard planning, and sustainability practices for responsible and compliant project delivery.",https://upskilldevelopment.com › environmental-impact...,upskilldevelopment_com_Environmental_Impact_Assessment_and_Safeguard_.txt,False,False,0,0,none,none,unclear,unclear,No relevant information found,No UNEP link found,[]
Rwanda,2022–2026,1,UNEP programme Rwanda environmental data analytics reported data management artificial intelligence AI capacity skills environmental information system government stakeholder institution platform training after:2022-01-01 before:2026-01-01,How Digital Public Infrastructure can catalyze nature and ...,https://climatepromise.undp.org/sites/default/files/research_report_document/undp-the-case-for-nature-id.pdf,"This approach can enable broader access to ecosystem, climate and social data, increasing the visibility of ecological systems in decision-making and serving as ...",https://climatepromise.undp.org › default › files,climatepromise_undp_org_How_Digital_Public_Infrastructure_can_catalyze_nat.txt,False,False,0,0,none,none,none,none,"The document does not contain explicit evidence related to Rwanda or the time window 2022–2026. It discusses digital public infrastructure (DPI) and a proposed system called Nature ID, but does not provide specific information about Rwanda or improvements in data management and environmentally sustainable AI practices in that country.","There is no explicit link between UNEP or UNEP-supported work and the measured improvement in data management, environmentally sustainable AI practices, or capacity/skills development in Rwanda (in 2022–2026).",[]
Rwanda,2022–2026,1,UNEP programme Rwanda environmental data analytics reported data management artificial intelligence AI capacity skills environmental information system government stakeholder institution platform training after:2022-01-01 before:2026-01-01,Training,https://www.unep.org/explore-topics/disasters-conflicts/training,The course will also include best practices and lessons learned in how good resource and environmental governance can prevent and resolve disputes while ...,https://www.unep.org › ... › Disasters & conflicts,www_unep_org_Training.txt,False,False,0,0,none,none,none,none,,,[]
Rwanda,2022–2026,1,UNEP programme Rwanda environmental data analytics reported data management artificial intelligence AI capacity skills environmental information system government stakeholder institution platform training after:2022-01-01 before:2026-01-01,Country initiatives on Education for Sustainable Development,https://unesdoc.unesco.org/ark:/48223/pf0000389493,pdf The Rwanda Environment awareness organisation aims at teaching Environmental Education to youth in secondary schools in order to improve their ...,https://unesdoc.unesco.org › ark:,unesdoc_unesco_org_Country_initiatives_on_Education_for_Sustainable_D.txt,False,False,0,0,none,none,unclear,unclear,No relevant information found.,No relevant information found.,[]
Rwanda,2022–2026,1,UNEP programme Rwanda environmental data analytics reported data management artificial intelligence AI capacity skills environmental information system government stakeholder institution platform training after:2022-01-01 before:2026-01-01,Inclusive Green Economy Policy Stocktaking Study for ...,https://www.un-page.org/knowledge-hub/inclusive-green-economy-policy-stocktaking-study-for-rwanda/,The study has been commissioned by the United Nations Development Program (UNDP) Rwanda under the Partnership for Action on Green Economy (PAGE) and is carried ...,https://www.un-page.org › knowledge-hub › incl...,www_un-page_org_Inclusive_Green_Economy_Policy_Stocktaking_Study_f.txt,False,False,0,0,none,none,none,none,"The document does not contain explicit evidence of measured improvements in data management and environmentally sustainable artificial intelligence practices, including capacity and skills development, among countries and stakeholders in Rwanda during 2022-2026.","The document does not explicitly link UNEP (United Nations Environment Programme), UNEP Digital Transformation work, WESR, or UNEP-supported work to the measured improvement in data management, environmentally sustainable AI practices, or capacity/skills development in Rwanda during 2022-2026.",[]
Rwanda,2022–2026,1,UNEP programme Rwanda environmental data analytics reported data management artificial intelligence AI capacity skills environmental information system government stakeholder institution platform training after:2022-01-01 before:2026-01-01,Leveraging information and communication technologies for ...,https://link.springer.com/article/10.1007/s44274-025-00190-1,This study examines the role of information and communication technologies (ICTs) in promoting sustainable agriculture and environmental protection,https://link.springer.com › Discover Environment,link_springer_com_Leveraging_information_and_communication_technolog.txt,False,False,0,0,none,none,unclear,unclear,"The document does not provide explicit evidence of measured improvements in data management and environmentally sustainable artificial intelligence practices, including capacity and skills development, among countries and stakeholders in Rwanda during 2022-2026.","There is no explicit link between UNEP or UNEP-supported work and the measured improvement in data management, environmentally sustainable AI practices, or capacity/skills development in Rwanda during 2022-2026.","[""No relevant evidence found""]"
Rwanda,2022–2026,1,UNEP programme Rwanda environmental data analytics reported data management artificial intelligence AI capacity skills environmental information system government stakeholder institution platform training after:2022-01-01 before:2026-01-01,"Syed Awab - 17 Yrs in ICT4D, Artificial Intelligence (AI) ...",https://pk.linkedin.com/in/syedawab,Analysed DRRM training activities of a government institute resulting in a first of its kind Information Management System with 10 modules & 110+ reports.,https://pk.linkedin.com › syedawab,pk_linkedin_com_Syed_Awab_17_Yrs_in_ICT4D_Artificial_Intelligence_.txt,False,False,0,0,none,none,unclear,unclear,"The document does not contain any relevant information about Rwanda, environmental data management, sustainable AI practices, or capacity development.",There is no mention of UNEP or any related work in the document.,[]
Rwanda,2022–2026,1,UNEP programme Rwanda environmental data analytics reported data management artificial intelligence AI capacity skills environmental information system government stakeholder institution platform training after:2022-01-01 before:2026-01-01,SUSTAINABLE LANDSCAPE MANAGEMENT,https://www.environment.gov.rw/fileadmin/user_upload/Moe/Publications/Strategies/Rwanda_Sustainable_Landscape_Management_Investment_Framework.pdf,"The analysis of strengths, weaknesses, opportunities and threats related to SLM in Rwanda reveals several interlocking trends – climate change, land degradation ...",https://www.environment.gov.rw › Moe › Strategies,www_environment_gov_rw_SUSTAINABLE_LANDSCAPE_MANAGEMENT.txt,False,False,0,0,none,none,none,none,"The document does not contain explicit evidence of measured improvements in data management and environmentally sustainable artificial intelligence practices, including capacity and skills development, among countries and stakeholders in Rwanda during 2022-2026.","The document does not explicitly link UNEP or UNEP-supported work to the measured improvement in data management, environmentally sustainable AI practices, or capacity/skills development in Rwanda during 2022-2026.",[]
Rwanda,2022–2026,1,UNEP programme Rwanda environmental data analytics reported data management artificial intelligence AI capacity skills environmental information system government stakeholder institution platform training after:2022-01-01 before:2026-01-01,The Climate Data Challenge,https://www.unepfi.org/wordpress/wp-content/uploads/2024/05/Dataland-Final-Report-The-Climate-Data-Challenge-1.pdf,"In the face of escalating climate change impacts, the demand for robust climate data has surged among various stakeholders, including financial institutions, ...",https://www.unepfi.org › uploads › 2024/05 › D...,www_unepfi_org_The_Climate_Data_Challenge.txt,False,False,0,0,none,none,none,none,The document does not contain explicit evidence of measured improvements in data management and environmentally sustainable artificial intelligence practices in Rwanda during 2022-2026.,"The document does not explicitly link UNEP or UNEP-supported work to the measured improvement in data management, environmentally sustainable AI practices, or capacity/skills development in Rwanda during 2022-2026.",[]
Rwanda,2022–2026,1,UNEP programme Rwanda environmental data analytics reported data management artificial intelligence AI capacity skills environmental information system government stakeholder institution platform training after:2022-01-01 before:2026-01-01,Technology and innovation for cleaner and more ...,https://unctad.org/system/files/official-document/dtltikd2023d2_en.pdf,"There are sound environmental, social, and economic reasons to support green technologies' development, diffusion, and implementation. Not only can they help to ...",https://unctad.org › files › official-document,unctad_org_Technology_and_innovation_for_cleaner_and_more_.txt,False,False,0,0,none,none,unclear,global,"The document does not contain explicit evidence of measured improvements in data management and environmentally sustainable artificial intelligence practices, including capacity and skills development, among countries and stakeholders in Rwanda during 2022-2026.","There is no explicit link between UNEP or UNEP-supported work and measured improvements in data management, environmentally sustainable AI practices, or capacity/skills development in Rwanda during 2022-2026.",[]
Rwanda,2022–2026,1,UNEP programme Rwanda environmental data analytics reported data management artificial intelligence AI capacity skills environmental information system government stakeholder institution platform training after:2022-01-01 before:2026-01-01,Green Growth and Climate resilienCe strateGy,https://www.rema.gov.rw/fileadmin/user_upload/REMA/Publications/Policies/Rwanda_GGCRS_November_2023.pdf,The 2011 Rwanda Green Growth and Climate Resilience Strategy (GGCRS) provided guidance on how to implement green growth by fostering economic growth and ...,https://www.rema.gov.rw › Publications › Policies,www_rema_gov_rw_Green_Growth_and_Climate_resilienCe_strateGy.txt,False,False,0,0,none,none,government,national,"The document does not contain explicit evidence of measured improvements in data management and environmentally sustainable artificial intelligence practices, including capacity and skills development, among countries and stakeholders in Rwanda during 2022-2026.","There is no explicit link between UNEP or UNEP-supported work and the measured improvement in data management, environmentally sustainable AI practices, or capacity/skills development in Rwanda during 2022-2026.","[""The document focuses on Rwanda's Green Growth and Climate Resilience Strategy, discussing climate change, sustainable development, and economic growth, but does not mention specific improvements in data management or AI practices.""]"
Rwanda,2022–2026,1,UNEP programme Rwanda environmental data analytics reported data management artificial intelligence AI capacity skills environmental information system government stakeholder institution platform training after:2022-01-01 before:2026-01-01,Rwanda - Solutions,https://solutions.sdg-innovation-commons.org/en/RWA?thematic_areas=110&mscale=contain,"On this platform you can find many early-stage, home-grown and often open-source grassroots solutions developed by people who are innovating in the margins ...",https://solutions.sdg-innovation-commons.org › RWA,solutions_sdg-innovation-commons_org_Rwanda_Solutions.txt,False,False,0,0,none,none,unclear,unclear,"The document does not contain explicit evidence related to measured improvements in data management, environmentally sustainable AI practices, or capacity/skills development in Rwanda for the time window 2022-2026.",There is no explicit link between UNEP or UNEP-supported work and any improvements in data management or sustainable AI practices in Rwanda.,[]
Rwanda,2022–2026,1,UNEP programme Rwanda environmental data analytics reported data management artificial intelligence AI capacity skills environmental information system government stakeholder institution platform training after:2022-01-01 before:2026-01-01,Data Analytics for Environmental Sustainability Training,https://trainingcred.com/rw/training-course/data-analytics-for-environmental-sustainability-training,Join expert-led Data Analytics for Environmental Sustainability training in Rwanda. Learn to leverage data for eco-friendly solutions.,https://trainingcred.com › training-course › data-analyti...,trainingcred_com_Data_Analytics_for_Environmental_Sustainability_Tr.txt,True,False,40,0,capacity development / skills development,developed / trained,public-sector institution / private-sector institution,national,The document mentions a training course on 'Data Analytics for Environmental Sustainability' which indicates capacity development in environmental data analytics.,There is no explicit mention of UNEP or UNEP-supported work in the provided document.,"[""Data Analytics for Environmental Sustainability training""]"
Rwanda,2022–2026,1,UNEP programme Rwanda environmental data analytics reported data management artificial intelligence AI capacity skills environmental information system government stakeholder institution platform training after:2022-01-01 before:2026-01-01,"Digital Skills, Innovation, and Economic Transformation",https://thedocs.worldbank.org/en/doc/a607bb6e3b76d2be0f3db8db34dcf73e-0140022025/related/5EDU-WP-15-Digital-skills-innovation-and-economic-transformation.pdf,"This study explores the link between digital skills, innovation, and economic transformation in the context of Africa, focusing on the role and potential ...",https://thedocs.worldbank.org › doc › related › 5E...,thedocs_worldbank_org_Digital_Skills_Innovation_and_Economic_Transformat.txt,False,False,0,0,none,none,none,none,"The document does not contain explicit evidence related to measured improvements in data management, environmentally sustainable AI practices, or capacity/skills development in Rwanda during 2022-2026.",There is no explicit link between UNEP or UNEP-supported work and the SP7.1 improvement/capacity/sustainable AI outcome in Rwanda during 2022-2026.,[]
Rwanda,2022–2026,1,UNEP programme Rwanda environmental data analytics reported data management artificial intelligence AI capacity skills environmental information system government stakeholder institution platform training after:2022-01-01 before:2026-01-01,Transboundary Environmental Data-Sharing Consultant,https://careers.un.org/jobSearchDescription/247298?language=en,"This consultancy will provide UNEP with a practical, validated framework for transboundary environmental data sharing.",https://careers.un.org › jobSearchDescription,careers_un_org_Transboundary_Environmental_Data_Sharing_Consultan.txt,False,False,0,0,none,none,unclear,unclear,"The document does not contain explicit evidence related to measured improvements in data management, environmentally sustainable AI practices, or capacity/skills development in Rwanda during 2022-2026.","The document does not explicitly link UNEP or UNEP-supported work to enabling, supporting, improving, training, implementing, or operationalizing SP7.1 evidence in Rwanda during 2022-2026.",[]
Rwanda,2022–2026,1,UNEP programme Rwanda environmental data analytics reported data management artificial intelligence AI capacity skills environmental information system government stakeholder institution platform training after:2022-01-01 before:2026-01-01,Rwanda,https://www.unep.org/explore-topics/chemicals-waste/what-we-do/special-programme/rwanda,"""The project aims at supporting the Government of Rwanda to implement the Basel, Rotterdam, Stockholm, Minamata Conventions and SAICM through generating, ...",https://www.unep.org › ... › Special Programme,www_unep_org_Rwanda.txt,True,False,40,0,data management system / information management system,developed / implemented,government / public-sector institution,national,"The project aims to establish and operationalize an information management system for chemicals and wastes in Rwanda, which indicates an improvement in data management. However, the document does not provide explicit evidence of measured improvements or institutional uptake.",There is no explicit link between UNEP and the project outcomes. UNEP is not mentioned as a partner or supporter of the project.,"[""Establish and operationalize the Chemicals and Waste National Steering Committee"", ""Develop and operationalize an information management system for chemicals and wastes"", ""Support trainings and awareness raising campaigns on best practices for handling chemicals and hazardous wastes, data management and information sharing""]"
Rwanda,2022–2026,1,UNEP programme Rwanda environmental data analytics reported data management artificial intelligence AI capacity skills environmental information system government stakeholder institution platform training after:2022-01-01 before:2026-01-01,Environmental Data Analytics & Modeling: Predict & Protect ...,https://skillsforafrica.org/course/environmental-data-analytics-modeling-predict-protect-our-planet,"This course focuses on utilizing statistical modeling, machine learning, and data visualization to extract insights from environmental data.",https://skillsforafrica.org › course › environmental-data...,skillsforafrica_org_Environmental_Data_Analytics_Modeling_Predict_Prot.txt,False,False,0,0,none,none,none,unclear,"The document does not contain explicit evidence related to measured improvements in data management, environmentally sustainable AI practices, or capacity/skills development in Rwanda during 2022-2026.","There is no explicit link between UNEP or UNEP-supported work and any improvements in data management, environmentally sustainable AI practices, or capacity/skills development in Rwanda during 2022-2026.",[]
Rwanda,2022–2026,1,UNEP programme Rwanda environmental data analytics reported data management artificial intelligence AI capacity skills environmental information system government stakeholder institution platform training after:2022-01-01 before:2026-01-01,CCP: About Stakeholders,https://climatechange.gov.rw/resources/institutions,This section features the national institutions working to advance climate action in Rwanda and build the country's climate resilience.,https://climatechange.gov.rw › resources › institutions,climatechange_gov_rw_CCP_About_Stakeholders.txt,False,False,0,0,none,none,unclear,national,"The document does not contain explicit evidence of measured improvements in data management, environmentally sustainable AI practices, or capacity/skills development in Rwanda during 2022-2026.","There is no explicit link between UNEP or UNEP-supported work and the measured improvement in data management, environmentally sustainable AI practices, or capacity/skills development in Rwanda during 2022-2026.",[]
Rwanda,2022–2026,1,UNEP programme Rwanda environmental data analytics reported data management artificial intelligence AI capacity skills environmental information system government stakeholder institution platform training after:2022-01-01 before:2026-01-01,"Ms. Pria Chetty, Executive Director of Research ICT Africa ...",https://www.facebook.com/foiph/posts/ms-pria-chetty-executive-director-of-research-ict-africa-south-africa-introduced/1259991249266080/,"... Artificial Intelligence (AI) to drive environmental and societal progress ... skills, and human resources to build robust data systems and AI platforms.",6 reactions,www_facebook_com_Ms_Pria_Chetty_Executive_Director_of_Research_ICT_.txt,False,False,0,0,none,none,unclear,unclear,"The document does not contain explicit evidence related to Rwanda or the time window 2022–2026. It also does not discuss measured improvements in data management, environmentally sustainable AI practices, or capacity/skills development in Rwanda.","There is no explicit link between UNEP or UNEP-supported work and any measured improvement in data management, environmentally sustainable AI practices, or capacity/skills development in Rwanda.",[]
Rwanda,2022–2026,1,UNEP programme Rwanda environmental data analytics reported data management artificial intelligence AI capacity skills environmental information system government stakeholder institution platform training after:2022-01-01 before:2026-01-01,AI for Good Impact Report,https://s41721.pcdn.co/wp-content/uploads/2024/10/AI-for-Good-Impact-Report.pdf,"Technical skills such as AI tool management, data analytics, and predictive analytics are becoming increasingly important. Professionals need to be ...",https://s41721.pcdn.co › uploads › 2024/10 › AI...,s41721_pcdn_co_AI_for_Good_Impact_Report.txt,False,False,0,0,none,none,none,none,"The document does not contain explicit evidence related to Rwanda or the time window 2022-2026. It primarily discusses AI trends, governance, and opportunities across various sectors and regions, without specific focus on Rwanda or environmental data management.","There is no explicit link between UNEP or UNEP-supported work and measured improvements in data management, environmentally sustainable AI practices, or capacity/skills development in Rwanda (2022-2026).",[]
Rwanda,2022–2026,1,UNEP programme Rwanda environmental data analytics reported data management artificial intelligence AI capacity skills environmental information system government stakeholder institution platform training after:2022-01-01 before:2026-01-01,Environmental Data Analytics & Modeling: Predict & Protect ...,https://skillsforafrica.org/course/environmental-data-analytics-modeling-predict-protect-our-planet,"This course focuses on utilizing statistical modeling, machine learning, and data visualization to extract insights from environmental data.",https://skillsforafrica.org › course › environmental-data...,skillsforafrica_org_Environmental_Data_Analytics_Modeling_Predict_Prot.txt,False,False,0,0,none,none,none,unclear,The document does not contain explicit evidence of measured improvements in data management and environmentally sustainable artificial intelligence practices in Rwanda during 2022-2026.,"There is no explicit link between UNEP or UNEP-supported work and any improvements in data management, environmentally sustainable AI practices, or capacity/skills development in Rwanda during 2022-2026.",[]
Rwanda,2022–2026,1,UNEP programme Rwanda environmental data analytics reported data management artificial intelligence AI capacity skills environmental information system government stakeholder institution platform training after:2022-01-01 before:2026-01-01,LIFE ON LAND: PATHWAYS TO A SUSTAINABLE FUTURE,https://www.isdb.org/sites/default/files/media/documents/2024-12/SDGs%20Digest%20Issue%2020_Final%20Version%20for%20Release.pdf,Drought resilience and sustainable land management require not only technical expertise but also inclusive decision- making processes that involve local.,https://www.isdb.org › files › media › documents,www_isdb_org_LIFE_ON_LAND_PATHWAYS_TO_A_SUSTAINABLE_FUTURE.txt,False,False,0,0,none,none,none,none,"The document does not contain explicit evidence related to improved data management, environmental data systems/platforms/workflows, environmentally sustainable AI practices, or capacity/skills development in data management or AI for Rwanda during 2022-2026.",There is no explicit link between UNEP or UNEP-supported work and the SP7.1 improvement/capacity/sustainable AI outcome in Rwanda during 2022-2026.,[]
Rwanda,2022–2026,1,UNEP programme Rwanda environmental data analytics reported data management artificial intelligence AI capacity skills environmental information system government stakeholder institution platform training after:2022-01-01 before:2026-01-01,Powering Possible - AI and Energy for a Sustainable Future,https://masdar.ae/-/media/corporate-revamp/downloads/industry-reports/powering-possible---ai-and-energy-for-a-sustainable-future.pdf,"This report identifies seven areas of collaboration and action for the energy and technology sectors to accelerate a just, orderly, and equitable energy.",https://masdar.ae › downloads › industry-reports,masdar_ae_Powering_Possible_AI_and_Energy_for_a_Sustainable_.txt,False,False,0,0,none,none,unclear,unclear,"The document does not contain explicit evidence related to Rwanda or the time window 2022-2026. It primarily discusses the intersection of AI, energy, and sustainable development globally, without specific reference to Rwanda or improvements in data management, environmentally sustainable AI practices, or capacity and skills development in these areas.","There is no explicit link between UNEP or UNEP-supported work and measured improvements in data management, environmentally sustainable AI practices, or capacity/skills development in Rwanda for the period 2022-2026.",[]
Rwanda,2022–2026,1,UNEP programme Rwanda environmental data analytics reported data management artificial intelligence AI capacity skills environmental information system government stakeholder institution platform training after:2022-01-01 before:2026-01-01,MTN-FY-23-Climate-Report.pdf,https://www.mtn.com/wp-content/uploads/2024/04/MTN-FY-23-Climate-Report.pdf,"The reports detail MTN's environmental and social policies, governance, strategies, risks and opportunities. The reports also provide detailed performance data ...",https://www.mtn.com › uploads › 2024/04 › MT...,www_mtn_com_MTN_FY_23_Climate_Report_pdf.txt,False,False,0,0,none,none,private-sector institution,institutional,"The document does not contain explicit evidence of measured improvements in data management and environmentally sustainable artificial intelligence practices, including capacity and skills development, among countries and stakeholders in Rwanda during 2022-2026.","There is no explicit link between UNEP or UNEP-supported work and the measured improvement in data management, environmentally sustainable AI practices, or capacity/skills development in Rwanda during 2022-2026.",[]
Rwanda,2022–2026,1,UNEP programme Rwanda environmental data analytics reported data management artificial intelligence AI capacity skills environmental information system government stakeholder institution platform training after:2022-01-01 before:2026-01-01,AI for Good Impact Report,https://s41721.pcdn.co/wp-content/uploads/2024/10/AI-for-Good-Impact-Report.pdf,"Technical skills such as AI tool management, data analytics, and predictive analytics are becoming increasingly important. Professionals need to be ...",https://s41721.pcdn.co › uploads › 2024/10 › AI...,s41721_pcdn_co_AI_for_Good_Impact_Report.txt,False,False,0,0,none,none,unclear,unclear,"The document does not contain explicit evidence related to measured improvements in data management, environmental data systems/platforms/workflows, environmentally sustainable AI practices, or capacity/skills development in Rwanda during 2022-2026.",There is no explicit link between UNEP or UNEP-supported work and the SP7.1 improvement/capacity/sustainable AI outcome in Rwanda during 2022-2026.,[]
Rwanda,2022–2026,1,UNEP programme Rwanda environmental data analytics reported data management artificial intelligence AI capacity skills environmental information system government stakeholder institution platform training after:2022-01-01 before:2026-01-01,Artificial Intelligence in Development and Humanitarian Work,https://www.esteri.it/wp-content/uploads/2025/12/Promises-Paradoxes-an-Perils-of-AI-in-Development-and-Humanitarian-Sectors.pdf,1 | Overview of AI's Use in Humanitarian Contexts ..............................................................................................................,https://www.esteri.it › uploads › 2025/12 › Promis...,www_esteri_it_Artificial_Intelligence_in_Development_and_Humanit.txt,False,False,0,0,none,none,unclear,unclear,No relevant information found due to document fetch error.,No relevant information found due to document fetch error.,[]
Rwanda,2022–2026,1,UNEP programme Rwanda environmental data analytics reported data management artificial intelligence AI capacity skills environmental information system government stakeholder institution platform training after:2022-01-01 before:2026-01-01,Decent Work in Nature-based Solutions 2024,https://www.ilo.org/sites/default/files/2024-12/Decent%20work%20NbS%202024_EN.pdf,"The series is planned up to 2030 and each report, each report aims to fill knowledge and advocacy gaps on how transitions to a green economy can be made just, ...",https://www.ilo.org › sites › default › files,www_ilo_org_Decent_Work_in_Nature_based_Solutions_2024.txt,False,False,0,0,none,none,unclear,unclear,No relevant information found,No UNEP link found,[]
Rwanda,2022–2026,1,UNEP programme Rwanda environmental data analytics reported data management artificial intelligence AI capacity skills environmental information system government stakeholder institution platform training after:2022-01-01 before:2026-01-01,CATALYSING SUSTAINABLE WATER SECURITY IN ...,https://afwasakm.afwasa.org/wp-content/uploads/2025/04/383369eng.pdf,"It has been supporting sound, evidence-based water governance and decision-making drawing on transdisciplinary science and technology other knowledge systems in ...",https://afwasakm.afwasa.org › uploads › 2025/04,afwasakm_afwasa_org_CATALYSING_SUSTAINABLE_WATER_SECURITY_IN_.txt,False,False,0,0,none,none,none,none,The provided document does not contain explicit evidence of measured improvements in data management and environmentally sustainable artificial intelligence practices in Rwanda during 2022-2026.,There is no explicit link between UNEP or UNEP-supported work and measured improvements in data management or environmentally sustainable AI practices in Rwanda during 2022-2026.,[]
Rwanda,2022–2026,1,UNEP programme Rwanda environmental data analytics reported data management artificial intelligence AI capacity skills environmental information system government stakeholder institution platform training after:2022-01-01 before:2026-01-01,SUSTAINABLE LANDSCAPE MANAGEMENT,https://www.environment.gov.rw/fileadmin/user_upload/Moe/Publications/Strategies/Rwanda_Sustainable_Landscape_Management_Investment_Framework.pdf,"The analysis of strengths, weaknesses, opportunities and threats related to SLM in Rwanda reveals several interlocking trends – climate change, land degradation ...",https://www.environment.gov.rw › Moe › Strategies,www_environment_gov_rw_SUSTAINABLE_LANDSCAPE_MANAGEMENT.txt,False,False,0,0,none,none,none,none,"The document does not contain explicit evidence of measured improvements in data management and environmentally sustainable artificial intelligence practices, including capacity and skills development, among countries and stakeholders in Rwanda during 2022-2026.","The document does not explicitly link UNEP or UNEP-supported work to the measured improvement in data management, environmentally sustainable AI practices, or capacity/skills development in Rwanda during 2022-2026.",[]
Rwanda,2022–2026,1,UNEP programme Rwanda environmental data analytics reported data management artificial intelligence AI capacity skills environmental information system government stakeholder institution platform training after:2022-01-01 before:2026-01-01,Rwanda,https://www.unep.org/explore-topics/chemicals-waste/what-we-do/special-programme/rwanda,"""The project aims at supporting the Government of Rwanda to implement the Basel, Rotterdam, Stockholm, Minamata Conventions and SAICM through generating, ...",https://www.unep.org › ... › Special Programme,www_unep_org_Rwanda.txt,True,False,40,0,data management system / information management system,developed / implemented,government / public-sector institution,national,"The project aims to establish and operationalize an information management system for chemicals and wastes in Rwanda, which indicates an improvement in data management. However, the document does not provide explicit evidence of measured improvements in environmentally sustainable AI practices or capacity and skills development for environmental data management.",There is no explicit link between UNEP or UNEP-supported work and the measured improvement in data management or environmentally sustainable AI practices in Rwanda.,"[""Develop and operationalize an information management system for chemicals and wastes"", ""Support trainings and awareness raising campaigns on best practices for handling chemicals and hazardous wastes, data management and information sharing"", ""Improved multi-sectoral and multi-stakeholder cooperation and coordination at the national level through establishment and operationalization of the National Chemicals and Waste Steering Committee and information management system tool""]"
Rwanda,2022–2026,2,with UNEP support Rwanda environmental data analytics measured data management artificial intelligence AI capacity skills environmental information system government stakeholder institution platform training after:2022-01-01 before:2026-01-01,United Nations Activities on Artificial Intelligence (AI),https://www.itu.int/dms_pub/itu-s/opb/gen/S-GEN-UNACT-2021-PDF-E.pdf,The projects presented in this report illustrate the importance of investing in multi-stakeholder partnerships for producing concrete outcome- driven processes ...,https://www.itu.int › S-GEN-UNACT-2021-PDF-E,www_itu_int_United_Nations_Activities_on_Artificial_Intelligen.txt,False,False,0,0,none,none,unclear,unclear,No evidence found due to document fetch error.,No UNEP attribution found due to document fetch error.,[]
Rwanda,2022–2026,2,with UNEP support Rwanda environmental data analytics measured data management artificial intelligence AI capacity skills environmental information system government stakeholder institution platform training after:2022-01-01 before:2026-01-01,National AI Policy Summary II Nw,https://www.ictworks.org/wp-content/uploads/2023/12/Rwanda_Artificial_Intelligence_Policy.pdf,"Rwanda's school curricula shall adapt for the age of AI, data and digital technologies, with the Government investing in and creating a Teacher Corps to provide.",https://www.ictworks.org › uploads › 2023/12,www_ictworks_org_National_AI_Policy_Summary_II_Nw.txt,False,False,0,0,none,none,unclear,unclear,No evidence found due to document fetch error.,No evidence found due to document fetch error.,[]
Rwanda,2022–2026,1,UNEP programme Rwanda environmental data analytics reported data management artificial intelligence AI capacity skills environmental information system government stakeholder institution platform training after:2022-01-01 before:2026-01-01,Powering Possible - AI and Energy for a Sustainable Future,https://masdar.ae/-/media/corporate-revamp/downloads/industry-reports/powering-possible---ai-and-energy-for-a-sustainable-future.pdf,"This report identifies seven areas of collaboration and action for the energy and technology sectors to accelerate a just, orderly, and equitable energy.",https://masdar.ae › downloads › industry-reports,masdar_ae_Powering_Possible_AI_and_Energy_for_a_Sustainable_.txt,False,False,0,0,none,none,unclear,unclear,"The document does not contain explicit evidence related to Rwanda or the time window 2022-2026. It primarily focuses on the intersection of AI, energy, and sustainable development, with a global perspective, but does not provide specific information about digital/data management/sustainable AI improvements, capacity/skills development, or measured uptake in Rwanda.","There is no explicit link between UNEP or UNEP-supported work and the measured improvement in data management, environmentally sustainable AI practices, or capacity/skills development in Rwanda (in 2022-2026). The document does not mention UNEP or its activities.",[]
Rwanda,2022–2026,2,with UNEP support Rwanda environmental data analytics measured data management artificial intelligence AI capacity skills environmental information system government stakeholder institution platform training after:2022-01-01 before:2026-01-01,"WMO on Instagram: "" The development of artificial intelligence ...",https://www.instagram.com/reel/DQQ3L4igAWt/,Learning from decades of atmosphere data. AI is helping countries strengthen their forecasting capabilities. Putting powerful tools into more hands worldwide.,180+ likes · 6 months ago,www_instagram_com_WMO_on_Instagram_The_development_of_artificial_int.txt,False,False,0,0,none,none,unclear,unclear,"The document does not contain explicit evidence related to Rwanda or the time window 2022-2026. It also does not discuss improvements in data management, environmentally sustainable AI practices, or capacity/skills development in Rwanda.","There is no explicit link between UNEP or UNEP-supported work and any improvements in data management, environmentally sustainable AI practices, or capacity/skills development in Rwanda.",[]
Rwanda,2022–2026,2,with UNEP support Rwanda environmental data analytics measured data management artificial intelligence AI capacity skills environmental information system government stakeholder institution platform training after:2022-01-01 before:2026-01-01,Supporting Rwanda's bold steps towards responsible and ...,https://www.unesco.org/en/articles/supporting-rwandas-bold-steps-towards-responsible-and-ethical-ai,Supporting Rwanda's bold steps towards responsible and ethical AI. UNESCO and Rwanda convened a National Workshop to advance the implementation of the UNESCO ...,https://www.unesco.org › articles › supporting-rwandas...,www_unesco_org_Supporting_Rwanda_s_bold_steps_towards_responsible.txt,False,False,0,0,none,none,unclear,unclear,No relevant information found,No relevant information found,[]
Rwanda,2022–2026,2,with UNEP support Rwanda environmental data analytics measured data management artificial intelligence AI capacity skills environmental information system government stakeholder institution platform training after:2022-01-01 before:2026-01-01,IPCC,https://www.facebook.com/IPCC/posts/addressing-the-ministerial-dialogue-on-the-role-of-sustainable-digital-technolog/1030119635959096/,"Artificial Intelligence (AI) is leading the way in changing climate science by providing new tools to model, predict, and study complex environmental systems.",80+ reactions,www_facebook_com_IPCC.txt,False,False,0,0,none,none,unclear,unclear,"The document does not contain explicit evidence related to Rwanda or the time window 2022-2026. It also does not discuss measured improvements in data management, environmentally sustainable AI practices, or capacity/skills development in Rwanda.","There is no explicit link between UNEP or UNEP-supported work and any improvement in data management, environmentally sustainable AI practices, or capacity/skills development in Rwanda.",[]
Rwanda,2022–2026,2,with UNEP support Rwanda environmental data analytics measured data management artificial intelligence AI capacity skills environmental information system government stakeholder institution platform training after:2022-01-01 before:2026-01-01,United Nations System White Paper on AI Governance.pdf,https://unsceb.org/sites/default/files/2024-04/United%20Nations%20System%20White%20Paper%20on%20AI%20Governance.pdf,It demonstrates that the UN System has been proactive in addressing the many challenges derived from the rapid development of Artificial Intelligence and has ...,https://unsceb.org › sites › default › files › Unite...,unsceb_org_United_Nations_System_White_Paper_on_AI_Governance.txt,False,False,0,0,none,none,unclear,unclear,"The document could not be accessed, hence no evidence could be evaluated.","The document could not be accessed, hence no evidence could be evaluated.",[]
Rwanda,2022–2026,2,with UNEP support Rwanda environmental data analytics measured data management artificial intelligence AI capacity skills environmental information system government stakeholder institution platform training after:2022-01-01 before:2026-01-01,AI Hub for Sustainable Development,https://aihubfordevelopment.org/,"The AI Hub is aligned with the African Union's AI Strategy and is anchored by 14 partner countries in Africa (Algeria, Angola, Egypt, Ethiopia, Ghana, Côte d' ...",https://aihubfordevelopment.org,aihubfordevelopment_org_AI_Hub_for_Sustainable_Development.txt,False,False,0,0,none,none,unclear,global,"The document does not provide explicit evidence related to Rwanda or the time window 2022-2026. It discusses the AI Hub for Sustainable Development, which is focused on Africa, but does not mention Rwanda specifically. The document does not provide evidence of measured improvements in data management, environmentally sustainable AI practices, or capacity/skills development in Rwanda.",There is no explicit link between UNEP or UNEP-supported work and the SP7.1 improvement/capacity/sustainable AI outcome in Rwanda.,[]
Rwanda,2022–2026,2,with UNEP support Rwanda environmental data analytics measured data management artificial intelligence AI capacity skills environmental information system government stakeholder institution platform training after:2022-01-01 before:2026-01-01,ARTIFICIAL INTELLIGENCE ADOPTION AND ...,https://www.jetir.org/papers/JETIR2408686.pdf,ABSTRACT. This research project on exploring the impact of artificial intelligence adoption on improving efficiency in complex projects in Rwanda with a ...,https://www.jetir.org › papers › JETIR2408686,www_jetir_org_ARTIFICIAL_INTELLIGENCE_ADOPTION_AND_.txt,False,False,0,0,none,none,unclear,unclear,No document text available for analysis due to fetch error.,No document text available for analysis due to fetch error.,[]
Rwanda,2022–2026,2,with UNEP support Rwanda environmental data analytics measured data management artificial intelligence AI capacity skills environmental information system government stakeholder institution platform training after:2022-01-01 before:2026-01-01,Environmental Impact Assessment and Safeguard ...,https://upskilldevelopment.com/environmental-impact-assessment-and-safeguard-planning-course,"Gain expertise in environmental impact analysis, safeguard planning, and sustainability practices for responsible and compliant project delivery.",https://upskilldevelopment.com › environmental-impact...,upskilldevelopment_com_Environmental_Impact_Assessment_and_Safeguard_.txt,False,False,0,0,none,none,unclear,unclear,No relevant information found in the document.,No relevant information found in the document.,[]
Rwanda,2022–2026,2,with UNEP support Rwanda environmental data analytics measured data management artificial intelligence AI capacity skills environmental information system government stakeholder institution platform training after:2022-01-01 before:2026-01-01,AI Hub,https://www.undp.org/sites/g/files/zskgke326/files/2024-07/ai_hub_report_digital.pdf,"The AI Hub for Sustainable Development aims to strengthen local AI ecosystems within African countries, and accelerate responsible private sector innovation and ...",https://www.undp.org › ai_hub_report_digital,www_undp_org_AI_Hub.txt,True,False,40,0,data management system / digital tools / capacity development / other,planned / proposed / conceptual,international organization / multi-stakeholder initiative,regional / international,"The document discusses the AI Hub for Sustainable Development, a multi-stakeholder initiative aimed at strengthening local AI ecosystems in African countries. It focuses on data, compute, and talent pillars, and proposes a GROW approach to guide, renew, orchestrate, and weave shared public goods to accelerate innovation. While it outlines plans for improving data management and AI practices, these are largely proposed or conceptual, with limited evidence of implemented improvements or measured outcomes.","There is no explicit mention of UNEP or UNEP-supported work in the provided document. The AI Hub for Sustainable Development is being codesigned by the Italian G7 Presidency and the United Nations Development Programme (UNDP), but UNEP is not mentioned as a supporting or implementing organization.","[""The AI Hub aims to empower African countries to fully harness the transformative power and potential of AI through collective action."", ""The GROW approach is designed to create a unified approach towards developing a pioneering African AI system."", ""The AI Hub will work to bring together different private sector efforts into a unified approach, through collective action and collaboration.""]"
Rwanda,2022–2026,2,with UNEP support Rwanda environmental data analytics measured data management artificial intelligence AI capacity skills environmental information system government stakeholder institution platform training after:2022-01-01 before:2026-01-01,Environmental Impact Assessment and Safeguard ...,https://upskilldevelopment.com/environmental-impact-assessment-and-safeguard-planning-course,"Gain expertise in environmental impact analysis, safeguard planning, and sustainability practices for responsible and compliant project delivery.",https://upskilldevelopment.com › environmental-impact...,upskilldevelopment_com_Environmental_Impact_Assessment_and_Safeguard_.txt,False,False,0,0,none,none,unclear,unclear,No relevant information found in the document.,No UNEP attribution found in the document.,[]
Rwanda,2022–2026,2,with UNEP support Rwanda environmental data analytics measured data management artificial intelligence AI capacity skills environmental information system government stakeholder institution platform training after:2022-01-01 before:2026-01-01,Artificial Intelligence (AI),https://www.un.org/en/global-issues/artificial-intelligence,"AI has significant potential to support the UN by promoting inclusivity, reducing inequalities, helping to accelerate nearly 80% of the Sustainable Development ...",https://www.un.org › global-issues › artificial-intelligence,www_un_org_Artificial_Intelligence_AI_.txt,False,False,0,0,none,none,unclear,unclear,No relevant information found due to document fetch error.,No relevant information found due to document fetch error.,[]
Rwanda,2022–2026,2,with UNEP support Rwanda environmental data analytics measured data management artificial intelligence AI capacity skills environmental information system government stakeholder institution platform training after:2022-01-01 before:2026-01-01,A look into the development of University of Rwanda's AI ...,https://aceiot.ur.ac.rw/tair/frontend/article.php?id=19,"The University of Rwanda's role crystallized around three functions: research and infrastructure support, training and capacity building, and policy leadership.",https://aceiot.ur.ac.rw › tair › frontend › article,aceiot_ur_ac_rw_A_look_into_the_development_of_University_of_Rwand.txt,True,False,40,0,AI strategy development / AI policy development / capacity development,developed / implemented / planned,government / public-sector institution / academia,national / institutional,"The document describes the development of the University of Rwanda's AI strategy, including a workshop with stakeholders from various government and institutional backgrounds. While it outlines plans for AI strategy development, capacity building, and priority sectors such as environment, it does not provide clear evidence of measured improvements in data management or environmentally sustainable AI practices.",There is no explicit mention of UNEP or UNEP-supported work in the document.,"[""The Transformative Artificial Intelligence Research and Innovation Lab (TAIRI Lab) hosting 10 postgraduate students focusing their research efforts on AI in agriculture, health and environment"", ""a three-day workshop on AI strategy development"", ""Rwanda's national AI guidelines a framework built on five pillars"", ""quality data is the essential prerequisite for everything else"", ""the working groups formed during the workshop have continue work together to update and co-develop the Institutional AI policy""]"
Rwanda,2022–2026,2,with UNEP support Rwanda environmental data analytics measured data management artificial intelligence AI capacity skills environmental information system government stakeholder institution platform training after:2022-01-01 before:2026-01-01,Draft technical paper on AI for climate action,https://unfccc.int/ttclear/misc_/StaticFiles/gnwoerk_static/tn_meetings/0ec396b0ba7b4d0d853b77c7b83dc172/3ebbf2e8e7834a7f873b0ae9a86262f7.pdf,"As per Activity A.4.1 of its rolling workplan (2023–2027), the TEC is exploring the role of artificial intelligence (AI) and applied machine learning as ...",https://unfccc.int › gnwoerk_static › tn_meetings,unfccc_int_Draft_technical_paper_on_AI_for_climate_action.txt,False,False,0,0,none,none,none,none,"The document does not contain explicit evidence related to Rwanda or the time window 2022-2026. It primarily discusses AI applications for climate action in general, with a focus on developing countries, LDCs, and SIDS.","There is no explicit link between UNEP or UNEP-supported work and the measured improvement in data management, environmentally sustainable AI practices, or capacity/skills development in Rwanda (in 2022-2026).",[]
Rwanda,2022–2026,2,with UNEP support Rwanda environmental data analytics measured data management artificial intelligence AI capacity skills environmental information system government stakeholder institution platform training after:2022-01-01 before:2026-01-01,Exploring big data applications in sustainable urban ...,https://www.sciencedirect.com/science/article/pii/S2664328625000038,"This study provides a comprehensive review of how big data is utilized to promote sustainable urban infrastructure, focusing on five key areas.",https://www.sciencedirect.com › science › article › pii,www_sciencedirect_com_Exploring_big_data_applications_in_sustainable_urb.txt,False,False,0,0,none,none,unclear,unclear,No relevant information found in the document.,No UNEP attribution found in the document.,[]
Rwanda,2022–2026,2,with UNEP support Rwanda environmental data analytics measured data management artificial intelligence AI capacity skills environmental information system government stakeholder institution platform training after:2022-01-01 before:2026-01-01,Senior Enterprise Solutions Architect (AI/Knowledge ...,https://www.greenpolicyplatform.org/job/senior-enterprise-solutions-architect-aiknowledge-systems,The United Nations Environment Programme is looking for a Senior Enterprise Solutions Architect (AI/Knowledge Systems),https://www.greenpolicyplatform.org › job › senior-enter...,www_greenpolicyplatform_org_Senior_Enterprise_Solutions_Architect_AI_Knowledge.txt,False,False,0,0,none,none,unclear,global,The document does not contain explicit evidence related to Rwanda or improvements in data management and environmentally sustainable artificial intelligence practices in Rwanda during 2022-2026.,The document mentions UNEP but does not link it to any specific improvements in data management or sustainable AI practices in Rwanda during 2022-2026.,[]
Rwanda,2022–2026,2,with UNEP support Rwanda environmental data analytics measured data management artificial intelligence AI capacity skills environmental information system government stakeholder institution platform training after:2022-01-01 before:2026-01-01,The Environmental Impact of the Full AI Lifecycle Needs to ...,https://www.unep.org/resources/report/artificial-intelligence-ai-end-end-environmental-impact-full-ai-lifecycle-needs-be,This note outlines key areas identified by UNEP regarding the environmental impact of Artificial intelligence (AI) across its lifecycle.,https://www.unep.org › resources › report › artificial-in...,www_unep_org_The_Environmental_Impact_of_the_Full_AI_Lifecycle_.txt,False,False,0,0,none,none,unclear,global,"The document does not contain explicit evidence related to Rwanda or specific improvements in data management, environmentally sustainable AI practices, or capacity/skills development in Rwanda during 2022-2026.","The document does not explicitly link UNEP or UNEP-supported work to enabling, supporting, improving, training, implementing, or operationalizing SP7.1 evidence in Rwanda during 2022-2026.",[]
Rwanda,2022–2026,2,with UNEP support Rwanda environmental data analytics measured data management artificial intelligence AI capacity skills environmental information system government stakeholder institution platform training after:2022-01-01 before:2026-01-01,SY050_Jobs & skills for the New Economy_v10,https://www.giz.de/sites/default/files/media/document/2025-11/20251110-jobs-skills-new-economy-full-report.pdf,We must ensure that skills and workforce transition strategies are aligned with national economic transformation strategies and supported by real-time data ...,https://www.giz.de › files › media › document,www_giz_de_SY050_Jobs_skills_for_the_New_Economy_v10.txt,False,False,0,0,none,none,none,none,"The document does not contain explicit evidence related to improved data management, environmental data systems/platforms/workflows, environmentally sustainable AI practices, or capacity or skills development in data management or AI in Rwanda during 2022-2026.",There is no explicit link between UNEP or UNEP-supported work and the SP7.1 improvement/capacity/sustainable AI outcome in Rwanda during 2022-2026.,[]
Rwanda,2022–2026,2,with UNEP support Rwanda environmental data analytics measured data management artificial intelligence AI capacity skills environmental information system government stakeholder institution platform training after:2022-01-01 before:2026-01-01,Data for Climate Action: How National Statistical Offices ...,https://unece.org/sites/default/files/2025-01/Data%20for%20Climate%20Action%20-%20How%20NSOs%20can%20contribute_bookmarks.pdf,This publication aims to provide national statistical offices (NSOs) with such knowledge. It showcases what statistical systems already offer to support climate ...,https://unece.org › sites › default › files › Data for...,unece_org_Data_for_Climate_Action_How_National_Statistical_O.txt,False,False,0,0,none,none,unclear,unclear,"The document does not contain explicit evidence related to Rwanda or the time window 2022-2026, nor does it discuss improvements in data management, environmental data systems, or sustainable AI practices.",There is no explicit link between UNEP and any improvements in data management or sustainable AI practices in Rwanda for the given time frame.,[]
Rwanda,2022–2026,2,with UNEP support Rwanda environmental data analytics measured data management artificial intelligence AI capacity skills environmental information system government stakeholder institution platform training after:2022-01-01 before:2026-01-01,Minerals Crime,https://www.unodc.org/documents/data-and-analysis/Crimes%20on%20Environment/ECR25_P2b_Minerals_Crime.pdf,"Artificial intelligence (AI): Researchers are de- veloping AI to automatically detect mine com- ponents, although challenges in data collection and model ...",https://www.unodc.org › data-and-analysis,www_unodc_org_Minerals_Crime.txt,False,False,0,0,none,none,unclear,unclear,No relevant information found,No relevant information found,[]
Rwanda,2022–2026,2,with UNEP support Rwanda environmental data analytics measured data management artificial intelligence AI capacity skills environmental information system government stakeholder institution platform training after:2022-01-01 before:2026-01-01,Rwanda - Solutions,https://solutions.sdg-innovation-commons.org/en/RWA?thematic_areas=110&mscale=contain,"On this platform you can find many early-stage, home-grown and often open-source grassroots solutions developed by people who are innovating in the margins ...",https://solutions.sdg-innovation-commons.org › RWA,solutions_sdg-innovation-commons_org_Rwanda_Solutions.txt,False,False,0,0,none,none,unclear,unclear,"The document does not contain explicit evidence related to measured improvements in data management, environmentally sustainable AI practices, or capacity/skills development in Rwanda during 2022-2026.",There is no explicit link between UNEP or UNEP-supported work and any improvements in data management or sustainable AI practices in Rwanda during 2022-2026.,[]
Rwanda,2022–2026,2,with UNEP support Rwanda environmental data analytics measured data management artificial intelligence AI capacity skills environmental information system government stakeholder institution platform training after:2022-01-01 before:2026-01-01,Leveraging information and communication technologies for ...,https://link.springer.com/article/10.1007/s44274-025-00190-1,This study examines the role of information and communication technologies (ICTs) in promoting sustainable agriculture and environmental protection,https://link.springer.com › Discover Environment,link_springer_com_Leveraging_information_and_communication_technolog.txt,False,False,0,0,none,none,unclear,unclear,"The document does not contain explicit evidence of measured improvements in data management and environmentally sustainable artificial intelligence practices, including capacity and skills development, among countries and stakeholders in Rwanda during 2022-2026.","There is no explicit link between UNEP or UNEP-supported work and the measured improvement in data management, environmentally sustainable AI practices, or capacity/skills development in Rwanda during 2022-2026.",[]
Rwanda,2022–2026,2,with UNEP support Rwanda environmental data analytics measured data management artificial intelligence AI capacity skills environmental information system government stakeholder institution platform training after:2022-01-01 before:2026-01-01,Nomura Group Sustainability Report 2025 (PDF),https://www.nomuraholdings.com/doc/en/investor/library/ar/sustainability/2025.pdf,The Nomura Group Sustainability Report summarizes the Nomura Group's sustainability initiatives for use by stakeholders. The Nomura Group.,https://www.nomuraholdings.com › doc › library,www_nomuraholdings_com_Nomura_Group_Sustainability_Report_2025_PDF_.txt,False,False,0,0,none,none,unclear,unclear,The document does not contain any relevant information about Rwanda or digital/data management/sustainable AI practices.,There is no mention of UNEP or UNEP-supported work in the document.,[]
Rwanda,2022–2026,2,with UNEP support Rwanda environmental data analytics measured data management artificial intelligence AI capacity skills environmental information system government stakeholder institution platform training after:2022-01-01 before:2026-01-01,Annual Review 2023,https://www.iata.org/contentassets/c81222d96c9a4e0bb4ff6ced0126f0bb/annual-review-2023.pdf,"management system that enables more than 467 airlines to centrally control and repatriate their BSP and CASS sales, including from countries with severe ...",https://www.iata.org › contentassets › annual-revi...,www_iata_org_Annual_Review_2023.txt,False,False,0,0,none,none,none,none,"The document does not contain explicit evidence related to improved data management, environmental data systems/platforms/workflows, environmentally sustainable AI practices, or capacity/skills development in Rwanda during 2022-2026.","There is no explicit link between UNEP or UNEP-supported work and any measured improvement in data management, environmentally sustainable AI practices, or capacity/skills development in Rwanda during 2022-2026.",[]
Rwanda,2022–2026,2,with UNEP support Rwanda environmental data analytics measured data management artificial intelligence AI capacity skills environmental information system government stakeholder institution platform training after:2022-01-01 before:2026-01-01,Measuring the environmental impacts of artificial ...,https://www.oecd.org/content/dam/oecd/en/publications/reports/2022/11/measuring-the-environmental-impacts-of-artificial-intelligence-compute-and-applications_3dddded5/7babf571-en.pdf,"To better understand and measure national AI compute capacity and its environmental impact, the OECD created a dedicated expert group on AI compute and climate ...",https://www.oecd.org › oecd › reports › 2022/11,www_oecd_org_Measuring_the_environmental_impacts_of_artificial_.txt,False,False,0,0,none,none,unclear,unclear,No relevant information found.,No relevant information found.,[]
Rwanda,2022–2026,2,with UNEP support Rwanda environmental data analytics measured data management artificial intelligence AI capacity skills environmental information system government stakeholder institution platform training after:2022-01-01 before:2026-01-01,AI governance drives innovation and access in Rwanda ...,https://www.youtube.com/watch?v=JhdHpJhPwxo,The country of Rwanda has been a leader in AI governance releasing a national AI policy in 2023 and hosting a range of global AI convenings.,14.4K+ views · 5 months ago,www_youtube_com_AI_governance_drives_innovation_and_access_in_Rwan.txt,False,False,0,0,none,none,unclear,unclear,"The document does not contain explicit evidence related to Rwanda or the time window 2022-2026. It appears to be a video description about AI governance in Rwanda, but it does not provide specific information about measured improvements in data management or environmentally sustainable AI practices.",There is no explicit link between UNEP or UNEP-supported work and the improvement in data management or environmentally sustainable AI practices in Rwanda.,[]
Rwanda,2022–2026,2,with UNEP support Rwanda environmental data analytics measured data management artificial intelligence AI capacity skills environmental information system government stakeholder institution platform training after:2022-01-01 before:2026-01-01,2024 ANNUAL FINANCIAL REPORT,https://publicisgroupe-csr-smart-data.com/assets/upload/en/universal_registration_document_2024.pdf,Clients have been at the heart of the Groupe's model since its inception and benefit from a fluid and unified organization by country.,https://publicisgroupe-csr-smart-data.com › upload,publicisgroupe-csr-smart-data_com_2024_ANNUAL_FINANCIAL_REPORT.txt,False,False,0,0,none,none,unclear,unclear,"The document does not contain explicit evidence related to measured improvements in data management, environmentally sustainable AI practices, or capacity/skills development in Rwanda during 2022-2026.","There is no explicit link between UNEP or UNEP-supported work and any improvements in data management, environmentally sustainable AI practices, or capacity/skills development in Rwanda during 2022-2026.",[]
Rwanda,2022–2026,2,with UNEP support Rwanda environmental data analytics measured data management artificial intelligence AI capacity skills environmental information system government stakeholder institution platform training after:2022-01-01 before:2026-01-01,2024 Universal Registration Document (PDF version),https://totalenergies.com/system/files/documents/totalenergies_universal-registration-document-2024_2025_en.pdf,"... Predictive Layer's machine learning and artificial intelligence solutions. These include projections of energy prices, whether on physical or derivatives ...",https://totalenergies.com › files › documents › tota...,totalenergies_com_2024_Universal_Registration_Document_PDF_version_.txt,False,False,0,0,none,none,unclear,unclear,"The document does not contain explicit evidence related to measured improvements in digital/data management, environmentally sustainable AI practices, or capacity/skills development in Rwanda during 2022-2026.","There is no explicit link between UNEP or UNEP-supported work and any measured improvement in data management, environmentally sustainable AI practices, or capacity/skills development in Rwanda during 2022-2026.",[]
Rwanda,2022–2026,2,with UNEP support Rwanda environmental data analytics measured data management artificial intelligence AI capacity skills environmental information system government stakeholder institution platform training after:2022-01-01 before:2026-01-01,evaluationof gefsupportfortechnological innovation,https://www.thegef.org/sites/default/files/documents/2025-11/GEF_IEO_technological_innovation_Final_Nov19_2025.pdf,"These technological innovations include, among others, artificial intelligence (AI), big data analytics, Internet-of-Things (IoT), smart grids, renewable energy ...",https://www.thegef.org › sites › files › documents,www_thegef_org_evaluationof_gefsupportfortechnological_innovation.txt,False,False,0,0,none,none,GEF / international organization,global,The document does not contain explicit evidence of measured improvements in data management and environmentally sustainable artificial intelligence practices in Rwanda during 2022-2026.,"The document does not explicitly link UNEP or UNEP-supported work to the measured improvement in data management, environmentally sustainable AI practices, or capacity/skills development in Rwanda during 2022-2026.","[""The document discusses technological innovation in the GEF portfolio, but does not specifically mention Rwanda or provide evidence of improvement in data management or sustainable AI practices.""]"
Rwanda,2022–2026,2,with UNEP support Rwanda environmental data analytics measured data management artificial intelligence AI capacity skills environmental information system government stakeholder institution platform training after:2022-01-01 before:2026-01-01,aas arise grantees,https://arise.aasciences.app/grantees,ARISE has a number of grantees who are working on various projects in the field of health research.,https://arise.aasciences.app › grantees,arise_aasciences_app_aas_arise_grantees.txt,False,False,0,0,none,none,unclear,unclear,No relevant information found in the document.,No relevant information found in the document.,[]
Rwanda,2022–2026,2,with UNEP support Rwanda environmental data analytics measured data management artificial intelligence AI capacity skills environmental information system government stakeholder institution platform training after:2022-01-01 before:2026-01-01,SUSTAINABLE LANDSCAPE MANAGEMENT,https://www.environment.gov.rw/fileadmin/user_upload/Moe/Publications/Strategies/Rwanda_Sustainable_Landscape_Management_Investment_Framework.pdf,"The analysis of strengths, weaknesses, opportunities and threats related to SLM in Rwanda reveals several interlocking trends – climate change, land degradation ...",https://www.environment.gov.rw › Moe › Strategies,www_environment_gov_rw_SUSTAINABLE_LANDSCAPE_MANAGEMENT.txt,False,False,0,0,none,none,government,national,"The document does not contain explicit evidence of measured improvements in data management and environmentally sustainable artificial intelligence practices, including capacity and skills development, among countries and stakeholders in Rwanda during 2022-2026.","The document does not explicitly link UNEP or UNEP-supported work to the measured improvement in data management, environmentally sustainable AI practices, or capacity/skills development in Rwanda during 2022-2026.","[""No relevant evidence found""]"
Rwanda,2022–2026,2,with UNEP support Rwanda environmental data analytics measured data management artificial intelligence AI capacity skills environmental information system government stakeholder institution platform training after:2022-01-01 before:2026-01-01,AI has an environmental problem. Here's what the world ...,https://akmh.uneca.org/node/2114,There are high hopes that artificial intelligence (AI) can help tackle some of the world's biggest environmental emergencies.,https://akmh.uneca.org › node,akmh_uneca_org_AI_has_an_environmental_problem_Here_s_what_the_wo.txt,False,False,0,0,none,none,unclear,unclear,No relevant information found due to document fetch error.,No relevant information found due to document fetch error.,[]
Rwanda,2022–2026,2,with UNEP support Rwanda environmental data analytics measured data management artificial intelligence AI capacity skills environmental information system government stakeholder institution platform training after:2022-01-01 before:2026-01-01,Artificial Intelligence in Development and Humanitarian Work,https://www.esteri.it/wp-content/uploads/2025/12/Promises-Paradoxes-an-Perils-of-AI-in-Development-and-Humanitarian-Sectors.pdf,1 | Overview of AI's Use in Humanitarian Contexts ..............................................................................................................,https://www.esteri.it › uploads › 2025/12 › Promis...,www_esteri_it_Artificial_Intelligence_in_Development_and_Humanit.txt,False,False,0,0,none,none,unclear,unclear,No relevant information found due to document fetch failure.,No relevant information found due to document fetch failure.,[]
Rwanda,2022–2026,2,with UNEP support Rwanda environmental data analytics measured data management artificial intelligence AI capacity skills environmental information system government stakeholder institution platform training after:2022-01-01 before:2026-01-01,"The state of science, technology and innovation in the least ...",https://www.un.org/technologybank/sites/www.un.org.technologybank/files/executive_summary_en_the_state_of_science_technology_and_innovation_in_the_least_developed_countries.pdf,"For example, data intelligence platforms have been developed (e.g. in Bangladesh, Rwanda, Niger) to identify hotspots and high-risk cases, analyse and predict ...",https://www.un.org › technologybank › sites › files,www_un_org_The_state_of_science_technology_and_innovation_in_.txt,False,False,0,0,none,none,unclear,unclear,No relevant information found,No UNEP link found,[]
Rwanda,2022–2026,2,with UNEP support Rwanda environmental data analytics measured data management artificial intelligence AI capacity skills environmental information system government stakeholder institution platform training after:2022-01-01 before:2026-01-01,“Rwanda never puts a ceiling on its dreams. We ...,https://www.instagram.com/reel/DOMXk5yiAQC/,"We run the Africa AI Governance Index. We are measuring AI readiness, ethical governance across all 54 African countries and producing the data and the ...",40+ likes · 8 months ago,www_instagram_com__Rwanda_never_puts_a_ceiling_on_its_dreams_We_.txt,False,False,0,0,none,none,unclear,unclear,"The document does not contain explicit evidence of measured improvements in data management and environmentally sustainable artificial intelligence practices, including capacity and skills development, among countries and stakeholders in Rwanda during 2022-2026.","There is no explicit link between UNEP or UNEP-supported work and the measured improvement in data management, environmentally sustainable AI practices, or capacity/skills development in Rwanda during 2022-2026.",[]
Rwanda,2022–2026,2,with UNEP support Rwanda environmental data analytics measured data management artificial intelligence AI capacity skills environmental information system government stakeholder institution platform training after:2022-01-01 before:2026-01-01,Powering Possible - AI and Energy for a Sustainable Future,https://masdar.ae/-/media/corporate-revamp/downloads/industry-reports/powering-possible---ai-and-energy-for-a-sustainable-future.pdf,"This report identifies seven areas of collaboration and action for the energy and technology sectors to accelerate a just, orderly, and equitable energy.",https://masdar.ae › downloads › industry-reports,masdar_ae_Powering_Possible_AI_and_Energy_for_a_Sustainable_.txt,False,False,0,0,none,none,unclear,unclear,"The document does not contain explicit evidence related to Rwanda or the time window 2022-2026. It primarily focuses on the energy sector, AI, and their intersection, without specific mention of Rwanda or stakeholder improvements in data management, environmentally sustainable AI practices, or capacity and skills development in these areas.","There is no explicit link between UNEP or UNEP-supported work and measured improvements in data management, environmentally sustainable AI practices, or capacity/skills development in Rwanda for the specified time window.",[]
Rwanda,2022–2026,2,with UNEP support Rwanda environmental data analytics measured data management artificial intelligence AI capacity skills environmental information system government stakeholder institution platform training after:2022-01-01 before:2026-01-01,Decent Work in Nature-based Solutions 2024,https://www.ilo.org/sites/default/files/2024-12/Decent%20work%20NbS%202024_EN.pdf,"This 2024 report continues from the 2022 report, by examining the global and regional development of the NbS agenda, taking stock of the progress made, further ...",https://www.ilo.org › sites › default › files,www_ilo_org_Decent_Work_in_Nature_based_Solutions_2024.txt,False,False,0,0,none,none,unclear,unclear,No relevant information found in the document.,No UNEP attribution found in the document.,[]
Rwanda,2022–2026,2,with UNEP support Rwanda environmental data analytics measured data management artificial intelligence AI capacity skills environmental information system government stakeholder institution platform training after:2022-01-01 before:2026-01-01,Data and artificial intelligence in Rwanda's public sector,https://www.theigc.org/collections/data-and-artificial-intelligence-rwandas-public-sector,"Project to map Rwanda's government data and policy needs, building an AI-ready data ecosystem to enhance evidence-based policymaking and development.",https://www.theigc.org › collections › data-and-artificial...,www_theigc_org_Data_and_artificial_intelligence_in_Rwanda_s_publi.txt,True,False,40,0,data management system / AI-ready data ecosystem,developed,government / public-sector institution,national,"The project aims to build a coordinated, AI-ready data ecosystem that enhances policy effectiveness and supports national development goals. This indicates a development of data management systems and AI practices in Rwanda's public sector.",There is no explicit mention of UNEP or UNEP-supported work in the provided document.,"[""build a coordinated, AI-ready data ecosystem"", ""strengthen evidence-based decision-making"", ""map government data and policy needs""]"
Rwanda,2022–2026,2,with UNEP support Rwanda environmental data analytics measured data management artificial intelligence AI capacity skills environmental information system government stakeholder institution platform training after:2022-01-01 before:2026-01-01,Creating Shared Value and Sustainability Report 2023,https://www.nestle.com/sites/default/files/2024-02/creating-shared-value-sustainability-report-2023-en.pdf,"Artificial intelligence (AI), predictive analytics, monitoring and trending are all used to improve efficiency and results. In 2023, we heightened our ...",https://www.nestle.com › sites › default › files,www_nestle_com_Creating_Shared_Value_and_Sustainability_Report_20.txt,False,False,0,0,none,none,company,corporate,"The document does not contain explicit evidence related to Rwanda or the time window 2022-2026. It is a sustainability report from Nestlé, focusing on their global environmental and social performance, but does not mention Rwanda or specific digital/data/AI practices improvements.",There is no mention of UNEP or UNEP-supported work in the provided document.,[]
Brazil,2018–2022,1,UNEP supported Brazil environmental data governance launched data management artificial intelligence AI capacity skills environmental information system government stakeholder institution platform training after:2018-01-01 before:2022-01-01,United Nations Environment Programme (UNEP) - AI for Good,https://aiforgood.itu.int/about-us/un-ai-actions/unep/,"UNEP is the leading global environmental authority, setting the environmental agenda and promoting sustainable development within the UN system.",https://aiforgood.itu.int › About us › UN AI Actions,aiforgood_itu_int_United_Nations_Environment_Programme_UNEP_AI_for_G.txt,False,False,0,0,none,none,unclear,unclear,No relevant evidence found due to document fetch error.,No UNEP attribution evidence due to document fetch error.,[]
Rwanda,2022–2026,2,with UNEP support Rwanda environmental data analytics measured data management artificial intelligence AI capacity skills environmental information system government stakeholder institution platform training after:2022-01-01 before:2026-01-01,The Global Risks Report 2025 20th Edition,https://reports.weforum.org/docs/WEF_Global_Risks_Report_2025.pdf,"Government technology (GovTech) is entering a new era, as AI, data analytics and digital platforms become the backbone of public administration.61.",https://reports.weforum.org › docs › WEF_Glob...,reports_weforum_org_The_Global_Risks_Report_2025_20th_Edition.txt,False,False,0,0,none,none,none,none,"The document does not contain explicit evidence related to improved data management, environmental data systems/platforms/workflows, environmentally sustainable AI practices, or capacity/skills development in data management or AI for Rwanda during 2022-2026.",There is no explicit link between UNEP or UNEP-supported work and the SP7.1 improvement/capacity/sustainable AI outcome in Rwanda during 2022-2026.,[]
Brazil,2018–2022,1,UNEP supported Brazil environmental data governance launched data management artificial intelligence AI capacity skills environmental information system government stakeholder institution platform training after:2018-01-01 before:2022-01-01,Harnessing Artificial Intelligence for the Earth,https://www3.weforum.org/docs/Harnessing_Artificial_Intelligence_for_the_Earth_report_2018.pdf,"A real-time, open API digital geospatial dashboard for the planet would enable the monitoring, modelling and management of environmental systems at a scale and ...",https://www3.weforum.org › docs › Harnessing_...,www3_weforum_org_Harnessing_Artificial_Intelligence_for_the_Earth.txt,False,False,0,0,none,none,none,none,The document does not contain explicit evidence of measured improvements in data management and environmentally sustainable artificial intelligence practices in Brazil during 2018-2022.,"There is no explicit link between UNEP or UNEP-supported work and the measured improvement in data management, environmentally sustainable AI practices, or capacity/skills development in Brazil during 2018-2022.",[]
Brazil,2018–2022,1,UNEP supported Brazil environmental data governance launched data management artificial intelligence AI capacity skills environmental information system government stakeholder institution platform training after:2018-01-01 before:2022-01-01,Publications & Knowledge,https://www.unep.org/publications-data,"The WESR is the new UNEP data, information and knowledge platform providing users access to validated content to support environmental decision… read more.",https://www.unep.org › publications-data,www_unep_org_Publications_Knowledge.txt,False,False,0,0,none,none,unclear,unclear,"The document does not contain explicit evidence related to measured improvements in data management, environmentally sustainable AI practices, or capacity/skills development in Brazil during 2018-2022.","There is no explicit link between UNEP or UNEP-supported work and measured improvements in data management, environmentally sustainable AI practices, or capacity/skills development in Brazil during 2018-2022.",[]
Brazil,2018–2022,1,UNEP supported Brazil environmental data governance launched data management artificial intelligence AI capacity skills environmental information system government stakeholder institution platform training after:2018-01-01 before:2022-01-01,"October 15, 2021 – A two-day webinar series on “Big Earth ...",https://www.facebook.com/AITasia/posts/october-15-2021-a-two-day-webinar-series-on-big-earth-data-for-the-sustainable-d/10159460345544709/,"October 15, 2021 – A two-day webinar series on “Big Earth Data for the Sustainable Development Goals,” held on October 12 and 14, facilitates the sharing...",50+ reactions,www_facebook_com_October_15_2021_A_two_day_webinar_series_on_Big_Ea.txt,False,False,0,0,none,none,unclear,unclear,"The document does not contain explicit evidence related to Brazil or the time window 2018-2022. It discusses a webinar on big earth data for sustainable development goals, but it is not relevant to the SP7.1 indicator for Brazil.",There is no mention of UNEP or UNEP-supported work in the document.,[]
Brazil,2018–2022,1,UNEP supported Brazil environmental data governance launched data management artificial intelligence AI capacity skills environmental information system government stakeholder institution platform training after:2018-01-01 before:2022-01-01,Artificial Intelligence-Driven Digital Technologies to the ...,https://www.mdpi.com/2071-1050/13/24/13669,This study aims to compare the preference for artificial intelligence-driven digital technologies (AI-Driven DT) to achieve SDGs in Brazil and Portugal.,https://www.mdpi.com › ...,www_mdpi_com_Artificial_Intelligence_Driven_Digital_Technologie.txt,False,False,0,0,none,none,none,none,The document does not provide explicit evidence of measured improvements in data management and environmentally sustainable artificial intelligence practices in Brazil during 2018-2022.,"There is no explicit link between UNEP or UNEP-supported work and the measured improvement in data management, environmentally sustainable AI practices, or capacity/skills development in Brazil during 2018-2022.",[]
Brazil,2018–2022,1,UNEP supported Brazil environmental data governance launched data management artificial intelligence AI capacity skills environmental information system government stakeholder institution platform training after:2018-01-01 before:2022-01-01,AI Governance Day - From Principles to Implementation,https://s41721.pcdn.co/wp-content/uploads/2021/06/2401225_AI_Governance_Day_2024_Report-E.pdf,"With a focus on fostering collaboration among prominent stakeholders, AI Governance Day provided a platform for government ministers, regulators, industry ...",https://s41721.pcdn.co › uploads › 2021/06 › 24...,s41721_pcdn_co_AI_Governance_Day_From_Principles_to_Implementatio.txt,False,False,0,0,none,none,none,none,"The document does not contain explicit evidence related to measured improvements in digital/data management, environmentally sustainable AI practices, or capacity/skills development in Brazil during 2018-2022.","There is no explicit link between UNEP or UNEP-supported work and the measured improvement in data management, environmentally sustainable AI practices, or capacity/skills development in Brazil during 2018-2022.",[]
Brazil,2018–2022,1,UNEP supported Brazil environmental data governance launched data management artificial intelligence AI capacity skills environmental information system government stakeholder institution platform training after:2018-01-01 before:2022-01-01,ON ARTIFICIAL INTELLIGENCE STRATEGIES,https://sdgs.un.org/sites/default/files/2020-12/Draft%20Resource%20Guide%20on%20AI%20Strategies%20Dec%2011.pdf,"For research and development, the principles are: AI should do good (promote progress of society and human civilisation, promote sustainable development); be ...",https://sdgs.un.org › sites › default › files,sdgs_un_org_ON_ARTIFICIAL_INTELLIGENCE_STRATEGIES.txt,,,,,,,,,"[ERROR] Error code: 400 - {'error': {'message': ""Failed to generate JSON. Please adjust your prompt. See 'failed_generation' for more details."", 'type': 'invalid_request_error', 'code': 'json_validate_failed', 'failed_generation': '{\n""\x05 3 Chapter 3"": ""AI Governance .................................................. ................................................... ............................ 16 4 Chapter 4: Examples of National AI Strategies .................................................. ................................................... . 19 Chapter 5: Elements of an AI Strategy .................................................. ................................................... ....... 25 Chapter 6: References .................................................. ................................................... ............................... 28 assistant<|header_end|>""\n}'}}",,[]
Brazil,2018–2022,1,UNEP supported Brazil environmental data governance launched data management artificial intelligence AI capacity skills environmental information system government stakeholder institution platform training after:2018-01-01 before:2022-01-01,The Digital Revolu on and Sustainable Development,https://www.idos-research.de/uploads/media/TWI2050-for-web.pdf,We propose Six Essential Mechanisms that can link digital dynamics with sustainability strategies to enable the Six Fundamental Transformations: (i) shifting.,https://www.idos-research.de › TWI2050-for-web,www_idos-research_de_The_Digital_Revolu_on_and_Sustainable_Development.txt,False,False,0,0,none,none,unclear,global,The document does not contain explicit evidence of measured improvements in data management and environmentally sustainable artificial intelligence practices in Brazil during 2018-2022.,There is no explicit link between UNEP or UNEP-supported work and measured improvements in data management or environmentally sustainable AI practices in Brazil during 2018-2022.,[]
Brazil,2018–2022,1,UNEP supported Brazil environmental data governance launched data management artificial intelligence AI capacity skills environmental information system government stakeholder institution platform training after:2018-01-01 before:2022-01-01,Is artificial intelligence greening global supply chains? ...,https://www.researchgate.net/publication/344075411_Is_artificial_intelligence_greening_global_supply_chains_Exposing_the_political_economy_of_environmental_costs,Artificial intelligence (AI) is set to greatly enhance the productivity and efficiency of global supply chains over the next decade.,https://www.researchgate.net › publication › 34407541...,www_researchgate_net_Is_artificial_intelligence_greening_global_supply_.txt,False,False,0,0,none,none,unclear,unclear,"The document does not contain explicit evidence related to Brazil or the time window 2018-2022, nor does it discuss improvements in data management, environmental data systems/platforms/workflows, environmentally sustainable AI practices, or capacity/skills development in these areas.",There is no explicit link between UNEP or UNEP-supported work and any improvements or capacity development in data management or sustainable AI practices.,[]
Brazil,2018–2022,1,UNEP supported Brazil environmental data governance launched data management artificial intelligence AI capacity skills environmental information system government stakeholder institution platform training after:2018-01-01 before:2022-01-01,Is artificial intelligence greening global supply chains? ...,https://www.researchgate.net/publication/344075411_Is_artificial_intelligence_greening_global_supply_chains_Exposing_the_political_economy_of_environmental_costs,Artificial intelligence (AI) is set to greatly enhance the productivity and efficiency of global supply chains over the next decade.,https://www.researchgate.net › publication › 34407541...,www_researchgate_net_Is_artificial_intelligence_greening_global_supply_.txt,False,False,0,0,none,none,unclear,unclear,"The document does not contain explicit evidence related to Brazil or the time window 2018-2022, nor does it discuss improvements in data management, environmental data systems, or sustainable AI practices.",There is no explicit link to UNEP or UNEP-supported work in the provided document text.,[]
Brazil,2018–2022,1,UNEP supported Brazil environmental data governance launched data management artificial intelligence AI capacity skills environmental information system government stakeholder institution platform training after:2018-01-01 before:2022-01-01,Anticipatory Innovation Governance,https://www.oecd.org/content/dam/oecd/en/publications/reports/2020/12/anticipatory-innovation-governance_d1aded4e/cce14d80-en.pdf,This paper introduces the concept of anticipation and discusses the emerging practice around anticipatory innovation governance as a broad-based capacity ...,https://www.oecd.org › oecd › reports › 2020/12,www_oecd_org_Anticipatory_Innovation_Governance.txt,False,False,0,0,none,none,unclear,unclear,No evidence found due to document fetch error,No evidence found due to document fetch error,[]
Brazil,2018–2022,1,UNEP supported Brazil environmental data governance launched data management artificial intelligence AI capacity skills environmental information system government stakeholder institution platform training after:2018-01-01 before:2022-01-01,Recommendations on Using Digitalisation for Our ...,https://rds.org.co/apc-aa-files/205ec78c9cca6d1850bdca24e20e50bf/igf-2021-pne-output-document.pdf,"The technologies used to gather, manage, prepare, analyse, and distribute the data should be designed to support cooperation between all stakeholders as well as ...",https://rds.org.co › igf-2021-pne-output-document,rds_org_co_Recommendations_on_Using_Digitalisation_for_Our_.txt,False,False,0,0,none,none,none,none,The document does not contain explicit evidence of measured improvements in data management and environmentally sustainable artificial intelligence practices in Brazil during 2018-2022.,There is no explicit link between UNEP or UNEP-supported work and measured improvements in data management or environmentally sustainable AI practices in Brazil during 2018-2022.,[]
Brazil,2018–2022,1,UNEP supported Brazil environmental data governance launched data management artificial intelligence AI capacity skills environmental information system government stakeholder institution platform training after:2018-01-01 before:2022-01-01,Fourth Industrial Revolution for the Earth,https://www.pwc.com/gx/en/sustainability/assets/ai-for-the-earth-jan-2018.pdf,"AI is a term for computer systems that can sense their environment, think, learn, and act, in response to what they sense, and their programmed objectives. Page ...",https://www.pwc.com › ai-for-the-earth-jan-2018,www_pwc_com_Fourth_Industrial_Revolution_for_the_Earth.txt,False,False,0,0,none,none,unclear,global,"The document does not contain explicit evidence of measured improvements in data management, environmentally sustainable AI practices, or capacity/skills development in Brazil during 2018-2022.","There is no explicit link between UNEP or UNEP-supported work and measured improvements in data management, environmentally sustainable AI practices, or capacity/skills development in Brazil during 2018-2022.",[]
Brazil,2018–2022,1,UNEP supported Brazil environmental data governance launched data management artificial intelligence AI capacity skills environmental information system government stakeholder institution platform training after:2018-01-01 before:2022-01-01,"Making trade work for the environment, prosperity and ...",https://www.wto.org/english/res_e/publications_e/unereport2018_e.pdf,A growing number of countries are adopting new policies – or reforming existing ones – to make their economies more resilient to environmental risks and to ...,https://www.wto.org › res_e › unereport2018_e,www_wto_org_Making_trade_work_for_the_environment_prosperity_a.txt,False,False,0,0,none,none,none,none,"The document does not contain explicit evidence related to Brazil during 2018-2022 on measured improvements in data management, environmentally sustainable AI practices, or capacity and skills development.","There is no explicit link between UNEP or UNEP-supported work and any measured improvement in data management, environmentally sustainable AI practices, or capacity/skills development in Brazil during 2018-2022.",[]
Brazil,2018–2022,1,UNEP supported Brazil environmental data governance launched data management artificial intelligence AI capacity skills environmental information system government stakeholder institution platform training after:2018-01-01 before:2022-01-01,Sustainable Development Goal 6 Synthesis Report on ...,https://www.unwater.org/sites/default/files/app/uploads/2018/12/SDG6_SynthesisReport2018_WaterandSanitation_04122018.pdf,"What this report makes clear is that we must tackle weak funding, planning, capacity and governance of water and sanitation services as a top priority. New ...",https://www.unwater.org › uploads › 2018/12,www_unwater_org_Sustainable_Development_Goal_6_Synthesis_Report_on.txt,False,False,0,0,none,none,none,none,"The document does not contain explicit evidence related to improved data management, environmental data systems/platforms/workflows, environmentally sustainable AI practices, or capacity/skills development in data management or AI for Brazil during 2018-2022.","There is no explicit link between UNEP or UNEP-supported work and the measured improvement in data management, environmentally sustainable AI practices, or capacity/skills development in Brazil during 2018-2022.",[]
Brazil,2018–2022,1,UNEP supported Brazil environmental data governance launched data management artificial intelligence AI capacity skills environmental information system government stakeholder institution platform training after:2018-01-01 before:2022-01-01,BRAZIL AND CHINA,https://www.cebri.org/media/documentos/arquivos/Relatorio_A4_EN_6jul-compactad.pdf,"2013 until now9: top-down environmental governance and protection systems for the environment with broad implementation, driven by innovation, aimed at nature.",https://www.cebri.org › documentos › arquivos,www_cebri_org_BRAZIL_AND_CHINA.txt,False,False,0,0,none,none,unclear,unclear,No evidence found due to document fetch failure,No evidence found due to document fetch failure,[]
Brazil,2018–2022,1,UNEP supported Brazil environmental data governance launched data management artificial intelligence AI capacity skills environmental information system government stakeholder institution platform training after:2018-01-01 before:2022-01-01,Case Studies of Environmental Risk Analysis Methodologies,https://www.ngfs.net/sites/default/files/medias/documents/case_studies_of_environmental_risk_analysis_methodologies.pdf,... data has given rise to ESG data providers that use technology – such as artificial intelligence and machine learning algorithms – to screen vast quantities ...,https://www.ngfs.net › files › medias › documents,www_ngfs_net_Case_Studies_of_Environmental_Risk_Analysis_Method.txt,False,False,0,0,none,none,unclear,unclear,The document does not contain explicit evidence of measured improvements in data management and environmentally sustainable artificial intelligence practices in Brazil during 2018-2022.,The document does not explicitly link UNEP or UNEP-supported work to any measured improvements in Brazil during 2018-2022.,[]
Brazil,2018–2022,1,UNEP supported Brazil environmental data governance launched data management artificial intelligence AI capacity skills environmental information system government stakeholder institution platform training after:2018-01-01 before:2022-01-01,CARIBBEAN SUSTAINABLE TOURISM POLICY AND ...,https://www.onecaribbean.org/wp-content/uploads/2020-CSTPF-Final-for-Design-and-Translation-July-31-2020.pdf,"- The CTO Tourism Information Management System (TIMS), which captures, analyses and generates tourism-related data from E/D cards and offers a standardised ...",https://www.onecaribbean.org › uploads › 2020-C...,www_onecaribbean_org_CARIBBEAN_SUSTAINABLE_TOURISM_POLICY_AND_.txt,False,False,0,0,none,none,unclear,unclear,No relevant information found due to document retrieval failure.,No relevant information found due to document retrieval failure.,[]
Brazil,2018–2022,1,UNEP supported Brazil environmental data governance launched data management artificial intelligence AI capacity skills environmental information system government stakeholder institution platform training after:2018-01-01 before:2022-01-01,Tools Database,https://sciencebasedtargetsnetwork.org/wp-content/uploads/2021/08/SBTN-Tool-Database_July-2021.xlsx,"LIFE Methodology can be used both as an Environmental Management System ... A tool that will use artificial intelligence, satellite image processing, machine ...",https://sciencebasedtargetsnetwork.org › 2021/08,sciencebasedtargetsnetwork_org_Tools_Database.txt,False,False,0,0,none,none,unclear,unclear,No relevant information found.,No UNEP attribution found.,[]
Brazil,2018–2022,1,UNEP supported Brazil environmental data governance launched data management artificial intelligence AI capacity skills environmental information system government stakeholder institution platform training after:2018-01-01 before:2022-01-01,Data Resources,https://www.unep.org/data-resources,"UNEP is the global champion for the environment with programmes focusing on sustainable development, climate, biodiversity and more.",https://www.unep.org › data-resources,www_unep_org_Data_Resources.txt,False,False,0,0,none,none,unclear,global,"The document does not contain explicit evidence of measured improvements in data management and environmentally sustainable artificial intelligence practices, including capacity and skills development, among countries and stakeholders in Brazil during 2018-2022.","The document does not explicitly link UNEP or UNEP-supported work to the measured improvement in data management, environmentally sustainable AI practices, or capacity/skills development in Brazil during 2018-2022.",[]
Brazil,2018–2022,1,UNEP supported Brazil environmental data governance launched data management artificial intelligence AI capacity skills environmental information system government stakeholder institution platform training after:2018-01-01 before:2022-01-01,Mineral Resource Governance in the 21st Century,https://www.greenpolicyplatform.org/sites/default/files/downloads/resource/irp-mineral_resource_governance-full_report-feb2020_compressed_compressed%20(1).pdf,"environmental information and data, including environmental and social impact assessment reports and management plans. Environmental data are important for ...",https://www.greenpolicyplatform.org › resource,www_greenpolicyplatform_org_Mineral_Resource_Governance_in_the_21st_Century.txt,False,False,0,0,none,none,none,none,"The document does not contain explicit evidence related to Brazil or the time window 2018-2022. It appears to be a comprehensive report on mineral resource governance in the 21st century, focusing on gearing extractive industries towards sustainable development. The report discusses various aspects of mining, including environmental and social impacts, governance, and policy options. However, it does not provide specific information on digital/data management, sustainable AI practices, or capacity and skills development in these areas.","There is no explicit link between UNEP or UNEP-supported work and the measured improvement in data management, environmentally sustainable AI practices, or capacity/skills development in Brazil (in 2018-2022). The report acknowledges UNEP's involvement in the International Resource Panel but does not provide specific attribution to UNEP for any improvements in digital/data management or sustainable AI practices.",[]
Brazil,2018–2022,1,UNEP supported Brazil environmental data governance launched data management artificial intelligence AI capacity skills environmental information system government stakeholder institution platform training after:2018-01-01 before:2022-01-01,Sustainable Finance Synthesis Report,https://g20sfwg.org/wp-content/uploads/2021/06/G20_Sustainable_Finance_Synthesis_Report_2018.pdf,"Big data, machine learning and AI gather and process large quantities of low-cost data related to environmental and social performance enabling investors to ...",https://g20sfwg.org › uploads › 2021/06 › G20_S...,g20sfwg_org_Sustainable_Finance_Synthesis_Report.txt,False,False,0,0,none,none,unclear,unclear,No relevant information found,No relevant information found,[]
Brazil,2018–2022,1,UNEP supported Brazil environmental data governance launched data management artificial intelligence AI capacity skills environmental information system government stakeholder institution platform training after:2018-01-01 before:2022-01-01,Private-sector action in adaptation: Perspectives on the ...,https://unepccc.org/wp-content/uploads/2019/04/msme-adaptation-updated-web-2.pdf,"(Eds.) (2018). Private-sector action in adaptation: Perspectives on the role of micro, small and medium size enterprises. UNEP DTU Partnership.",https://unepccc.org › uploads › 2019/04 › msme...,unepccc_org_Private_sector_action_in_adaptation_Perspectives_o.txt,False,False,0,0,none,none,academic / research institution,global,"The document does not contain explicit evidence of measured improvements in data management and environmentally sustainable artificial intelligence practices, including capacity and skills development, among countries and stakeholders in Brazil during 2018-2022.","The document does not explicitly link UNEP or UNEP-supported work to the measured improvement in data management, environmentally sustainable AI practices, or capacity/skills development in Brazil during 2018-2022.","[""No relevant evidence phrases found.""]"
Brazil,2018–2022,1,UNEP supported Brazil environmental data governance launched data management artificial intelligence AI capacity skills environmental information system government stakeholder institution platform training after:2018-01-01 before:2022-01-01,Climate Change AI Workshop Papers,https://www.climatechange.ai/papers,"On this page, we show accepted works from all our workshops on ""Tackling Climate Change with Machine Learning.""",https://www.climatechange.ai › papers,www_climatechange_ai_Climate_Change_AI_Workshop_Papers.txt,False,False,0,0,none,none,none,unclear,The document does not contain explicit evidence of measured improvements in data management and environmentally sustainable artificial intelligence practices in Brazil during 2018-2022.,"There is no explicit link between UNEP or UNEP-supported work and the measured improvement in data management, environmentally sustainable AI practices, or capacity/skills development in Brazil during 2018-2022.",[]
Brazil,2018–2022,1,UNEP supported Brazil environmental data governance launched data management artificial intelligence AI capacity skills environmental information system government stakeholder institution platform training after:2018-01-01 before:2022-01-01,Emerging environmental industries: impact on required ...,https://www.tandfonline.com/doi/full/10.1080/14480220.2019.1639276,"This article analyzes recent trends in Hong Kong, China; India; and Malaysia where government policies in the last two decades have paved the way for the rapid ...","https://www.tandfonline.com › ... › Volume 17, Issue sup1",www_tandfonline_com_Emerging_environmental_industries_impact_on_requir.txt,False,False,0,0,none,none,unclear,unclear,No explicit evidence of measured improvements in data management and environmentally sustainable artificial intelligence practices in Brazil from 2018-2022.,"No explicit link between UNEP or UNEP-supported work and the measured improvement in data management, environmentally sustainable AI practices, or capacity/skills development in Brazil from 2018-2022.",[]
Brazil,2018–2022,1,UNEP supported Brazil environmental data governance launched data management artificial intelligence AI capacity skills environmental information system government stakeholder institution platform training after:2018-01-01 before:2022-01-01,Digital technologies for climate change adaptation in Asia ...,https://repository.unescap.org/server/api/core/bitstreams/f4067260-1f14-433c-888e-2fb9af977a74/content,"Digital technologies for climate change adaptation in Asia and the Pacific. United Nations ESCAP, Information and Communications Technology and Disaster Risk ...",https://repository.unescap.org › core › content,repository_unescap_org_Digital_technologies_for_climate_change_adaptation.txt,False,False,0,0,none,none,unclear,unclear,"The document does not contain explicit evidence related to Brazil or the time window 2018-2022, nor does it discuss improvements in data management, environmental data systems, or sustainable AI practices.",There is no explicit link between UNEP or UNEP-supported work and any improvements in data management or sustainable AI practices in Brazil during 2018-2022.,[]
Brazil,2018–2022,1,UNEP supported Brazil environmental data governance launched data management artificial intelligence AI capacity skills environmental information system government stakeholder institution platform training after:2018-01-01 before:2022-01-01,Investor-led Sustainability in Corporate Governance,https://www.ecgi.global/sites/default/files/working_papers/documents/ringefinal.pdf,"The transition to a sustainable economy currently involves a fundamental transformation of our capital markets. Lawmakers, in an attempt to overcome.",https://www.ecgi.global › documents › ringefinal,www_ecgi_global_Investor_led_Sustainability_in_Corporate_Governanc.txt,False,False,0,0,none,none,academic / researcher,institutional,"The document does not contain explicit evidence of measured improvements in data management, environmentally sustainable AI practices, or capacity/skills development in Brazil during 2018-2022.",There is no mention of UNEP or UNEP-supported work in the document.,"[""No relevant phrases found""]"
Brazil,2018–2022,1,UNEP supported Brazil environmental data governance launched data management artificial intelligence AI capacity skills environmental information system government stakeholder institution platform training after:2018-01-01 before:2022-01-01,"ENVIRONMENTAL, SOCIAL, AND GOVERNANCE INVESTING",https://openknowledge.worldbank.org/server/api/core/bitstreams/42704643-0f5f-57d5-a913-1c0969890d1f/content,"The World Bank Treasury brings over 70 years of experience, innovation and expertise, connecting capital markets to development, while always remaining a ...",https://openknowledge.worldbank.org › content,openknowledge_worldbank_org_ENVIRONMENTAL_SOCIAL_AND_GOVERNANCE_INVESTING.txt,False,False,0,0,none,none,unclear,unclear,No evidence available due to document fetch error,No evidence available due to document fetch error,[]
Brazil,2018–2022,1,UNEP supported Brazil environmental data governance launched data management artificial intelligence AI capacity skills environmental information system government stakeholder institution platform training after:2018-01-01 before:2022-01-01,Fourth National Communication of Brazil to the UNFCCC - MCTI,https://antigo.mctic.gov.br/mctic/export/sites/institucional/arquivos/SIRENE/Comunicacoes-Nacionais-do-Brasil-a-UNFCCC/2020_12_22_4CN_v5_Ingles.pdf,"In this regard, the MCTI implements an international technical cooperation project with international funds sourced from the Global Environment Facility (GEF) ...",https://antigo.mctic.gov.br › arquivos › SIRENE,antigo_mctic_gov_br_Fourth_National_Communication_of_Brazil_to_the_UNF.txt,False,False,0,0,none,none,unclear,unclear,No evidence found due to document fetch error.,No evidence found due to document fetch error.,[]
Brazil,2018–2022,1,UNEP supported Brazil environmental data governance launched data management artificial intelligence AI capacity skills environmental information system government stakeholder institution platform training after:2018-01-01 before:2022-01-01,2022 CATALOGUE OF SERVICES,https://unhabitat.org/sites/default/files/2022/06/un-habitat_2022_catalogue_of_services_digital-compressed.pdf,"This is designed to be the global knowledge portal to gather up-to-date information, training and data to support New Urban Agenda implementation by Member ...",https://unhabitat.org › default › files › 2022/06,unhabitat_org_2022_CATALOGUE_OF_SERVICES.txt,False,False,0,0,none,none,UN or international organization,global,The document does not contain explicit evidence of measured improvements in data management and environmentally sustainable artificial intelligence practices in Brazil during 2018-2022.,"The document does not explicitly link UNEP or UNEP-supported work to the measured improvement in data management, environmentally sustainable AI practices, or capacity/skills development in Brazil during 2018-2022.",[]
Brazil,2018–2022,1,UNEP supported Brazil environmental data governance launched data management artificial intelligence AI capacity skills environmental information system government stakeholder institution platform training after:2018-01-01 before:2022-01-01,Fourth National Communication of Brazil to the UNFCCC - MCTI,https://antigo.mctic.gov.br/mctic/export/sites/institucional/arquivos/SIRENE/Comunicacoes-Nacionais-do-Brasil-a-UNFCCC/2020_12_22_4CN_v5_Ingles.pdf,"In this regard, the MCTI implements an international technical cooperation project with international funds sourced from the Global Environment Facility (GEF) ...",https://antigo.mctic.gov.br › arquivos › SIRENE,antigo_mctic_gov_br_Fourth_National_Communication_of_Brazil_to_the_UNF.txt,False,False,0,0,none,none,unclear,unclear,,,[]
Brazil,2018–2022,1,UNEP supported Brazil environmental data governance launched data management artificial intelligence AI capacity skills environmental information system government stakeholder institution platform training after:2018-01-01 before:2022-01-01,Rebooting Quality Infrastructure for a Sustainable Future,https://tii.unido.org/sites/default/files/publications/QI_SDG_PUBLICATION_Dec2019.pdf,"ISID also helps them to build their industrial base as a platform for social inclusiveness, economic competitiveness, environmental sustainability and ...",https://tii.unido.org › default › files › publications,tii_unido_org_Rebooting_Quality_Infrastructure_for_a_Sustainable.txt,False,False,0,0,none,none,unclear,unclear,"The document does not contain explicit evidence related to Brazil or the time window 2018-2022, nor does it discuss improvements in data management, environmental data systems, or sustainable AI practices.",There is no explicit link between UNEP or UNEP-supported work and any improvements in data management or sustainable AI practices in Brazil during 2018-2022.,[]
Brazil,2018–2022,1,UNEP supported Brazil environmental data governance launched data management artificial intelligence AI capacity skills environmental information system government stakeholder institution platform training after:2018-01-01 before:2022-01-01,Digital Technologies for Urban Metabolism Efficiency,https://eprints.qut.edu.au/210615/1/85050657.pdf,"The technology in the environment dimension not only focuses on monitoring air qual- ity, in particular CO2 and GHG emissions through real-time monitoring ...",https://eprints.qut.edu.au › ...,eprints_qut_edu_au_Digital_Technologies_for_Urban_Metabolism_Efficien.txt,False,False,0,0,none,none,unclear,unclear,"Document could not be fetched, no evidence available.","Document could not be fetched, no evidence available.",[]
Brazil,2018–2022,1,UNEP supported Brazil environmental data governance launched data management artificial intelligence AI capacity skills environmental information system government stakeholder institution platform training after:2018-01-01 before:2022-01-01,FROM POLLUTION TO SOLUTION,https://www.gdr-po.cnrs.fr/docs/UNEP_2021.pdf,United Nations Environment Programme (2021). From Pollution to. Solution. A global assessment of marine litter and plastic pollution Nairobi. Production. United ...,https://www.gdr-po.cnrs.fr › docs › UNEP_2021,www_gdr-po_cnrs_fr_FROM_POLLUTION_TO_SOLUTION.txt,False,False,0,0,none,none,unclear,unclear,No relevant information found due to document fetch error.,No relevant information found due to document fetch error.,[]
Brazil,2018–2022,1,UNEP supported Brazil environmental data governance launched data management artificial intelligence AI capacity skills environmental information system government stakeholder institution platform training after:2018-01-01 before:2022-01-01,2020 Annual report | Banco Santander,https://www.santander.com/content/dam/santander-com/en/documentos/informe-anual/2020/ia-2020-annual-report-en.pdf,"This report contains, in addition to financial information prepared in accordance with International Financial Reporting. Standards (IFRS) and ...",https://www.santander.com › dam › informe-anual,www_santander_com_2020_Annual_report_Banco_Santander.txt,False,False,0,0,none,none,bank / financial institution,institutional,"The document does not contain explicit evidence of measured improvements in data management, environmentally sustainable AI practices, or capacity/skills development in Brazil during 2018-2022.","There is no explicit link between UNEP or UNEP-supported work and improvements in data management, environmentally sustainable AI practices, or capacity/skills development in Brazil during 2018-2022.",[]
Brazil,2018–2022,1,UNEP supported Brazil environmental data governance launched data management artificial intelligence AI capacity skills environmental information system government stakeholder institution platform training after:2018-01-01 before:2022-01-01,Green Development Guidance for BRI Projects Baseline ...,http://en.brigc.net/Reports/Report_Download/2020/202012/P020210202120471013629.pdf,"This study provides targeted and operable policy recommendations for governments, and options for financial institutions, and corporations to improve the green ...",http://en.brigc.net › Reports › Report_Download,en_brigc_net_Green_Development_Guidance_for_BRI_Projects_Baseli.txt,False,False,0,0,none,none,unclear,unclear,No document text available for analysis due to fetch error.,No document text available for analysis due to fetch error.,[]
Brazil,2018–2022,1,UNEP supported Brazil environmental data governance launched data management artificial intelligence AI capacity skills environmental information system government stakeholder institution platform training after:2018-01-01 before:2022-01-01,Annual Report - 2020,https://shareholdersandinvestors.bbva.com/wp-content/uploads/2021/03/Annual-Report-2020_ENG1.pdf,We have continued providing an essential service and supporting our customers when they needed it most thanks to our digital capabilities and remote managers.,https://shareholdersandinvestors.bbva.com › uploads,shareholdersandinvestors_bbva_com_Annual_Report_2020.txt,False,False,0,0,none,none,unclear,unclear,"The document does not contain explicit evidence of measured improvements in data management, environmentally sustainable AI practices, or capacity/skills development in Brazil during 2018-2022.","There is no explicit link between UNEP or UNEP-supported work and the measured improvement in data management, environmentally sustainable AI practices, or capacity/skills development in Brazil during 2018-2022.",[]
Brazil,2018–2022,1,UNEP supported Brazil environmental data governance launched data management artificial intelligence AI capacity skills environmental information system government stakeholder institution platform training after:2018-01-01 before:2022-01-01,Education for sustainable development: a roadmap,https://unesdoc.unesco.org/ark:/48223/pf0000374802,Education for sustainable development: a roadmap ; Corporate author. UNESCO ; DOI. https://doi.org/10.54675/YFRE1448 ; ISBN. 978-92-3-100394-3 ; Collation. 66 pages ...,https://unesdoc.unesco.org › ark:,unesdoc_unesco_org_Education_for_sustainable_development_a_roadmap.txt,False,False,0,0,none,none,unclear,unclear,No relevant information found.,No UNEP link found.,[]
Brazil,2018–2022,1,UNEP supported Brazil environmental data governance launched data management artificial intelligence AI capacity skills environmental information system government stakeholder institution platform training after:2018-01-01 before:2022-01-01,Find A Tool,https://resourcegovernance.org/sites/default/files/documents/nrgi_measuring_environmental_and_social_impacts_tool_explorer_2019.xlsx,"Provides tools on the following to deliver the assessment: » Profiling and engagement: household surveys, stakeholder focus groups, census data, research papers ...",https://resourcegovernance.org › files › documents,resourcegovernance_org_Find_A_Tool.txt,False,False,0,0,none,none,unclear,unclear,,,[]
Brazil,2018–2022,2,with UNEP support Brazil digital environmental monitoring developed data management artificial intelligence AI capacity skills environmental information system government stakeholder institution platform training after:2018-01-01 before:2022-01-01,United Nations Environment Programme (UNEP) - AI for Good,https://aiforgood.itu.int/about-us/un-ai-actions/unep/,"UNEP is the leading global environmental authority, setting the environmental agenda and promoting sustainable development within the UN system.",https://aiforgood.itu.int › About us › UN AI Actions,aiforgood_itu_int_United_Nations_Environment_Programme_UNEP_AI_for_G.txt,False,False,0,0,none,none,unclear,unclear,No relevant information found due to fetch error.,No relevant information found due to fetch error.,[]
Brazil,2018–2022,1,UNEP supported Brazil environmental data governance launched data management artificial intelligence AI capacity skills environmental information system government stakeholder institution platform training after:2018-01-01 before:2022-01-01,'Ideas Paper' Action Track 3: Boost Nature-Positive ...,https://www.unfoodsystemshub.org/docs/unfoodsystemslibraries/fss-community/action-track-synthesis-reports/at3_synthesis-report-game-changing-and-systemic-solutions---wave-1.pdf,"Working with interested countries, and in partnership with the COP26 Presidency, multilateral institutions (e.g., World Bank, OECD, FAO, UNEP) and the World ...",https://www.unfoodsystemshub.org › docs › at3_...,www_unfoodsystemshub_org__Ideas_Paper_Action_Track_3_Boost_Nature_Positive_.txt,False,False,0,0,none,none,none,none,"The document does not contain explicit evidence of measured improvements in data management and environmentally sustainable artificial intelligence practices, capacity and skills development, or stakeholder capacity improvements related to data management, AI practices, digital tools, or environmental data platforms in Brazil during 2018-2022.","There is no explicit link between UNEP or UNEP-supported work and the measured improvement in data management, environmentally sustainable AI practices, or capacity/skills development in Brazil during 2018-2022.",[]
Brazil,2018–2022,2,with UNEP support Brazil digital environmental monitoring developed data management artificial intelligence AI capacity skills environmental information system government stakeholder institution platform training after:2018-01-01 before:2022-01-01,Publications & Knowledge,https://www.unep.org/publications-data,"The WESR is the new UNEP data, information and knowledge platform providing users access to validated content to support environmental decision… read more.",https://www.unep.org › publications-data,www_unep_org_Publications_Knowledge.txt,False,False,0,0,none,none,unclear,unclear,The document does not contain explicit evidence of measured improvements in data management and environmentally sustainable artificial intelligence practices in Brazil from 2018-2022.,"The document does not explicitly link UNEP or UNEP-supported work to measured improvements in data management, environmentally sustainable AI practices, or capacity/skills development in Brazil from 2018-2022.",[]
Brazil,2018–2022,2,with UNEP support Brazil digital environmental monitoring developed data management artificial intelligence AI capacity skills environmental information system government stakeholder institution platform training after:2018-01-01 before:2022-01-01,Artificial Intelligence-Driven Digital Technologies to the ...,https://www.mdpi.com/2071-1050/13/24/13669,This study aims to compare the preference for artificial intelligence-driven digital technologies (AI-Driven DT) to achieve SDGs in Brazil and Portugal.,https://www.mdpi.com › ...,www_mdpi_com_Artificial_Intelligence_Driven_Digital_Technologie.txt,False,False,0,0,none,none,none,none,The document does not contain explicit evidence of measured improvements in data management and environmentally sustainable artificial intelligence practices in Brazil during 2018-2022.,"There is no explicit link between UNEP or UNEP-supported work and the measured improvement in data management, environmentally sustainable AI practices, or capacity/skills development in Brazil during 2018-2022.",[]
Brazil,2018–2022,2,with UNEP support Brazil digital environmental monitoring developed data management artificial intelligence AI capacity skills environmental information system government stakeholder institution platform training after:2018-01-01 before:2022-01-01,"October 15, 2021 – A two-day webinar series on “Big Earth ...",https://www.facebook.com/AITasia/posts/october-15-2021-a-two-day-webinar-series-on-big-earth-data-for-the-sustainable-d/10159460345544709/,"October 15, 2021 – A two-day webinar series on “Big Earth Data for the Sustainable Development Goals,” held on October 12 and 14, facilitates the sharing...",50+ reactions,www_facebook_com_October_15_2021_A_two_day_webinar_series_on_Big_Ea.txt,False,False,0,0,none,none,unclear,unclear,"The document does not contain explicit evidence related to Brazil or the time window 2018-2022. It also does not discuss improvements in data management, environmental data systems, or sustainable AI practices.",There is no mention of UNEP or UNEP-supported work in the document.,[]
Brazil,2018–2022,2,with UNEP support Brazil digital environmental monitoring developed data management artificial intelligence AI capacity skills environmental information system government stakeholder institution platform training after:2018-01-01 before:2022-01-01,Artificial intelligence saving the natural world,https://www.un.org/en/desa/artificial-intelligence-saving-natural-world,A groundbreaking statistical framework that enables countries to measure their natural capital and better understand the immense contributions of nature to our ...,https://www.un.org › desa › artificial-intelligence-saving-...,www_un_org_Artificial_intelligence_saving_the_natural_world.txt,False,False,0,0,none,none,unclear,unclear,No evidence available due to document fetch error.,No evidence available due to document fetch error.,[]
Brazil,2018–2022,2,with UNEP support Brazil digital environmental monitoring developed data management artificial intelligence AI capacity skills environmental information system government stakeholder institution platform training after:2018-01-01 before:2022-01-01,Harnessing Artificial Intelligence for the Earth,https://www3.weforum.org/docs/Harnessing_Artificial_Intelligence_for_the_Earth_report_2018.pdf,"A real-time, open API digital geospatial dashboard for the planet would enable the monitoring, modelling and management of environmental systems at a scale and ...",https://www3.weforum.org › docs › Harnessing_...,www3_weforum_org_Harnessing_Artificial_Intelligence_for_the_Earth.txt,False,False,0,0,none,none,none,none,"The document does not contain explicit evidence of measured improvements in data management, environmentally sustainable AI practices, or capacity/skills development in Brazil during 2018-2022.","There is no explicit link between UNEP or UNEP-supported work and the measured improvement in data management, environmentally sustainable AI practices, or capacity/skills development in Brazil during 2018-2022.",[]
Brazil,2018–2022,2,with UNEP support Brazil digital environmental monitoring developed data management artificial intelligence AI capacity skills environmental information system government stakeholder institution platform training after:2018-01-01 before:2022-01-01,The Digital Revolu on and Sustainable Development,https://www.idos-research.de/uploads/media/TWI2050-for-web.pdf,We propose Six Essential Mechanisms that can link digital dynamics with sustainability strategies to enable the Six Fundamental Transformations: (i) shifting.,https://www.idos-research.de › TWI2050-for-web,www_idos-research_de_The_Digital_Revolu_on_and_Sustainable_Development.txt,False,False,0,0,none,none,none,none,"The document does not contain explicit evidence related to measured improvements in data management, environmentally sustainable AI practices, or capacity/skills development in Brazil during 2018-2022.","There is no explicit link between UNEP or UNEP-supported work and the measured improvement in data management, environmentally sustainable AI practices, or capacity/skills development in Brazil during 2018-2022.",[]
Brazil,2018–2022,2,with UNEP support Brazil digital environmental monitoring developed data management artificial intelligence AI capacity skills environmental information system government stakeholder institution platform training after:2018-01-01 before:2022-01-01,citizen science for environmental monitoring - Data,https://data.consilium.europa.eu/doc/document/ST-9973-2020-INIT/en/pdf,Citizen science already contributes to monitoring the implementation of EU environmental legislation and progress on international commitments such as ...,https://data.consilium.europa.eu › document › pdf,data_consilium_europa_eu_citizen_science_for_environmental_monitoring_Data.txt,False,False,0,0,none,none,unclear,unclear,No relevant information found in the document.,No UNEP attribution found in the document.,[]
Brazil,2018–2022,2,with UNEP support Brazil digital environmental monitoring developed data management artificial intelligence AI capacity skills environmental information system government stakeholder institution platform training after:2018-01-01 before:2022-01-01,The need for data integration to address the challenges of ...,https://www.sciencedirect.com/science/article/pii/S2666683921000754,"This manuscript presents a strategy developed to create a central resource, database and web-based platform to integrate data and information on the drivers ...",https://www.sciencedirect.com › science › article › pii,www_sciencedirect_com_The_need_for_data_integration_to_address_the_chall.txt,False,False,0,0,none,none,unclear,unclear,No relevant information found,No relevant information found,[]
Brazil,2018–2022,2,with UNEP support Brazil digital environmental monitoring developed data management artificial intelligence AI capacity skills environmental information system government stakeholder institution platform training after:2018-01-01 before:2022-01-01,Digital technologies for climate change adaptation in Asia ...,https://repository.unescap.org/server/api/core/bitstreams/f4067260-1f14-433c-888e-2fb9af977a74/content,"Digital technologies for climate change adaptation in Asia and the Pacific. United Nations ESCAP, Information and Communications Technology and Disaster Risk ...",https://repository.unescap.org › core › content,repository_unescap_org_Digital_technologies_for_climate_change_adaptation.txt,False,False,0,0,none,none,unclear,unclear,No explicit evidence related to Brazil or 2018-2022 was found in the document.,No explicit link to UNEP or UNEP-supported work was found in the document.,[]
Brazil,2018–2022,2,with UNEP support Brazil digital environmental monitoring developed data management artificial intelligence AI capacity skills environmental information system government stakeholder institution platform training after:2018-01-01 before:2022-01-01,FUTURE OF KNOWLEDGE,https://knowledge4all.com/admin/Reports/FOK_2021En.pdf,"This Future of Knowledge. Foresight Report aims to help countries to do just this by examining the 'technological readiness' of economies to transform, both in ...",https://knowledge4all.com › admin › Reports,knowledge4all_com_FUTURE_OF_KNOWLEDGE.txt,False,False,0,0,none,none,unclear,global,"The document is not specific to Brazil or the time window 2018-2022. It is a general report about the future of knowledge, technological readiness, and global risks, and does not contain explicit evidence of measured improvements in data management, environmentally sustainable AI practices, or capacity and skills development in Brazil.","There is no explicit link between UNEP or UNEP-supported work and the measured improvement in data management, environmentally sustainable AI practices, or capacity/skills development in Brazil.",[]
Brazil,2018–2022,2,with UNEP support Brazil digital environmental monitoring developed data management artificial intelligence AI capacity skills environmental information system government stakeholder institution platform training after:2018-01-01 before:2022-01-01,Anticipatory Innovation Governance,https://www.oecd.org/content/dam/oecd/en/publications/reports/2020/12/anticipatory-innovation-governance_d1aded4e/cce14d80-en.pdf,This paper introduces the concept of anticipation and discusses the emerging practice around anticipatory innovation governance as a broad-based capacity ...,https://www.oecd.org › oecd › reports › 2020/12,www_oecd_org_Anticipatory_Innovation_Governance.txt,False,False,0,0,none,none,unclear,unclear,No relevant information found,No relevant information found,[]
Brazil,2018–2022,2,with UNEP support Brazil digital environmental monitoring developed data management artificial intelligence AI capacity skills environmental information system government stakeholder institution platform training after:2018-01-01 before:2022-01-01,Recommendations on Using Digitalisation for Our ...,https://rds.org.co/apc-aa-files/205ec78c9cca6d1850bdca24e20e50bf/igf-2021-pne-output-document.pdf,"The technologies used to gather, manage, prepare, analyse, and distribute the data should be designed to support cooperation between all stakeholders as well as ...",https://rds.org.co › igf-2021-pne-output-document,rds_org_co_Recommendations_on_Using_Digitalisation_for_Our_.txt,False,False,0,0,none,none,none,none,The document does not contain explicit evidence of measured improvements in data management and environmentally sustainable artificial intelligence practices in Brazil during 2018-2022.,"There is no explicit link between UNEP or UNEP-supported work and the measured improvement in data management, environmentally sustainable AI practices, or capacity/skills development in Brazil during 2018-2022.",[]
Brazil,2018–2022,2,with UNEP support Brazil digital environmental monitoring developed data management artificial intelligence AI capacity skills environmental information system government stakeholder institution platform training after:2018-01-01 before:2022-01-01,Tools Database,https://sciencebasedtargetsnetwork.org/wp-content/uploads/2021/08/SBTN-Tool-Database_July-2021.xlsx,LIFE Methodology can be used both as an Environmental Management System and as a third-party Certification Scheme. The process includes three main steps 1 ...,https://sciencebasedtargetsnetwork.org › 2021/08,sciencebasedtargetsnetwork_org_Tools_Database.txt,False,False,0,0,none,none,unclear,unclear,No relevant evidence found due to document fetch error.,No UNEP attribution possible due to document fetch error.,[]
Brazil,2018–2022,2,with UNEP support Brazil digital environmental monitoring developed data management artificial intelligence AI capacity skills environmental information system government stakeholder institution platform training after:2018-01-01 before:2022-01-01,Climate Change AI Workshop Papers,https://www.climatechange.ai/papers,"On this page, we show accepted works from all our workshops on ""Tackling Climate Change with Machine Learning.""",https://www.climatechange.ai › papers,www_climatechange_ai_Climate_Change_AI_Workshop_Papers.txt,False,False,0,0,none,none,none,unclear,The document does not contain explicit evidence of measured improvements in data management and environmentally sustainable artificial intelligence practices in Brazil between 2018-2022.,"There is no explicit link between UNEP or UNEP-supported work and the measured improvement in data management, environmentally sustainable AI practices, or capacity/skills development in Brazil between 2018-2022.",[]
Brazil,2018–2022,2,with UNEP support Brazil digital environmental monitoring developed data management artificial intelligence AI capacity skills environmental information system government stakeholder institution platform training after:2018-01-01 before:2022-01-01,Molecule Managers,https://cefic.org/app/uploads/2019/06/Cefic_Mid-Century-Vision-Molecule-Managers-Brochure.pdf,"To develop artificial intelligence tools for improved chemical data management, the European Chemicals Agency (ECHA) could work with industry to promote a ...",https://cefic.org › app › uploads › 2019/06 › Cef...,cefic_org_Molecule_Managers.txt,False,False,0,0,none,none,unclear,unclear,No relevant information found,No relevant information found,[]
Brazil,2018–2022,2,with UNEP support Brazil digital environmental monitoring developed data management artificial intelligence AI capacity skills environmental information system government stakeholder institution platform training after:2018-01-01 before:2022-01-01,Fourth Industrial Revolution for the Earth,https://www.pwc.com/gx/en/sustainability/assets/ai-for-the-earth-jan-2018.pdf,35 Systems that use AI in combination with other techniques to gather data in hard-to-reach ocean locations support efforts to track provenance and fish ...,https://www.pwc.com › ai-for-the-earth-jan-2018,www_pwc_com_Fourth_Industrial_Revolution_for_the_Earth.txt,False,False,0,0,none,none,unclear,global,"The document does not contain explicit evidence of measured improvements in data management, environmentally sustainable AI practices, or capacity/skills development in Brazil during 2018-2022.","There is no explicit link between UNEP or UNEP-supported work and the measured improvement in data management, environmentally sustainable AI practices, or capacity/skills development in Brazil during 2018-2022.",[]
Brazil,2018–2022,2,with UNEP support Brazil digital environmental monitoring developed data management artificial intelligence AI capacity skills environmental information system government stakeholder institution platform training after:2018-01-01 before:2022-01-01,BRAZIL AND CHINA,https://www.cebri.org/media/documentos/arquivos/Relatorio_A4_EN_6jul-compactad.pdf,"Although Brazil has a well-structured legal system with regard to the rights of its society to a healthy environment and to the obligation of protecting nature, ...",https://www.cebri.org › documentos › arquivos,www_cebri_org_BRAZIL_AND_CHINA.txt,False,False,0,0,none,none,unclear,unclear,Document not retrieved due to connection error. No evidence available for assessment.,Document not retrieved due to connection error. No evidence available for assessment.,[]
Brazil,2018–2022,2,with UNEP support Brazil digital environmental monitoring developed data management artificial intelligence AI capacity skills environmental information system government stakeholder institution platform training after:2018-01-01 before:2022-01-01,First Global Report,https://environmentalmigration.iom.int/sites/g/files/tmzbdl1411/files/documents/2023-11/environmental_rule_of_law.pdf,"This new report on the Environmental. Rule of Law will help us improve compliance with environmental law, which is essential to ensuring protection of ...",https://environmentalmigration.iom.int › files › e...,environmentalmigration_iom_int_First_Global_Report.txt,False,False,0,0,none,none,none,none,"The document does not contain explicit evidence related to Brazil or the time window 2018–2022, nor does it discuss digital/data/AI practices, environmental data management, or sustainable AI practices.","The document does not explicitly link UNEP or UNEP-supported work to any specific improvement in data management, environmentally sustainable AI practices, or capacity/skills development in Brazil during 2018–2022.",[]
Brazil,2018–2022,2,with UNEP support Brazil digital environmental monitoring developed data management artificial intelligence AI capacity skills environmental information system government stakeholder institution platform training after:2018-01-01 before:2022-01-01,Private-sector action in adaptation: Perspectives on the ...,https://unepccc.org/wp-content/uploads/2019/04/msme-adaptation-updated-web-2.pdf,"(Eds.) (2018). Private-sector action in adaptation: Perspectives on the role of micro, small and medium size enterprises. UNEP DTU Partnership.",https://unepccc.org › uploads › 2019/04 › msme...,unepccc_org_Private_sector_action_in_adaptation_Perspectives_o.txt,False,False,0,0,none,none,academic / research institution,global,"The document does not contain explicit evidence of measured improvements in data management and environmentally sustainable AI practices, capacity and skills development, or stakeholder capacity improvements related to these areas in Brazil during 2018-2022.","The document does not explicitly link UNEP or UNEP-supported work to any measured improvements in data management, environmentally sustainable AI practices, or capacity/skills development in Brazil during 2018-2022.","[""No relevant evidence phrases found.""]"
Brazil,2018–2022,2,with UNEP support Brazil digital environmental monitoring developed data management artificial intelligence AI capacity skills environmental information system government stakeholder institution platform training after:2018-01-01 before:2022-01-01,Education for sustainable development: a roadmap,https://unesdoc.unesco.org/ark:/48223/pf0000374802,Education for sustainable development: a roadmap ; Corporate author. UNESCO ; DOI. https://doi.org/10.54675/YFRE1448 ; ISBN. 978-92-3-100394-3 ; Collation. 66 pages ...,https://unesdoc.unesco.org › ark:,unesdoc_unesco_org_Education_for_sustainable_development_a_roadmap.txt,False,False,0,0,none,none,unclear,unclear,No relevant information found.,No relevant information found.,[]
Brazil,2018–2022,2,with UNEP support Brazil digital environmental monitoring developed data management artificial intelligence AI capacity skills environmental information system government stakeholder institution platform training after:2018-01-01 before:2022-01-01,Sustainable Finance Synthesis Report,https://g20sfwg.org/wp-content/uploads/2021/06/G20_Sustainable_Finance_Synthesis_Report_2018.pdf,"Big data, machine learning and AI gather and process large quantities of low-cost data related to environmental and social performance enabling investors to ...",https://g20sfwg.org › uploads › 2021/06 › G20_S...,g20sfwg_org_Sustainable_Finance_Synthesis_Report.txt,False,False,0,0,none,none,unclear,unclear,No relevant information found in the document.,No UNEP link found in the document.,[]
Brazil,2018–2022,2,with UNEP support Brazil digital environmental monitoring developed data management artificial intelligence AI capacity skills environmental information system government stakeholder institution platform training after:2018-01-01 before:2022-01-01,Mineral Resource Governance in the 21st Century,https://www.greenpolicyplatform.org/sites/default/files/downloads/resource/irp-mineral_resource_governance-full_report-feb2020_compressed_compressed%20(1).pdf,The development of data mining and predictive data modelling based on artificial intelligence technologies to identify signals that could relate to as-yet ...,https://www.greenpolicyplatform.org › downloads,www_greenpolicyplatform_org_Mineral_Resource_Governance_in_the_21st_Century.txt,False,False,0,0,none,none,none,none,"The document does not contain explicit evidence related to Brazil or the time window 2018-2022, nor does it discuss digital/data/AI practices, environmental data management, or sustainable AI practices.","The document does not explicitly link UNEP or UNEP-supported work to any measured improvement in data management, environmentally sustainable AI practices, or capacity/skills development in Brazil (2018-2022).",[]
Brazil,2018–2022,2,with UNEP support Brazil digital environmental monitoring developed data management artificial intelligence AI capacity skills environmental information system government stakeholder institution platform training after:2018-01-01 before:2022-01-01,TASKFORCE ON SCALING VOLUNTARY CARBON ...,https://www.iif.com/portals/1/files/tsvcm_report.pdf,The Taskforce on Scaling Voluntary Carbon Markets is a private sector-led initiative working to scale an effective and efficient voluntary carbon market to ...,https://www.iif.com › portals › files › tsvcm_report,www_iif_com_TASKFORCE_ON_SCALING_VOLUNTARY_CARBON_.txt,False,False,0,0,none,none,private sector,global,"The document does not contain explicit evidence related to improved data management, environmental data systems/platforms/workflows, environmentally sustainable AI practices, or capacity/skills development in data management or AI for Brazil during 2018-2022.","There is no explicit link between UNEP or UNEP-supported work and the measured improvement in data management, environmentally sustainable AI practices, or capacity/skills development in Brazil during 2018-2022.",[]
Brazil,2018–2022,2,with UNEP support Brazil digital environmental monitoring developed data management artificial intelligence AI capacity skills environmental information system government stakeholder institution platform training after:2018-01-01 before:2022-01-01,Case Studies of Environmental Risk Analysis Methodologies,https://www.ngfs.net/sites/default/files/medias/documents/case_studies_of_environmental_risk_analysis_methodologies.pdf,... data has given rise to ESG data providers that use technology – such as artificial intelligence and machine learning algorithms – to screen vast quantities ...,https://www.ngfs.net › files › medias › documents,www_ngfs_net_Case_Studies_of_Environmental_Risk_Analysis_Method.txt,False,False,0,0,none,none,unclear,unclear,The document does not contain explicit evidence of measured improvements in data management and environmentally sustainable artificial intelligence practices in Brazil during 2018-2022.,There is no explicit link between UNEP or UNEP-supported work and measured improvements in data management or environmentally sustainable AI practices in Brazil during 2018-2022.,[]
Brazil,2018–2022,2,with UNEP support Brazil digital environmental monitoring developed data management artificial intelligence AI capacity skills environmental information system government stakeholder institution platform training after:2018-01-01 before:2022-01-01,Rebooting Quality Infrastructure for a Sustainable Future,https://tii.unido.org/sites/default/files/publications/QI_SDG_PUBLICATION_Dec2019.pdf,"The use of harmonized new standards and business protocols for interoperability, new risk management systems and digital skills training can greatly ...",https://tii.unido.org › default › files › publications,tii_unido_org_Rebooting_Quality_Infrastructure_for_a_Sustainable.txt,False,False,0,0,none,none,unclear,unclear,"The document does not contain explicit evidence related to Brazil or the time window 2018-2022, nor does it discuss measured improvements in data management, environmentally sustainable AI practices, or capacity and skills development in these areas.","There is no explicit link between UNEP or UNEP-supported work and any measured improvement in data management, environmentally sustainable AI practices, or capacity/skills development in Brazil during 2018-2022.",[]
Brazil,2018–2022,2,with UNEP support Brazil digital environmental monitoring developed data management artificial intelligence AI capacity skills environmental information system government stakeholder institution platform training after:2018-01-01 before:2022-01-01,The Promise and Peril of a Digital Ecosystem for the Planet,https://www.greenindustryplatform.org/blog/promise-and-peril-digital-ecosystem-planet,"New cloud computing and artificial intelligence algorithms allow us to monitor, detect and predict environmental and climate threats based on a stream of earth ...",https://www.greenindustryplatform.org › blog › promise...,www_greenindustryplatform_org_The_Promise_and_Peril_of_a_Digital_Ecosystem_for_t.txt,False,False,0,0,none,none,unclear,unclear,"The document does not provide explicit evidence of measured improvements in data management and environmentally sustainable artificial intelligence practices, including capacity and skills development, among countries and stakeholders in Brazil during 2018-2022.","The document mentions UNEP and its work but does not explicitly link UNEP or UNEP-supported work to the measured improvement in data management, environmentally sustainable AI practices, or capacity/skills development in Brazil during 2018-2022.","[""The document discusses the potential of digital technologies for environmental sustainability and the need for a global digital ecosystem for the planet, but it does not provide specific evidence of improvements in Brazil.""]"
Brazil,2018–2022,2,with UNEP support Brazil digital environmental monitoring developed data management artificial intelligence AI capacity skills environmental information system government stakeholder institution platform training after:2018-01-01 before:2022-01-01,Digital Technologies for Urban Metabolism Efficiency,https://eprints.qut.edu.au/210615/1/85050657.pdf,"The technology in the environment dimension not only focuses on monitoring air qual- ity, in particular CO2 and GHG emissions through real-time monitoring ...",https://eprints.qut.edu.au › ...,eprints_qut_edu_au_Digital_Technologies_for_Urban_Metabolism_Efficien.txt,False,False,0,0,none,none,unclear,unclear,No evidence available due to document retrieval failure,No evidence available due to document retrieval failure,[]
Brazil,2018–2022,2,with UNEP support Brazil digital environmental monitoring developed data management artificial intelligence AI capacity skills environmental information system government stakeholder institution platform training after:2018-01-01 before:2022-01-01,consequences for the politics of environmentalism,https://www.researchgate.net/publication/342572100_The_globalization_of_artificial_intelligence_consequences_for_the_politics_of_environmentalism,"The consequences of AI for environmentalism are highly variable, empowering some campaigns and depowering others. Still, a broad pattern is discernible.",https://www.researchgate.net › publication › 34257210...,www_researchgate_net_consequences_for_the_politics_of_environmentalism.txt,False,False,0,0,none,none,unclear,unclear,"The document does not contain explicit evidence related to Brazil or the time window 2018-2022, nor does it discuss improvements in data management, environmental data systems, or sustainable AI practices.",There is no mention of UNEP or UNEP-supported work in the document.,[]
Brazil,2018–2022,2,with UNEP support Brazil digital environmental monitoring developed data management artificial intelligence AI capacity skills environmental information system government stakeholder institution platform training after:2018-01-01 before:2022-01-01,2022 CATALOGUE OF SERVICES,https://unhabitat.org/sites/default/files/2022/06/un-habitat_2022_catalogue_of_services_digital-compressed.pdf,"gather up-to-date information, training and data to support New Urban Agenda implementation by Member States and stakeholders, and to report on their progress.",https://unhabitat.org › default › files › 2022/06,unhabitat_org_2022_CATALOGUE_OF_SERVICES.txt,False,False,0,0,none,none,UN or international organization,institutional,"The document does not contain explicit evidence of measured improvements in data management and environmentally sustainable artificial intelligence practices, capacity and skills development, or stakeholder capacity improvements related to data management, AI practices, digital tools, or environmental data platforms in Brazil during 2018-2022.","The document does not explicitly link UNEP or UNEP-supported work to the measured improvement in data management, environmentally sustainable AI practices, or capacity/skills development in Brazil during 2018-2022.",[]
Brazil,2018–2022,2,with UNEP support Brazil digital environmental monitoring developed data management artificial intelligence AI capacity skills environmental information system government stakeholder institution platform training after:2018-01-01 before:2022-01-01,FROM POLLUTION TO SOLUTION,https://www.gdr-po.cnrs.fr/docs/UNEP_2021.pdf,United Nations Environment Programme (2021). From Pollution to. Solution. A global assessment of marine litter and plastic pollution Nairobi. Production. United ...,https://www.gdr-po.cnrs.fr › docs › UNEP_2021,www_gdr-po_cnrs_fr_FROM_POLLUTION_TO_SOLUTION.txt,False,False,0,0,none,none,unclear,unclear,No evidence found due to document fetch error,No evidence found due to document fetch error,[]
Brazil,2018–2022,2,with UNEP support Brazil digital environmental monitoring developed data management artificial intelligence AI capacity skills environmental information system government stakeholder institution platform training after:2018-01-01 before:2022-01-01,Fourth National Communication of Brazil to the UNFCCC - MCTI,https://antigo.mctic.gov.br/mctic/export/sites/institucional/arquivos/SIRENE/Comunicacoes-Nacionais-do-Brasil-a-UNFCCC/2020_12_22_4CN_v5_Ingles.pdf,"In this regard, the MCTI implements an international technical cooperation project with international funds sourced from the Global Environment Facility (GEF) ...",https://antigo.mctic.gov.br › arquivos › SIRENE,antigo_mctic_gov_br_Fourth_National_Communication_of_Brazil_to_the_UNF.txt,False,False,0,0,none,none,unclear,unclear,No evidence found due to document retrieval failure.,No evidence found due to document retrieval failure.,[]
Brazil,2018–2022,2,with UNEP support Brazil digital environmental monitoring developed data management artificial intelligence AI capacity skills environmental information system government stakeholder institution platform training after:2018-01-01 before:2022-01-01,2020 Annual report | Banco Santander,https://www.santander.com/content/dam/santander-com/en/documentos/informe-anual/2020/ia-2020-annual-report-en.pdf,"This report contains, in addition to financial information prepared in accordance with International Financial Reporting. Standards (IFRS) and ...",https://www.santander.com › dam › informe-anual,www_santander_com_2020_Annual_report_Banco_Santander.txt,False,False,0,0,none,none,none,none,"The document does not contain explicit evidence related to measured improvements in data management, environmentally sustainable AI practices, or capacity/skills development in Brazil during 2018-2022.","There is no explicit link between UNEP or UNEP-supported work and any improvements in data management, environmentally sustainable AI practices, or capacity/skills development in Brazil during 2018-2022.",[]
Brazil,2018–2022,2,with UNEP support Brazil digital environmental monitoring developed data management artificial intelligence AI capacity skills environmental information system government stakeholder institution platform training after:2018-01-01 before:2022-01-01,Speaker Biographies,http://slocat.net/wp-content/uploads/2021/01/En-Route-to-COP26_Speaker-Bios.pdf,An Economist by training she is also trained in Environmental Education and has worked for over 10 years in Education for Sustainable Development. She has.,http://slocat.net › En-Route-to-COP26_Speaker-Bios,slocat_net_Speaker_Biographies.txt,False,False,0,0,none,none,unclear,unclear,"The document does not contain explicit evidence related to Brazil during 2018-2022, nor does it discuss improved data management, environmental data systems/platforms/workflows, environmentally sustainable AI practices, or capacity/skills development in these areas.",There is no mention of UNEP or UNEP-supported work in the provided document.,[]
Brazil,2018–2022,2,with UNEP support Brazil digital environmental monitoring developed data management artificial intelligence AI capacity skills environmental information system government stakeholder institution platform training after:2018-01-01 before:2022-01-01,"The Concept, Practice, Application, and Results of Locally ...",https://pmc.ncbi.nlm.nih.gov/articles/PMC8106999/,Locally based monitoring is typically undertaken in areas in which communities have a close attachment to their natural resource base.,https://pmc.ncbi.nlm.nih.gov › articles › PMC8106999,pmc_ncbi_nlm_nih_gov_The_Concept_Practice_Application_and_Results_of_Lo.txt,False,False,0,0,none,none,unclear,unclear,,,[]
Brazil,2018–2022,2,with UNEP support Brazil digital environmental monitoring developed data management artificial intelligence AI capacity skills environmental information system government stakeholder institution platform training after:2018-01-01 before:2022-01-01,AI for Good Impact Report,https://s41721.pcdn.co/wp-content/uploads/2021/06/eBat-2402309_AI-for-Good-Impact-Report-E-v6.pdf,Monitoring environmental data with AI to drive sustainability reporting capacity for organizations. link. Use case 3. Using AI to reduce forecasting risks ...,https://s41721.pcdn.co › uploads › 2021/06 › eB...,s41721_pcdn_co_AI_for_Good_Impact_Report.txt,False,False,0,0,none,none,none,none,"The document does not contain explicit evidence related to measured improvements in data management, environmentally sustainable AI practices, or capacity/skills development in Brazil during 2018-2022.","There is no explicit link between UNEP or UNEP-supported work and the measured improvement in data management, environmentally sustainable AI practices, or capacity/skills development in Brazil during 2018-2022.",[]
Brazil,2018–2022,2,with UNEP support Brazil digital environmental monitoring developed data management artificial intelligence AI capacity skills environmental information system government stakeholder institution platform training after:2018-01-01 before:2022-01-01,Agenda 21.pdf,https://www.un.org/esa/dsd/agenda21/Agenda%2021.pdf,Women have a vital role in environmental management and development. Their full participation is therefore essential to achieve sustainable development.,https://www.un.org › esa › dsd › agenda21,www_un_org_Agenda_21_pdf.txt,False,False,0,0,none,none,unclear,unclear,No relevant information found.,No relevant information found.,[]
Brazil,2018–2022,2,with UNEP support Brazil digital environmental monitoring developed data management artificial intelligence AI capacity skills environmental information system government stakeholder institution platform training after:2018-01-01 before:2022-01-01,greening international trade: pathways forward,https://www.graduateinstitute.ch/sites/internet/files/2021-06/Greening%20Trade_CDB_Final_Web.pdf,"This paper is the output of a project on greening international trade at the Global Governance Centre, the Forum on Trade, Environment & the SDGs (TESS) and ...",https://www.graduateinstitute.ch › internet › files,www_graduateinstitute_ch_greening_international_trade_pathways_forward.txt,False,False,0,0,none,none,academic / researcher,global,The document does not contain explicit evidence of measured improvements in data management and environmentally sustainable artificial intelligence practices in Brazil during 2018-2022.,"Although the document mentions UNEP, it does not explicitly link UNEP or UNEP-supported work to measured improvements in data management or environmentally sustainable AI practices in Brazil during 2018-2022.","[""No relevant evidence found""]"
Brazil,2018–2022,2,with UNEP support Brazil digital environmental monitoring developed data management artificial intelligence AI capacity skills environmental information system government stakeholder institution platform training after:2018-01-01 before:2022-01-01,Climate change and COP26 - ODU Digital Commons,https://digitalcommons.odu.edu/context/itds_facpubs/article/1061/viewcontent/He_2022_ClimateChangeandCOP26AreDigitalTechnologiesOCR.pdf,"A recent review on AI and its possible impacts towards sustain- ability argue that AI will play a critical role beyond enabling better consumption of energy, ...",https://digitalcommons.odu.edu › viewcontent,digitalcommons_odu_edu_Climate_change_and_COP26_ODU_Digital_Commons.txt,False,False,0,0,none,none,unclear,unclear,No document text available for analysis due to fetch error.,No document text available for analysis due to fetch error.,[]
Brazil,2022–2026,1,UNEP implemented Brazil data management capacity strengthened data management artificial intelligence AI capacity skills environmental information system government stakeholder institution platform training after:2022-01-01 before:2026-01-01,Brazil: readiness assessment report on artificial intelligence,https://unesdoc.unesco.org/ark:/48223/pf0000393091,Title. Brazil: readiness assessment report on artificial intelligence ; Collation. 53 pages ; Material type. programme and meeting document ; Year of publication.,https://unesdoc.unesco.org › ark:,unesdoc_unesco_org_Brazil_readiness_assessment_report_on_artificial_i.txt,False,False,0,0,none,none,unclear,unclear,No relevant information found.,No relevant information found.,[]
Brazil,2022–2026,1,UNEP implemented Brazil data management capacity strengthened data management artificial intelligence AI capacity skills environmental information system government stakeholder institution platform training after:2022-01-01 before:2026-01-01,Toolkit for Artificial Intelligence Readiness and Capacity ...,https://g20.utoronto.ca/2024/P4_-__G20_DEWG_Brasil_2024_-_Toolkit_for_AI_Readiness_and_Capacity_Assessment.pdf,This is precisely what the present “G20 Toolkit for AI Readiness and Capacity Assessment” aims to do by helping G20 members and other countries assess how ...,https://g20.utoronto.ca › P4_-__G20_DEWG_Bra...,g20_utoronto_ca_Toolkit_for_Artificial_Intelligence_Readiness_and_.txt,False,False,0,0,none,none,unclear,unclear,No document text available for analysis due to fetch error.,No document text available for analysis due to fetch error.,[]
Brazil,2022–2026,1,UNEP implemented Brazil data management capacity strengthened data management artificial intelligence AI capacity skills environmental information system government stakeholder institution platform training after:2022-01-01 before:2026-01-01,Artificial intelligence in environmental monitoring,https://www.sciencedirect.com/science/article/pii/S2773049224000278,"This article provides an overview of the value of environmental monitoring, the challenges of conventional methods, and potential AI-based solutions.",https://www.sciencedirect.com › science › article › pii,www_sciencedirect_com_Artificial_intelligence_in_environmental_monitorin.txt,False,False,0,0,none,none,unclear,unclear,No relevant information found due to document fetch error.,No relevant information found due to document fetch error.,[]
Brazil,2018–2022,2,with UNEP support Brazil digital environmental monitoring developed data management artificial intelligence AI capacity skills environmental information system government stakeholder institution platform training after:2018-01-01 before:2022-01-01,ICT for Disaster Risk Management,https://www.unapcict.org/sites/default/files/2020-08/Academy%20Module%20on%20ICT%20for%20DRM.pdf,"The main objective of the module is to introduce the basic concepts of DRM and the applications of ICTs in disaster mitigation and prevention, preparedness, ...",https://www.unapcict.org › sites › default › files,www_unapcict_org_ICT_for_Disaster_Risk_Management.txt,False,False,0,0,none,none,none,none,"The document is not related to Brazil or the time window 2018-2022. It is a general publication about disaster risk management and the use of ICTs in DRM, without specific evidence of measured improvements in data management and environmentally sustainable artificial intelligence practices.","There is no explicit link between UNEP or UNEP-supported work and the measured improvement in data management, environmentally sustainable AI practices, or capacity/skills development in Brazil (in 2018–2022).",[]
Brazil,2022–2026,1,UNEP implemented Brazil data management capacity strengthened data management artificial intelligence AI capacity skills environmental information system government stakeholder institution platform training after:2022-01-01 before:2026-01-01,United Nations Activities on Artificial Intelligence (AI),https://www.itu.int/dms_pub/itu-s/opb/gen/S-GEN-UNACT-2021-PDF-E.pdf,"o Updating education, skills and training systems - to strengthen human and institutional capacities for the development and use of AI is important for 84 ...",https://www.itu.int › S-GEN-UNACT-2021-PDF-E,www_itu_int_United_Nations_Activities_on_Artificial_Intelligen.txt,False,False,0,0,none,none,unclear,unclear,No evidence found due to fetch error.,No evidence found due to fetch error.,[]
Brazil,2022–2026,1,UNEP implemented Brazil data management capacity strengthened data management artificial intelligence AI capacity skills environmental information system government stakeholder institution platform training after:2022-01-01 before:2026-01-01,The current scenario of Artificial Intelligence development ...,https://cetic.br/media/docs/publicacoes/6/20240514085413/iso-year-xvi-n-1-ia-development-in-brazil.pdf,"Its main objec- tives include collecting and analyzing data on the adoption and use of AI, promoting a multidisciplinary vision to encompass the various facets.",https://cetic.br › media › docs › publicacoes › iso-...,cetic_br_The_current_scenario_of_Artificial_Intelligence_de.txt,False,False,0,0,none,none,unclear,unclear,No document text available for analysis due to fetch error.,No document text available for analysis due to fetch error.,[]
Brazil,2022–2026,1,UNEP implemented Brazil data management capacity strengthened data management artificial intelligence AI capacity skills environmental information system government stakeholder institution platform training after:2022-01-01 before:2026-01-01,IPCC,https://www.facebook.com/IPCC/posts/addressing-the-ministerial-dialogue-on-the-role-of-sustainable-digital-technolog/1030119635959096/,"Artificial Intelligence (AI) is leading the way in changing climate science by providing new tools to model, predict, and study complex environmental systems.",80+ reactions,www_facebook_com_IPCC.txt,False,False,0,0,none,none,unclear,unclear,"The document does not contain explicit evidence related to Brazil or the time window 2022-2026. It mentions AI in the context of climate change, but not specifically related to environmental data management or sustainable AI practices in Brazil.",There is no mention of UNEP or UNEP-supported work in the document.,[]
Brazil,2022–2026,1,UNEP implemented Brazil data management capacity strengthened data management artificial intelligence AI capacity skills environmental information system government stakeholder institution platform training after:2022-01-01 before:2026-01-01,United Nations System White Paper on AI Governance.pdf,https://unsceb.org/sites/default/files/2024-04/United%20Nations%20System%20White%20Paper%20on%20AI%20Governance.pdf,It demonstrates that the UN System has been proactive in addressing the many challenges derived from the rapid development of Artificial Intelligence and has ...,https://unsceb.org › sites › default › files › Unite...,unsceb_org_United_Nations_System_White_Paper_on_AI_Governance.txt,False,False,0,0,none,none,unclear,unclear,No relevant information found in the document.,No UNEP link or attribution found.,[]
Brazil,2022–2026,1,UNEP implemented Brazil data management capacity strengthened data management artificial intelligence AI capacity skills environmental information system government stakeholder institution platform training after:2022-01-01 before:2026-01-01,How Digital Public Infrastructure can catalyze nature and ...,https://climatepromise.undp.org/sites/default/files/research_report_document/undp-the-case-for-nature-id.pdf,"This approach can enable broader access to ecosystem, climate and social data, increasing the visibility of ecological systems in decision-making and serving as ...",https://climatepromise.undp.org › default › files,climatepromise_undp_org_How_Digital_Public_Infrastructure_can_catalyze_nat.txt,False,False,0,0,none,none,none,none,The document does not contain explicit evidence of measured improvements in data management and environmentally sustainable artificial intelligence practices in Brazil during 2022-2026.,"The document does not explicitly link UNEP or UNEP-supported work to the measured improvement in data management, environmentally sustainable AI practices, or capacity/skills development in Brazil during 2022-2026.",[]
Brazil,2022–2026,1,UNEP implemented Brazil data management capacity strengthened data management artificial intelligence AI capacity skills environmental information system government stakeholder institution platform training after:2022-01-01 before:2026-01-01,Artificial Intelligence for Climate Action:,https://unfccc.int/ttclear/misc_/StaticFiles/gnwoerk_static/AI4climateaction/f2922b97c4cf431996c468e622127eb5/112f8be560ea447dab5ff2e53ab3f6e4.pdf,"AI's capabilities in data processing and collection enhance the accuracy of digital model predictions, bridging the gap between these models and real-world ...",https://unfccc.int › StaticFiles › gnwoerk_static,unfccc_int_Artificial_Intelligence_for_Climate_Action_.txt,False,False,0,0,none,none,none,none,"The document is a technical paper on AI for climate action, focusing on opportunities, challenges, and risks, but it does not contain specific evidence of measured improvements in data management, environmentally sustainable AI practices, or capacity/skills development in Brazil during 2022-2026.","There is no explicit link between UNEP or UNEP-supported work and the measured improvement in data management, environmentally sustainable AI practices, or capacity/skills development in Brazil during 2022-2026.",[]
Brazil,2022–2026,1,UNEP implemented Brazil data management capacity strengthened data management artificial intelligence AI capacity skills environmental information system government stakeholder institution platform training after:2022-01-01 before:2026-01-01,"WMO on Instagram: "" The development of artificial intelligence ...",https://www.instagram.com/reel/DQQ3L4igAWt/,Learning from decades of atmosphere data. AI is helping countries strengthen their forecasting capabilities. Putting powerful tools into more hands worldwide.,180+ likes · 6 months ago,www_instagram_com_WMO_on_Instagram_The_development_of_artificial_int.txt,False,False,0,0,none,none,unclear,unclear,"The document does not contain explicit evidence related to Brazil or the time window 2022-2026, nor does it discuss measured improvements in data management, environmentally sustainable AI practices, or capacity/skills development in Brazil.",There is no mention of UNEP or UNEP-supported work in the document.,[]
Brazil,2022–2026,1,UNEP implemented Brazil data management capacity strengthened data management artificial intelligence AI capacity skills environmental information system government stakeholder institution platform training after:2022-01-01 before:2026-01-01,Leveraging artificial intelligence for One Health: opportunities ...,https://pmc.ncbi.nlm.nih.gov/articles/PMC12532937/,"The rapid advancement of AI offers transformative potential for healthcare by analysing large-scale datasets, enabling early detection of resistance markers, ...",https://pmc.ncbi.nlm.nih.gov › articles › PMC12532937,pmc_ncbi_nlm_nih_gov_Leveraging_artificial_intelligence_for_One_Health_.txt,False,False,0,0,none,none,unclear,unclear,The document does not contain any relevant information about Brazil or the time window 2022-2026.,The document does not mention UNEP or any related work.,[]
Brazil,2022–2026,1,UNEP implemented Brazil data management capacity strengthened data management artificial intelligence AI capacity skills environmental information system government stakeholder institution platform training after:2022-01-01 before:2026-01-01,New Coalition aims to put Artificial Intelligence on a more ...,https://www.unep.org/news-and-stories/press-release/new-coalition-aims-put-artificial-intelligence-more-sustainable-path,A number of recent initiatives are working to build the knowledge base around AI and the environment: through the National Institute for Research in Digital ...,"https://www.unep.org › News, Stories & Speeches",www_unep_org_New_Coalition_aims_to_put_Artificial_Intelligence_.txt,False,False,0,0,none,none,unclear,global,The document does not contain explicit evidence of measured improvements in data management and environmentally sustainable artificial intelligence practices in Brazil during 2022-2026.,"The document mentions UNEP's involvement in the Coalition for Environmentally Sustainable Artificial Intelligence, but it does not explicitly link UNEP to measured improvements in data management or sustainable AI practices in Brazil during 2022-2026.",[]
Brazil,2022–2026,1,UNEP implemented Brazil data management capacity strengthened data management artificial intelligence AI capacity skills environmental information system government stakeholder institution platform training after:2022-01-01 before:2026-01-01,The use of Big Data and artificial intelligence in protecting ...,https://www.researchgate.net/publication/397027641_The_use_of_Big_Data_and_artificial_intelligence_in_protecting_the_climate_and_biodiversity_of_planet_Earth,"This article focuses on analyzing the groundbreaking and future potential of Industry 4.0 technologies, with particular emphasis on Big Data Analytics and ...",https://www.researchgate.net › ... › Dataset › Big Data,www_researchgate_net_The_use_of_Big_Data_and_artificial_intelligence_in.txt,False,False,0,0,none,none,unclear,unclear,"The document does not contain explicit evidence related to Brazil or the time window 2022-2026, nor does it discuss measured improvements in data management, environmentally sustainable AI practices, or capacity/skills development in these areas.",There is no explicit link between UNEP or UNEP-supported work and any improvements or capacity development in data management or sustainable AI practices.,[]
Brazil,2022–2026,1,UNEP implemented Brazil data management capacity strengthened data management artificial intelligence AI capacity skills environmental information system government stakeholder institution platform training after:2022-01-01 before:2026-01-01,Envisioning a Global Regime Complex to Govern Artificial ...,https://carnegieendowment.org/research/2024/03/envisioning-a-global-regime-complex-to-govern-artificial-intelligence,"Many institutions for AI governance will be intergovernmental, with membership restricted to sovereign states; some of these will have universal membership, ...",https://carnegieendowment.org › research › 2024/03,carnegieendowment_org_Envisioning_a_Global_Regime_Complex_to_Govern_Arti.txt,False,False,0,0,none,none,none,none,"The document does not contain explicit evidence related to Brazil or the time window 2022-2026. It discusses global AI governance, but does not provide specific information about Brazil's digital/data management/sustainable AI practices or UNEP's involvement in such practices.",There is no explicit link between UNEP or UNEP-supported work and the discussed AI governance practices in Brazil or elsewhere.,[]
Brazil,2022–2026,1,UNEP implemented Brazil data management capacity strengthened data management artificial intelligence AI capacity skills environmental information system government stakeholder institution platform training after:2022-01-01 before:2026-01-01,Harnessing Artificial Intelligence for Social Equity and ...,https://www.gov.br/g20/en/calendar/side-events/harnessing-artificial-intelligence-for-social-equity-and-sustainable-development,Brazil will host the G20 in 2024 and one of the focuses of the Digital Economy Working Group is “Artificial Intelligence for Sustainable Development and ...,https://www.gov.br › calendar › side-events › harnessin...,www_gov_br_Harnessing_Artificial_Intelligence_for_Social_Equi.txt,False,False,0,0,none,none,unclear,unclear,"The document discusses a G20 side event on harnessing artificial intelligence for social equity and sustainable development, but does not provide explicit evidence of measured improvements in data management or environmentally sustainable AI practices in Brazil during 2022-2026.",There is no explicit link between UNEP or UNEP-supported work and the discussed improvements in data management or sustainable AI practices in Brazil during 2022-2026.,[]
Brazil,2022–2026,1,UNEP implemented Brazil data management capacity strengthened data management artificial intelligence AI capacity skills environmental information system government stakeholder institution platform training after:2022-01-01 before:2026-01-01,Overview of UN system AI capacity-building activities in the ...,https://www.un.org/sites/un2.un.org/files/n3pvlw.pdf,Online reference document for Report of the Secretary-General: Innovative Voluntary Financing Options for Artificial Intelligence Capacity-Building ...,https://www.un.org › sites › un2.un.org › files,www_un_org_Overview_of_UN_system_AI_capacity_building_activit.txt,False,False,0,0,none,none,unclear,unclear,No evidence found due to document fetch failure.,No evidence found due to document fetch failure.,[]
Brazil,2022–2026,1,UNEP implemented Brazil data management capacity strengthened data management artificial intelligence AI capacity skills environmental information system government stakeholder institution platform training after:2022-01-01 before:2026-01-01,Artificial intelligence and climate: BRICS declaration ...,https://brics.br/en/news/artificial-intelligence-and-climate-brics-declaration-proposes-policies-to-protect-workers,"BRICS Labor and Employment Ministers approve declaration and commit to fair work amid AI and climate change, focusing on social protection and workforce ...",https://brics.br › news › artificial-intelligence-and-clima...,brics_br_Artificial_intelligence_and_climate_BRICS_declarat.txt,True,False,40,0,capacity development / skills development,developed / proposed,government / public-sector institution,national,"The document discusses the BRICS countries' efforts to address the impacts of artificial intelligence and climate change on the labor market, with a focus on social protection and professional reskilling. Brasil leads the dialogue for inclusive governance. The declaration includes commitments to invest in digital skills development, workforce reskilling programs, and partnerships with universities and companies.",There is no explicit mention of UNEP or UNEP-supported work in the document.,"[""BRICS Labor and Employment Ministers approve declaration and commit to fair work amid AI and climate change, focusing on social protection and workforce reskilling."", ""The document acknowledges that artificial intelligence is radically reshaping labor relations."", ""To address this scenario, the BRICS countries committed to adopting policies that promote a just transition, investing in the development of digital skills and protecting workers' rights."", ""Workforce reskilling programs and partnerships with universities and companies were highlighted as essential to prepare workers for future demands.""]"
Brazil,2022–2026,1,UNEP implemented Brazil data management capacity strengthened data management artificial intelligence AI capacity skills environmental information system government stakeholder institution platform training after:2022-01-01 before:2026-01-01,UN SDGs and AI: Brazil - Institute and Faculty of Actuaries Blog,https://blog.actuaries.org.uk/un-sdgs-and-ai-brazil/,Environment and climate change for sustainable development; Governance and institutional capacities; Linking humanitarian action and sustainable development.,https://blog.actuaries.org.uk › un-sdgs-and-ai-brazil,blog_actuaries_org_uk_UN_SDGs_and_AI_Brazil_Institute_and_Faculty_of_Act.txt,True,False,60,0,data management system / environmental data platform / AI practice / sustainable AI / capacity development / skills development,developed / implemented / adopted,government / public-sector institution / private-sector institution,national,"The document provides evidence of Brazil's efforts to improve data management and AI practices, particularly in the context of environmental sustainability and SDG progress. For example, Brazil has launched its National Strategy for Artificial Intelligence (EBIA) in 2021, which focuses on ethics and governance, education and training, and research and development. Additionally, the government announced an investment plan from 2024 to 2028 focusing on AI, particularly sustainable- and socially-oriented technologies. However, the evidence is not yet conclusive, and more progress is needed to demonstrate measurable improvements.",There is no explicit mention of UNEP or UNEP-supported work in the document linked to the measured improvements in data management or environmentally sustainable AI practices in Brazil.,"[""Brazil launched its National Strategy for Artificial Intelligence (EBIA) in 2021"", ""The government announced an investment plan from 2024 to 2028 focusing on AI, particularly sustainable- and socially-oriented technologies"", ""Brazil ranked 32rd in the world with an overall score of 63.70 out of 100 on Oxford Insights’ Government AI Readiness Index"", ""Project Guacamaya uses a range of AI models for satellite analysis, camera trap analysis and bioacoustics""]"
Brazil,2022–2026,1,UNEP implemented Brazil data management capacity strengthened data management artificial intelligence AI capacity skills environmental information system government stakeholder institution platform training after:2022-01-01 before:2026-01-01,ICEF AI for Climate Change Mitigation Roadmap ( ...,https://www.icef.go.jp/wp-content/themes/icef_new/pdf/roadmap/icef2024_roadmap_AI-Climate-Second-Edition.pdf,"This roadmap was prepared to facilitate dialogue at the 11th Innovation for Cool Earth Forum. (October 2024), for final release at COP29 in November 2024.",https://www.icef.go.jp › icef_new › pdf › roadmap,www_icef_go_jp_ICEF_AI_for_Climate_Change_Mitigation_Roadmap_.txt,False,False,0,0,none,none,unclear,unclear,No relevant information found.,No relevant information found.,[]
Brazil,2022–2026,1,UNEP implemented Brazil data management capacity strengthened data management artificial intelligence AI capacity skills environmental information system government stakeholder institution platform training after:2022-01-01 before:2026-01-01,Data governance for climate action in Brazil: A workshop ...,https://www.linkedin.com/posts/vicente-bagnoli-25b63ba3_data-governance-in-emerging-economies-to-activity-7395440431796387840-iThq,"Data sharing and data governance is vital for climate action, providing diverse stakeholders with the information needed to make informed decisions and ...",50+ reactions,www_linkedin_com_Data_governance_for_climate_action_in_Brazil_A_wor.txt,True,False,40,0,data governance,developed,academic institution / research partners,national,"The document discusses a workshop on data governance for climate action in Brazil, highlighting the importance of data sharing and governance for climate action. However, it does not provide explicit evidence of measured improvements in data management or environmentally sustainable AI practices.",There is no explicit link between UNEP or UNEP-supported work and the data governance improvement in Brazil.,"[""Data governance for climate action in Brazil: A workshop report"", ""Data sharing and data governance is vital for climate action"", ""robust data governance""]"
Brazil,2022–2026,1,UNEP implemented Brazil data management capacity strengthened data management artificial intelligence AI capacity skills environmental information system government stakeholder institution platform training after:2022-01-01 before:2026-01-01,TOWARD ENHANCED CLIMATE AMBITION - IADB Publications,https://publications.iadb.org/publications/english/document/Toward-Enhanced-Climate-Ambition-Transparency-and-Digital-Governance-in-Latin-America-and-the-Caribbean.pdf,"This publication, produced jointly by the Inter-American Development Bank. (IDB) and the United Nations Environment Program (UNEP), presents an analysis of the ...",https://publications.iadb.org › english › document,publications_iadb_org_TOWARD_ENHANCED_CLIMATE_AMBITION_IADB_Publications.txt,False,False,0,0,none,none,unclear,unclear,No relevant information found,No UNEP link found,[]
Brazil,2022–2026,1,UNEP implemented Brazil data management capacity strengthened data management artificial intelligence AI capacity skills environmental information system government stakeholder institution platform training after:2022-01-01 before:2026-01-01,Climate Adaptation: Unlocking Value Chains with the ...,https://reports.weforum.org/docs/WEF_Climate_Adaptation_Unlocking_Value_Chains_with_the_Power_of_Technology_2025.pdf,"Value chains should collectively address adaptation by developing collaboration platforms, where technology-driven ecosystems enable stakeholders to work ...",https://reports.weforum.org › docs › WEF_Clima...,reports_weforum_org_Climate_Adaptation_Unlocking_Value_Chains_with_the.txt,False,False,0,0,none,none,none,none,"The document does not contain explicit evidence of measured improvements in data management, environmentally sustainable AI practices, or capacity/skills development in Brazil during 2022-2026.","There is no explicit link between UNEP or UNEP-supported work and the measured improvement in data management, environmentally sustainable AI practices, or capacity/skills development in Brazil during 2022-2026.",[]
Brazil,2022–2026,1,UNEP implemented Brazil data management capacity strengthened data management artificial intelligence AI capacity skills environmental information system government stakeholder institution platform training after:2022-01-01 before:2026-01-01,Customs Matters: Strengthening Customs Administration in a ...,https://www.elibrary.imf.org/downloadpdf/display/book/9798400200120/9798400200120.pdf,"James Clark. Customs Matters: Strengthening Customs Administration in a. Changing World. Washington, DC: International Monetary Fund. ISBNs: 979-8-40020 ...",https://www.elibrary.imf.org › display › book,www_elibrary_imf_org_Customs_Matters_Strengthening_Customs_Administrati.txt,False,False,0,0,none,none,unclear,unclear,No relevant information found,No relevant information found,[]
Brazil,2022–2026,1,UNEP implemented Brazil data management capacity strengthened data management artificial intelligence AI capacity skills environmental information system government stakeholder institution platform training after:2022-01-01 before:2026-01-01,A framework for monitoring biodiversity in protected areas ...,https://portals.iucn.org/library/sites/library/files/documents/PATRS-007-En.pdf,The Chico Mendes Institute for Biodiversity Conservation. (ICMBio) is a Brazilian federal institution linked to the. Ministry of the Environment and Climate ...,https://portals.iucn.org › files › PATRS-007-En,portals_iucn_org_A_framework_for_monitoring_biodiversity_in_protect.txt,False,False,0,0,none,none,unclear,unclear,No evidence found due to document fetch error.,No evidence found due to document fetch error.,[]
Brazil,2022–2026,1,UNEP implemented Brazil data management capacity strengthened data management artificial intelligence AI capacity skills environmental information system government stakeholder institution platform training after:2022-01-01 before:2026-01-01,Harnessing Artificial Intelligence for Social Equity and ...,https://www.gov.br/g20/en/calendar/side-events/harnessing-artificial-intelligence-for-social-equity-and-sustainable-development,Brazil will host the G20 in 2024 and one of the focuses of the Digital Economy Working Group is “Artificial Intelligence for Sustainable Development and ...,https://www.gov.br › calendar › side-events › harnessin...,www_gov_br_Harnessing_Artificial_Intelligence_for_Social_Equi.txt,True,False,40,0,capacity development / skills development / AI governance,developed / implemented / used,government / public-sector institution / private-sector institution / civil society / academia / mixed stakeholders,national,"The document discusses a G20 side event focused on harnessing artificial intelligence for social equity and sustainable development, with Brazil hosting the G20 in 2024. The event aims to address challenges related to AI infrastructure, capacity development, and ethical AI practices. While it does not provide explicit evidence of measured improvements in data management or environmentally sustainable AI practices in Brazil during 2022-2026, it highlights the country's efforts to promote AI for sustainable development and reduction of inequality.",There is no explicit mention of UNEP or UNEP-supported work in the document.,"[""Brazil will host the G20 in 2024 and one of the focuses of the Digital Economy Working Group is 'Artificial Intelligence for Sustainable Development and Reduction of Inequality'"", ""The G20 Side Event on this topic will discuss challenges arising from the uneven global distribution of AI assets and infrastructure and potential solutions to equip governments and relevant stakeholders, including the private sector and civil society, with the capabilities and tools necessary to face such challenges"", ""The discussions will center around innovative solutions to bridge these gaps, such as international partnerships, investment in local AI ecosystems, and policies to foster technology transfer""]"
Brazil,2022–2026,1,UNEP implemented Brazil data management capacity strengthened data management artificial intelligence AI capacity skills environmental information system government stakeholder institution platform training after:2022-01-01 before:2026-01-01,UN SDGs and AI: Brazil - Institute and Faculty of Actuaries Blog,https://blog.actuaries.org.uk/un-sdgs-and-ai-brazil/,Environment and climate change for sustainable development; Governance and institutional capacities; Linking humanitarian action and sustainable development.,https://blog.actuaries.org.uk › un-sdgs-and-ai-brazil,blog_actuaries_org_uk_UN_SDGs_and_AI_Brazil_Institute_and_Faculty_of_Act.txt,True,False,60,0,data management system / environmental data platform / AI practice / sustainable AI / capacity development,developed / implemented / adopted,government / public-sector institution,national,"The document provides evidence of Brazil's efforts to improve data management and AI practices, particularly in the context of environmental sustainability and SDG progress. For example, Brazil has launched its National Strategy for Artificial Intelligence (EBIA) in 2021, which focuses on areas such as ethics and governance, education and training, and research and development. Additionally, the government announced an investment plan from 2024 to 2028 focusing on AI, particularly sustainable- and socially-oriented technologies, by pledging about USD 4 billion. Brazil is also using AI to monitor and tackle deforestation and protect local wildlife, such as Project Guacamaya.","There is no explicit mention of UNEP or UNEP-supported work in the document related to the measured improvement in data management, environmentally sustainable AI practices, or capacity/skills development in Brazil.","[""Brazil’s efforts in its fight against climate change"", ""Brazil launched its National Strategy for Artificial Intelligence (EBIA) in 2021"", ""the government announced an investment plan from 2024 to 2028 focusing on AI"", ""Brazil is using AI to monitor and tackle deforestation and protect local wildlife"", ""Project Guacamaya uses a range of AI models for satellite analysis, camera trap analysis and bioacoustics""]"
Brazil,2022–2026,1,UNEP implemented Brazil data management capacity strengthened data management artificial intelligence AI capacity skills environmental information system government stakeholder institution platform training after:2022-01-01 before:2026-01-01,Summary report 14–18 July 2025 - Earth Negotiations Bulletin,https://enb.iisd.org/african-ministerial-conference-environment-amcen-20-summary,"the role of sustainable digital technologies, artificial intelligence (AI), early warning systems (EWS) and assessments for environmental sustainability in ...",https://enb.iisd.org › african-ministerial-conference-env...,enb_iisd_org_Summary_report_14_18_July_2025_Earth_Negotiations_.txt,False,False,0,0,none,none,none,none,"The document does not contain explicit evidence related to Brazil or stakeholders/institutions in Brazil achieving measured improvements in digital/data management, environmentally sustainable AI practices, or capacity and skills development in these areas during 2022-2026.","The document does not explicitly link UNEP or UNEP-supported work to enabling, supporting, improving, training, implementing, or operationalizing SP7.1 outcomes in Brazil during 2022-2026.",[]
Brazil,2022–2026,1,UNEP implemented Brazil data management capacity strengthened data management artificial intelligence AI capacity skills environmental information system government stakeholder institution platform training after:2022-01-01 before:2026-01-01,INTEGRATED ANNUAL REPORT 2024,https://www.leonardo.com/documents/15646808/0/2024+Integrated+Annual+Report.pdf?t=1749748195850,This Integrated Annual Report 2024 has been translated into English solely for the convenience of the international reader. In the event of conflict or.,https://www.leonardo.com › documents › 2024+...,www_leonardo_com_INTEGRATED_ANNUAL_REPORT_2024.txt,False,False,0,0,none,none,unclear,unclear,No relevant information found in the document.,No UNEP attribution found in the document.,[]
Brazil,2022–2026,1,UNEP implemented Brazil data management capacity strengthened data management artificial intelligence AI capacity skills environmental information system government stakeholder institution platform training after:2022-01-01 before:2026-01-01,2026 Highlights,https://www.unepfi.org/wordpress/wp-content/uploads/2025/11/Work-Programme-2026-2.pdf,Risk Management. UNEP FI offers several trainings linked to sustainability risk management that contribute to the achievement of global sustainability goals.,https://www.unepfi.org › uploads › 2025/11 › W...,www_unepfi_org_2026_Highlights.txt,False,False,0,0,none,none,unclear,unclear,"The document does not contain explicit evidence of measured improvements in data management and environmentally sustainable artificial intelligence practices, including capacity and skills development, among countries and stakeholders in Brazil during 2022-2026.","The document does not explicitly link UNEP or UNEP-supported work to the measured improvement in data management, environmentally sustainable AI practices, or capacity/skills development in Brazil during 2022-2026.",[]
Brazil,2022–2026,1,UNEP implemented Brazil data management capacity strengthened data management artificial intelligence AI capacity skills environmental information system government stakeholder institution platform training after:2022-01-01 before:2026-01-01,Artificial intelligence and climate: BRICS declaration ...,https://brics.br/en/news/artificial-intelligence-and-climate-brics-declaration-proposes-policies-to-protect-workers,"BRICS Labor and Employment Ministers approve declaration and commit to fair work amid AI and climate change, focusing on social protection and workforce ...",https://brics.br › news › artificial-intelligence-and-clima...,brics_br_Artificial_intelligence_and_climate_BRICS_declarat.txt,True,False,40,0,capacity development / skills development,developed / implemented,government / public-sector institution,national,"The document discusses the BRICS countries' efforts to address the impacts of artificial intelligence and climate change on the labor market, with a focus on social protection and workforce reskilling. Brazil leads the dialogue for inclusive governance. The declaration includes commitments to investing in digital skills development and protecting workers' rights.",There is no explicit mention of UNEP or UNEP-supported work in the document.,"[""BRICS Labor and Employment Ministers approve declaration and commit to fair work amid AI and climate change, focusing on social protection and workforce reskilling."", ""The declaration acknowledges that artificial intelligence is radically reshaping labor relations."", ""The ministers committed to adopting policies that promote a just transition, investing in the development of digital skills and protecting workers' rights."", ""Brasil leads dialogue for inclusive governance.""]"
Brazil,2022–2026,1,UNEP implemented Brazil data management capacity strengthened data management artificial intelligence AI capacity skills environmental information system government stakeholder institution platform training after:2022-01-01 before:2026-01-01,2024 Integrated Report,https://www.givaudan.com/files/giv-2024-integrated-report.pdf,Our Integrated Report on economic and ESG performance serves as a comprehensive disclosure of financial and non-financial information.,https://www.givaudan.com › files › giv-2024-int...,www_givaudan_com_2024_Integrated_Report.txt,False,False,0,0,none,none,private-sector institution,institutional,"The document does not contain explicit evidence related to Brazil or the time window 2022-2026. It is an Integrated Report of Givaudan, a global company in the flavor and fragrance industry, focusing on their financial and ESG performance, innovations, and sustainability efforts. There is no mention of environmental data management systems, sustainable AI practices, or capacity and skills development for these areas in Brazil.","There is no explicit link between UNEP or UNEP-supported work and any measured improvement in data management, environmentally sustainable AI practices, or capacity/skills development in Brazil (in 2022-2026).",[]
Brazil,2022–2026,1,UNEP implemented Brazil data management capacity strengthened data management artificial intelligence AI capacity skills environmental information system government stakeholder institution platform training after:2022-01-01 before:2026-01-01,Artificial intelligence and climate: BRICS declaration ...,https://brics.br/en/news/artificial-intelligence-and-climate-brics-declaration-proposes-policies-to-protect-workers,"BRICS Labor and Employment Ministers approve declaration and commit to fair work amid AI and climate change, focusing on social protection and workforce ...",https://brics.br › news › artificial-intelligence-and-clima...,brics_br_Artificial_intelligence_and_climate_BRICS_declarat.txt,True,False,40,0,capacity development / skills development,developed / implemented,government / public-sector institution,national,"The document discusses the BRICS countries' efforts to address the impacts of artificial intelligence and climate change on the labor market, with a focus on social protection and workforce reskilling. Brasil leads the dialogue for inclusive governance. The declaration includes commitments to investing in digital skills development and protecting workers' rights.",There is no explicit mention of UNEP or UNEP-supported work in the document.,"[""BRICS Labor and Employment Ministers approve declaration and commit to fair work amid AI and climate change, focusing on social protection and workforce reskilling."", ""The declaration acknowledges that artificial intelligence is radically reshaping labor relations."", ""Brasil leads dialogue for inclusive governance."", ""The ministers committed to adopting policies that promote a just transition, investing in the development of digital skills and protecting workers' rights."", ""Workforce reskilling programs and partnerships with universities and companies were highlighted as essential to prepare workers for future demands.""]"
Brazil,2022–2026,1,UNEP implemented Brazil data management capacity strengthened data management artificial intelligence AI capacity skills environmental information system government stakeholder institution platform training after:2022-01-01 before:2026-01-01,2024 Annual Report - Banco Santander,https://www.santander.com/content/dam/santander-com/en/documentos/informe-financiero-anual/2024/ifa-2024-consolidated-annual-financial-report-en.pdf,This report contains financial information prepared according to. International Financial Reporting Standards (IFRS) and taken from.,https://www.santander.com › dam › documentos,www_santander_com_2024_Annual_Report_Banco_Santander.txt,False,False,0,0,none,none,none,none,"The provided document does not contain explicit evidence related to Brazil or the time window 2022-2026. It appears to be a general annual report of Banco Santander, focusing on their business model, sustainability, and financial review, without specific mentions of digital transformation, environmental data management, sustainable AI practices, or capacity development in these areas for Brazil.","There is no explicit link between UNEP or UNEP-supported work and any measured improvement in data management, environmentally sustainable AI practices, or capacity/skills development in Brazil (2022-2026) mentioned in the document.",[]
Brazil,2022–2026,1,UNEP implemented Brazil data management capacity strengthened data management artificial intelligence AI capacity skills environmental information system government stakeholder institution platform training after:2022-01-01 before:2026-01-01,Urban Governance,https://repository.ubn.ru.nl/bitstream/handle/2066/289485/289485.pdf,"In Brazil, few studies have addressed this issue. Thus, here I analyze the political agenda and economic dynamics involved in the transformation of Brazil's ...",https://repository.ubn.ru.nl › bitstream › handle,repository_ubn_ru_nl_Urban_Governance.txt,False,False,0,0,none,none,unclear,unclear,No evidence found related to Brazil or 2022-2026.,No UNEP attribution found.,[]
Brazil,2022–2026,1,UNEP implemented Brazil data management capacity strengthened data management artificial intelligence AI capacity skills environmental information system government stakeholder institution platform training after:2022-01-01 before:2026-01-01,Data governance for climate action in Brazil: A workshop ...,https://www.linkedin.com/posts/vicente-bagnoli-25b63ba3_data-governance-in-emerging-economies-to-activity-7395440431796387840-iThq,"Data sharing and data governance is vital for climate action, providing diverse stakeholders with the information needed to make informed decisions and ...",50+ reactions,www_linkedin_com_Data_governance_for_climate_action_in_Brazil_A_wor.txt,True,False,40,0,data governance,developed,academic institution / research partner,national,"The document discusses a workshop on data governance for climate action in Brazil, highlighting the importance of data sharing and governance for informed decision-making and coordination among stakeholders. While it emphasizes the need for robust data governance, it does not provide explicit evidence of measured improvements or capacity development in data management or sustainable AI practices.",There is no explicit link between UNEP or UNEP-supported work and the data governance improvement or capacity development in Brazil.,"[""Data governance for climate action in Brazil: A workshop report"", ""participants emphasized the utility of shared data in understanding climate trends, assessing environmental impacts, and planning sustainable strategies"", ""robust data governance""]"
Brazil,2022–2026,1,UNEP implemented Brazil data management capacity strengthened data management artificial intelligence AI capacity skills environmental information system government stakeholder institution platform training after:2022-01-01 before:2026-01-01,implementing-the-global-action-plan-on-antimicrobial- ...,https://www.woah.org/app/uploads/2024/01/implementing-the-global-action-plan-on-antimicrobial-resistance.pdf,"integrated surveillance system platform that will harmonize data reported from countries across the human, animal, food, plant and environmental sectors ...",https://www.woah.org › app › uploads › 2024/01,www_woah_org_implementing_the_global_action_plan_on_antimicrobi.txt,False,False,0,0,none,none,none,none,"The document does not contain explicit evidence related to improved data management, environmental data systems/platforms/workflows, environmentally sustainable AI practices, or capacity/skills development in data management or AI in Brazil during 2022-2026.","There is no explicit link between UNEP or UNEP-supported work and the measured improvement in data management, environmentally sustainable AI practices, or capacity/skills development in Brazil during 2022-2026.",[]
Brazil,2022–2026,1,UNEP implemented Brazil data management capacity strengthened data management artificial intelligence AI capacity skills environmental information system government stakeholder institution platform training after:2022-01-01 before:2026-01-01,CLIMATE CHANGE AND AI,https://wp.oecd.ai/app/uploads/2025/05/climate-change-and-ai.pdf,"Artificial intelligence (AI) is one such tool, with significant opportunities to accelerate strategies for climate change mitigation and adaptation, across ...",https://wp.oecd.ai › app › uploads › 2025/05 › cli...,wp_oecd_ai_CLIMATE_CHANGE_AND_AI.txt,False,False,0,0,none,none,unclear,unclear,No evidence found due to document fetch error.,No evidence found due to document fetch error.,[]
Brazil,2022–2026,1,UNEP implemented Brazil data management capacity strengthened data management artificial intelligence AI capacity skills environmental information system government stakeholder institution platform training after:2022-01-01 before:2026-01-01,evaluationof gefsupportfortechnological innovation,https://www.thegef.org/sites/default/files/documents/2025-11/GEF_IEO_technological_innovation_Final_Nov19_2025.pdf,Disruptive technologies with high environmental potential remain rare. Artificial Intelligence and machine learning (AI/ML) appear in 12 projects.,https://www.thegef.org › sites › files › documents,www_thegef_org_evaluationof_gefsupportfortechnological_innovation.txt,False,False,0,0,none,none,unclear,unclear,"The document does not contain explicit evidence related to Brazil or stakeholders/institutions in Brazil (2022-2026) of measured improvements in digital/data management/sustainable AI practices. The evaluation focuses on the GEF's support for technological innovation across GEF-6, GEF-7, and GEF-8, but does not provide specific information on Brazil or the specified time window.","There is no explicit link between UNEP or UNEP-supported work and measured improvements in data management, environmentally sustainable AI practices, or capacity/skills development in Brazil (2022-2026).",[]
Brazil,2022–2026,2,UNEP environmental data Brazil AI for environment measured data management artificial intelligence AI capacity skills environmental information system government stakeholder institution platform training after:2022-01-01 before:2026-01-01,The Environmental Impact of the Full AI Lifecycle Needs to ...,https://www.unep.org/resources/report/artificial-intelligence-ai-end-end-environmental-impact-full-ai-lifecycle-needs-be,This note outlines key areas identified by UNEP regarding the environmental impact of Artificial intelligence (AI) across its lifecycle.,https://www.unep.org › resources › report › artificial-in...,www_unep_org_The_Environmental_Impact_of_the_Full_AI_Lifecycle_.txt,False,False,0,0,none,none,unclear,global,"The document does not contain explicit evidence related to measured improvements in data management, environmentally sustainable AI practices, or capacity/skills development in Brazil during 2022-2026.","The document does not explicitly link UNEP or UNEP-supported work to enabling, supporting, improving, training, implementing, or operationalizing SP7.1 evidence in Brazil during 2022-2026.",[]
Brazil,2022–2026,2,UNEP environmental data Brazil AI for environment measured data management artificial intelligence AI capacity skills environmental information system government stakeholder institution platform training after:2022-01-01 before:2026-01-01,Artificial intelligence in environmental monitoring,https://www.sciencedirect.com/science/article/pii/S2773049224000278,"This article provides an overview of the value of environmental monitoring, the challenges of conventional methods, and potential AI-based solutions.",https://www.sciencedirect.com › science › article › pii,www_sciencedirect_com_Artificial_intelligence_in_environmental_monitorin.txt,False,False,0,0,none,none,unclear,unclear,No relevant evidence found due to document fetch error.,No relevant evidence found due to document fetch error.,[]
Brazil,2022–2026,2,UNEP environmental data Brazil AI for environment measured data management artificial intelligence AI capacity skills environmental information system government stakeholder institution platform training after:2022-01-01 before:2026-01-01,AI for the Planet: Advancing Environmental Data Standards for ...,https://www.youtube.com/watch?v=xbhaHZv3I30,Associated event at UNEA-7 AI for the Planet: Advancing Environmental Data Standards for Sustainable Artificial Intelligence 3 December 2025 at 3 p.m. Mt ...,520+ views · 5 months ago,www_youtube_com_AI_for_the_Planet_Advancing_Environmental_Data_Sta.txt,False,False,0,0,none,none,unclear,unclear,"The document does not contain explicit evidence related to measured improvements in data management, environmentally sustainable AI practices, or capacity/skills development in Brazil during 2022-2026.","There is no explicit link between UNEP or UNEP-supported work and any improvement in data management, environmentally sustainable AI practices, or capacity/skills development in Brazil during 2022-2026.",[]
Brazil,2022–2026,1,UNEP implemented Brazil data management capacity strengthened data management artificial intelligence AI capacity skills environmental information system government stakeholder institution platform training after:2022-01-01 before:2026-01-01,"A Global Digital Compact – an Open, Free and Secure ...",https://www.diplomacy.edu/resource/a-global-digital-compact-an-open-free-and-secure-digital-future-for-all-our-common-agenda-policy-brief-5/,This Policy Brief outlines building blocks for a Global Digital Compact that should ensure that nobody is left behind in tech and digital developments.,https://www.diplomacy.edu › resource › a-global-digita...,www_diplomacy_edu_A_Global_Digital_Compact_an_Open_Free_and_Secure_.txt,False,False,0,0,none,none,none,none,"The document does not contain explicit evidence of measured improvements in data management and environmentally sustainable artificial intelligence practices, including capacity and skills development, among countries and stakeholders in Brazil during 2022-2026.","There is no explicit link between UNEP or UNEP-supported work and the measured improvement in data management, environmentally sustainable AI practices, or capacity/skills development in Brazil during 2022-2026.",[]
Brazil,2022–2026,1,UNEP implemented Brazil data management capacity strengthened data management artificial intelligence AI capacity skills environmental information system government stakeholder institution platform training after:2022-01-01 before:2026-01-01,EXTRACTS OF THE WFP MANAGEMENT PLAN (2025– ...,https://executiveboard.wfp.org/document_download/WFP-0000160912,"The WFP strategic plan for 2022–2025 frames the organizational context for this management plan, which covers the period from 2025 to 2027.",https://executiveboard.wfp.org › WFP-00001609...,executiveboard_wfp_org_EXTRACTS_OF_THE_WFP_MANAGEMENT_PLAN_2025_.txt,False,False,0,0,none,none,none,none,"The document does not contain explicit evidence related to Brazil or the time window 2022-2026, nor does it discuss digital transformation, environmental data management, sustainable AI practices, or capacity and skills development in these areas.",There is no mention of UNEP or UNEP-supported work in the provided document.,[]
Brazil,2022–2026,2,UNEP environmental data Brazil AI for environment measured data management artificial intelligence AI capacity skills environmental information system government stakeholder institution platform training after:2022-01-01 before:2026-01-01,Brazil: readiness assessment report on artificial intelligence,https://unesdoc.unesco.org/ark:/48223/pf0000393091,Title. Brazil: readiness assessment report on artificial intelligence ; Collation. 53 pages ; Material type. programme and meeting document ; Year of publication.,https://unesdoc.unesco.org › ark:,unesdoc_unesco_org_Brazil_readiness_assessment_report_on_artificial_i.txt,False,False,0,0,none,none,unclear,unclear,No relevant information found,No UNEP link found,[]
Brazil,2022–2026,2,UNEP environmental data Brazil AI for environment measured data management artificial intelligence AI capacity skills environmental information system government stakeholder institution platform training after:2022-01-01 before:2026-01-01,Home — UN-CEBD,https://unstats.un.org/bigdata/,"The multi-part Sprint focuses on enhancing NSOs' capabilities in leveraging AI and data science for economic statistics and will showcase impactful use cases, ...",https://unstats.un.org › bigdata,unstats_un_org_Home_UN_CEBD.txt,False,False,0,0,none,none,unclear,unclear,No relevant evidence found in the document.,No UNEP attribution found in the document.,[]
Brazil,2022–2026,2,UNEP environmental data Brazil AI for environment measured data management artificial intelligence AI capacity skills environmental information system government stakeholder institution platform training after:2022-01-01 before:2026-01-01,Toolkit for Artificial Intelligence Readiness and Capacity ...,https://g20.utoronto.ca/2024/P4_-__G20_DEWG_Brasil_2024_-_Toolkit_for_AI_Readiness_and_Capacity_Assessment.pdf,This is precisely what the present “G20 Toolkit for AI Readiness and Capacity Assessment” aims to do by helping G20 members and other countries assess how ...,https://g20.utoronto.ca › P4_-__G20_DEWG_Bra...,g20_utoronto_ca_Toolkit_for_Artificial_Intelligence_Readiness_and_.txt,False,False,0,0,none,none,unclear,unclear,No document text available for analysis due to fetch error.,No document text available for analysis due to fetch error.,[]
Brazil,2022–2026,2,UNEP environmental data Brazil AI for environment measured data management artificial intelligence AI capacity skills environmental information system government stakeholder institution platform training after:2022-01-01 before:2026-01-01,Measuring the environmental impacts of artificial ...,https://www.oecd.org/content/dam/oecd/en/publications/reports/2022/11/measuring-the-environmental-impacts-of-artificial-intelligence-compute-and-applications_3dddded5/7babf571-en.pdf,"To better understand and measure national AI compute capacity and its environmental impact, the OECD created a dedicated expert group on AI compute and climate ...",https://www.oecd.org › oecd › reports › 2022/11,www_oecd_org_Measuring_the_environmental_impacts_of_artificial_.txt,False,False,0,0,none,none,unclear,unclear,No relevant information found.,No UNEP link found.,[]
Brazil,2022–2026,2,UNEP environmental data Brazil AI for environment measured data management artificial intelligence AI capacity skills environmental information system government stakeholder institution platform training after:2022-01-01 before:2026-01-01,Risk Management Profile for AI and Human Rights,https://2021-2025.state.gov/risk-management-profile-for-ai-and-human-rights/,"The Profile aims to bridge the gap between human rights and risk management approaches, demonstrating how actions related to assessing, addressing, and ...",https://2021-2025.state.gov › risk-management-profile-...,2021-2025_state_gov_Risk_Management_Profile_for_AI_and_Human_Rights.txt,False,False,0,0,none,none,government,national,"The document does not contain explicit evidence related to Brazil or the time window 2022-2026. It discusses AI and human rights in a general context, providing guidance for organizations on designing, developing, deploying, using, and governing AI in a manner consistent with respect for international human rights.",There is no mention of UNEP or UNEP-supported work in the document.,"[""Risk Management Profile for Artificial Intelligence and Human Rights"", ""U.S. Department of State"", ""July 25, 2024""]"
Brazil,2022–2026,2,UNEP environmental data Brazil AI for environment measured data management artificial intelligence AI capacity skills environmental information system government stakeholder institution platform training after:2022-01-01 before:2026-01-01,New Coalition aims to put Artificial Intelligence on a more ...,https://www.unep.org/news-and-stories/press-release/new-coalition-aims-put-artificial-intelligence-more-sustainable-path,A number of recent initiatives are working to build the knowledge base around AI and the environment: through the National Institute for Research in Digital ...,"https://www.unep.org › News, Stories & Speeches",www_unep_org_New_Coalition_aims_to_put_Artificial_Intelligence_.txt,True,True,60,80,sustainable AI practices,developed,UN or international organization,global,"The document mentions the Coalition for Environmentally Sustainable Artificial Intelligence (AI), which aims to put AI on a more environmentally sustainable path. The Coalition, spearheaded by France, the UN Environment Programme (UNEP), and the International Telecommunication Union (ITU), brings together stakeholders across the AI value chain for dialogue and collaborative initiatives. This indicates a development in sustainable AI practices.",The document explicitly mentions UNEP's involvement in spearheading the Coalition for Environmentally Sustainable Artificial Intelligence (AI) and releasing an issue note in 2024 that explores AI's environmental footprint. UNEP is also mentioned as publishing a guide to encourage public and private purchases towards energy-efficient data centres in 2025.,"[""Coalition for Environmentally Sustainable Artificial Intelligence (AI)"", ""UN Environment Programme (UNEP) and the International Telecommunication Union (ITU)"", ""spearheaded by France, the UN Environment Programme (UNEP) and the International Telecommunication Union (ITU)"", ""UNEP released an issue note that explores AI’s environmental footprint"", ""UNEP will publish a guide to encourage public and private purchases towards energy-efficient data centres""]"
Brazil,2022–2026,2,UNEP environmental data Brazil AI for environment measured data management artificial intelligence AI capacity skills environmental information system government stakeholder institution platform training after:2022-01-01 before:2026-01-01,"Leveraging AI for better cooperation, collaboration and impact ...",https://www.youtube.com/watch?v=hyK_4c-6tsU,Artificial intelligence can enhance cooperation and enable more targeted outcome oriented environmental action.,260+ views · 5 months ago,www_youtube_com_Leveraging_AI_for_better_cooperation_collaboration.txt,False,False,0,0,none,none,unclear,unclear,The document does not contain explicit evidence related to Brazil or the time window 2022-2026. It appears to be a YouTube video description with various unrelated video titles.,"There is no explicit link between UNEP or UNEP-supported work and any improvement in data management, environmentally sustainable AI practices, or capacity/skills development in Brazil.",[]
Brazil,2022–2026,2,UNEP environmental data Brazil AI for environment measured data management artificial intelligence AI capacity skills environmental information system government stakeholder institution platform training after:2022-01-01 before:2026-01-01,ENVIRONMENTAL IMPACTS OF ARTIFICIAL ...,https://www.oeko.de/fileadmin/oekodoc/Report_KI_ENG.pdf,"The second and most comprehensive section of the report focuses on AI's environmental impacts – particularly regarding energy consumption, greenhouse gas ...",https://www.oeko.de › oekodoc › Report_KI_ENG,www_oeko_de_ENVIRONMENTAL_IMPACTS_OF_ARTIFICIAL_.txt,False,False,0,0,none,none,unclear,global,"The document does not contain explicit evidence related to measured improvements in data management, environmentally sustainable AI practices, or capacity/skills development in Brazil during 2022-2026.",There is no explicit link between UNEP or UNEP-supported work and the discussed environmental impacts of AI in the document.,[]
Brazil,2022–2026,2,UNEP environmental data Brazil AI for environment measured data management artificial intelligence AI capacity skills environmental information system government stakeholder institution platform training after:2022-01-01 before:2026-01-01,United Nations System White Paper on AI Governance.pdf,https://unsceb.org/sites/default/files/2024-04/United%20Nations%20System%20White%20Paper%20on%20AI%20Governance.pdf,"The data and findings generated during the research present a high-level overview of the UN System's extensive resources, expertise, and experience with ...",https://unsceb.org › sites › default › files › Unite...,unsceb_org_United_Nations_System_White_Paper_on_AI_Governance.txt,False,False,0,0,none,none,unclear,unclear,"The document could not be accessed, therefore no evidence could be evaluated.","The document could not be accessed, therefore no evidence could be evaluated.",[]
Brazil,2022–2026,2,UNEP environmental data Brazil AI for environment measured data management artificial intelligence AI capacity skills environmental information system government stakeholder institution platform training after:2022-01-01 before:2026-01-01,United Nations Activities on Artificial Intelligence (AI),https://www.itu.int/dms_pub/itu-s/opb/gen/S-GEN-UNACT-2021-PDF-E.pdf,"At ITU, we strive to build common understanding and trust around the use of AI for environmental efficiency, health, 5G, autonomous and assisted driving, and ...",https://www.itu.int › S-GEN-UNACT-2021-PDF-E,www_itu_int_United_Nations_Activities_on_Artificial_Intelligen.txt,False,False,0,0,none,none,unclear,unclear,No evidence found due to fetch error.,No evidence found due to fetch error.,[]
Brazil,2022–2026,2,UNEP environmental data Brazil AI for environment measured data management artificial intelligence AI capacity skills environmental information system government stakeholder institution platform training after:2022-01-01 before:2026-01-01,using ai to assess and manage environmental risk,https://ipur.nus.edu.sg/wp-content/uploads/2025/06/Using-AI-to-assess-and-manage-environmental-risk-report.pdf,"Government agencies have started to use AI for a range of environmental risk related tasks, such as monitoring coastal erosion, stopping wildlife poaching, ...",https://ipur.nus.edu.sg › uploads › 2025/06 › Usin...,ipur_nus_edu_sg_using_ai_to_assess_and_manage_environmental_risk.txt,True,False,60,0,environmental data management / digital tools,improved,government / public-sector institution,national,"The document provides examples of AI use in environmental risk management, including a project in Brazil that used AI to identify surface water loss. The report highlights various applications of AI in environmental monitoring, compliance and violation detection, disaster prediction and planning, resource use planning, and stakeholder engagement. However, it does not provide explicit evidence of measured improvements in data management or environmentally sustainable AI practices in Brazil during 2022-2026.",There is no explicit mention of UNEP or UNEP-supported work in the provided document.,"[""Brazil has been losing large volumes of surface water over the past few decades. The MapBiomas water project, which was established by Brazil’s Climate Observatory along with the World Wildlife Fund, has used AI to identify both the scale of loss and the location of problem areas."", ""Using machine learning, the project processed more than 150,000 satellite images that spanned the years 1985 to 2023, a task that the project leaders state could not have been done without AI."", ""The project was able to demonstrate that Brazil has lost 15% of its surface water since 1990.""]"
Brazil,2022–2026,2,UNEP environmental data Brazil AI for environment measured data management artificial intelligence AI capacity skills environmental information system government stakeholder institution platform training after:2022-01-01 before:2026-01-01,AI Watch: Global regulatory tracker - United Nations,https://www.whitecase.com/insight-our-thinking/ai-watch-global-regulatory-tracker-united-nations,"The development of safe, secure and trustworthy AI systems; Capacity gaps by leveraging existing UN and multi-stakeholder mechanisms to support AI capacity ...",https://www.whitecase.com › insight-our-thinking › ai-...,www_whitecase_com_AI_Watch_Global_regulatory_tracker_United_Nations.txt,False,False,0,0,none,none,unclear,unclear,"The document does not contain explicit evidence related to Brazil or the time window 2022-2026, nor does it discuss improvements in data management, environmental data systems, or sustainable AI practices.",There is no explicit link between UNEP or UNEP-supported work and any improvements in data management or sustainable AI practices in Brazil.,[]
Brazil,2022–2026,2,UNEP environmental data Brazil AI for environment measured data management artificial intelligence AI capacity skills environmental information system government stakeholder institution platform training after:2022-01-01 before:2026-01-01,Home — UN-CEBD,https://unstats.un.org/bigdata/,"The multi-part Sprint focuses on enhancing NSOs' capabilities in leveraging AI and data science for economic statistics and will showcase impactful use cases, ...",https://unstats.un.org › bigdata,unstats_un_org_Home_UN_CEBD.txt,False,False,0,0,none,none,unclear,unclear,No relevant evidence found in the document.,No UNEP attribution found in the document.,[]
Brazil,2022–2026,2,UNEP environmental data Brazil AI for environment measured data management artificial intelligence AI capacity skills environmental information system government stakeholder institution platform training after:2022-01-01 before:2026-01-01,Harnessing artificial intelligence for sustainable urban ...,https://www.nature.com/articles/s41598-025-07436-1,"This study examines how AI technologies—such as machine learning, the Internet of Things (IoT), and big data analytics—can advance the three zeros method ...",https://www.nature.com › scientific reports › articles,www_nature_com_Harnessing_artificial_intelligence_for_sustainable.txt,False,False,0,0,none,none,none,global,"The document does not contain explicit evidence related to Brazil or the time window 2022-2026. It discusses the role of AI in sustainable urban development, but does not provide specific information on improvements in data management, environmentally sustainable AI practices, or capacity and skills development in Brazil.","There is no explicit link between UNEP or UNEP-supported work and the measured improvement in data management, environmentally sustainable AI practices, or capacity/skills development in Brazil.",[]
Brazil,2022–2026,2,UNEP environmental data Brazil AI for environment measured data management artificial intelligence AI capacity skills environmental information system government stakeholder institution platform training after:2022-01-01 before:2026-01-01,Artificial Intelligence for Climate Action:,https://unfccc.int/ttclear/misc_/StaticFiles/gnwoerk_static/AI4climateaction/f2922b97c4cf431996c468e622127eb5/112f8be560ea447dab5ff2e53ab3f6e4.pdf,to provide insights into the environmental impact of AI training processes by accurately tracking energy consumption and resulting carbon emissions (Anthony ...,https://unfccc.int › StaticFiles › gnwoerk_static,unfccc_int_Artificial_Intelligence_for_Climate_Action_.txt,False,False,0,0,none,none,none,none,The document does not contain explicit evidence of measured improvements in data management and environmentally sustainable artificial intelligence practices in Brazil during 2022-2026.,"There is no explicit link between UNEP or UNEP-supported work and the measured improvement in data management, environmentally sustainable AI practices, or capacity/skills development in Brazil during 2022-2026.",[]
Brazil,2022–2026,2,UNEP environmental data Brazil AI for environment measured data management artificial intelligence AI capacity skills environmental information system government stakeholder institution platform training after:2022-01-01 before:2026-01-01,"Climate-Resilient Crops: Integrating AI, Multi-Omics, and ...",https://pmc.ncbi.nlm.nih.gov/articles/PMC12429994/,"The ability of AI to process large-scale genomic data further enhances the efficiency of trait selection, reducing the need for extensive field trials while ...",https://pmc.ncbi.nlm.nih.gov › articles › PMC12429994,pmc_ncbi_nlm_nih_gov_Climate_Resilient_Crops_Integrating_AI_Multi_Omics.txt,False,False,0,0,none,none,unclear,unclear,"The document does not contain any relevant information about Brazil, digital transformation, environmental data management, sustainable AI, or capacity development.",There is no mention of UNEP or UNEP-supported work in the document.,[]
Brazil,2022–2026,2,UNEP environmental data Brazil AI for environment measured data management artificial intelligence AI capacity skills environmental information system government stakeholder institution platform training after:2022-01-01 before:2026-01-01,UN SDGs and AI: Brazil - Institute and Faculty of Actuaries Blog,https://blog.actuaries.org.uk/un-sdgs-and-ai-brazil/,"This is part two of a series of blogs by the IFoA Data Science, Sustainability and Climate Change Working Party that discusses progress updates on UN SDGs ...",https://blog.actuaries.org.uk › un-sdgs-and-ai-brazil,blog_actuaries_org_uk_UN_SDGs_and_AI_Brazil_Institute_and_Faculty_of_Act.txt,True,False,40,0,AI practice / sustainable AI / capacity development,developed / implemented / used,government / public-sector institution,national,"The document provides information on Brazil's progress in AI adoption and its application to achieve UN SDGs. It mentions several initiatives, such as the National Strategy for Artificial Intelligence, investment plans for AI, and local AI projects. However, the evidence of measured improvements in data management and environmentally sustainable AI practices is limited.","There is no explicit link between UNEP or UNEP-supported work and the measured improvement in data management, environmentally sustainable AI practices, or capacity/skills development in Brazil.","[""Brazil launched its National Strategy for Artificial Intelligence in 2021"", ""Brazil government announced an investment plan from 2024 to 2028 focusing on AI"", ""Project Guacamaya uses a range of AI models for satellite analysis, camera trap analysis and bioacoustics"", ""RadarFit is a generative AI-powered app with a unique gamification strategy designed to incentivise health habits"", ""Agronow enhances satellite images with AI to provide users enhanced crop data and statistics""]"
Brazil,2022–2026,2,UNEP environmental data Brazil AI for environment measured data management artificial intelligence AI capacity skills environmental information system government stakeholder institution platform training after:2022-01-01 before:2026-01-01,Leveraging artificial intelligence to meet the sustainable ...,https://www.researchgate.net/publication/387140131_Leveraging_artificial_intelligence_to_meet_the_sustainable_development_goals,"Aim/purpose – This study aims to identify the role of Artificial Intelligence (AI) in achieving the Sustainable Development Goals (SDGs), with specific ...",https://www.researchgate.net › publication › 38714013...,www_researchgate_net_Leveraging_artificial_intelligence_to_meet_the_sus.txt,False,False,0,0,none,none,unclear,unclear,"The document does not contain explicit evidence related to measured improvements in data management, environmentally sustainable AI practices, or capacity/skills development in Brazil during 2022-2026.",There is no explicit link between UNEP or UNEP-supported work and the SP7.1 improvement/capacity/sustainable AI outcome in Brazil during 2022-2026.,[]
Brazil,2022–2026,2,UNEP environmental data Brazil AI for environment measured data management artificial intelligence AI capacity skills environmental information system government stakeholder institution platform training after:2022-01-01 before:2026-01-01,Recommendation of the Council on Artificial Intelligence,https://legalinstruments.oecd.org/en/instruments/oecd-legal-0449,"Stakeholders should proactively engage in responsible stewardship of trustworthy AI in pursuit of beneficial outcomes for people and the planet, such as ...",https://legalinstruments.oecd.org › oecd-legal-0449,legalinstruments_oecd_org_Recommendation_of_the_Council_on_Artificial_Intell.txt,False,False,0,0,none,none,unclear,unclear,No relevant information found.,No relevant information found.,[]
Brazil,2022–2026,2,UNEP environmental data Brazil AI for environment measured data management artificial intelligence AI capacity skills environmental information system government stakeholder institution platform training after:2022-01-01 before:2026-01-01,"Trust, attitudes and use of artificial intelligence",https://assets.kpmg.com/content/dam/kpmgsites/ae/pdf/trust-attitudes-and-use-of-ai-global-report.pdf.coredownload.inline.pdf,"The research was conducted independently by the university research team. Trust, attitudes and use of AI: A global study 2025 | 2. © 2025 Copyright owned by one ...",https://assets.kpmg.com › dam › kpmgsites › pdf,assets_kpmg_com_Trust_attitudes_and_use_of_artificial_intelligence.txt,False,False,0,0,none,none,none,none,"The document does not contain explicit evidence related to improved data management, environmental data systems/platforms/workflows, environmentally sustainable AI practices, or capacity/skills development in data management or AI in Brazil during 2022-2026.","There is no explicit link between UNEP or UNEP-supported work and the measured improvement in data management, environmentally sustainable AI practices, or capacity/skills development in Brazil during 2022-2026.",[]
Brazil,2022–2026,2,UNEP environmental data Brazil AI for environment measured data management artificial intelligence AI capacity skills environmental information system government stakeholder institution platform training after:2022-01-01 before:2026-01-01,"AI and Sustainability: Opportunities, Challenges, and Impact",https://www.ey.com/en_nl/insights/climate-change-sustainability-services/ai-and-sustainability-opportunities-challenges-and-impact,"This article explores the environmental impact of artificial intelligence (AI) and discusses opportunities, current legislation, and ways organizations can ...",https://www.ey.com › en_nl › insights › ai-and-sustaina...,www_ey_com_AI_and_Sustainability_Opportunities_Challenges_and.txt,False,False,0,0,none,none,unclear,unclear,The document is not about Brazil or the time window 2022–2026. It discusses general AI and sustainability topics without specific reference to Brazil or the specified time frame.,There is no mention of UNEP or UNEP-supported work in the document.,[]
Brazil,2022–2026,2,UNEP environmental data Brazil AI for environment measured data management artificial intelligence AI capacity skills environmental information system government stakeholder institution platform training after:2022-01-01 before:2026-01-01,Harnessing Artificial Intelligence for Social Equity and ...,https://www.gov.br/g20/en/calendar/side-events/harnessing-artificial-intelligence-for-social-equity-and-sustainable-development,Brazil will host the G20 in 2024 and one of the focuses of the Digital Economy Working Group is “Artificial Intelligence for Sustainable Development and ...,https://www.gov.br › calendar › side-events › harnessin...,www_gov_br_Harnessing_Artificial_Intelligence_for_Social_Equi.txt,False,False,0,0,none,none,none,unclear,"The document does not contain explicit evidence of measured improvements in data management, environmentally sustainable AI practices, or capacity/skills development in Brazil during 2022-2026.","There is no explicit link between UNEP or UNEP-supported work and any improvements in data management, AI practices, or capacity development mentioned in the document.",[]
Brazil,2022–2026,2,UNEP environmental data Brazil AI for environment measured data management artificial intelligence AI capacity skills environmental information system government stakeholder institution platform training after:2022-01-01 before:2026-01-01,"Climate-Resilient Crops: Integrating AI, Multi-Omics, and ...",https://pmc.ncbi.nlm.nih.gov/articles/PMC12429994/,"The ability of AI to process large-scale genomic data further enhances the efficiency of trait selection, reducing the need for extensive field trials while ...",https://pmc.ncbi.nlm.nih.gov › articles › PMC12429994,pmc_ncbi_nlm_nih_gov_Climate_Resilient_Crops_Integrating_AI_Multi_Omics.txt,False,False,0,0,none,none,unclear,unclear,The document does not contain any relevant information about Brazil or the time window 2022-2026.,The document does not contain any information about UNEP or its activities.,[]
Brazil,2022–2026,2,UNEP environmental data Brazil AI for environment measured data management artificial intelligence AI capacity skills environmental information system government stakeholder institution platform training after:2022-01-01 before:2026-01-01,"Trust, attitudes and use of artificial intelligence",https://assets.kpmg.com/content/dam/kpmgsites/ae/pdf/trust-attitudes-and-use-of-ai-global-report.pdf.coredownload.inline.pdf,"The research was conducted independently by the university research team. Trust, attitudes and use of AI: A global study 2025 | 2. © 2025 Copyright owned by one ...",https://assets.kpmg.com › dam › kpmgsites › pdf,assets_kpmg_com_Trust_attitudes_and_use_of_artificial_intelligence.txt,False,False,0,0,none,none,none,none,"The document does not contain explicit evidence related to measured improvements in data management, environmentally sustainable AI practices, or capacity/skills development in Brazil during 2022-2026.","There is no explicit link between UNEP or UNEP-supported work and the measured improvement in data management, environmentally sustainable AI practices, or capacity/skills development in Brazil during 2022-2026.",[]
Brazil,2022–2026,2,UNEP environmental data Brazil AI for environment measured data management artificial intelligence AI capacity skills environmental information system government stakeholder institution platform training after:2022-01-01 before:2026-01-01,Global assessment of Responsible AI in cities,https://unhabitat.org/sites/default/files/2024/08/global_assessment_of_responsible_ai_in_cities_21082024.pdf,"This sets the stage for understanding Responsible AI, which is explored as a framework for the use of artificial intelligence for inclusive and sustainable ...",https://unhabitat.org › default › files › 2024/08,unhabitat_org_Global_assessment_of_Responsible_AI_in_cities.txt,False,False,0,0,none,none,none,none,"The document does not contain explicit evidence related to improved data management, environmental data systems/platforms/workflows, environmentally sustainable AI practices, or capacity/skills development in data management or AI in Brazil during 2022-2026.","There is no explicit link between UNEP or UNEP-supported work and the measured improvement in data management, environmentally sustainable AI practices, or capacity/skills development in Brazil during 2022-2026.",[]
Brazil,2022–2026,2,UNEP environmental data Brazil AI for environment measured data management artificial intelligence AI capacity skills environmental information system government stakeholder institution platform training after:2022-01-01 before:2026-01-01,AI Watch: Global regulatory tracker - United Nations,https://www.whitecase.com/insight-our-thinking/ai-watch-global-regulatory-tracker-united-nations,"The development of safe, secure and trustworthy AI systems; Capacity gaps by leveraging existing UN and multi-stakeholder mechanisms to support AI capacity ...",https://www.whitecase.com › insight-our-thinking › ai-...,www_whitecase_com_AI_Watch_Global_regulatory_tracker_United_Nations.txt,False,False,0,0,none,none,unclear,unclear,"The document does not contain explicit evidence related to Brazil or the time window 2022-2026, nor does it discuss improvements in data management, environmental data systems, or sustainable AI practices.",There is no explicit link between UNEP or UNEP-supported work and any improvements in data management or sustainable AI practices in Brazil.,[]
Brazil,2022–2026,2,UNEP environmental data Brazil AI for environment measured data management artificial intelligence AI capacity skills environmental information system government stakeholder institution platform training after:2022-01-01 before:2026-01-01,Beyond the AI Divide - Open Knowledge Repository,https://openknowledge.worldbank.org/server/api/core/bitstreams/82fbc048-b723-4818-bb91-9a4c8855daf1/content,"This paper examines global disparities in artificial intelli- gence preparedness, using the 2023 Artificial Intelligence. Preparedness Index developed by the ...",https://openknowledge.worldbank.org › content,openknowledge_worldbank_org_Beyond_the_AI_Divide_Open_Knowledge_Repository.txt,False,False,0,0,none,none,unclear,unclear,No evidence found due to document fetch error.,No evidence found due to document fetch error.,[]
Brazil,2022–2026,2,UNEP environmental data Brazil AI for environment measured data management artificial intelligence AI capacity skills environmental information system government stakeholder institution platform training after:2022-01-01 before:2026-01-01,The Artificial Intelligence Legislation in Brazil: Technical ...,https://www.dataprivacybr.org/en/the-artificial-intelligence-legislation-in-brazil-technical-analysis-of-the-text-to-be-voted-on-in-the-federal-senate-plenary/,This bill aims to define the legal framework for regulating the use of Artificial Intelligence systems in Brazil.,https://www.dataprivacybr.org › Início › Blog,www_dataprivacybr_org_The_Artificial_Intelligence_Legislation_in_Brazil_.txt,True,False,80,0,environmentally sustainable AI practices,improved,government,national,"The document provides detailed information about Brazil's Artificial Intelligence legislation, specifically Bill 2338/2023, which aims to regulate AI systems in Brazil. The bill includes provisions for environmental protection and ecologically balanced development, indicating an improvement in environmentally sustainable AI practices.",There is no explicit mention of UNEP or UNEP-supported work in the document.,"[""The legislation establishes twenty foundational principles for the development, implementation, and use of AI in Brazil, including environmental protection and ecologically balanced development."", ""The law also encourages the creation of multidisciplinary research, development, and innovation centers in artificial intelligence, which could have a cascading effect on public universities and research institutes in Brazil, prioritizing the technological and data autonomy of the country and its insertion and competitiveness in both the domestic and international markets."", ""CRIA, in cooperation with the Ministry of the Environment and Climate Change, will promote research and the development of certification programs to reduce the environmental impact of AI systems.""]"
Brazil,2022–2026,2,UNEP environmental data Brazil AI for environment measured data management artificial intelligence AI capacity skills environmental information system government stakeholder institution platform training after:2022-01-01 before:2026-01-01,CLIMATE CHANGE AND AI,https://wp.oecd.ai/app/uploads/2025/05/climate-change-and-ai.pdf,"Artificial intelligence (AI) is one such tool, with significant opportunities to accelerate strategies for climate change mitigation and adaptation, across ...",https://wp.oecd.ai › app › uploads › 2025/05 › cli...,wp_oecd_ai_CLIMATE_CHANGE_AND_AI.txt,False,False,0,0,none,none,unclear,unclear,No evidence found due to document fetch error.,No evidence found due to document fetch error.,[]
Brazil,2022–2026,2,UNEP environmental data Brazil AI for environment measured data management artificial intelligence AI capacity skills environmental information system government stakeholder institution platform training after:2022-01-01 before:2026-01-01,GOVERNMENT POLICY,https://www.icef.go.jp/wp-content/themes/icef_new/pdf/roadmap/2024/16_ICEF2.0%20Gov%20Policy_stand%20alone.pdf,"Governments collect environmental data used to train. AI models, fund clean energy research programs that use AI tools, establish policies that shape the use of ...",https://www.icef.go.jp › icef_new › pdf › roadmap,www_icef_go_jp_GOVERNMENT_POLICY.txt,False,False,0,0,none,none,unclear,unclear,No relevant information found.,No UNEP link found.,[]
Brazil,2022–2026,2,UNEP environmental data Brazil AI for environment measured data management artificial intelligence AI capacity skills environmental information system government stakeholder institution platform training after:2022-01-01 before:2026-01-01,Managing the race to the moon: Global policy and governance ...,https://link.springer.com/article/10.1007/s44163-024-00109-4,"This paper delves into the complexities of global AI regulation and governance, emphasizing the socio-economic repercussions of rapid AI development.",https://link.springer.com › article,link_springer_com_Managing_the_race_to_the_moon_Global_policy_and_go.txt,False,False,0,0,none,none,none,none,The document does not contain explicit evidence related to Brazil or stakeholders/institutions in Brazil (in 2022–2026) of measured improvements in digital/data management or environmentally sustainable AI practices.,"The document does not explicitly link UNEP or UNEP-supported work to enabling, supporting, improving, training, implementing, or operationalizing SP7.1 evidence.",[]
Brazil,2022–2026,2,UNEP environmental data Brazil AI for environment measured data management artificial intelligence AI capacity skills environmental information system government stakeholder institution platform training after:2022-01-01 before:2026-01-01,using ai to assess and manage environmental risk,https://ipur.nus.edu.sg/wp-content/uploads/2025/06/Using-AI-to-assess-and-manage-environmental-risk-report.pdf,"Government agencies have started to use AI for a range of environmental risk related tasks, such as monitoring coastal erosion, stopping wildlife poaching, ...",https://ipur.nus.edu.sg › uploads › 2025/06 › Usin...,ipur_nus_edu_sg_using_ai_to_assess_and_manage_environmental_risk.txt,True,False,40,0,data management system / environmental data platform,improved,government / public-sector institution,national,"The document mentions Brazil's MapBiomas water project, which used AI to identify surface water loss. This is an example of improved data management and environmental data systems. However, there is no explicit mention of UNEP's involvement.",There is no explicit link between UNEP and the improved data management or sustainable AI practices in Brazil.,"[""Brazil has been losing large volumes of surface water over the past few decades. The MapBiomas water project, which was established by Brazil’s Climate Observatory along with the World Wildlife Fund, has used AI to identify both the scale of loss and the location of problem areas."", ""Using machine learning, the project processed more than 150,000 satellite images that spanned the years 1985 to 2023, a task that the project leaders state could not have been done without AI.""]"
Brazil,2022–2026,2,UNEP environmental data Brazil AI for environment measured data management artificial intelligence AI capacity skills environmental information system government stakeholder institution platform training after:2022-01-01 before:2026-01-01,Using artificial intelligence to implement the UN ...,https://www.haw-hamburg.de/fileadmin/LS/FTZ-NK/PDF/Publications/2024-Using_artificial_intelligence_to_implement_the_UN_sustainable_development__Int._Journal_of_Sustainable_Development_and_World_Ecology.pdf,Some specific examples of AI applications include: the use of robotics to foster the effectiveness and effi- ciency of surgical interventions; the use of ...,https://www.haw-hamburg.de › PDF › Publications,www_haw-hamburg_de_Using_artificial_intelligence_to_implement_the_UN_.txt,False,False,0,0,none,none,unclear,unclear,No relevant information found.,No UNEP link found.,[]
Brazil,2022–2026,2,UNEP environmental data Brazil AI for environment measured data management artificial intelligence AI capacity skills environmental information system government stakeholder institution platform training after:2022-01-01 before:2026-01-01,SOUTH AFRICA'S ARTIFICIAL INTELLIGENCE (AI) ...,https://www.dcdt.gov.za/images/phocadownload/AI_Government_Summit/National_AI_Government_Summit_Discussion_Document.pdf,30% of the total workforce trained on basic AI data management and AI literacy skills. •. 20 000 local AI specialists in workforce. •. 5 000 AI experts. •. Top ...,https://www.dcdt.gov.za › AI_Government_Summit,www_dcdt_gov_za_SOUTH_AFRICA_S_ARTIFICIAL_INTELLIGENCE_AI_.txt,False,False,0,0,none,none,unclear,unclear,No relevant information found about Brazil or 2022-2026.,No UNEP attribution found.,[]
Brazil,2022–2026,2,UNEP environmental data Brazil AI for environment measured data management artificial intelligence AI capacity skills environmental information system government stakeholder institution platform training after:2022-01-01 before:2026-01-01,Artificial Intelligence Index Report 2025,https://hai-production.s3.amazonaws.com/files/hai_ai_index_report_2025.pdf,"Several countries launched billion-dollar national AI infrastructure initiatives, including major efforts to expand energy capacity to support AI development.",https://hai-production.s3.amazonaws.com › files,hai-production_s3_amazonaws_com_Artificial_Intelligence_Index_Report_2025.txt,False,False,0,0,none,none,unclear,unclear,No evidence found due to document retrieval failure.,No evidence found due to document retrieval failure.,[]
Brazil,2022–2026,2,UNEP environmental data Brazil AI for environment measured data management artificial intelligence AI capacity skills environmental information system government stakeholder institution platform training after:2022-01-01 before:2026-01-01,Enhancing Access to and Sharing of Data in the Age ...,https://one.oecd.org/document/COM/DSTI/CDEP/STP/GOV/PGC(2024)1/FINAL/en/pdf,"This Companion Document looks at access to and sharing of both, data used to train AI systems (AI input); and AI models, which encode information from AI input ...",https://one.oecd.org › PGC(2024)1 › FINAL › pdf,one_oecd_org_Enhancing_Access_to_and_Sharing_of_Data_in_the_Age.txt,False,False,0,0,none,none,unclear,unclear,No relevant evidence found in the document.,No UNEP attribution found in the document.,[]
Brazil,2022–2026,2,UNEP environmental data Brazil AI for environment measured data management artificial intelligence AI capacity skills environmental information system government stakeholder institution platform training after:2022-01-01 before:2026-01-01,Artificial Intelligence in Social Security Organizations,https://unu.edu/sites/default/files/2024-06/2-AI%20in%20SecSoc%202024.pdf,Various AI tools are being used for: responding to a crisis; promoting economic empowerment; alleviating educational challenges; mitigating environmental ...,https://unu.edu › sites › default › files,unu_edu_Artificial_Intelligence_in_Social_Security_Organiz.txt,False,False,0,0,none,none,unclear,unclear,"The document does not contain explicit evidence related to Brazil or the time window 2022-2026. It discusses AI applications in social security organizations broadly, but does not provide specific information about measured improvements in data management, environmentally sustainable AI practices, or capacity/skills development in Brazil during the specified period.","There is no explicit link between UNEP or UNEP-supported work and the measured improvement in data management, environmentally sustainable AI practices, or capacity/skills development in Brazil (in 2022-2026).",[]
