Entity,TimeWindow,Title,Link,Snippet,DisplayLink
Lebanon,2002–2006,Report of the World Summit on Sustainable Development,https://docs.un.org/en/A/Conf.199/20,"Minister of the Environment of Lebanon; Frederick A. Mitchell, Minister for ... The United Nations Environmental Programme Global Environment Outlook,.",https://docs.un.org › Conf.199
Lebanon,2002–2006,Tsunami damage over US $1 million - UNEP assessment,https://www.thenewhumanitarian.org/report/24885/yemen-tsunami-damage-over-us-1-million-unep-assessment,The emergency EEU/UNEP assessment was conducted only on Socotra and in al ... Lebanon · Libya · Palestine · Syria · Turkey · Yemen · Global Issues · Analysis ...,https://www.thenewhumanitarian.org › report › yemen-ts...
Lebanon,2002–2006,Mediterranean Sea highly polluted by toxic chemicals,https://wwf.panda.org/es/?9772/Mediterranean-Sea-highly-polluted-by-toxic-chemicals,"According to UNEP's Assessment of Transboundary Pollution Issues in the ... Lebanon, Libya, Serbia Montenegro and Syria still have to ratify the Protocol.",https://wwf.panda.org › Mediterranean-Sea-highly-poll...
Lebanon,2002–2006,Caring for Climate,https://unfccc.int/resource/docs/publications/caring_en.pdf,LEBANON. ✓✓. LESOTHO ... Also available online at http://130.37.129/IVM/research/climatechange/fb_Handbook.htm. UNEP (2002) Global Environment Outlook 3.,https://unfccc.int › docs › publications › caring_en
Lebanon,2002–2006,STRATEGIC ENVIRONMENTAL ASSESSMENT,https://www.iied.org/sites/default/files/pdfs/migrate/G02193.pdf,The Global Environment Outlook project. 30. 2.10 State of the environment ... 6.27 SEA and land use Planning project in Lebanon. 254. 6.28 Promoting SEA in ...,https://www.iied.org › sites › files › pdfs › migrate
Lebanon,2002–2006,Capacity Building for Sustainable Development,https://www.ircwash.org/sites/default/files/UNEP-2002-Capacity.pdf,The UNEP assessment strategy involves the development of ... Capacity building is formally programmed into the Global Environment Outlook (GEO) process (page 120) ...,https://www.ircwash.org › UNEP-2002-Capacity
Lebanon,2002–2006,"Religions, Ethics and Environment",https://iefworld.org/unepgc21.htm,"The Maronite Church of Lebanon has protected the forest of Harisa, a ... The UNEP report Global Environment Outlook 2000 clearly demonstrates that if ...",https://iefworld.org › unepgc21
Lebanon,2002–2006,Drought characteristics and management in North Africa and ...,https://openknowledge.fao.org/server/api/core/bitstreams/94eb6949-ae16-4ae6-994e-860d1156d449/content,"for the Ministry of Environment. Lebanon. MoE/UNDP/ECODIT. 2011. State of ... Global Environment Outlook 3, Nairobi. UNHR. 2014. End visit Statement by ...",https://openknowledge.fao.org › core › content
Lebanon,2002–2006,The Environmental Vulnerability Index (EVI) 2004,https://gsd.spc.int/sopac/evi/Files/EVI%202004%20Technical%20Report.pdf,"... Lebanon. United Kingdom. Italy. Netherlands. Albania. Germany. Poland. Bangladesh ... UNEP Report. 15. Kaly, U.L. 2000. Lessons from the EVI and Smart ...",https://gsd.spc.int › sopac › evi › Files
Lebanon,2002–2006,Earth Summit 2002 - Stakeholder Forum,https://earthsummit2002.stakeholderforum.org/Es2002.pdf,"Numerous reports from different UN bodies are underway to supple- ment the review process, including UNEP's Global Environment Outlook, UNDP's Human Development ...",https://earthsummit2002.stakeholderforum.org › ...
Lebanon,2002–2006,59/62 - General Assembly - the United Nations,https://docs.un.org/en/a/59/62,"and the remainder flew respectively the flags of Lebanon, Cyprus, Panama, ... the Global Environment Outlook, the Global International Waters Assessment, the ...",https://docs.un.org › ...
Lebanon,2002–2006,Earth Summit 2002 - Stakeholder Forum,https://earthsummit2002.stakeholderforum.org/Es2002.pdf,"Numerous reports from different UN bodies are underway to supple- ment the review process, including UNEP's Global Environment Outlook, UNDP's Human Development ...",https://earthsummit2002.stakeholderforum.org › ...
Lebanon,2002–2006,Management Report 2002 - Nestlé's strategic priorities are ...,https://www.nestle.com/sites/default/files/asset-library/documents/library/documents/annual_reports/2002-management-report-en.pdf,Examples of Nestlé's approach to sustainability were also included in an official United Nations. Environment Programme (UNEP) report to the World. Summit on ...,https://www.nestle.com › library › annual_reports
Lebanon,2002–2006,The water footprint of cotton consumption,https://waterfootprint.org/resources/Report18.pdf,"UNEP (2002) 'Global environment outlook 3: Past, present and future ... Lebanon. 2. 0. 3. 5. 57. 60. 19. 136. 141. Lithuania. 1. 0. 2. 3. 31. 22. 10. 63. 66.",https://waterfootprint.org › resources › Report18
Lebanon,2002–2006,2003 United Nations List of Protected Areas,http://www.env-edu.gr/Documents/2003%20United%20Nations%20List%20of%20Protected%20Areas.pdf,"Global Environment Outlook (ongoing) n. Global Biodiversity Outlook ... Kuwait, Lebanon, Libyan Arab Jamahiriya, Morocco, Oman, Qatar, Saudi Arabia ...",http://www.env-edu.gr › Documents
Lebanon,2002–2006,Understanding Environmental Pollution,"https://www.nzdr.ru/data/media/biblio/kolxoz/P/PGp/Hill%20M.K.%20Understanding%20Environmental%20Pollution%20(draft,%203ed.,%20CUP,%202010)(ISBN%200521518660)(O)(602s)_PGp_.pdf","... UNEP report: Global Environment Outlook 2000, and the OECD. Environmental ... Lebanon. The largest occurred during the 1991 Gulf war, when. Iraq ...",https://www.nzdr.ru › data › biblio › kolxoz › PGp
Lebanon,2002–2006,Annual Statistical Report 2001,https://www.ungm.org/Shared/KnowledgeCenter/Document?widgetId=6628&documentId=1704747,"... LEBANON. 15,044.73. 5,120.94. 20,165.67. 0.54%. 20,552.82. 11,122.83. 31,675.66 ... Global Environment Outlook-3. 85,000.00. United Kingdom N/A. Illegal Trade In ...",https://www.ungm.org › Shared › Document
Lebanon,2002–2006,caring for climate,https://unfccc.int/resource/docs/publications/caring2005_en.pdf,LEBANON. ✓✓. LESOTHO. ✓✓. LIBERIA. ✓. LIBYAN ARAB JAMAHIRIYA ... htm. UNEP (2002) Global Environment Outlook 3. Published for the. United ...,https://unfccc.int › publications › caring2005_en
Lebanon,2002–2006,Resource Guide for the Second CWC Review Conference 2008,http://www.cwc2013.info/add/RG2008-full.pdf,... Lebanon. 80. Lesotho. 81. Libyan Arab Jamahiriya. 82. Liechtenstein. 83 ... UNEP report detailing activities under these various initiatives. 4.3 World ...,http://www.cwc2013.info › add › RG2008-full
Lebanon,2002–2006,Land Use and Soil Resources,https://content.e-bookshelf.de/media/reading/L-4555-3d53ec6935.pdf,"salinity in northeast Lebanon. (Adapted from Darwish et al.,. 2005) ... Global environment outlook 3. Past, present and future perspectives. London ...",https://content.e-bookshelf.de › media › reading
Lebanon,2002–2006,pilot study of used oils in nigeria,https://www.basel.org.ng/index.php/extensions/pip-project/category/23-workshop-reports?download=57:pilot-study-report,"Overall, a comparative assessment of the three options, from the work of El-Fadel and Khoury. (2001) on waste oil management in Lebanon adapted to the Nigerian ...",https://www.basel.org.ng › 23-workshop-reports
Lebanon,2002–2006,付録ⅱ 参考文献,https://cger.nies.go.jp/ja/library/ipcc-ar4-wg2/pdf/IPCC_AR4_WG2_a2.pdf,"... Lebanon: economic valuation and policy op- tions. Water Air Soil Poll., 137 ... Global Environment Outlook 3: Past, Present and Future Perspec- tives ...",https://cger.nies.go.jp › pdf › IPCC_AR4_WG2_a2
Lebanon,2002–2006,well-being - Traduzione in italiano – Dizionario Linguee,https://www.linguee.it/inglese-italiano/traduzione/well-being.html,"... Lebanon. europarl.europa.eu. europarl.europa.eu. Politicamente, tuttavia ... UNEP Report: an economy that. [...] generates an “improving well-being and ...",https://www.linguee.it › inglese-italiano › well-being
Lebanon,2002–2006,International Year of Freshwater 2003,https://www.un.org/esa/sustdev/sdissues/water/IYFW2003_MediaContacts.pdf,"Key publications and resources: Global Environment Outlook,. Regional ... Riad El-Solh Square, Beirut, Lebanon. Tel: +961-1-981-301, Fax: +961-1-981-516.",https://www.un.org › IYFW2003_MediaContacts
Lebanon,2002–2006,_AfkWin.txt - Rob van Viersen - Startpagina,http://www.viersen.nl/Afkortingen/_AfkWin.txt,... Global Environment Outlook number 3; UNO Milieu (van => UNEP) geol Geologie ... Lebanon; USA-NH Luchth.code Leb Lebensohl; KaartSpel (Bridge conventie) ...,http://www.viersen.nl › Afkortingen
Lebanon,2006–2010,Lebanon - Post-Conflict Environmental Assessment,http://data.infopro.com.lb/file/Lebanon%20Post-Conflict%20Environmental%20Assessment-2007.pdf,UNEP's assessment activities. We also thank the. Joint UNEP/OCHA ... Government of Lebanon (2005). Council for Development and Reconstruction ...,http://data.infopro.com.lb › file › Lebanon Post-C...
Lebanon,2006–2010,UNEP,https://weadapt.org/organisation/unep/,"UNEP Adaptation Gap Report 2025: Running on empty. Amid rising global ... Lebanon, Lesotho, Liberia, Libya, Liechtenstein, Lithuania, Luxembourg, Macao S.A.R. ...",https://weadapt.org › Organisations
Lebanon,2006–2010,A/62/343 - General Assembly - the United Nations,https://docs.un.org/en/A/62/343,It should be noted that the UNEP report focused on assessment of ... adequate compensation to the Government of Lebanon. The Secretary-General.,https://docs.un.org › ...
Lebanon,2006–2010,UNEP 2007,https://www.iri.edu.ar/publicaciones_iri/anuario/CD%20Anuario%202008/Mayd/PNUMA.pdf,of the UNEP Global Environment Outlook GEO-4 report at UN headquarters in New York. ... UNEP's report delivers a clear message: Sudan now faces a broad ...,https://www.iri.edu.ar › anuario › Mayd › PNUMA
Lebanon,2006–2010,UN official discusses latest situation in southern Lebanon ...,https://electronicintifada.net/content/un-official-discusses-latest-situation-southern-lebanon-officials-beirut/3149,"Last month, a UN Environment Programme (UNEP) report stressed the importance of rapidly removing them, especially in southern Lebanon where large areas of ...",https://electronicintifada.net › content › un-official-discu...
Lebanon,2006–2010,Manual on Compliance with and Enforcement of ...,https://www.pic.int/Portals/5/customs/Minisite/doc/UNEP_Manual%20Compliance%20with%20and%20Enforcement%20of%20MEAs.pdf,"... Global Environment Outlook (GEO), as well as the other regional and national ... Lebanon, Syria, Kuwait, Qatar, Bahrain, Oman, Saudi Arabia, and Yemen ...",https://www.pic.int › customs › Minisite › doc
Lebanon,2006–2010,Impact of Climate Change on Arab Countries,https://www.droughtmanagement.info/literature/AFED_climate_change_arab_countries_2009.pdf,Government of Lebanon (1999). Initial National. Communication under the ... Global Environment Outlook (GEO) 4. UNISDR. Prevention website. At: http ...,https://www.droughtmanagement.info › literature
Lebanon,2006–2010,Population Dynamics and Climate Change,https://www.unfpa.org/sites/default/files/resource-pdf/pop_dynamics_climate_change_0.pdf,data and indicators for UNEP's Global Environment Outlook (GEO) and is lead ... Lebanon. Gabon. Jordan. Peru. Cuba. Panama. Paraguay. Jamaica. China. Thailand.,https://www.unfpa.org › sites › files › resource-pdf
Lebanon,2006–2010,UNEP in 2006,https://www.opalesurfcasting.net/IMG/pdf/-unep_2006_annual_report-2007755.pdf,"UNEP leads, supports or collaborates in a wide range of environmental assessments, including the Global Environment Outlook (GEO), the Intergovernmental Panel ...",https://www.opalesurfcasting.net › IMG › pdf ›
Lebanon,2006–2010,United Nations Framework Convention on Climate Change,https://unfccc.int/resource/docs/publications/unitingonclimate_eng.pdf,Lebanon. Lesotho. Liberia. Libyan Arab Jamahiriya. Lichtenstein. Lithuania ... Global Environment Outlook 3. Published for the United Nations Environment ...,https://unfccc.int › docs › unitingonclimate_eng
Lebanon,2006–2010,The Marine Environment,https://oceanrep.geomar.de/2752/1/OP-2007-12-en-FULLVERSION.pdf,... Global Environment Outlook: http://www.unep.org/geo/geo4/media/index.asp. OUR ... Response Centre for the Mediterranean Sea (REMPEC) and Lebanon's Minister of the ...,https://oceanrep.geomar.de › OP-2007-12-en-FUL...
Lebanon,2006–2010,RADIATION ENVIRONMENTAL,https://www-pub.iaea.org/MTCD/Publications/PDF/RPEA_Web.pdf,LEBANON. LIBERIA. LIBYAN ARAB JAMAHIRIYA. LIECHTENSTEIN. LITHUANIA. LUXEMBOURG ... Global water stress according to the Global Environment Outlook 2000 [1.1].,https://www-pub.iaea.org › PDF › RPEA_Web
Lebanon,2006–2010,The Impact of Urbanization on CO2 Emissions,https://ageconsearch.umn.edu/record/37673/files/50-08.pdf,"The main greenhouse gas in terms of quantity is CO2, which, according to UNEP (1999), ... Lebanon. Haiti. Ecuador. Libya. India. Egypt, Arab Rep. Lithuania.",https://ageconsearch.umn.edu › record › files
Lebanon,2006–2010,Arab Environment: Future Challenges,https://research.fit.edu/media/site-specific/researchfitedu/coast-climate-adaptation-library/middle-east/regional---middle-east/Tolba--Saab.-2008.-Middle-East-Arab-Environments-Future-Challenges.pdf,"... Lebanon, by Al-Bia Wal-Tanmia. (Environment & Development) magazine. The ... UNEP Report, July 2006. World Bank - Middle East and North Africa. Region ...",https://research.fit.edu › regional---middle-east
Lebanon,2006–2010,Water in a changing world: the United Nations ...,https://unesdoc.unesco.org/ark:/48223/pf0000181993,... Global Environment Outlook (GEO4) report of 2007 generated four dif- ferent ... Lebanon.13 Water can accumulate in the soil profile through runoff and ...,https://unesdoc.unesco.org › ark:
Lebanon,2006–2010,"Changing Ocean, Marine Ecosystems, and Dependent ...",https://www.ipcc.ch/srocc/chapter/chapter-5/,"Salpie Djoundourian (Lebanon); Catia Domingues (Australia); Tyler Eddy (Canada) ... Emissions Gap Report. United Natoins Environment Programme, Nairobi ...",https://www.ipcc.ch › srocc › chapter › chapter-5
Lebanon,2006–2010,III TWM - Transboundary Waters Management - Publications,https://publications.iadb.org/publications/english/document/Transboundary-Waters-Management-Acta-of-the-3rd-Symposium-on-Transboundary-Waters-Management-(2006).pdf,"According to UNEP (2002), the Americas with 78 river basins shared by two or ... Georgia, Israel, Jordan, Lebanon, Libya, Moldova, Morocco, Palestinian ...",https://publications.iadb.org › english › document
Lebanon,2006–2010,Israel did not use depleted uranium during conflict ... - UN News,https://news.un.org/en/story/2006/11/198902,... Lebanon remains the main obstacle to a resumption of normal life in the ... Reporting on the findings of a UNEP assessment carried out for three weeks ...,https://news.un.org › story › 2006/11
Lebanon,2006–2010,Values of Protected Landscapes and Seascapes,https://portals.iucn.org/library/sites/library/files/documents/2008-055.pdf,"Fourth Global Environment Outlook, GEO 4. Environ- ment for development ... $0.7 per hectare, whereas Jordan invests $10.2, Lebanon. $19.3 and Turkey ...",https://portals.iucn.org › library › files › documents
Lebanon,2006–2010,only one cause among many for Darfur conflict,https://www.thenewhumanitarian.org/fr/node/237404,"... UNEP assessment pointed out. The most severe drought occurred in 1980-1984, and was accompanied by widespread displacement and localised famine. The UNEP report ...",https://www.thenewhumanitarian.org › node
Lebanon,2006–2010,III TWM - Transboundary Waters Management - Publications,https://publications.iadb.org/publications/english/document/Transboundary-Waters-Management-Acta-of-the-3rd-Symposium-on-Transboundary-Waters-Management-(2006).pdf,"According to UNEP (2002), the Americas with 78 river basins shared by two or ... Georgia, Israel, Jordan, Lebanon, Libya, Moldova, Morocco, Palestinian ...",https://publications.iadb.org › english › document
Lebanon,2006–2010,The Geopolitics of Climate Change,https://www.foi.se/rest-api/report/FOI-R--2377--SE,"valley, primarily involving Israel, Jordan, Lebanon, the Palestinians and Syria. ... United Nations Environmental Programme Global Environment Outlook (GEO).",https://www.foi.se › report › FOI-R--2377--SE
Lebanon,2006–2010,Values of Protected Landscapes and Seascapes,https://portals.iucn.org/library/sites/library/files/documents/2008-055.pdf,"Fourth Global Environment Outlook, GEO 4. Environ- ment for development ... $0.7 per hectare, whereas Jordan invests $10.2, Lebanon. $19.3 and Turkey ...",https://portals.iucn.org › library › files › documents
Lebanon,2006–2010,Marine Litter: A global Challenge - Virtual Library,https://library.sprep.org/sites/default/files/314_0.pdf,"in the municipality of Tripoli, Lebanon in which direct technical and legal assistance was provided along ... Global Environment Outlook 3. Past, Present and ...",https://library.sprep.org › sites › default › files
Lebanon,2006–2010,Uncontrolled trash greatest public health threat in Monrovia,https://www.thenewhumanitarian.org/report/73065/liberia-uncontrolled-trash-greatest-public-health-threat-monrovia-un,"... according to UNEP, especially in the rainy season. As Liberia moves into the ... Lebanon · Libya · Palestine · Syria · Turkey · Yemen · Global Issues · Analysis ...",https://www.thenewhumanitarian.org › report › liberia-u...
Lebanon,2006–2010,George Ledec Robert Goodland,https://documents.worldbank.org/curated/en/102041468739335376/pdf/multi-page.pdf,"Lebanon. 10,400. 0. 0.00. 0. Qatar. 11,000. 0. 0.00. 0. Syrian Arab Rep. 185,180. 0. 0.00 ... UNEP Report 6. Nairobi. *. 1982a. Global Assessment of Tropical ...",https://documents.worldbank.org › pdf › multi-page
Lebanon,2006–2010,Paul Simon Water for the Poor Act: 2007 Report to Congress,https://2009-2017.state.gov/e/oes/rls/rpts/waterforthepoor/85873.htm,"... Lebanon, Ethiopia, Kenya, Iraq,, the Democratic Republic of Congo ... 16 Ibid. 17 UNEP Report. 2004. “Financing wastewater collection and treatment in ...",https://2009-2017.state.gov › oes › rls › rpts › waterfort...
Lebanon,2006–2010,Separatist Movements,https://us.sagepub.com/sites/default/files/upm-binaries/36778_Chapter2.pdf,"Source: World Meteorological Organisation, Global Environment Outlook, U.N. Environment Programme, Earthscan, ... LEBANON. JORDAN. I R A Q. I R A N. SAUDI.",https://us.sagepub.com › upm-binaries › 36778_Chapter2
Lebanon,2006–2010,Post disaster waste management strategies in developing ...,https://www.tandfonline.com/doi/pdf/10.3846/1648-715X.2009.13.171-190,"Lebanon. 4 million tons. • A stationary recycling plant. • Problems arising ... According to the UNEP report. (UNEP, 2005), in Sri Lanka about 100,000 of.",https://www.tandfonline.com › doi › pdf
Lebanon,2006–2010,UNEP 2008 ANNUAL REPORT,https://www.iri.edu.ar/publicaciones_iri/anuario/Anuario%202009/Mayd/Naciones%20Unidas%20-%20United%20Nations%20Environment%20Programme%20-%20ANNUAL%20REPORT%202008.pdf,"The most popular sites in 2008 continued to be the News Centre,. Global Environment Outlook (GEO), World ... France, Lebanon, United Arab Emirates and Kenya.",https://www.iri.edu.ar › anuario › Mayd
Lebanon,2006–2010,Environmental Change and Human Security: Recognizing ...,http://ndl.ethernet.edu.et/bitstream/123456789/59451/1/8.pdf.pdf,"... Lebanon, the center of Hezbollah's influence. In May 2003, Paraguayan police ... According to UNEP's Balkan Task Force. Report of October 1999, Pancevo ...",http://ndl.ethernet.edu.et › bitstream › 8.pdf.pdf
Lebanon,2006–2010,Circle of Impact: The Fatal Footprint of Cluster Munitions on ...,https://www.hi.org/sn_uploads/document/Cercle-d-impact_L-empreinte-fatale-des-sous-munitions-sur-les-personnes-et-les-communautes_en_1.pdf,"UN Environment Programme (UNEP), Assessment of Environmental “Hot Spots” in Iraq, Switzerland, ... Antoine Haddad, The Poor in Lebanon, in The Lebanon Report, The ...",https://www.hi.org › sn_uploads › document › C...
Lebanon,2006–2010,UNEP 2008 ANNUAL REPORT,https://www.iri.edu.ar/publicaciones_iri/anuario/Anuario%202009/Mayd/Naciones%20Unidas%20-%20United%20Nations%20Environment%20Programme%20-%20ANNUAL%20REPORT%202008.pdf,"The most popular sites in 2008 continued to be the News Centre,. Global Environment Outlook (GEO), World ... France, Lebanon, United Arab Emirates and Kenya.",https://www.iri.edu.ar › anuario › Mayd
Lebanon,2006–2010,Caring for Climate,https://unfccc.int/resource/docs/publications/caring_en.pdf,LEBANON. ✓✓. LESOTHO ... Also available online at http://130.37.129/IVM/research/climatechange/fb_Handbook.htm. UNEP (2002) Global Environment Outlook 3.,https://unfccc.int › docs › publications › caring_en
Lebanon,2006–2010,Sahelo-Saharan Antelopes - Conservation Biology Section,https://cb.naturalsciences.be/antelopes/Publications/CMS%20antilopes%20sahelo%20saharan%20antelopes%20sept2006%20version%20En.pdf,"Gazella gazella of the Arabian peninsula, Israel and Lebanon, Gazella bilkis of ... IUCN/WWF/UNEP report.Gland, IUCN. NEWBY, J. E. 1978. The Ecological ...",https://cb.naturalsciences.be › Publications
Lebanon,2006–2010,Fresh Insights - Virtual water: a case study of green beans ...,https://assets.publishing.service.gov.uk/media/57a08c1ced915d3cfd00118e/60506fresh_insights_3.pdf,"Although a number of countries e.g. Kuwait, Qatar, Saudi Arabia, Bahrain, Jordan, Israel, Oman and Lebanon, combine ... UNEP (2000) Global Environment Outlook.",https://assets.publishing.service.gov.uk › media
Lebanon,2006–2010,PLANET PREPARE,https://www.wvi.org/sites/default/files/PlanetPrepare_LowRes.pdf,New UNEP Report Shows Just How Hot It's Getting. World Envi- ronment Day ... Rep; Lebanon; Macau; Malaysia; Mongolia; Myanmar; Nepal; Oman; Paki- stan ...,https://www.wvi.org › PlanetPrepare_LowRes
Lebanon,2006–2010,UK Water Footprint: the impact of the UK's food and fibre ...,https://wwfeu.awsassets.panda.org/downloads/wwf_uk_footprint.pdf,"Lebanon. Spain. Kazakstan. Germany. Cyprus. South Africa. Armenia. Ukraine ... Global environment outlook 3: past, present and future perspectives. London ...",https://wwfeu.awsassets.panda.org › downloads
Lebanon,2006–2010,Cage culture - Regional review and global overview,https://www.fao.org/4/a1290e/a1290e.pdf,"... Global Environment Outlook- State of the Environment-Asia and the Pacific ... Lebanon, Israel, Egypt, Libyan Arab Jamahiriya, Tunisia, Algeria and ...",https://www.fao.org › ...
Lebanon,2006–2010,human health effects of exposure to wastewater among ...,https://scholar.mzumbe.ac.tz/bitstreams/45991937-71e7-478d-bff2-0e432fdfcb1e/download,According to UNEP (2005) there is little wastewater treatment in developing countries in most of its cities as they lack appropriate capacity to enforce ...,https://scholar.mzumbe.ac.tz › download
Lebanon,2006–2010,UN-FORUM,https://www.fu-berlin.de/sites/mun/medien/mun/reports/NMUN_Report_20072_en.pdf,"Sniffen believed that the next UNEP report, which will be focused on North America ... Nevertheless we found partners in Arab States such as Saudi Arabia, Lebanon ...",https://www.fu-berlin.de › medien › mun › reports
Lebanon,2006–2010,The Lives of Frank and Charles Fenner,https://library.oapen.org/bitstream/handle/20.500.12657/33682/459384.pdf?sequence=1,"commitments, discussion of a UN Environment Program (UNEP) report and a ... Lebanon (2/1. Casualty Clearing Station) we went on two wonderful week-long ...",https://library.oapen.org › bitstream › handle
Lebanon,2006–2010,Year in Review 2007,https://www.cbd.int/doc/reports/cbd-report-2007-en.pdf,"fourth Global Environment Outlook (GEO 4) report; the G8+5 meeting in ... associations from Lebanon, Tunisia, Kenya, Nigeria,. France, Ecuador ...",https://www.cbd.int › reports › cbd-report-2007-en
Lebanon,2006–2010,Uncontrolled trash greatest public health threat in Monrovia,https://www.thenewhumanitarian.org/report/73065/liberia-uncontrolled-trash-greatest-public-health-threat-monrovia-un,"... according to UNEP, especially in the rainy season. As Liberia moves into the ... Lebanon · Libya · Palestine · Syria · Turkey · Yemen · Global Issues · Analysis ...",https://www.thenewhumanitarian.org › report › liberia-u...
Lebanon,2006–2010,PAM IVth PLENARY SESSION,https://www.tbmm.gov.tr/Files/ul_kom/akdeniz_pa/docs/toplanti_sonuc_eng.pdf,"outside the camps in Lebanon. ... To conclude, he touched upon the issue of the degradation of the coastal aquifer of Gaza, as outlined in a recent. UNEP report ...",https://www.tbmm.gov.tr › toplanti_sonuc_eng
Lebanon,2006–2010,The sustainble MBA: a business guide to sustainability ...,https://dokumen.pub/the-sustainble-mba-a-business-guide-to-sustainability-2nd-ed-9781118760635-1118760638.html,"According to UNEP, the world's 200 largest retailers account for 30% of ... Lebanon: Cleaner Production Centre (www .lebanese-cpc.net). United Arab ...",https://dokumen.pub › ...
Lebanon,2006–2010,Thermal Mapping Of Hermetically Sealed Compressors ...,https://www.academia.edu/50709121/Thermal_Mapping_Of_Hermetically_Sealed_Compressors_Using_Computational_Fluid_Dynamics_Technique,"... Lebanon, NH, 1998 6. Incropera, F. P. and DeWitt, D. P., “ Fundamentals of Heat and Mass Transfer ”, Second edition, John Wiley and Sons, New York, 1985 ...",https://www.academia.edu › Thermal_Mapping_Of_He...
Lebanon,2006–2010,impacts of desertification and drought and other ...,https://www.droughtmanagement.info/literature/WMO_CAgM_impacts_desertification_2006.pdf,Source: Williams and Balling (1996): WMO-UNEP Report on Interactions of Desertification ... Lebanon. NAP implementation is under way with the assistance of ...,https://www.droughtmanagement.info › literature
Lebanon,2006–2010,Area Handbook - North Korea (2008) | PDF,https://www.scribd.com/doc/134366732/Area-Handbook-North-Korea-2008,"Programme (UNEP) report published in 2003, data on air pollution are very ... Lebanon Soviet Union Liberia Spain Libya Sri Lanka. Malawi Sudan Malaysia ...",https://www.scribd.com › doc › Area-Handbook-North-...
Lebanon,2006–2010,International Fuel Prices 2009 - Metschies Consult,http://www.metschies.com/downloads/FuelPrices2009.pdf,"Lebanon 76. Australia 94. Azerbaijan 56. Taiwan (China) 69. Jordan 61. Malaysia ... UNEP Report. With this booklet, UNEP aims to raise awareness of the.",http://www.metschies.com › downloads › FuelPric...
Lebanon,2006–2010,How to Properly Store a Plastic Box at Home,https://europlas.com.vn/en-US/blog-1/how-to-properly-store-a-plastic-box-at-home,"According to UNEP (United Nations Environment Programme), the world ... Lebanon; Lesotho; Liberia; Libyan Arab Jamahiriya; Lithuania; Luxembourg; Madagascar ...",https://europlas.com.vn › Home › Blog
Lebanon,2006–2010,PRINCIPLES OF WATER LAW AND ADMINISTRATION,http://ndl.ethernet.edu.et/bitstream/123456789/710/1/145.pdf,"in Lebanon (Ministry of Water Resources), in Mauritania (Ministry of Water ... UNEP, Report of the Executive Director on Cooperation in the Field of ...",http://ndl.ethernet.edu.et › bitstream
Lebanon,2006–2010,Governance for the Future,https://www.un.org/ohrlls/sites/www.un.org.ohrlls/files/governancereport.pdf,... Global Environment Outlook. GNI gross national income. GNP gross national ... Lebanon: UNDP. ———. 2000c. “Human Development Report 2000: Human Rights and ...,https://www.un.org › files › governancereport
Lebanon,2006–2010,FROM SUMMIT TO SEA,https://www.iri.edu.ar/publicaciones_iri/anuario/CD%20Anuario%202006/Mayd/DEMA1/Annual_Report15_From_Summit_to_Sea.pdf,"was highlighted by a UNEP report released in. September, prior to the 2005 ... Lebanon, Syria and Yemen. In northeast Asia the frequency, extent and ...",https://www.iri.edu.ar › anuario › Mayd › DEMA1
Lebanon,2006–2010,well-being - Traduzione in italiano – Dizionario Linguee,https://www.linguee.it/inglese-italiano/traduzione/well-being.html,"... Lebanon. europarl.europa.eu. europarl.europa.eu. Politicamente, tuttavia ... UNEP Report: an economy that. [...] generates an “improving well-being and ...",https://www.linguee.it › inglese-italiano › well-being
Lebanon,2006–2010,And then there were no fish,https://www.thenewhumanitarian.org/news/2007/11/21/and-then-there-were-no-fish,Some of these are issues also highlighted in the UN Environment Programme's (UNEP) Global Environment Outlook 4 (GEO-4). ... The UNEP report points out ...,https://www.thenewhumanitarian.org › news › 2007/11/21
Lebanon,2006–2010,CHANDNI CHOWK TO CHINA : A Chinese Chat Not So Tasty,https://desireflections.blogspot.com/2009/01/chandni-chowk-to-china-chinese-chat-not.html,Boutique Winery Of Lebanon · Bovin Winery · Bozeman · Brahman · brahmana ... United Nation's Global Environment Outlook (GEO) · United States of Jehadi ...,https://desireflections.blogspot.com › 2009/01 › chandn...
Lebanon,2006–2010,"NATURE, NURTURE AND CHANCE",http://ndl.ethernet.edu.et/bitstream/123456789/35651/1/17.pdf,"commitments, discussion of a UN Environment Program (UNEP) report and a ... Lebanon (2/1. Casualty Clearing Station) we went on two wonderful week-long ...",http://ndl.ethernet.edu.et › bitstream
Lebanon,2006–2010,The United Nations Today,https://www.un.org/ar/geninfo/pdf/UN.today.pdf,"In 1982, after intense exchanges of fire in southern Lebanon and across the Israel-Lebanon ... Reports such as the Global Environment Outlook have generated.",https://www.un.org › geninfo › pdf › UN.today.pdf
Lebanon,2010–2014,Evaluating the impact of UNEP's post-‐conflict ...,https://www.environmentalpeacebuilding.org/assets/documents/a0dde7cfaf50.pdf,"UNEP assessment. In particular, it called for US$1.8 billion of investments in ... GOL (Government of Lebanon). 2006. Setting the stage for long-term ...",https://www.environmentalpeacebuilding.org › do...
Lebanon,2010–2014,ANNUAL REPORT 2010,https://digitallibrary.un.org/record/761354/files/UNEP-AR-2010-FULL-REPORT.pdf,according to UNEP's Green Economy work. An $8 billion annual investment in ... Lebanon and Mauritius. Some 120 experts from 48 countries in Asia ...,https://digitallibrary.un.org › record › files › UNE...
Lebanon,2010–2014,An introduction to adaptation,https://weadapt.org/knowledge-base/an-introduction-to-adaptation/,"TheAdaptation Gap Report 2020showed thatthere is still very limited evidence ... Lebanon, Lesotho, Liberia, Libya, Liechtenstein, Lithuania, Luxembourg, Macao ...",https://weadapt.org › Articles
Lebanon,2010–2014,Adaptation to a Changing Climate in the Arab Countries,https://documents1.worldbank.org/curated/en/740351468299700935/pdf/Adaptation-to-a-changing-climate-in-the-Arab-countries-a-case-for-adaptation-governance-and-leadership-in-building-climate-resilience.pdf,"... (Ministry of Environment, Lebanon), Jack. Kalpakian (Al Akhawayn University Ifrane ... government of Lebanon at the COP 17 in Durban. The team gratefully ...",https://documents1.worldbank.org › curated › pdf
Lebanon,2010–2014,undp_state_and_trends_of_the_l...,https://www.pseau.org/outils/ouvrages/undp_state_and_trends_of_the_lebanese_environment_2011.pdf,... Government of Lebanon. GPL Green Party of Lebanon. ILO International Labor ... Ministry of Environment-Lebanon. 2009. Fourth National Report of Lebanon.,https://www.pseau.org › outils › ouvrages › und...
Lebanon,2010–2014,Keeping the World's Environment under Review,https://real.mtak.hu/201103/1/keeping_the_worlds_environment_under_review.pdf,"... Global Environment Outlook. Reporting System. 2.1 Introduction: Conceptual ... Lebanon, Palestine and Syria) and one for the six Gulf Cooperation Council ...",https://real.mtak.hu › keeping_the_worlds_enviro...
Lebanon,2010–2014,SURVIVAL OPTIONS,https://www.footprintnetwork.org/content/uploads/2020/03/2012_AFED_Survival_Options_English.pdf,"Global Environment Outlook. GFEI. Global Fuel Economy Initiative. GFU ... in Lebanon. The red area indicates biocapacity deficit, in global hectares ...",https://www.footprintnetwork.org › 2020/03 › 2...
Lebanon,2010–2014,"Oil Contamination in Ogoniland, Niger Delta - PMC - NIH",https://pmc.ncbi.nlm.nih.gov/articles/PMC3758819/,The results presented in this report were collected as a part of the UNEP assessment ... Oil spill damage to coastal ecosystems in Lebanon as a result of military ...,https://pmc.ncbi.nlm.nih.gov › articles › PMC3758819
Lebanon,2010–2014,Greening the Blue Helmets,https://operationalsupport.un.org/sites/default/files/unep_greening_blue_helmets_0.pdf,"This UNEP report identifies good practices and behaviours already emerging ... In Lebanon, the UNIFIL Civil Affairs section helped support a quick ...",https://operationalsupport.un.org › default › files
Lebanon,2010–2014,Young Thai Wins UNEP Global Art and Environment ...,https://www.unep.org/news-and-stories/press-release/young-thai-wins-unep-global-art-and-environment-competition,"... (Lebanon), JuanDiaz (Colombia), Ephraim Finapri (Nigeria), Nattamon Ninkham ... World Environment Situation Room. Advocacy. International Days · Beat ...","https://www.unep.org › News, Stories & Speeches"
Lebanon,2010–2014,Young Thai Wins UNEP Global Art and Environment ...,https://www.unep.org/news-and-stories/press-release/young-thai-wins-unep-global-art-and-environment-competition,"... (Lebanon), JuanDiaz (Colombia), Ephraim Finapri (Nigeria), Nattamon Ninkham ... World Environment Situation Room. Advocacy. International Days · Beat ...","https://www.unep.org › News, Stories & Speeches"
Lebanon,2010–2014,"Oil Contamination in Ogoniland, Niger Delta - PMC - NIH",https://pmc.ncbi.nlm.nih.gov/articles/PMC3758819/,The results presented in this report were collected as a part of the UNEP assessment ... Oil spill damage to coastal ecosystems in Lebanon as a result of military ...,https://pmc.ncbi.nlm.nih.gov › articles › PMC3758819
Lebanon,2010–2014,The Environment and Climate Change Outlook of Pakistan,https://www.uncclearn.org/wp-content/uploads/library/unep25082015.pdf,"It uses an integrated environmental assessment methodology developed as part of. UNEP's Global Environment Outlook assessment process, to present and analyze ...",https://www.uncclearn.org › unep25082015
Lebanon,2010–2014,decoupling natural resource use and environmental impacts,http://www.gci.org.uk/Documents/Decoupling_Report_English.pdf,exist in the world today (see UNEP report on resource conflicts18) ... UNEP (2004) Global environment outlook scenario framework. Background paper ...,http://www.gci.org.uk › Documents › Decoupling...
Lebanon,2010–2014,The Mediterranean Action Plan: the challenges of a regional ...,https://planbleu.org/wp-content/uploads/2010/10/rio20_pb_governance_en.pdf,"1Albania, Algeria, Bosnia-Herzegovina, Cyprus, Croatia, Egypt, European Community, France, Greece, Israel, Italy, Lebanon, Libya, ... A UNEP report ...",https://planbleu.org › rio20_pb_governance_en
Lebanon,2010–2014,Green economies around the world?,https://www.boell.de/sites/default/files/201207_green_economies_around_the_world.pdf,Other studies include the UNEP report on resource efficiency in the. Asia and Pacific region10. ... Lebanon. Panama. Cuba. Mauritania. Swaziland. Costa Rica.,https://www.boell.de › sites › default › files › 201...
Lebanon,2010–2014,UN environmental agency to help Afghanistan combat effects ...,https://unama.unmissions.org/en/un-environmental-agency-help-afghanistan-combat-effects-climate-change,"Lebanon. UNIFIL. DPPA logo. Lebanon. UNSCOL. DPPA logo. Syrian Arab Republic ... According to UNEP, climate change is predicted to cause an increase in mean ...",https://unama.unmissions.org › un-environmental-agenc...
Lebanon,2010–2014,Climate Change Displacement and International Law,https://www.unhcr.org/sites/default/files/legacy-pdf/4dff16e99.pdf,first 'official' derivation was a UNEP report in 1985 by El-Hinnawi. He used ... 165 EM (Lebanon) v. Secretary of State for the Home Department (AF and ...,https://www.unhcr.org › sites › files › legacy-pdf
Lebanon,2010–2014,World Energy Outlook 2011,https://iea.blob.core.windows.net/assets/cc401107-a401-40cb-b6ce-c9832bb88d85/WorldEnergyOutlook2011.pdf,"... Lebanon, Libya, Morocco, Oman, Qatar, Saudi Arabia, Syria, Tunisia, United ... emissions gap report found that the level of emissions expected as a ...",https://iea.blob.core.windows.net › assets › World...
Lebanon,2010–2014,"CLIMATE CHANGE, WATER CONFLICTS AND HUMAN ...",https://www.ecologic.eu/sites/default/files/publication/2013/Report%20No.%2010_CLICO.pdf,"Lebanon, Syria, Israel, Jordan and Palestine as co-riparian countries ... Global Environment Outlook 3: Past, Present and. Future Perspectives. Nairobi ...",https://www.ecologic.eu › sites › files › publication
Lebanon,2010–2014,Palestine.pdf,https://zoinet.org/wp-content/uploads/2018/02/Palestine.pdf,"1982: Israeli invasion of Lebanon – Expulsion of the PLO. 1987-1994 ... According to UNEP, 2003, p. 30. 25 UfM, p.5. 26 Arwa Aburawa, Gaza Seawater ...",https://zoinet.org › uploads › 2018/02 › Palestine
Lebanon,2010–2014,Green economies around the world?,https://www.boell.de/sites/default/files/201207_green_economies_around_the_world.pdf,Other studies include the UNEP report on resource efficiency in the. Asia and Pacific region10. ... Lebanon. Panama. Cuba. Mauritania. Swaziland. Costa Rica.,https://www.boell.de › sites › default › files › 201...
Lebanon,2010–2014,torn societies: Lessons from the UN Environme,https://www.environmentalpeacebuilding.org/assets/documents/a72ac11bcfaf.pdf,"In Sierra Leone, the UNEP assessment found that many unsustainable practices, ... Lebanon: Post-conflict environmental assessment. Nairobi, Kenya. http ...",https://www.environmentalpeacebuilding.org › do...
Lebanon,2010–2014,Perspectives on Political and Social Regional Stability ...,https://www.start.umd.edu/sites/default/files/publications/local_attachments/Stability_White_Paper_final.pdf,... Lebanon in 1987 to 1988 saw an increase in riots. Given the establishment ... UNEP report chronicles environmental damage of the Afghanistan conflict ...,https://www.start.umd.edu › local_attachments › S...
Lebanon,2010–2014,ED 304 308 TITLE REPORT NO NOTE AVAILABLE FROM ...,https://files.eric.ed.gov/fulltext/ED304308.pdf,... UNEP's assessment placed the irrigated area damaged by saliniza- tion at 40 ... Lebanon in May 1988 will be reclaimed by Italy and incinerated aboard a ...,https://files.eric.ed.gov › fulltext
Lebanon,2010–2014,San Giorgio Group Case Study: Prosol Tunisia,https://www.climatepolicyinitiative.org/wp-content/uploads/2012/06/Prosol-Tunisia-SGG-Case-Study.pdf,"According to UNEP (2012a and 2012b), the initial. Program coordinator and ... India, Lebanon, and Mexico. Like in the Tunisian experience, in fact, such.",https://www.climatepolicyinitiative.org › 2012/06
Lebanon,2010–2014,U.S. Sends Mercury Treaty Ratification to U.N.,https://geneva.usmission.gov/2013/11/12/u-s-sends-mercury-treaty-ratification-to-u-n/,"About half of the global human-caused mercury emissions come from the burning of coal, metals production and the production of cement, according to UNEP.",https://geneva.usmission.gov › 2013/11/12 › u-s-sends-...
Lebanon,2010–2014,"Water Security: Global, regional and local challenges - CWR",https://cwrrr.org/wp-content/uploads/2012/08/Water-security-brief-pkw-IPPR.pdf,"to govern their use, according to a UNEP report (UNEP 2002). The 2001 Declaration of. African Ministers highlighted the fact that most of Africa's trans ...",https://cwrrr.org › Water-security-brief-pkw-IPPR
Lebanon,2010–2014,Renewables 2011 Global Status Report,https://www.ren21.net/wp-content/uploads/2019/05/GSR2011_Full-Report_English.pdf,"Investment in renewable power and fuels reached $211 billion, up 32% from $160 billion the previous year. As shown in the recently released UNEP report Global ...",https://www.ren21.net › uploads › 2019/05 › GS...
Lebanon,2010–2014,World Energy Outlook 2011,https://iea.blob.core.windows.net/assets/cc401107-a401-40cb-b6ce-c9832bb88d85/WorldEnergyOutlook2011.pdf,"... Lebanon, Libya, Morocco, Oman, Qatar, Saudi Arabia, Syria, Tunisia, United ... emissions gap report found that the level of emissions expected as a ...",https://iea.blob.core.windows.net › assets › World...
Lebanon,2010–2014,Assessing Climate Change Impacts on Global Hydropower,https://www.mdpi.com/1996-1073/5/2/305,"Global Regional Groupings of the Countries according to UNEP(2009), after [17]. ... Lebanon, Oman, Qatar, Saudi Arab, Syria, Turkey, United Arab Emirates ...",https://www.mdpi.com › ...
Lebanon,2010–2014,NAVAL POSTGRADUATE SCHOOL THESIS - DTIC,https://apps.dtic.mil/sti/pdfs/ADA524538.pdf,"According to UNEP, Egypt, Ethiopia, ... A United States presidential envoy mediated the 1953 Israeli, Jordan, Lebanon, and Syria standoff over the right to use ...",https://apps.dtic.mil › sti › pdfs › ADA524538
Lebanon,2010–2014,ECOLOGICAL FOOTPRINT ATLAS 2010,https://www.uky.edu/~tmute2/GEI-Web/password-protect/GEI-readings/Ecological_Footprint_Atlas_2010.pdf,"Lebanon Ukraine. Venezuela, Bolivarian Republic of. Panama. Bosnia and ... Global Environment Outlook. 4: Environment for Development. Valletta, Malta ...",https://www.uky.edu › GEI-Web › GEI-readings
Lebanon,2010–2014,"Water Security: Global, regional and local challenges - CWR",https://cwrrr.org/wp-content/uploads/2012/08/Water-security-brief-pkw-IPPR.pdf,"to govern their use, according to a UNEP report (UNEP 2002). The 2001 Declaration of. African Ministers highlighted the fact that most of Africa's trans ...",https://cwrrr.org › Water-security-brief-pkw-IPPR
Lebanon,2010–2014,People and the planet (Full report),https://www.interacademies.org/sites/default/files/publication/2012-04-25-peopleplanet.pdf,"... Lebanon,. Occupied Palestinian Territory, Oman, Qatar, Saudi Arabia, Syrian ... Global Environment Outlook (GEO). 4: Environment for Development. United ...",https://www.interacademies.org › publication › 2...
Lebanon,2010–2014,Indonesia Law Review,https://scholarhub.ui.ac.id/cgi/viewcontent.cgi?article=1119&context=ilrev,"Ibid, art 141. 242 Ibid, art 88. According to UNEP, this provision seems to proscribe any hostile activities, such as ... was invoked during the Israel-Lebanon ...",https://scholarhub.ui.ac.id › cgi › viewcontent
Lebanon,2010–2014,ANNUAL REPORT 2010,https://digitallibrary.un.org/record/761354/files/UNEP-AR-2010-FULL-REPORT.pdf,according to UNEP's Green Economy work. An $8 billion annual investment in ... Lebanon and Mauritius. Some 120 experts from 48 countries in Asia ...,https://digitallibrary.un.org › record › files › UNE...
Lebanon,2010–2014,Safeguarding food security in volatile global markets (web),https://openknowledge.fao.org/server/api/core/bitstreams/7ba06e01-fd21-4306-b539-bff5a981afd8/content,"... Global environment outlook 2000. London, Earthscan Publications Ltd ... Lebanon, Mongolia, Morocco, the. Philippines and Saudi Arabia (FAO Policy ...",https://openknowledge.fao.org › core › content
Lebanon,2010–2014,Analysis of the flash flood occurred on 18 January 2010 in ...,https://www.tandfonline.com/doi/full/10.1080/19475705.2012.731657,"According to UNEP (Citation1997), the coastal strip falls into arid region ... Lebanon, Syria and south Turkey. The rain differed along Egypt from 8 mm ...","https://www.tandfonline.com › ... › Volume 4, Issue 3"
Lebanon,2010–2014,Airpower and the Environment - Air University,https://www.airuniversity.af.edu/Portals/10/AUPress/Books/B_0131_HAYWARD_AIRPOWER_ENVIRONMENT.pdf,... Lebanon War (July–August. 2006). During this war thousands of rockets were ... Global Environment Outlook: Environment for Develop- ment. http://www ...,https://www.airuniversity.af.edu › Portals › Books
Lebanon,2010–2014,Airpower and the Environment - Air University,https://www.airuniversity.af.edu/Portals/10/AUPress/Books/B_0131_HAYWARD_AIRPOWER_ENVIRONMENT.pdf,... Lebanon War (July–August. 2006). During this war thousands of rockets were ... Global Environment Outlook: Environment for Develop- ment. http://www ...,https://www.airuniversity.af.edu › Portals › Books
Lebanon,2010–2014,tourism in the Mediterranean,https://www.eib.org/attachments/country/tourism_en.pdf,Lebanon. 1.1. n.a.. 2.1. 2.3. 22.7. Morocco. 6.6. 4.8. 9.3. 5.9. 10.2. Syria. 8.0 1. 1.71 ... 1 UNEP report “Tourism – investing in energy and re- source ...,https://www.eib.org › country › tourism_en
Lebanon,2010–2014,Culture-and-wetlands-in-the-Mediterranean_An-evolving- ...,https://medwet.org/wp-content/uploads/2011/11/Culture-and-wetlands-in-the-Mediterranean_An-evolving-story.pdf,"UNEP (2006), Global Environment Outlook, Year Book 2006, http://www.unep.org ... Lebanon (SPNL) is attempting to revive this practice in a challenging ...",https://medwet.org › uploads › 2011/11 › Cultur...
Lebanon,2010–2014,Social and Solidarity Economy,https://www.ilo.org/sites/default/files/wcmsp5/groups/public/@ed_emp/@emp_ent/@coop/documents/instructionalmaterial/wcms_166301.pdf,States in Beirut (Lebanon). This tripartite workshop gathered ... the UNEP report shows that millions of green jobs already exist in a number of ...,https://www.ilo.org › documents › wcms_166301
Lebanon,2010–2014,Invasive alien species: the urban dimension,https://portals.iucn.org/library/efiles/documents/2013-027.pdf,Incidence of lessepsian migrants on landings of the artisanal fishery of south Lebanon. ... UNEP report to the government of the republic Yemen on ...,https://portals.iucn.org › efiles › documents
Lebanon,2010–2014,2000 to 2009,https://assets.publishing.service.gov.uk/media/5a7c7c9d40f0b62aff6c202d/20131128-mod-whitehall-library-resources-2000to2009.csv,"... Lebanon: a history of the internationalization of communal conflict,New York ... global environment outlook,Nairobi,2003,,,United Nations Environment ...",https://assets.publishing.service.gov.uk › media
Lebanon,2010–2014,Dire pollution in Ogoniland but little action so far,https://www.thenewhumanitarian.org/news/2011/09/09/dire-pollution-ogoniland-little-action-so-far,The UNEP report found oil spills occur with “alarming regularity” and ... Lebanon · Libya · Palestine · Syria · Turkey · Yemen · Global Issues · Analysis · Cheat ...,https://www.thenewhumanitarian.org › news › 2011/09/09
Lebanon,2010–2014,Control and Mitigation of Drinking Water Losses in ...,https://www.epa.gov/sites/default/files/2015-05/documents/epa816r10019.pdf,"Lebanon ... http://www.ukstt.org.uk/trenchless_technology/lining_techniques/ (accessed 3-Sep-08). United Nations Environment Programme, Global Environment Outlook ...",https://www.epa.gov › default › files › documents
Lebanon,2010–2014,2012,https://www.globalhungerindex.org/pdf/en/2012.pdf,Lebanon. Latvia. Lao. PDR. Kyrgyz ... “Scenarios and Sustainability Transformation.” In GEO-V. (Global Environment Outlook): Environment for the Future We Want.,https://www.globalhungerindex.org › pdf
Lebanon,2010–2014,Nigeria Ogoniland oil clean-up 'could take 30 years',https://www.bbc.com/news/world-africa-14398659,"He also stressed that Shell's admission of liability for two spills had nothing to do with the Unep report. ... Live. Israeli attacks kill 31 in Lebanon, Iran ...",https://www.bbc.com › news › world-africa-14398659
Lebanon,2010–2014,Oceans of pollution | Environment,https://www.aljazeera.com/features/2012/6/18/oceans-of-pollution,"In the UN's Global Environment Outlook Year Book 2003 report, 146 dead zones ... Lebanon bans Hezbollah's military activities after rocket attack on Israel.",https://www.aljazeera.com › Features › Environment
Lebanon,2010–2014,Agricultural Origins: Centers and Noncenters; A Near ...,https://www.researchgate.net/publication/228635388_Agricultural_Origins_Centers_and_Noncenters_A_Near_Eastern_Reappraisal,"... Lebanon, into Syria, Turkey, northern Iraq and western. Iran, is considered ... Applying the methodology of the Global Environment Outlook, the CEO-2 ...",https://www.researchgate.net › publication › 22863538...
Lebanon,2010–2014,PARTNERS - DARA,https://daraint.org/wp-content/uploads/2012/09/CVM2ndEd-EndMatter.pdf,"Lebanon, New Hampshire, U.S.A., University. Press of New England. Mc Adam ... Global Environment Outlook 3: Past, present and future perspectives. London ...",https://daraint.org › uploads › 2012/09
Lebanon,2010–2014,Afghanistan,https://www.refworld.org/en/download/88502,"Beirut, Lebanon, and Erbil and Dohuk, Kurdistan Region of Iraq (KRI), 21 ... UNHCR referred to the UNEP-report for further information.19. CSHRO stated ...",https://www.refworld.org › download
Lebanon,2010–2014,Integrated Water Resources Management in the 21st Century,https://www.fundacionbotin.org/89dguuytdfr276ed_uploads/Observatorio%20Tendencias/PUBLICACIONES/LIBROS%20SEM%20INTERN/Integrated%20water%20resources/libro%20completo-integrated%20water%20res.pdf,"UNEP (2012a) Global Environment Outlook 5 (GEO5), Environment for the future we want. ... Lebanon. Irrigation. Board. Hungary: Water. Management. Association.",https://www.fundacionbotin.org › PUBLICACION...
Lebanon,2010–2014,Friends of the Earth-Middle East,https://arab.org/directory/friends-of-the-earth-middle-east/,From 1994 to 1998 FoEME was predominately involved in leading efforts for developing sustainable livelihoods (UNEP report - OECD peace building pillars).,https://arab.org › directory › friends-of-the-earth-middl...
Lebanon,2010–2014,NEGOTIATORLS HANDBOOK - Virtual Library,https://library.sprep.org/sites/default/files/mea-negotations-handbook-2017_0.pdf,"Democratic Republic, Lebanon, Lesotho, Liberia, Libya, Madagascar, Malawi ... global environment outlook (geo). A periodic report that provides a ...",https://library.sprep.org › sites › default › files
Lebanon,2010–2014,"SESSION 2 EFFECTS OF NUTRITION, REPRODUCTION, ...",https://www.iaea.org/sites/default/files/21/06/nafa-aph-book-part2-aphs-symposium.pdf,"documented the Global Environment Outlook (http://www.unep. org/geo) — a ... Lebanon through seeding, fertilisation and protection from grazing. Exp ...",https://www.iaea.org › sites › default › files › naf...
Lebanon,2010–2014,LAND GRABBING FOR BIOFUELS MUST STOP:,https://www.grain.org/media/W1siZiIsIjIwMTMvMDIvMjAvMTlfMTRfMzVfMTgzX0Jpb2Z1ZWxzX19fTGFuZGdyYWJzLnBkZiJdXQ,"According to UNEP, 35.7 million ha were used for biofuel production in 2008 ... Lebanon. Jatropha. 100,000. Bioenergy Invest. Madagascar. Jatropha. 2,000.",https://www.grain.org › media
Lebanon,2010–2014,‏Howaida Nagy‏ - ‏Projects Manager @ CARE Egypt,https://eg.linkedin.com/in/howaida-nagy-47a50bb6,"... Lebanon, Palestine, Jordan and Yemen, with an estimated budget of around 900,000$. This includes working closely with civil society organizations in the 7 ...",1.4K+ followers
Lebanon,2010–2014,Participation in Climate Change Agreements,https://unstats.un.org/unsd/environment/participation_climatechangeagree.htm,Lebanon. 1994. 2006. Lesotho. 1995. 2000. Liberia. 2002. 2002. Libyan Arab Jamahiriya ... United Nations Environment Programme Global Environment Outlook Data ...,https://unstats.un.org › unsd › environment › participatio...
Lebanon,2010–2014,Annual Report 2011-2012,https://www.mea.gov.in/uploads/publicationdocs/19337_annual-report-2011-2012.pdf,"Peacekeeping Missions, in Lebanon (UNIFIL), Democratic. Republic of ... The UNEP's report on 'Green Economy and Forests' was also released on 5 June ...",https://www.mea.gov.in › uploads › publicationdocs
Lebanon,2010–2014,STUBB Creek Oil Spill! There is no Cause for Alarm,https://www.facebook.com/AkwaIbomOnline/posts/stubb-creek-oil-spillthere-is-no-cause-for-alarm-iwauofiauerl-is-a-safety-driven/1412550225624190/,"The UNEP report, particularly on page 205, recommended that such aging ... For a 3rd time Sunoco spills drilling fluid into Lebanon County creek for ...",https://www.facebook.com › AkwaIbomOnline › posts
Lebanon,2010–2014,"Water Security: Global, Regional and Local Challenges",https://www.academia.edu/461614/Water_Security_Global_Regional_and_Local_Challenges,"... Lebanon, Libya, Luxembourg, Namibia, Netherlands, Norway, Paraguay, Portugal ... UNEP report (UNEP 2002). The 2001 Declaration of African Ministers ...",https://www.academia.edu › Water_Security_Global_Re...
Lebanon,2010–2014,"Soils, Land and Food",https://www.cambridge.org/core/books/soils-land-and-food/D8B40B7E14FD75BA21B75E366A4E438A,"Global Environment Outlook 2000. UNEP, Earthscan Publications Ltd, London ... Science Publishers, Lebanon, New Hampshire Google Scholar. Mutchler, C. K. ...",https://www.cambridge.org › core › books › soils-land-a...
Lebanon,2010–2014,Biodiversity and Ecosystems Global Framework 2012-2020,https://www.cbd.int/financial/mainstream/undp-globalframework2012-2020.pdf,"The forests of Lebanon serve as 'water-towers' that are crucial to the ... The United Nations Environment Programme (UNEP) report,. 'Keeping Track of ...",https://www.cbd.int › financial › mainstream › un...
Lebanon,2010–2014,Capital questions,https://www.nsenergybusiness.com/analysis/featurecapital-questions/,"The end of that 16-year period – 2008 – was when, for the first time, according to UNEP ... Lebanon, Lesotho, Liberia, Libyan Arab Jamahiriya, Liechtenstein ...",https://www.nsenergybusiness.com › analysis › featureca...
Lebanon,2010–2014,Community psychology projects index - Eos Life-Work,http://www.eoslifework.co.uk/Comindx.htm,Despite these results the official UNEP report published in Feb 2007 claimed there was no evidence that uranium weapons had been used in Lebanon. The ...,http://www.eoslifework.co.uk › Comindx
Lebanon,2010–2014,Climate change to alter Africa's economic dynamics,https://www.zawya.com/en/business/climate-change-to-alter-africas-economic-dynamics-rqf7ieqv,"The UNEP report states that even if the world does manage to get on track to ... Lebanon, Mauritius, Morocco, Mozambique, Nigeria, Oman, Pakistan, Qatar ...",https://www.zawya.com › business
Lebanon,2010–2014,ENV-10-1.pdf,http://www.studies.gov.lb/getattachment/Sectors/Environment/2010/ENV-10-1/ENV-10-1.pdf,... Global Environment Outlook GEO4. United Nations Environment Programme ... Ministry of Environment-Lebanon. 2009. Fourth National Report of Lebanon to.,http://www.studies.gov.lb › Sectors › Environment
Lebanon,2010–2014,Community psychology projects index - Eos Life-Work,http://www.eoslifework.co.uk/Comindx.htm,Despite these results the official UNEP report published in Feb 2007 claimed there was no evidence that uranium weapons had been used in Lebanon. The ...,http://www.eoslifework.co.uk › Comindx
Lebanon,2010–2014,a big Foot on a Small Planet?,https://www.footprintnetwork.org/content/uploads/2020/03/2010_Big_Foot_Small_Planet_en.pdf,"Lebanon, Roman times with extensive erosion around the Mediterranean, right ... Global Environment Outlook: environment for development (GEO4). www ...",https://www.footprintnetwork.org › 2020/03 › 2...
Lebanon,2010–2014,PERSPECTIVAS DEL TRATAMIENTO ANAEROBIO DE ...,http://www.scielo.org.co/scielo.php?script=sci_arttext&pid=S1794-12372012000200010,"""Water resources in Lebanon: Characterization, water balance, and constraints"". ... Global environment outlook (GEO) 3 Data Portal (Consultado el 1 de octubre ...",http://www.scielo.org.co › scielo
Lebanon,2010–2014,ENV-10-1.pdf,http://www.studies.gov.lb/getattachment/Sectors/Environment/2010/ENV-10-1/ENV-10-1.pdf,... Global Environment Outlook GEO4. United Nations Environment Programme ... Ministry of Environment-Lebanon. 2009. Fourth National Report of Lebanon to.,http://www.studies.gov.lb › Sectors › Environment
Lebanon,2010–2014,Fakta a čísla OSN,https://osn.cz/wp-content/uploads/2022/08/fakta-osn-2005-web.pdf,"(P. O. Box 11-8575-4656), Beirut, Lebanon telefon: (961 1) 981 301/311 ... Global Environment Outlook 2002. UNEP/Earthscan Publications Ltd. 416 str ...",https://osn.cz › 2022/08 › fakta-osn-2005-web
Lebanon,2010–2014,Το Δάσοσ Μια ολοκληρωμένη Προσέγγιση,https://www.wwf.gr/images/pdfs/to-dasos_mia-olokliromeni-proseggisi.pdf,"Fourth Global Environment Outlook,. GEO4: Environment for development assessment report. ... The Effect of Aspect on. Post-Fre Recovery of a Mixed Lebanon ...",https://www.wwf.gr › images › pdfs › to-dasos_...
Lebanon,2010–2014,Waste Management Master Thesis,https://elearning.vvu.edu.gh/fetch.php/browse/605/992/mLC388/Waste%20Management%20Master%20Thesis.pdf,"Global Environment Outlook 2006 . United Nations. Environment Programme ... Palestine, Lebanon, and Yemen. It covers diverse topics including the status ...",https://elearning.vvu.edu.gh › browse › mLC388
Lebanon,2010–2014,Afghanistan joins worldwide Billion Tree Campaign - UNAMA,https://unama.unmissions.org/en/afghanistan-joins-worldwide-billion-tree-campaign,"Lebanon. UNIFIL. DPPA logo. Lebanon. UNSCOL. DPPA ... At the current rate, all Afghanistan forests will disappear within the next 30 years, according to UNEP ...",https://unama.unmissions.org › afghanistan-joins-worldw...
Lebanon,2010–2014,PROJECT IMPLEMENTATION MANUAL - Plan-bleu,https://planbleu.org/sites/default/files/upload/files/REGOKO_PIM_UK(1).pdf,"Thus, Lebanon will be the first Beneficiary to chair ... their financing sources; and (iii) Allocation according to UNEP (United Nation Environment.",https://planbleu.org › REGOKO_PIM_UK(1)
Lebanon,2010–2014,perspectivas del tratamiento anaerobio de aguas ...,https://www.redalyc.org/pdf/1492/149225098009.pdf,"“Water resources in Lebanon: Characterization, water bal- ance, and constraints”. ... Global environment outlook (GEO) 3 Data Portal. [Consultado el 1 de ...",https://www.redalyc.org › pdf
Lebanon,2010–2014,NAVAL POSTGRADUATE SCHOOL THESIS - DTIC,https://apps.dtic.mil/sti/pdfs/ADA524538.pdf,"According to UNEP, Egypt, Ethiopia, ... A United States presidential envoy mediated the 1953 Israeli, Jordan, Lebanon, and Syria standoff over the right to use ...",https://apps.dtic.mil › sti › pdfs › ADA524538
Lebanon,2010–2014,Luettelo Yhdistyneisiin kansakuntiin liittyvistä lyhenteistä,https://fi.wikipedia.org/wiki/Luettelo_Yhdistyneisiin_kansakuntiin_liittyvist%C3%A4_lyhenteist%C3%A4,"Global Environment Outlook Report, UNEP:in maailman ympäristövalvonnan ... United Nations Interim Force in Lebanon, YK:n Libanonissa olevat ...",https://fi.wikipedia.org › wiki › L...
Lebanon,2010–2014,Manhattan's darling fashion designer Seema Anand,https://desireflections.blogspot.com/2012/11/manhattans-darling-fashion-designer.html,Boutique Winery Of Lebanon · Bovin Winery · Bozeman · Brahman · brahmana ... United Nation's Global Environment Outlook (GEO) · United States of Jehadi ...,https://desireflections.blogspot.com › 2012/11 › manhat...
Lebanon,2010–2014,"(PDF) Oil Contamination in Ogoniland, Niger Delta",https://www.researchgate.net/publication/237084858_Oil_Contamination_in_Ogoniland_Niger_Delta,for each site can be found in the main UNEP report (2011). The ﬁrst ... Lebanon after an oil spill measured. 14–67 mg kg. -1. (Linde. ´n and Rust 2008) ...,https://www.researchgate.net › publication › 23708485...
Lebanon,2010–2014,UNITED NATIONS Governing Council of the ...,https://docs.un.org/en/UNEP/GC.27/17,"Republic, Latvia, Lebanon, Lesotho, Libya, Lithuania, Luxembourg, Malawi ... Global Environment Outlook: Environment for the future we want, on 6 June ...",https://docs.un.org › UNEP
Lebanon,2010–2014,Bombardovanje Jugoslavije i Malog Radanovca,https://gradsubotica.co.rs/bombardovanje-jugoslavije-i-malog-radanovca/,"... Lebanon. The government also said that there was no established connection ... Soon after, the United Nations Environment Program (UNEP) report was ...",https://gradsubotica.co.rs › bombar...
Lebanon,2010–2014,UNCTAD resources on trade facilitation and poverty ...,https://www.facebook.com/groups/afghanacademic/posts/607106619351340/,"... UNEP report examines how new investments in clean energy, sustainable ... ) LEBANON - https://drive.google.com/file/d/0B- pfM5wLGP0MUUZUSXk3X3NON3M ...",https://www.facebook.com › afghanacademic › posts
Lebanon,2010–2014,BAHÁ'Í - interlevensbeschouwelijk,http://www.interlevensbeschouwelijk.be/bahai.html,"... GLOBAL ENVIRONMENT OUTLOOK / UNEP. - London : Earthscan, 1999. - 398 p ... - NEW LEBANON : SOEFI, 1979. - CEREMONIEBROCHURE. - 2 P. GD6: L'INVOCATION ...",http://www.interlevensbeschouwelijk.be › ...
Lebanon,2010–2014,(PDF) Turkish-Greek Relations: Escaping from the Security ...,https://www.academia.edu/3939566/Turkish_Greek_Relations_Escaping_from_the_Security_Dilemma_in_the_Aegean,"According to UNEP Mediterranean Action Plan data, pollution caused by rivers ... Lebanon: A Historical Comparative Study in Ethnic Conflict and Outside ...",https://www.academia.edu › Turkish_Greek_Relations_...
Lebanon,2010–2014,2012 Indice Globale della Fame,https://www.globalhungerindex.org/pdf/it/2012.pdf,Lebanon. Latvia. Lao. PDR. Kyrgyz Rep. Kuwait. S. Korea. N. Korea. Kenya ... (Global Environment Outlook): Environment for the Future We Want. Malta ...,https://www.globalhungerindex.org › pdf
Lebanon,2010–2014,Qualité de l'air,http://studies.gov.lb/getattachment/Sectors/Environment/2010/ENV-10-3/4-Qualite-de-l-air.pdf,"1999 Transportation emissions in Lebanon: Extent and mitigation, M. El-Fadel ... UNEP-GEO 4, 2007 Global Environment Outlook – Geo 4- United Nations Environment.",http://studies.gov.lb › Sectors › 4-Qualite-de-l-air
Lebanon,2010–2014,"Arab Region Internet & Telecom Summit Muscat, Oman, 28 ...",https://www.slideserve.com/jaden/arab-region-internet-telecom-summit,"... Lebanon, Syria, WB&G, Yemen • North African Arab States (9) • Algeria ... Session 1: Introduction and Learning O bjectives Session 2: UNEP's Assessment Mandate.",https://www.slideserve.com › jaden › arab-region-interne...
Lebanon,2010–2014,Dr._Chris_Busby_index - America First Institute,http://www.amfir.com/AmFirstInst/Symposia/Fukushima/Experts/Busby/Chris_Busby_index.html,"Evidence of Enriched Uranium in Guided Weapons Employed by the Israeli Military in Lebanon in July 2006, Preliminary Note by Chris Busby and Dai Williams ...",http://www.amfir.com › Busby › Chris_Busby_index
Lebanon,2010–2014,Why we stoop so low that we need show of nudity to ...,https://desireflections.blogspot.com/2012/08/why-we-stoop-so-low-that-we-need-show.html,Boutique Winery Of Lebanon · Bovin Winery · Bozeman · Brahman · brahmana ... United Nation's Global Environment Outlook (GEO) · United States of Jehadi ...,https://desireflections.blogspot.com › 2012/08 › why-w...
Lebanon,2010–2014,Memory and Trauma in International Relations,https://www.researchgate.net/profile/Erica-Resende-2/publication/287263585_Memory_and_trauma_in_international_relations_Theories_cases_and_debates/links/5c92203445851506d71d802f/Memory-and-trauma-in-international-relations-Theories-cases-and-debates.pdf,"... Lebanon', International Social Science Journal, 61: 399–409. Ahmad, Feroz ... Emissions Gap Report 2012. Available HTTP: <http://www.unep.org/pdf ...",https://www.researchgate.net › publication › links
Lebanon,2010–2014,UNWTO Annual Report 2012,https://www.cbd.int/financial/mainstream/unwto-ar2012.pdf,"The UNWTO/UNEP report Tourism in the Green Economy, published in 2012 ... Lebanon (1975). Libyan Arab Jamahiriya (1977). Oman (2004). Qatar (2002). Saudi ...",https://www.cbd.int › financial › mainstream › un...
Lebanon,2010–2014,The Report of the Secretary-General's High-level Panel of ...,https://unstats.un.org/unsd/environment/envpdf/Issue33.pdf,... Global Environment Outlook (GEO) process from a recurrent 5 year endeavour to a ... Lebanon on 11 April 2013. The national workshop was organized by an ...,https://unstats.un.org › unsd › envpdf › Issue33
Lebanon,2010–2014,"INIKPI, Igala Illustrious Daughter(Part I) Abutu Eje, a Jukun ...",https://www.facebook.com/IgalaISND/posts/inikpi-igala-illustrious-daughterpart-iabutu-eje-a-jukun-councillor-came-to-igal/438901546194552/,... Lebanon coach Wizkid: Yeni Kuti speaks amid ongoing feud Real Madrid stadium ... UNEP report Kano Islamic cleric remanded in prison over alleged ...,10+ reactions
Lebanon,2010–2014,Jagjit Singh : बात निकलेगी तो फिर दूर तलक जाएगी,https://desireflections.blogspot.com/2011/10/jagjit-singh.html,Boutique Winery Of Lebanon · Bovin Winery · Bozeman · Brahman · brahmana ... United Nation's Global Environment Outlook (GEO) · United States of Jehadi ...,https://desireflections.blogspot.com › 2011/10 › jagjit-si...
Lebanon,2010–2014,Report of the United Nations Conference on Sustainable ...,https://docs.un.org/en/A/CONF.216/16,"the Global Environment Outlook, as one of the processes aimed at bringing together ... Minister of Lebanon, Najib Mikati; the Prime Minister of Turkey ...",https://docs.un.org › CONF.216
Lebanon,2014–2018,Lebanon Post-Conflict Environmental Assessment,https://www.unep.org/resources/assessment/lebanon-post-conflict-environmental-assessment,This activity was included in the Government of Lebanon's National Early ... World Environment Situation Room. Advocacy. International Days · Beat ...,https://www.unep.org › resources › lebanon-post-confli...
Lebanon,2014–2018,The Adaptation Finance Gap Report,https://unepccc.org/publications/the-adaptation-finance-gap-report/,"UNEP's Adaptation Gap Report series focuses on Finance, Technology and Knowledge gaps in climate change adaptation. It compliments the Emissions Gap Report ...",https://unepccc.org › publications › the-adaptation-fina...
Lebanon,2014–2018,The Emissions Gap Report 2015,https://pure.iiasa.ac.at/id/eprint/14926/1/EGR_2015_advanceCopy.pdf,"The Emissions Gap Report 2015. United Nations Environment. Programme (UNEP) ... Verde, Gabon, Indonesia, Jordan, Lebanon, Papua New. Guinea, Samoa and ...",https://pure.iiasa.ac.at › EGR_2015_advanceCopy
Lebanon,2014–2018,Report of the United Nations Environment Assembly of the ...,https://docs.un.org/en/a/71/25,"Democratic Republic, Latvia, Lebanon, Liberia, Libya, Luxembourg, Madagascar, ... the Global Environment Outlook, as a contribution to the Global Sustainable.",https://docs.un.org › ...
Lebanon,2014–2018,Climate Change Risks and Adaptation (EN),https://www.oecd.org/content/dam/oecd/en/publications/reports/2015/07/climate-change-risks-and-adaptation_g1g5489f/9789264234611-en.pdf,"Jordan, Lebanon, Maldives, Mali, Philippines and Nigeria (UNFCCC, 2010). ... UNEP (2014), The Adaptation Gap Report 2014, United Nations Environment ...",https://www.oecd.org › oecd › reports › 2015/07
Lebanon,2014–2018,GUIDANCE ON ORGANIZATIONAL ...,https://www.lifecycleinitiative.org/wp-content/uploads/2015/04/o-lca_24.4.15-web.pdf,"Building Council, Lebanon) • Theis, Thomas (University of Illinois, USA) ... 14 According to UNEP's definition, “eco-innovation is the development and ...",https://www.lifecycleinitiative.org › 2015/04 › o-...
Lebanon,2014–2018,Independent Evaluation of the Adaptation Fund,https://www.adaptation-fund.org/wp-content/uploads/2015/11/TANGO-ODI-Evaluation-of-the-AF_final-report.pdf,Lebanon. Jordan. Maldives. Belize. South Africa. Georgia. Uruguay. Ecuador ... 2014 The Adaptation Gap Report – A Preliminary Assessment Report. Nairobi ...,https://www.adaptation-fund.org › 2015/11 › TA...
Lebanon,2014–2018,Water Scarcity Could Impact West Asian Credit Ratings,https://environmentalmigration.iom.int/blogs/water-scarcity-could-impact-west-asian-credit-ratings,"... Global Environment Outlook – GEO-6 Regional Assessment for West Asia ... Lebanon, the Occupied Palestinian Territories , Syria; and Yemen of West Asia ...",https://environmentalmigration.iom.int › blogs › water-...
Lebanon,2014–2018,Annual Report 2016,https://www.undp.org/sites/g/files/zskgke326/files/2022-06/2016GC-REDAnnualReport.pdf,"... Global Environment Outlook. GC-. RED supported the ... In Lebanon, technical assistance was provided within the framework of the Lebanon Host Communities.",https://www.undp.org › files › zskgke326 › files
Lebanon,2014–2018,Historical Responsibility for Climate Change – from countries ...,https://ca1-clm.edcdn.com/assets/historical_responsibility_report_nov_2015.pdf,Lebanon. 0.000254. 0.000220. 0.000024. 0.000007. 0.000001. 0. 0. Haiti. 0.000252. 0.000148. 0.000067 ... The Emissions Gap Report 2014. UNEP. http://www.unep.org ...,https://ca1-clm.edcdn.com › assets › historical_res...
Lebanon,2014–2018,UNITED NATIONS ENVIRONMENT PROGRAMME,https://ozone.unep.org/sites/default/files/2019-05/eeap_report_2014.pdf,"Beirut, Lebanon, 10.1% in Cuzco, Peru,334 34% in adult women in Botucatu ... findings of the millennium ecosystem assessment, UNEP Report, Nairobi. 160.",https://ozone.unep.org › files › eeap_report_2014
Lebanon,2014–2018,Intended Nationally Determined Contributions (INDCs),https://unfccc.int/files/adaptation/application/pdf/all__parties_indc.pdf,... Lebanon. Lesotho. Liberia. Liechtenstein. Madagascar. Malawi. Maldives. Mali ... Emissions Gap Report! 201¬ª w our s ou tr s to v t o o* vo. o t p r ...,https://unfccc.int › files › pdf › all__parties_indc
Lebanon,2014–2018,Lesson 2: History of the UN Climate Negotiations,https://cdn.who.int/media/docs/default-source/climate-change/cc-negotiations-and-health-lesson-2.pdf?sfvrsn=fe8f0a68_5,"Source: Emissions Gap Report, UNEP 2020. The chart above shows difference ... Kuwait, Lebanon, Libya, Morocco, Mauritania, Oman, Palestine, Qatar, Saudi ...",https://cdn.who.int › media › docs › climate-change
Lebanon,2014–2018,UNEP's Mandate,https://unstats.un.org/unsd/environment/envpdf/unsd_EAC_Workshop/Session%201c_UNEP%20UNEP's%20perspective%20on%20regional%20needs.pdf,(Lebanon). Hazardous Substances and Harmful Waste. Global assessment of ... UNEP assessment products.... Page 17. Page 18. 24/07/201. 5. 2011 UNEP. Nordics. 18 ...,https://unstats.un.org › unsd_EAC_Workshop
Lebanon,2014–2018,UNITED NATIONS UNEP(DEPI)/MED IG.23/ ...,https://www.rac-spa.org/nfp14/documents/03_reference_documents/17ig23_23_eng.pdf,"... Ministry of Environment-Lebanon: Dear Madame Chair. Ladies and Gentlemen ... Global Environment Outlook,. Regional Seas and, where appropriate, the EU ...",https://www.rac-spa.org › 03_reference_documents
Lebanon,2014–2018,A novel method to identify likely causes of wildfire,https://www.sciencedirect.com/science/article/pii/S2212096317300141,"Classified according to UNEP, 1992. Altitude, Lebanon's Topographic Map, 10 m, Metres (m). Slope, Lebanon's Topographic Map, 10 m, Degree (°). Aspect, Lebanon's ...",https://www.sciencedirect.com › science › article › pii
Lebanon,2014–2018,"TEDxGenevaChange - Muralee Thummarukudy - ""All ...",https://www.unep.org/news-and-stories/video/tedxgenevachange-muralee-thummarukudy-all-disasters-are-preventable,The faithful practitioners of the art of disaster risk reduction believes all disasters are preventable.,"https://www.unep.org · Sep 20, 2017"
Lebanon,2014–2018,"After the Syrian War: A Huge, Costly Cleanup",https://www.voanews.com/a/after-the-syrian-war-a-huge-costly-cleanup/3286024.html,"Germany, Switzerland and Norway, for example, funded UNEP's assessment in Lebanon after the 2006 war with Israel. “Syria was an up-and-coming industrial ...",https://www.voanews.com › after-the-syrian-war-a-hug...
Lebanon,2014–2018,Global Climate Risk Index 2017,https://www.germanwatch.org/sites/default/files/publication/16411.pdf,The UNEP Adaptation Gap Report 2016 warns of increasing impacts and resulting ... 141 Lebanon. 126.83. 2.25. 129. 0.06. 122. 27.624. 116 0.0521. 136. 134 Lesotho.,https://www.germanwatch.org › files › publication
Lebanon,2014–2018,Climate pledges so far would allow extensive global ...,https://www.science.org/content/article/climate-pledges-so-far-would-allow-extensive-global-warming-2100,"The United Nations Environment Programme's annual Emissions Gap Report ... Lebanon, Lesotho, Liberia, Libyan Arab Jamahiriya, Liechtenstein, Lithuania ...",https://www.science.org › News › ScienceInsider
Lebanon,2014–2018,A MATTER OF SURVIVAL,https://www.genevawaterhub.org/sites/default/files/atoms/files/a_matter_of_survival_www.pdf,"Lebanon. Azerbaijan. Georgia. I r a nAfghanistan. Turkmenistan. Uzbekistan ... The UNEP report titled, “Greening the Blue Helmets” concludes that this ...",https://www.genevawaterhub.org › atoms › files
Lebanon,2014–2018,Pathways to increased voluntary action by non-state actors,https://icroa.org/wp-content/uploads/2023/03/ICROA_Pathways-to-increased-voluntary-action-1.pdf,"The Emissions Gap Report 2016: A UNEP Synthesis Report, November 2016. Page ... 33 Lebanon. Yes. 88 Guyana. Not in INDC, but in the longer term. 34 Lesotho.",https://icroa.org › wp-content › uploads › 2023/03
Lebanon,2014–2018,How additional is the Clean Development Mechanism?,https://climate.ec.europa.eu/system/files/2017-04/clean_dev_mechanism_en.pdf,"... Lebanon, Malaysia, Mauri- tius, Nepal, Nigeria, Republic of Korea, Senegal ... The Emissions Gap Report 2015. Available at http://www.unep.org ...",https://climate.ec.europa.eu › system › files › cle...
Lebanon,2014–2018,Self-Differentiation of Countries' Responsibilities,https://www.idos-research.de/uploads/media/DP_4.2016.pdf,The adaptation gap report 2014. Nairobi: Author. United Nations Environment Programme. (2015). The emissions gap report 2015. ... Lebanon. Lao PDR. Macedonia ...,https://www.idos-research.de › DP_4.2016.pdf
Lebanon,2014–2018,Our changing climate – its role in conflict and displacement,https://ejfoundation.org/resources/downloads/BeyondBorders-2.pdf,"Lebanon, 2014. A young Syrian girl seating on a broken chair by her tent in ... UNEP (2016) The Emissions Gap Report 2016. A UNEP Synthesis Report ...",https://ejfoundation.org › BeyondBorders-2
Lebanon,2014–2018,COP 22: 'Turn the promise of Paris into action',https://www.aljazeera.com/features/2016/11/7/cop-22-turn-the-promise-of-paris-into-action,"The world will experience a temperature rise of 2.9C to 3.4C this century, according to a UN Environment Emissions Gap report. Parties have not yet agreed ...",https://www.aljazeera.com › Features › Environment
Lebanon,2014–2018,Resource Integration,https://www.cleanenergyministerial.org/resources-cesc/energy-water-food-nexus/integrated-approaches/policies-plans/resource-integration/,"Lebanon, Jordan, Ghana, Nigeria, Lesotho, Mali, Swaziland, Burkina Faso, Morocco ... The UNEP Emissions Gap Report fro 2024 focuses on the difference between ...",https://www.cleanenergyministerial.org › policies-plans
Lebanon,2014–2018,Full article: Trying to end the war on the world,https://www.tandfonline.com/doi/full/10.1080/23779497.2016.1208055,"In 2006, ENVSEC carried out a scientific assessment of the environmental impact of the Israeli invasion of Lebanon in 2006, submitting a detailed report just ...","https://www.tandfonline.com › ... › Volume 1, Issue 1"
Lebanon,2014–2018,Library Search | Public Private Partnership,https://ppp.worldbank.org/library-search?f%5B0%5D=lib_country%3A516&f%5B1%5D=lib_country%3A523&f%5B2%5D=lib_country%3A524&f%5B3%5D=lib_country%3A529&f%5B4%5D=lib_country%3A544&f%5B5%5D=lib_country%3A547&f%5B6%5D=lib_country%3A548&f%5B7%5D=lib_country%3A549&f%5B8%5D=lib_country%3A558&f%5B9%5D=lib_country%3A560&f%5B10%5D=lib_country%3A561&f%5B11%5D=lib_country%3A574&f%5B12%5D=lib_country%3A576&f%5B13%5D=lib_country%3A588&f%5B14%5D=lib_country%3A596&f%5B15%5D=lib_country%3A598&f%5B16%5D=lib_country%3A600&f%5B17%5D=lib_country%3A606&f%5B18%5D=lib_country%3A608&f%5B19%5D=lib_country%3A611&f%5B20%5D=lib_country%3A613&f%5B21%5D=lib_country%3A614&f%5B22%5D=lib_country%3A616&f%5B23%5D=lib_country%3A625&f%5B24%5D=lib_country%3A626&f%5B25%5D=lib_country%3A639&f%5B26%5D=lib_country%3A641&f%5B27%5D=lib_country%3A646&f%5B28%5D=lib_country%3A662&f%5B29%5D=lib_country%3A671&f%5B30%5D=lib_country%3A675&f%5B31%5D=lib_country%3A683&f%5B32%5D=lib_country%3A688&f%5B33%5D=lib_country%3A691&f%5B34%5D=lib_country%3A692&f%5B35%5D=lib_country%3A695&f%5B36%5D=lib_country%3A699&f%5B37%5D=lib_country%3A736&f%5B38%5D=lib_country%3A1265&f%5B39%5D=lib_country%3A1273&f%5B40%5D=lib_country%3A1274&f%5B41%5D=lib_country%3A1287&f%5B42%5D=lib_country%3A1312&f%5B43%5D=lib_country%3A1315&f%5B44%5D=library_topic%3A816&f%5B45%5D=library_topic%3A817&f%5B46%5D=library_topic%3A818&f%5B47%5D=library_topic%3A1293&f%5B48%5D=library_topic%3A1294&f%5B49%5D=library_topic%3A1320&f%5B50%5D=library_topic%3A1551&f%5B51%5D=library_topic%3A1578&f%5B52%5D=library_topic%3A1579&page=3,Lebanon (3); × Myanmar (3); × North Macedonia ... UNEP Report: Sustainable infrastructure can drive development and COVID-19 recovery.,https://ppp.worldbank.org › library-search
Lebanon,2014–2018,The PRIMAP-hist national historical emissions time series,https://essd.copernicus.org/articles/8/571/2016/essd-8-571-2016.pdf,"The Lebanon BUR was not accessible on the UNFCCC website, so we could not ... UNEP: The Emissions Gap Report 2014, UNEP, available at: http: · //www.unep ...",https://essd.copernicus.org › essd-8-571-2016
Lebanon,2014–2018,The Climate Change Performance Index Results 2018,https://newclimate.org/sites/default/files/2018/10/CCPI2018.pdf,"Beirut, Lebanon. Phone: +961.1.447192. NewClimate Institute. Cologne Office ... The Emissions Gap Report 2017. United Nations Environment. 6. Sources and ...",https://newclimate.org › files › 2018/10 › CCPI2018
Lebanon,2014–2018,"Air Contamination by Mercury, Emissions and Transformations ...",https://pmc.ncbi.nlm.nih.gov/articles/PMC5336545/,"In 2008, the following classification was adopted in the UNEP report ... Lebanon, 11–14 October 2004. UNEP Chemical Branch . The global atmospheric ...",https://pmc.ncbi.nlm.nih.gov › articles › PMC5336545
Lebanon,2014–2018,Agriculture,https://www.greenpolicyplatform.org/sectors/agriculture,"Lebanon · Lesotho · Liberia · Libya · Liechtenstein · Lithuania · Luxembourg ... According to UNEP's Green Economy Report, the greening of agriculture refers ...",https://www.greenpolicyplatform.org › sectors › agricult...
Lebanon,2014–2018,'Do not harm' and mine action,https://www.gichd.org/fileadmin/uploads/gichd/Publications/Do-no-harm-and-mine-action-Leiden-University-Jun2014.pdf,"This was highlighted in UNEP's assessment of the cluster bomb airstrikes in Lebanon in 2006, but is also valid more generally. Valuable pasture can become ...",https://www.gichd.org › gichd › Publications › D...
Lebanon,2014–2018,Appendix 1.1: The indicative lists of economic values of ...,https://www.ipbes.net/resource-file/18225,"Algeria, Lebanon, Morocco, Tunisia and Turkey. Retrieved from http://www.fao ... Addendum of UNEP report on the socioeconomics of the West, Central and.",https://www.ipbes.net › resource-file
Lebanon,2014–2018,in 10 years,http://www.afedonline.org/uploads/afed_reports/AFED-REPORT-2017-FINAL.pdf,"Lebanon in mid-2015, UN Environment engaged Lebanon in assessing the ... Africa Diesel Sulphur Matrix, UNEP Report,. July 2006. UNEP (2011). West Asia ...",http://www.afedonline.org › afed_reports › AFE...
Lebanon,2014–2018,Green Finance in the Mediterranean,https://www.iemed.org/publication/green-finance-in-the-mediterranean/,"According to UNEP, the green economy is an economy whose aim is “to improve ... Lebanon, Libya, Morocco, Palestine, Syria and Tunisia. Facility for ...",https://www.iemed.org › publication › green-finance-in...
Lebanon,2014–2018,A rapid overview of Environmental and Health Risks ...,https://preparecenter.org/wp-content/uploads/2021/04/mosul_env_health_hazards_report_final_8nov.pdf,"It will be too late post-conflict as was the case in Iraq 2003, Lebanon 2006. ... UNEP, Assessment of Environmental “Hot Spots” in Iraq, October 2005, http ...",https://preparecenter.org › uploads › 2021/04
Lebanon,2014–2018,Spain Joins UN Clean Seas Campaign,https://eponline.com/articles/2017/10/19/spain-joins-un-clean-seas-campaign.aspx,"According to UNEP, mankind had produced 8.3 billion tons of plastic up to ... Lebanon, Lesotho, Liberia, Libya, Liechtenstein, Lithuania, Luxembourg, Macao ...",https://eponline.com › articles › 2017/10/19 › spain-joi...
Lebanon,2014–2018,CARBON DISCLOSURE AND CLIMATE RISK IN ...,https://www.footprintnetwork.org/content/documents/2016-Carbon_Sovereign_Bonds.pdf,"16According to UNEP's Emissions Gap Report 2015, in order to limit warming ... a few countries (e.g. Lebanon and Serbia for this portfolio).",https://www.footprintnetwork.org › documents
Lebanon,2014–2018,2014 United Nations List of Protected Areas,https://worldparkscongress.org/sites/wpc/files/documents/docs/Stream%201-2014%20UN%20List%20of%20Protected%20Areas%20EN%20web_0.pdf,They are also used in other international assessments or reports including the Global Biodiversity. Outlook (GBO) and the Global Environment Outlook (GEO).,https://worldparkscongress.org › documents › docs
Lebanon,2014–2018,Local warming and violent conflict in North and South Sudan,https://academic.oup.com/joeg/article/15/3/649/1071238,"According to UNEP (2007), an estimated 50- to 200-km southward shift of the ... UNEP Report. Google Scholar · Google Preview. OpenURL Placeholder Text.",https://academic.oup.com › joeg › article
Lebanon,2014–2018,Munich Security Report 2018,https://securityconference.org/assets/02_Dokumente/01_Publikationen/MunichSecurityReport2018.pdf,"in Lebanon. Charges over state-sponsored terrorism culminated in a ... United Nations Environment, “The Emissions Gap Report 2017: A UN Environment Synthesis ...",https://securityconference.org › 01_Publikationen
Lebanon,2014–2018,Collateral damage estimates and the acceptability of ...,https://ceobs.org/collateral-damage-estimates-and-the-acceptability-of-attacks-on-industrial-sites/,"The collapse of the regime triggered widespread looting, whose damage to industrial sites, according to UNEP “cannot be underestimated”. UNEP argued that ...",https://ceobs.org › collateral-damage-estimates-and-the-...
Lebanon,2014–2018,State of Global Aviation Safety,https://www.icao.int/sites/default/files/sp-files/safety/Documents/ICAO_SR_2019_final_web.pdf,Lebanon. Libya. Oman. Qatar. Saudi Arabia. Sudan. Syrian Arab Republic ... This chart reproduced from HTOC UNEP report (December 2018). Facts. Appendix 3 ...,https://www.icao.int › ICAO_SR_2019_final_web
Lebanon,2014–2018,what roles for livestock?,https://openknowledge.fao.org/server/api/core/bitstreams/8b92b3ed-cb95-4f30-b068-7ec147429711/content,"Lebanon, Syrian Arab Republic, Turkey) edges of the Mediterranean. These ... Global Environment Outlook. GEO environment for development 4 (available ...",https://openknowledge.fao.org › core › content
Lebanon,2014–2018,Sea Level Rise is Biggest Threat to Small Islands,https://floodlist.com/africa/sea-level-rise-threat-small-islands,"... according to UNEP. The SIDS Foresight Report, which was produced by a panel ... Lebanon · Malaysia · Myanmar · Nepal · Pakistan · Palestine · Philippines · Russia ...",https://floodlist.com › africa › sea-level-rise-threat-small-...
Lebanon,2014–2018,Global environmental problems - searching for adequate ...,https://www.econstor.eu/bitstream/10419/49556/1/258288639.pdf,"The most recent UNEP report on this problematique indicates that. 1.2 ... UNEP (1997):. Global Environment Outlook, New York, Oxford. UNEP/ISRIC (1991): ...",https://www.econstor.eu › bitstream
Lebanon,2014–2018,Viewing Subject: Environmental Studies,https://www.jstor.org/subject/enviro,"Keeping the World's Environment under Review: An Intellectual History of the Global Environment Outlook ... Lebanon, 2013. The Republic of Nature: An ...",https://www.jstor.org › subject › enviro
Lebanon,2014–2018,Daylighting and lighting retrofit to reduce energy use in non ...,https://task50.iea-shc.org/Data/Sites/1/publications/Technical_Report_T50_D2_final.pdf,"Current energy systems and socio- economic systems are clearly unsustainable, according to UNEP (2011 via Motta Cabrera & ... Lebanon. The authors analysed the ...",https://task50.iea-shc.org › Sites › publications › T...
Lebanon,2014–2018,Daylighting and lighting retrofit to reduce energy use in non ...,https://task50.iea-shc.org/Data/Sites/1/publications/Technical_Report_T50_D2_final.pdf,"Current energy systems and socio- economic systems are clearly unsustainable, according to UNEP (2011 via Motta Cabrera & ... Lebanon. The authors analysed the ...",https://task50.iea-shc.org › Sites › publications › T...
Lebanon,2014–2018,Global development trends and challenges,https://odi.org/documents/5666/11873.pdf,Lebanon hosting Syrian refugees. One element of such an exercise should also ... unep-report-cost-of-adapting-to-climate-change-could-hit-500b-per-year ...,https://odi.org › documents
Lebanon,2014–2018,Coral reefs are vanishing at an unprecedented rate,https://www.facebook.com/groups/353900744662053/posts/1654131281305653/,Freedive Lebanon will try to display this documentary as part of August awareness events.. ... The UNEP report is written by highly qualified scientists ...,1 comment
Lebanon,2014–2018,GLOBAL LEAD PAINT ELIMINATION REPORT,https://ipen.org/sites/default/files/documents/IPEN-global-lead-report-final-Oct-2016-en.pdf,"Regulation: Lebanon does not have any regula- tion limiting the ... According to UNEP, Belarus and Armenia have binding, regulatory con- trols ...",https://ipen.org › sites › default › files › documents
Lebanon,2014–2018,Sustainable agricultural development for food security and ...,https://cgspace.cgiar.org/bitstreams/9fed790c-5b20-4b3c-ac94-926f0aa02671/download,"Lebanon, Syrian Arab Republic, Turkey) edges of the Mediterranean. These ... Global Environment Outlook. GEO environment for development 4 (available ...",https://cgspace.cgiar.org › bitstreams › download
Lebanon,2014–2018,World Economic Situation and Prospects 2024,https://www.un.org/development/desa/dpad/wp-content/uploads/sites/45/WESP_2024_Web.pdf,"... Lebanon, Sudan and the. Bolivarian Republic of Venezuela are excluded for the ... Adaptation Gap Report 2022: Too Little, · Too Slow – Climate Adaptation ...",https://www.un.org › sites › WESP_2024_Web
Lebanon,2014–2018,Thirsting for a Future,https://www.unicef.org/media/49621/file/unicef_thirsting_for_a_future_eng.pdf,"Global Environment Outlook 3: Past, present and future perspectives, UNEP ... in Lebanon and 660,000 in Jordan.28. In these three host countries, UNICEF ...",https://www.unicef.org › media › file › unicef_th...
Lebanon,2014–2018,The Future of Disaster Risk Management,https://www.preventionweb.net/english/hyogo/gar/2015/en/gar-pdf/GAR2015_EN.pdf,"... Emissions Gap Report 2012. A UNEP. Synthesis Report. UNEP, Nairobi. UNEP ... Lebanon. Lesotho. Liberia. M. Macao (Special Administrative. Region of China).",https://www.preventionweb.net › GAR2015_EN
Lebanon,2014–2018,Orangutans face extinction on Borneo where deforestation ...,https://www.soualiganewsday.com/index.php?option=com_k2&view=itemlist&task=category&id=33:soualiga&Itemid=519&start=28&limitstart=15162,"An estimated 55,000 Bornean orangutans remain in the wild, according to UNEP. ... “Europe also needs to do more to support Turkey, Lebanon and Jordan ...",https://www.soualiganewsday.com › ...
Lebanon,2014–2018,Threats | Biological Diversity of the State of Palestine,https://ps.chm-cbd.net/threats,"According to UNEP (2003), 70% of solid waste in SP is organic waste which ... The UNEP report (2003) identified the following as key effects of the occupation:.",https://ps.chm-cbd.net › threats
Lebanon,2014–2018,Threats | Biological Diversity of the State of Palestine,https://ps.chm-cbd.net/threats,"According to UNEP (2003), 70% of solid waste in SP is organic waste which ... The UNEP report (2003) identified the following as key effects of the occupation:.",https://ps.chm-cbd.net › threats
Lebanon,2014–2018,Built on sand: Is the construction boom depleting supplies?,https://www.detail.de/de_en/built-on-sand-is-the-construction-boom-depleting-supplies-16825?srsltid=AfmBOopjcJEEiUbkyTpDsjEeUOxBT_JcpM5Pq8ni5lzgJ_apB-ve5nOV,"Even resources experts seem surprised by the new dearth of sand, as the title of the UNEP report ... Lebanon, Lesotho, Liberia, Libya, Liechtenstein, Litauen ...",https://www.detail.de › de_en › built-on-sand-is-the-cons...
Lebanon,2014–2018,2014 egypt's fifth national report to the ...,https://www.cbd.int/doc/world/eg/eg-nr-05-en.pdf,"... Lebanon and Israel. There are a total of only 2,000 nesting females at these ... Global Environment Outlook-5. United Nations Environment Programme ...",https://www.cbd.int › doc › world › eg-nr-05-en
Lebanon,2014–2018,Journal of Hydrology: Regional Studies,https://d-nb.info/1137226137/34,"Hermon to the Lake. Kinneret (also known as Lake Tiberias or Sea of Galilee, 210 m bsl), in the borderland of Israel, Syria and Lebanon. ... according to UNEP, ...",https://d-nb.info › ...
Lebanon,2014–2018,Water Environment in the Coastal Basins of Syria - Springer,https://link.springer.com/article/10.1007/s40710-014-0043-5,"According to UNEP (2008), the water stress indicator of a country or region ... Lebanon, ~1,300,000 in Jordan, and another 1,000,000 in Turkey.",https://link.springer.com › Environmental Processes
Lebanon,2014–2018,Niger Delta: A Region Cursed by Oil Politics,https://www.geopoliticalmonitor.com/niger-delta-a-region-cursed-by-oil-politics/,"Lebanon, Lesotho, Liberia, Libya, Liechtenstein, Lithuania, Luxembourg, Macao ... A 2011 UN Environment Programme (UNEP) report recommended that oil companies ...",https://www.geopoliticalmonitor.com › niger-delta-a-regi...
Lebanon,2014–2018,The Global Risks Report 2020,https://www3.weforum.org/docs/WEF_Global_Risk_Report_2020.pdf,"In Lebanon, where the Gini coefficient is. 0.51, nation-wide protests were ... The Adaptation Gap Report. 2018: Health. UNEP. https://wedocs.unep. org ...",https://www3.weforum.org › docs › WEF_Globa...
Lebanon,2014–2018,The African Seed Access Index (TASAI),https://agrinatura-eu.eu/news/the-african-seed-access-index-tasai/,global environment outlook. by secretary. Paepard; 13th November 2019. upcoming ... saving syria's seed bank in lebanon. by secretary. Paepard; 28th May 2019 ...,https://agrinatura-eu.eu › news › the-african-seed-access...
Lebanon,2014–2018,United Nations Economic and Social Commission for Western ...,https://www.unescwa.org/sites/default/files/inline-files/afsd2015_final_report_enhlpf.pdf,"Cunningham presented several important global initiatives that have improved data availability, notably the. Global Environment Outlook, UNEP Live, and Eye on ...",https://www.unescwa.org › files › inline-files › af...
Lebanon,2014–2018,JOINT EVALUATION SYNTHESIS FAO's and IFAD's ...,https://ioe.ifad.org/documents/38714182/39720979/pastoral_dvp.pdf,Unit in Lebanon [07]. Some evaluations state that women were empowered. [06 ... The point was recently summarized in an IUCN-UNEP report: 'Pastoralism ...,https://ioe.ifad.org › documents › pastoral_dvp
Lebanon,2014–2018,United Nations Economic and Social Commission for Western ...,https://www.unescwa.org/sites/default/files/inline-files/afsd2015_final_report_enhlpf.pdf,"Cunningham presented several important global initiatives that have improved data availability, notably the. Global Environment Outlook, UNEP Live, and Eye on ...",https://www.unescwa.org › files › inline-files › af...
Lebanon,2014–2018,Waste Management Outlook for Mountain Regions,http://www.carpathianconvention.org/tl_files/carpathiancon/Downloads/04%20Publications%20-%20Press%20-%20Gallery/Documents%20and%20Publications/WasteMountains_screen.pdf,"LEBANON 81.1%. ARMENIA 85.9%. KYRGYZSTAN 90.7%. TAJIKISTAN 91.9%. NEPAL 80.7 ... According to UNEP (2007), travel to mountain regions is thought to account ...",http://www.carpathianconvention.org › Downloads
Lebanon,2014–2018,Reviewing Britain's seven segments,https://climateoutreach.org/britain-talks-climate/practice/reviewing-britains-seven-segments/,"In Emissions Gap Report 2020. United Nations Environment Programme. Nairobi ... Lebanon, Lesotho, Liberia, Libya, Liechtenstein, Lithuania, Luxembourg, Macao ...",https://climateoutreach.org › ... › Putting it into practice
Lebanon,2014–2018,Green Finance in the Mediterranean,https://www.medgreeneconomy.org/content-images/Med-Green-Finance-2017.pdf,"According to UNEP, the green economy is an economy whose aim is “to ... Lebanon, Morocco, the Palestinian territories, Syria (currently suspended) ...",https://www.medgreeneconomy.org › Med-Gree...
Lebanon,2014–2018,"Finally it seems as if Ken Saro-Wiwa, my father, may not ...",https://www.theguardian.com/commentisfree/2015/nov/10/ken-saro-wiwa-father-nigeria-ogoniland-oil-pollution,"Although the Unep report was delivered in August 2011, the ... Lebanon · Colorado and Deion Sanders in mourning after QB Dominiq Ponder dies ...",https://www.theguardian.com › commentisfree › nov
Lebanon,2014–2018,THE BLUE ECONOMY,https://archive.uneca.org/sites/default/files/PublicationFiles/blue_economy_english-nov2016.pdf,"... UNEP report Regional State of the Coast Report for the Western Indian ... In the Great Lakes Region, according to UNEP-MONUSCO estimates: “illicit natural.",https://archive.uneca.org › files › PublicationFiles
Lebanon,2014–2018,The endless devastation caused by the pursuit of illegal gold,https://www.mining-technology.com/features/featurethe-endless-devastation-caused-by-the-pursuit-of-illegal-gold-4969095/,"... UNEP report. Corruption, destruction and extortion. “I have personally ... Lebanon, Lesotho, Liberia, Libyan Arab Jamahiriya, Liechtenstein, Lithuania ...",https://www.mining-technology.com › features › featur...
Lebanon,2014–2018,PhD thesis by Francesca de Châtel,https://www.mobt3ath.com/uplode/book/book-7440.pdf,The UN Global Environment Outlook 2002 foresees that 95% of the Middle East will be ... Lebanon region in Lebanon. This data was complemented by information from ...,https://www.mobt3ath.com › book › book-7440
Lebanon,2014–2018,Experts' background report on illegal exploitation and trade,https://ungreatlakes.unmissions.org/sites/default/files/unep_drcongo_monusco_osesg_final_report.pdf,"Of the estimated 22,000-‐25,000 elephants killed in Africa every year by poachers according to UNEP, the Convention on International Trade in Endangered Species ...",https://ungreatlakes.unmissions.org › default › files
Lebanon,2014–2018,109° Congresso,https://www.societabotanicaitaliana.it/uploaded/2225.pdf,"According to UNEP/CBD/SBSTTA definition (2), an old-growth forest is a primary or a ... Lebanon. The essential oils from dried samples were isolated by ...",https://www.societabotanicaitaliana.it › uploaded
Lebanon,2014–2018,Experts' background report on illegal exploitation and trade,https://ungreatlakes.unmissions.org/sites/default/files/unep_drcongo_monusco_osesg_final_report.pdf,"Of the estimated 22,000-‐25,000 elephants killed in Africa every year by poachers according to UNEP, the Convention on International Trade in Endangered Species ...",https://ungreatlakes.unmissions.org › default › files
Lebanon,2014–2018,109° Congresso,https://www.societabotanicaitaliana.it/uploaded/2225.pdf,"According to UNEP/CBD/SBSTTA definition (2), an old-growth forest is a primary or a ... Lebanon. The essential oils from dried samples were isolated by ...",https://www.societabotanicaitaliana.it › uploaded
Lebanon,2014–2018,Conservation Agriculture and Climate Change: An Overview,https://www.researchgate.net/publication/311418457_Conservation_Agriculture_and_Climate_Change_An_Overview,... Lebanon 1.2 Venezuela 300. Lesotho 2 Zambia 200. Madagascar 6 Zimbabwe 332 ... emissions gap report 2013. United Nations Environment Programme (UNEP) ...,https://www.researchgate.net › publication › 31141845...
Lebanon,2014–2018,Audrey Azoulay,https://sustainabilitymag.com/executive/audrey-azoulay,"The United Nations. Beirut, Beirut Governorate, Lebanon. Home ... UNEP's GEO-7: Has the World Made Enough Climate Progress? UNEP's Global Environment Outlook ...",https://sustainabilitymag.com › executive › audrey-azou...
Lebanon,2014–2018,Climate Change Will Increase in the Frequency of Dust ...,https://servicemarket.com/en/blog/dust-storms-cleaning-uae,"According to UNEP, in the Middle East and North Africa dust storms cause a ... Moving to Lebanon from Dubai · Moving to the UK from Dubai · Moving to the ...",https://servicemarket.com › dust-storms-cleaning-uae
Lebanon,2014–2018,Annual Report 2020-21,https://moef.gov.in/uploads/2017/06/Environment-AR-English-2020-21.pdf,Lebanon. • M/s. KPMG has submitted a draft report on e-waste ... Global Environment Outlook (GEO) 7 - GEO is the only assessment which covers ...,https://moef.gov.in › uploads › 2017/06 › Enviro...
Lebanon,2014–2018,Massive clean-ups and new national parks as humanity ...,https://www.unep.org/news-and-stories/press-release/massive-clean-ups-and-new-national-parks-humanity-stands-nature,"... Lebanon, the Greek Islands, Egypt, Australia, the United States, Norway, and ... World Environment Situation Room. Advocacy. International Days · Beat ...","https://www.unep.org › News, Stories & Speeches"
Lebanon,2014–2018,Local warming and violent conflict in North and South Sudan,https://scispace.com/pdf/local-warming-and-violent-conflict-in-north-and-south-sudan-3344uzymkw.pdf,"According to UNEP. (2007), an estimated 50- to 200-km southward shift of the ... Center for Agricultural Research in the Dry Areas, Lebanon. Duffield, M ...",https://scispace.com › pdf
Lebanon,2014–2018,ISSN 2320-5407 International Journal of ...,https://www.journalijar.com/uploads/2014/03/393_IJAR-2652.pdf,"... Lebanon. Water Resour Manage, 23: 775-. 796. Bhosale, R. A. (2004): ... United Nations Environment program (UNEP) (1999): Global Environment outlook 2000.",https://www.journalijar.com › 393_IJAR-2652
Lebanon,2014–2018,State of theWorld's Minorities and Indigenous Peoples 20151,https://www.minorityrights.org/13061/attachments/2%20MRG-state-of-the-worlds-minorities-2015-Thematic-1-Corinne-Lennox.pdf,"... Lebanon. UNHCR/S. Baldwin. Page 13. Minority and indigenous peoples' rights in ... UNEP report was released in 2011, but the devastation caused by the ...",https://www.minorityrights.org › attachments
Lebanon,2014–2018,"Water scarcity, data scarcity and the Budyko curve—An ...",https://www.sciencedirect.com/science/article/pii/S2214581816301197,"Hermon to the Lake Kinneret (also known as Lake Tiberias or Sea of Galilee, 210 m bsl), in the borderland of Israel, Syria and Lebanon. ... according to UNEP, ...",https://www.sciencedirect.com › science › article › pii
Lebanon,2014–2018,Report on Intl. Conference,https://nluassam.ac.in/docs/events/Report%20on%20Intl.%20Conference.pdf,spill that occurred in Lebanon in 2006. They discussed the environmental ... Environmental damage has been proven by Global Environment Outlook's several reports.,https://nluassam.ac.in › docs › events
Lebanon,2014–2018,Resource Integration,https://www.cleanenergyministerial.org/resources-cesc/energy-water-food-nexus/integrated-approaches/policies-plans/resource-integration/,"Lebanon, Jordan, Ghana, Nigeria, Lesotho, Mali, Swaziland, Burkina Faso, Morocco ... The UNEP Emissions Gap Report fro 2024 focuses on the difference between ...",https://www.cleanenergyministerial.org › policies-plans
Lebanon,2014–2018,Environmental Migration: Exploring The Plight Of Climate ...,https://blog.ipleaders.in/environmental-migration-exploring-plight-climate-change/,"The idea of an “ecological refugee” was first proposed in 1948, concretising subsequently in a UNEP report in 1985 by El-Hinnawi. ... +961 - LB (Lebanon), + ...",https://blog.ipleaders.in › General
Lebanon,2014–2018,UNEP's Mandate,https://unstats.un.org/unsd/environment/envpdf/unsd_EAC_Workshop/Session%201c_UNEP%20UNEP's%20perspective%20on%20regional%20needs.pdf,(Lebanon). Hazardous Substances and Harmful Waste. Global assessment of ... UNEP assessment products.... Page 17. Page 18. 24/07/201. 5. 2011 UNEP. Nordics. 18 ...,https://unstats.un.org › unsd_EAC_Workshop
Lebanon,2014–2018,egypt third national communication,https://unfccc.int/sites/default/files/resource/TNC%20report.pdf,"... Lebanon, and Syria, progressing from there, towards the southern Turkish ... (Global Environment Outlook) GEO.4 (Regional. Office for West Asia .Air ...",https://unfccc.int › sites › default › files › resource
Lebanon,2014–2018,"Worlds Together, Worlds Apart. 7th ed 7th Editon",https://dokumen.pub/worlds-together-worlds-apart-7th-ed-7th-editon.html,"... Emissions Gap Report 2019: Executive Summary 1022. Interpreting Visual ... Lebanon, copper and stones from Oman, more copper from Turkey and Iran, and ...",https://dokumen.pub › ...
Lebanon,2014–2018,About Earth Summit 2002,https://www.yumpu.com/en/document/view/37892267/about-earth-summit-2002,"the review process, including UNEP's Global Environment Outlook, UNDP's Human Development Report,<br /> ... West Asia: Lebanon 9-11 April 2001<br />. East ...",https://www.yumpu.com › document › view › about-ea...
Lebanon,2014–2018,Cases of Environmental Human Rights Violations by Shell ...,https://www.cetim.ch/cases-of-environmental-human-rights-violations-by-shell-in-nigeria%E2%80%99s-niger-delta/,"In reality, and according to a UNEP report (2011), Shell is not observing its ... The UNEP assessment presented to President Goodluck Jonathan showed ...",https://www.cetim.ch › ...
Lebanon,2014–2018,THE SECURITY & SUSTAINABILITY GUIDE:,https://www.worldacademy.org/files/s&sguide/S&S_Master_Aug_2016.pdf,"... Lebanon). *International Center for Climate Governance (2009, Venice ... Global Environment Outlook reports (e.g., GEO-5, 2012) and. UNEP Annual Reports ...",https://www.worldacademy.org › files › s&sguide
Lebanon,2018–2022,The UNEP Emissions Gap Report,https://unepccc.org/project/un-environment-emissions-gap-report/,The UNEP Emissions Gap Report. The Emissions Gap Reports are annual science-based assessments of the gap between countries' pledges on greenhouse gas ...,https://unepccc.org › project › un-environment-emissio...
Lebanon,2018–2022,Protecting the environment in humanitarian responses to ...,https://www.unep.org/news-and-stories/story/protecting-environment-humanitarian-responses-population-displacement,"On the face of it, Guatemala, Lebanon and Nigeria are some of the most dissimilar places on the planet ... World Environment Situation Room. Advocacy.","https://www.unep.org › News, Stories & Speeches"
Lebanon,2018–2022,New U.N. climate report offers 'bleak' emissions forecast,https://www.science.org/content/article/new-un-climate-report-offers-bleak-emissions-forecast,"The 10th Emissions Gap Report by the United Nations Environment Programme (UNEP) ... ""The summary findings are bleak,"" the UNEP report said. ""Countries ...",https://www.science.org › News › ScienceInsider
Lebanon,2018–2022,Global Environment Outlook,https://www.bpbes.net.br/wp-content/uploads/2019/03/GEO6-SPM_EN.pdf,"Jordan, Kenya, Lao People's Democratic Republic, Lebanon, Madagascar, Malawi, Maldives, Mali, Marshall Islands, ... “The sixth Global Environment Outlook is an ...",https://www.bpbes.net.br › GEO6-SPM_EN
Lebanon,2018–2022,The sixth Global Environment Outlook (GEO) for Cities report,https://unhabitat.org/the-sixth-global-environment-outlook-geo-for-cities-report,Lebanon · Libya · Saudi Arabia · State of Palestine · Sudan · Syrian Arab Republic ... The sixth Global Environment Outlook (GEO) for Cities report. GEO for ...,https://unhabitat.org › the-sixth-global-environment-outl...
Lebanon,2018–2022,Communicating lifestyle change (chapter in the UNEP ...,https://climateoutreach.org/reports/unep-communicating-lifestyle-change/,"We're proud to have coordinated and lead-authored a chapter in the UN Environment Programme (UNEP) Emissions Gap Report (EGR) 2020 ... Lebanon, Lesotho ...",https://climateoutreach.org › Reports & guides
Lebanon,2018–2022,"United - According to UNEP, 79% of countries ...",https://www.facebook.com/UNLebanon/photos/according-to-unep-79-of-countries-have-adopted-at-least-one-national-level-adapt/2001747320002108/,"According to UNEP, 79% of countries have adopted at least one national ... Lebanon and elsewhere must be at the forefront of innovation and leadership.",5 reactions
Lebanon,2018–2022,Report of the United Nations Environment Assembly of the ...,https://docs.un.org/en/A/74/25,"Kyrgyzstan, Lao People's Democratic Republic, Latvia, Lebanon, Lesotho, Liberia, ... endorsement of the Global Environment Outlook (UNEP/EA.4/Res.23). Declaration.",https://docs.un.org › ...
Lebanon,2018–2022,GLOBAL ENVIRONMENT OUTLOOK GEO-6 SUMMARY ...,https://www.cambridge.org/core/services/aop-cambridge-core/content/view/DDAE147322706D3FEAD2E089035892AB/9781108707688AR.pdf/Global_Environment_Outlook___GEO-6__Summary_for_Policymakers.pdf?event-type=FTLA,"Jordan, Kenya, Lao People's Democratic Republic, Lebanon, Madagascar, Malawi, Maldives, Mali, Marshall Islands, ... What is the Global Environment Outlook?",https://www.cambridge.org › services › content › view
Lebanon,2018–2022,Carbon emissions of richest 1% set to be 30 times the 1.5° ...,https://www.oxfam.org/en/press-releases/carbon-emissions-richest-1-set-be-30-times-15degc-limit-2030,The UNEP Emissions Gap Report 2021 estimates that total global emissions ... Crisis in Lebanon · Crisis in Syria · Crisis in Yemen. Support our work. Donate ...,https://www.oxfam.org › press-releases
Lebanon,2018–2022,"Without #nature's help, “we will not thrive or even survive”, ...",https://www.instagram.com/p/CLgLgKCMefQ/,"... UNEP report on the #environment. Read more: http://bit.ly/3qA0LRn ... Meet Ali Hammoud, a content creator from South Lebanon who brings Lebanese traditional ...",9 likes
Lebanon,2018–2022,Annual 7% decrease in emissions needed for next decade,https://unepccc.org/annual-7-decrease-in-emissions-needed-for-next-decade/,"To reach global climate goals ambition must climb at least five-fold, new Emissions Gap Report shows ... Lebanon, Lesotho, Liberia, Libya, Liechtenstein ...",https://unepccc.org › annual-7-decrease-in-emissions-ne...
Lebanon,2018–2022,Raising Ambition for Climate Adaptation and Resilience,https://www.adaptation-undp.org/sites/default/files/uploaded-images/call_for_action_on_adaptation_and_resilience_v_18_august_2021.pdf,1 Estimate from UNEP Adaptation Gap Report 2016. Page 2. making every effort to ... Lebanon ○ Lesotho ○ Liberia ○ Luxembourg ○ Madagascar ○ Malawi ...,https://www.adaptation-undp.org › uploaded-images
Lebanon,2018–2022,A Snapshot of Global Adaptation Investment and Tracking ...,https://climatepolicyinitiative.org/wp-content/uploads/2020/04/A-Snapshot-of-Global-Adaptation-Investment-and-Tracking-Methods-April-2020.pdf,"The Adaptation Gap Report 2016. 2 World Bank Group. 2019. “Intended ... Islamic Republic of Iran, Iraq, Jordan, Kuwait, Lebanon, Libya,. Morocco, Oman ...",https://climatepolicyinitiative.org › 2020/04 › A-...
Lebanon,2018–2022,Building Forward Better from Covid-19,https://gca.org/wp-content/uploads/2021/01/GCA-State-and-Trends-Report-2020-Online.pdf,LEBANON. KUWAIT. SAUDI. ARABIA. UNITED. ARAB. EMIRATES. BAHRAIN. URBAN CHALLENGES ... resources/adaptation-gap-report. 7. https://www.un.org/sg/en/content/sg ...,https://gca.org › wp-content › uploads › 2021/01
Lebanon,2018–2022,First Global Report,https://environmentalmigration.iom.int/sites/g/files/tmzbdl1411/files/documents/2023-11/environmental_rule_of_law.pdf,"... Lebanon, Lesotho, Liberia, Libya, Liechtenstein, Lithuania,. Luxembourg ... Global Environment Outlook. Nairobi, Kenya. https://wedocs.unep.org ...",https://environmentalmigration.iom.int › files › e...
Lebanon,2018–2022,Equitable mitigation to achieve the 1.5 °C goal in ... - PMC - NIH,https://pmc.ncbi.nlm.nih.gov/articles/PMC8068457/,"... Lebanon, Libya, Montenegro, and Turkey are upper-middle-income countries ... UNEP (2019) Emissions Gap Report 2019; UNEP Pledge Pipeline | UNEP - UN ...",https://pmc.ncbi.nlm.nih.gov › articles › PMC8068457
Lebanon,2018–2022,"According to UNEP, 79% of countries have adopted at ...",https://www.facebook.com/UNLebanon/posts/according-to-unep-79-of-countries-have-adopted-at-least-one-national-level-adapt/2001749263335247/?locale=hi_IN,"United Nations Lebanon की पोस्ट. United Nations Lebanon 󱢏. 13 नवं 2021󰞋󱟠. 󳄫. According to UNEP, 79% of countries have adopted at least one ...",5 reactions
Lebanon,2018–2022,Capacity Building for SPP in Developing Countries,https://www.unep.org/explore-topics/resource-efficiency/what-we-do/capacity-building-spp-developing-countries,"... Lebanon, Mauritius, Tunisia and Uruguay), with the support of the European ... World Environment Situation Room. Advocacy. International Days · Beat ...",https://www.unep.org › ... › What we do
Lebanon,2018–2022,"Equitable future cities hold answers to pollution, climate ...",https://unhabitat.org/news/18-nov-2021/equitable-future-cities-hold-answers-to-pollution-climate-and-nature-breakdown,Lebanon · Libya · Saudi Arabia · State of Palestine · Sudan · Syrian Arab Republic ... The Global Environment Outlook for Cities report: Towards Green and Just ...,https://unhabitat.org › news › 18-nov-2021 › equitable-f...
Lebanon,2018–2022,"Equitable future cities hold answers to pollution, climate ...",https://unhabitat.org/news/18-nov-2021/equitable-future-cities-hold-answers-to-pollution-climate-and-nature-breakdown,Lebanon · Libya · Saudi Arabia · State of Palestine · Sudan · Syrian Arab Republic ... The Global Environment Outlook for Cities report: Towards Green and Just ...,https://unhabitat.org › news › 18-nov-2021 › equitable-f...
Lebanon,2018–2022,Report of the United Nations Environment Assembly of the ...,https://docs.un.org/en/A/76/25,"Lao People's Democratic Republic, Latvia, Lebanon, Libya, Lithuania, Luxembourg, ... including on the future of the Global Environment Outlook, and on marine ...",https://docs.un.org › ...
Lebanon,2018–2022,What makes internationally-financed climate change ...,https://www.sciencedirect.com/science/article/pii/S0959378019308362,"This configuration applies to six cases, namely Belize, Ghana, Guatemala, Mali, Paraguay and Lebanon. ... The Adaptation Gap Report 2016. United Nations ...",https://www.sciencedirect.com › science › article › pii
Lebanon,2018–2022,Repurposing agricultural support to transform food systems,https://www.undp.org/publications/multi-billion-dollar-opportunity-repurposing-agricultural-support-transform-food-systems,This joint FAO-UNDP-UNEP report calls for governments to rethink the way agriculture is subsidized and supported ... Lebanon. English العربية. Lesotho.,https://www.undp.org › publications › multi-billion-dolla...
Lebanon,2018–2022,Owning the transition to net zero emissions,https://www.lse.ac.uk/granthaminstitute/wp-content/uploads/2020/03/Bob-Ward-Owning-the-transition-to-net-zero-emissions-February-2020.pdf,"• Emissions Gap Report 2019 (UNEP): even if all current unconditional ... Lebanon, Luxembourg, Maldives, Mauritius, Mexico, Monaco, Namibia,. Nauru ...",https://www.lse.ac.uk › uploads › 2020/03 › Bob...
Lebanon,2018–2022,Lifestyle change and system change are two sides of the ...,https://climateoutreach.org/lifestyle-change-system-change-two-sides-same-coin/,"For the first time, the December 2020 Emissions Gap report includes a focus ... Lebanon, Lesotho, Liberia, Libya, Liechtenstein, Lithuania, Luxembourg, Macao ...",https://climateoutreach.org › Blog
Lebanon,2018–2022,The Conflict and Environment Observatory,https://ceobs.org/,Scoping conflict-linked environmental harm in southern Lebanon. Alongside its ... This blog summarises the findings of a new UNEP assessment of ...,https://ceobs.org
Lebanon,2018–2022,ENVIRONMENTAL CHALLENGES IN THE MENA REGIONi,https://roar-assets-auto.rbl.ms/documents/35419/EC_MENA.pdf,"economic benefits (20 % of Lebanon's Global Domestic Product (GDP), UN-Habitat 2011). ... Global Environment Outlook for West Asia. Keynote of the ...",https://roar-assets-auto.rbl.ms › EC_MENA
Lebanon,2018–2022,The Role of Environmental and Spiritual Ethics in ...,https://centerforearthethics.org/blog/the-role-of-environmental-and-spiritual-ethics-in-galvanizing-nature-based-solutions-unep-report/,The Role of Environmental and Spiritual Ethics in Galvanizing Nature Based Solutions – UNEP Report ... The Maronite Church of Lebanon has protected the forests of ...,https://centerforearthethics.org › blog › the-role-of-envi...
Lebanon,2018–2022,Climate Change has not stopped for COVID-19,https://unepccc.org/united-in-science-report-climate-change-has-not-stopped-for-covid-19/,"The Emissions Gap Report 2019 showed that the cuts in global emissions ... Lebanon, Lesotho, Liberia, Libya, Liechtenstein, Lithuania, Luxembourg, Macedonia ...",https://unepccc.org › united-in-science-report-climate-c...
Lebanon,2018–2022,Leveraging NDCs and Long-Term Strategies to achieve ...,https://www.mofa.go.jp/files/000498437.pdf,"Emissions Gap Report 2018. Nairobi, Kenya: UN Environment Programme, 112 pp ... To date, countries such as Fiji, Ghana, Lebanon,. Tanzania, Trinidad and ...",https://www.mofa.go.jp › files
Lebanon,2018–2022,GLOBAL CLIMATE RISK INDEX 2020,https://www.germanwatch.org/sites/default/files/20-2-01e%20Global%20Climate%20Risk%20Index%202020_14.pdf,The UNEP Adaptation Gap Report 2016 warns of increasing impacts and resulting ... 62 Lebanon. 67.17. 50. 18. 105. 106. 56 Lesotho. 61.50. 58. 11. 121. 84. 135 ...,https://www.germanwatch.org › default › files
Lebanon,2018–2022,Macro-Financial Aspects of Climate Change,https://openknowledge.worldbank.org/bitstreams/a09d591f-75b6-5e09-9ecc-71715a3ecf0a/download,... Lebanon. Libya. Morocco. Oman. Qatar. Syrian Arab ... Adaptation Gap Report 2017. Nairobi: United Nations Environment Programme. UNEP. 2018. Emissions Gap Report ...,https://openknowledge.worldbank.org › download
Lebanon,2018–2022,Sustainable Development in the MENA Region,https://www.iai.it/sites/default/files/menara_fn_20.pdf,"UNEP–United Nations Environment Programme (2016), GEO-6: Regional Assessment for Africa. Global Environment Outlook, Nairobi, UNEP, https://www.unenvironment.",https://www.iai.it › default › files › menara_fn_20
Lebanon,2018–2022,MIGRATION NEXUS - Addressing the Land Degradation,https://www.unccd.int/sites/default/files/2019-08/IOM%20UNCCD%20Desertification%202019%20FINAL.pdf,Lebanon. Alleviate land degradation. Maintain ecosystem services. Improve livelihoods. Government of Lebanon in partnership with the United Nations Development ...,https://www.unccd.int › sites › default › files
Lebanon,2018–2022,"Environment damage behind 1 in 4 global deaths, disease",https://www.arabnews.pk/node/1466086/world,"The Global Environment Outlook (GEO) — a report six years in the making ... Lebanon, and ongoing efforts to implement President Trump's 20-Point Peace ...",https://www.arabnews.pk › node › world
Lebanon,2018–2022,Secretary Antony J. Blinken at the COP26 U.S. Center ...,https://2021-2025.state.gov/secretary-antony-j-blinken-at-the-cop26-u-s-center-opening-event/,... LebanonLesothoLiberiaLibyaLiechtensteinLithuaniaLuxembourgMMadagascar ... The second recent reminder was the United Nations annual Emissions Gap Report ...,https://2021-2025.state.gov › secretary-antony-j-blinke...
Lebanon,2018–2022,GLOBAL METHANE ASSESSMENT,https://www.ccacoalition.org/sites/default/files/resources/2021_Global-Methane_Assessment_full_0.pdf,UNEP Emissions Gap Report that estimated that the response to the full ... 2017 UNEP report and 36 per cent in Shindell et al. (2012)/UNEP/WMO (2011) ...,https://www.ccacoalition.org › files › resources
Lebanon,2018–2022,United Nations Lebanon's post,https://www.facebook.com/UNLebanon/posts/1584161078427403/,Not only is the transport sector responsible for 23% of Lebanon's ... A new UNEP report notes the contribution of road transport to global warming ...,https://www.facebook.com › UNLebanon › posts
Lebanon,2018–2022,Working together to achieve the Paris climate goals and ...,https://newclimate.org/sites/default/files/2021/09/BMZStudy_NC_DIE_ENGLISH_FullReport.pdf,"Lebanon, Madagascar, Malawi, Mali, Mauritania, Morocco, Mozambique, Namibia ... UNEP (2019b) Emissions gap report 2019. Nairobi: United Nations ...",https://newclimate.org › default › files › 2021/09
Lebanon,2018–2022,Lead paint law status interactive map,https://saicmknowledge.org/content/lead-paint-law-map,"Lebanon, Lesotho, Liberia, Libya, Liechtenstein, Lithuania, Luxembourg ... The regions are classified according to UNEP. The primary source of data for ...",https://saicmknowledge.org › content › lead-paint-law-m...
Lebanon,2018–2022,Lebanon Olive & Honey Value Chains Analysis Report,https://www.acted.org/wp-content/uploads/2018/01/final-value-chain-report---aggregate--acted-lebanon.pdf,14 UNEP report. Lebanon: integrated assessment of the Association agreement with eh EU. With a focus on the olive oil sector. Report available online: https ...,https://www.acted.org › uploads › 2018/01 › final-...
Lebanon,2018–2022,Monthly Summaries 2021 Year End Retrospective,https://mecco.colorado.edu/summaries/special_issue_2021.html,"Middle East print media coverage – Al Riyadh (Saudí Arabia), Al Sabah (Iraq), Annahar (Lebanon) ... The UNEP report says the fossil fuel industry has the ...",https://mecco.colorado.edu › special_issue_2021
Lebanon,2018–2022,Pacific COP26 Demands - 350,https://350.org/pacificdemands/,"... Adaptation Gap Report and the Emissions Gap Report; The international ... Lebanon, Lesotho, Liberia, Libya, Liechtenstein, Lithuania, Luxembourg, Macau ...",https://350.org › Superpages
Lebanon,2018–2022,"Protecting 30% of the planet for nature: costs, benefits and ...",https://www.conservation.cam.ac.uk/files/waldron_report_30_by_30_publish.pdf,"Global Environment Outlook - GEO - 6. (2019). 10. Dinerstein, E. et al. A ... Emissions Gap Report 2019. Emissions Gap Report 2019 https://wedocs.unep ...",https://www.conservation.cam.ac.uk › files › waldr...
Lebanon,2018–2022,LESSONS IN MULTILATERAL EFFECTIVENESS,https://www.mopan.org/content/dam/mopan/en/publications/our-work/insights/lme-climate/mopan-lme-climate-change-volume2.pdf,projects (Lebanon and Iraq) in the period 2012-18. IFAD notes that AF ... The December 2020 Emissions Gap Report likewise includes a chapter entitled ...,https://www.mopan.org › insights › lme-climate
Lebanon,2018–2022,International efforts using Space for Climate Action,https://www.unoosa.org/documents/pdf/Space4SDGs/Space_for_Climate_Action_-ebook.pdf,"of flagship reports on climate change, the Emissions Gap Report and the ... The World Environment Situation Room is the new UNEP data, information and ...",https://www.unoosa.org › documents › pdf › Space...
Lebanon,2018–2022,Virtual Water,https://www.cleanenergyministerial.org/resources-cesc/energy-water-food-nexus/food-sector/water-use/virtual-water/,"Lebanon, Jordan, Ghana, Nigeria, Lesotho, Mali, Swaziland, Islamic Republic of ... The UNEP Emissions Gap Report fro 2024 focuses on the difference between ...",https://www.cleanenergyministerial.org › water-use › vir...
Lebanon,2018–2022,Many communities are vulnerable to natural disasters and ...,https://www.ifrc.org/sites/default/files/2021-09/20201113_WorldDisasters_7.pdf,"a Climate Finance Framework (see Box 7.2) to Lebanon, where bilateral donors have supported the Disaster ... UNEP (UN Environment Programme) (2018) The Adaptation ...",https://www.ifrc.org › 20201113_WorldDisasters_7
Lebanon,2018–2022,REPORT CARD,https://careclimatechange.org/wp-content/uploads/2021/06/CARE-Gender-Quality-and-NDCs-v1.4.pdf,"Ten countries make it into the 2nd best group: Moldova,. Dominican Republic, Norway, Jamaica, Vietnam, Iceland,. Lebanon, Mexico, Republic of North Macedonia, ...",https://careclimatechange.org › uploads › 2021/06
Lebanon,2018–2022,Developing a Dynamic Model for Assessing Green ...,https://www.mdpi.com/1660-4601/18/20/10994,"... Lebanon, MO, USA, 2006. [Google Scholar]; Ayuntamiento de Santander. Plan ... Global Environment Outlook–GEO-6: Summary for Policymakers; Nairobi ...",https://www.mdpi.com › ...
Lebanon,2018–2022,implications for NDC accounting and transparency,https://www.ebrd.com/content/dam/ebrd_dxp/assets/pdfs/green/knowledge-hub/Implications%20for%20NDC%20accounting%20and%20transparency.pdf,Although Lebanon (2018) and West Bank and Gaza (2019) have been recently ... The 2020 United Nations Environmental. Programme Emissions Gap report estimates that ...,https://www.ebrd.com › green › knowledge-hub
Lebanon,2018–2022,Responding via climate change adaptation policy,https://www.umweltbundesamt.de/sites/default/files/medien/1410/publikationen/2020-03-04_texte_44-2020_migration-response_3.pdf,"12 According to the 2018 Emissions Gap Report, the full implementation of the ... change-related water challenges in Jordan and Lebanon (Jordan, Lebanon).",https://www.umweltbundesamt.de › publikationen
Lebanon,2018–2022,Migration and skills for the low‐carbon transition,https://odi.org/documents/6201/migration_and_skills_for_the_low-carbon_transition_final.pdf,"Al-Jazeera (2015) 'From Lebanon to Africa'. Al-Jazeera, 28 October (www ... UNEP – United Nations Environment Programme (2019) Emissions gap report 2019.",https://odi.org › documents › migration_and_skil...
Lebanon,2018–2022,Yearbook of Global Climate Action 2018,https://unfccc.int/sites/default/files/resource/GCA_Yearbook2018.pdf,"In Lebanon, K-CEP worked with the UN Development Programme and with the ... Dialogue and in UN Environment's Emissions Gap Report, in the chapter on ...",https://unfccc.int › sites › default › files › resource
Lebanon,2018–2022,code red for a healthy future,https://www.thelancet.com/pdfs/journals/lancet/PIIS0140-6736(21)01787-6.pdf,"During the same time period, the climatological danger of wildfire increased in 110 countries, with the largest growth occurring in Lebanon, The Gambia, and ...",https://www.thelancet.com › PIIS0140-6736(21)01787-6
Lebanon,2018–2022,a tool to quantify and analyse GHG mitigation targets,https://gmd.copernicus.org/preprints/gmd-2020-392/gmd-2020-392-manuscript-version5.pdf,"Lebanon. Lesotho. Liberia. Liechtenstein. Lithuania. Luxembourg. Macedonia ... United Nations Environment Programme: Emissions Gap Report 2019, UNEP ...",https://gmd.copernicus.org › gmd-2020-392 › g...
Lebanon,2018–2022,Natural Capital and the Sustainable Development Goals,https://www.greenpolicyplatform.org/sites/default/files/downloads/resource/GGKP%20(2020).%20Natural%20Capital%20and%20the%20SDGs_0.pdf,"Lebanon. 1,816. 2,660. 10.2. 681. Liberia. 2,985. 118. 317.0. 570. Libya. 1,956 ... The Emissions Gap Report 2018. United. Nations Environment Programme, Nairobi ...",https://www.greenpolicyplatform.org › resource
Lebanon,2018–2022,A GREEN REBOOT FOR EMERGING MARKETS,https://www.ifc.org/content/dam/ifc/doc/mgrt/ifc-greenreport-final-web-1-14-21.pdf,"61 UNEP (2018), The Adaptation Gap Report, Available at: https://wedocs.unep.org/ ... Village, Lebanon. Photo © Dominic Chavez / IFC. PAGE 62. Market place ...",https://www.ifc.org › dam › ifc › doc › mgrt › if...
Lebanon,2018–2022,Are climate change policies child-sensitive?,https://www.unicef.org/media/72561/file/Are-climate-change-policies-child-sensitive-2020_0.pdf,"Kyrgyzstan, Lebanon, Philippines, Senegal, and Yemen). 4 The methodology ... Adaptation Gap Report. https://www.unenvironment.org/resources/adaptation ...",https://www.unicef.org › media › file › Are-clim...
Lebanon,2018–2022,Natural Capital and the Sustainable Development Goals,https://www.greenpolicyplatform.org/sites/default/files/downloads/resource/GGKP%20(2020).%20Natural%20Capital%20and%20the%20SDGs_0.pdf,"Lebanon. 1,816. 2,660. 10.2. 681. Liberia. 2,985. 118. 317.0. 570. Libya. 1,956 ... The Emissions Gap Report 2018. United. Nations Environment Programme, Nairobi ...",https://www.greenpolicyplatform.org › resource
Lebanon,2018–2022,a tool to quantify and analyse GHG mitigation targets,https://gmd.copernicus.org/preprints/gmd-2020-392/gmd-2020-392-manuscript-version5.pdf,"Lebanon. Lesotho. Liberia. Liechtenstein. Lithuania. Luxembourg. Macedonia ... United Nations Environment Programme: Emissions Gap Report 2019, UNEP ...",https://gmd.copernicus.org › gmd-2020-392 › g...
Lebanon,2018–2022,A GREEN REBOOT FOR EMERGING MARKETS,https://www.ifc.org/content/dam/ifc/doc/mgrt/ifc-greenreport-final-web-1-14-21.pdf,"61 UNEP (2018), The Adaptation Gap Report, Available at: https://wedocs.unep.org/ ... Village, Lebanon. Photo © Dominic Chavez / IFC. PAGE 62. Market place ...",https://www.ifc.org › dam › ifc › doc › mgrt › if...
Lebanon,2018–2022,Are climate change policies child-sensitive?,https://www.unicef.org/media/72561/file/Are-climate-change-policies-child-sensitive-2020_0.pdf,"Kyrgyzstan, Lebanon, Philippines, Senegal, and Yemen). 4 The methodology ... Adaptation Gap Report. https://www.unenvironment.org/resources/adaptation ...",https://www.unicef.org › media › file › Are-clim...
Lebanon,2018–2022,Understanding-and-Increasing-Finance-for- ...,http://climatepolicyinitiative.org/wp-content/uploads/2018/12/Understanding-and-Increasing-Finance-for-Climate-Adaptation-in-Developing-Countries-1.pdf,"According to the UNEP Adaptation Gap report, developing countries would need to invest between USD. 140 billion to USD 300 billion per year by 2030 in order to ...",http://climatepolicyinitiative.org › 2018/12 › Un...
Lebanon,2018–2022,Ocean+ Habitats,https://habitats.oceanplus.org/,Lebanon; Liberia; Libya; Lithuania; Madagascar; Malaysia; Maldives; Malta ... A recent flagship UNEP report estimates that carefully planned and targeted ...,https://habitats.oceanplus.org
Lebanon,2018–2022,Environment Overview - Department of Operational Support,https://operationalsupport.un.org/en/What-we-do/Environment/environment-overview,"Environmental Management in the Field. Solar farmer cleans a row of solar panels. Solar farmer working with the UN Interim Force in Lebanon ... UNEP report on "" ...",https://operationalsupport.un.org › What-we-do › enviro...
Lebanon,2018–2022,COP26 Backdoor,https://www.wedonthavetime.org/event/cop26,"12:45-13:10 — Insights from the Emissions Gap Report 2021. Nordic Pavilion ... Lebanon, Lesotho, Liberia, Libya, Liechtenstein, Lithuania, Luxembourg ...",https://www.wedonthavetime.org › event › cop26
Lebanon,2018–2022,Securing Our Future: Net Zero Pathways for Malaysia,https://web-assets.bcg.com/78/bc/0e381d8a4cdba6b318d544fca374/bcg-wwf-net-zero-pathway.pdf,Emissions Gap Report 2019. 15. IPCC (2021). Climate Change 2021: The ... Lebanon. Latvia. Lesotho. Lithuania. Luxembourg. Malaysia. Mali. Marshall Islands.,https://web-assets.bcg.com › bcg-wwf-net-zero-pat...
Lebanon,2018–2022,Macrofinancial-Risks-in-Climate-Vulnerable-Developing- ...,https://www.v-20.org/wp-content/uploads/2020/12/Macrofinancial-Risks-in-Climate-Vulnerable-Developing-Countries-and-the-Role-of-the-IMF_Towards-a-Joint-V20-IMF-Action-Agenda.pdf,"Dorkenoo (eds.,. 2018), The Adaptation Gap Report 2018. Nairobi ... UNDP (2017), Lebanon: Derisking Renewable Energy Investment, New York, NY: United.",https://www.v-20.org › uploads › 2020/12 › Macr...
Lebanon,2018–2022,Proceedings of the 6th Mediterranean syMPosiuM on ...,https://www.rac-spa.org/sites/default/files/symposium/proceedings_msmv_2019_final.pdf,"According to UNEP/MAP-RAC/SPA, 2015, the estimated densities at both limits ... 534, Batroun, Lebanon. E-mail: ali.badreddine@hotmail.com. FIRST ...",https://www.rac-spa.org › sites › files › symposium
Lebanon,2018–2022,The Escazú Agreement places human rights at the heart of ...,https://theelders.org/news/escaz-agreement-places-human-rights-heart-tackling-climate-crisis,"... Emissions Gap report of UNEP and recent IPCC reports on land use and oceans. ... Lebanon, Lesotho, Liberia, Libya, Liechtenstein, Lithuania, Luxembourg, Macao ...",https://theelders.org › news › escaz-agreement-places-h...
Lebanon,2018–2022,FROM POLLUTION TO SOLUTION,https://www.gdr-po.cnrs.fr/docs/UNEP_2021.pdf,"the 2016 UNEP report, this assessment provides an update by ... Hamdan (Ministry of Environment of Lebanon, Lebanon), Georg Hanke. (European ...",https://www.gdr-po.cnrs.fr › docs › UNEP_2021
Lebanon,2018–2022,Closing the sustainable development gap: A global study ...,https://onlinelibrary.wiley.com/doi/full/10.1002/sd.2171,"... Lebanon, Lithuania, Mauritania, Mauritius, Myanmar, Pakistan, Peru, Poland ... The Emissions Gap Report 2015., Nairobi: United Nations Environment ...",https://onlinelibrary.wiley.com › doi › full
Lebanon,2018–2022,The green swan - Central banking and financial stability in ...,https://www.bis.org/publ/othp31.pdf,Other countries such as China and Lebanon have established (or are in the ... “Emissions Gap Report 2019. Executive Summary.” Nairobi: United Nations ...,https://www.bis.org › publ › othp31
Lebanon,2018–2022,2018 United Nations List of Protected Areas,https://wdpa.s3.amazonaws.com/UN_List_2018/2018%20List%20of%20Protected%20Areas_EN.pdf,"Biodiversity Outlook (GBO) and Global Environment Outlook (GEO). ... Middle East: United Arab Emirates, Bahrain, Iran, Iraq, Israel, Jordan, Kuwait,. Lebanon, ...",https://wdpa.s3.amazonaws.com › UN_List_2018
Lebanon,2018–2022,Environmental Institutions,https://www.wfd.org/sites/default/files/2022-02/WFD_June2020_Wilson_EnvironmentalDemocracy_EnvironmentalInstitutions.pdf,The UNEP report goes on to make clear that “shortcomings in implementing ... Integrated Solid Waste Management in Lebanon. This sets out a ...,https://www.wfd.org › sites › default › files › W...
Lebanon,2018–2022,Brazil,https://www.es-partnership.org/community/regional-chapters/south-america/985-2/,Lebanon · West & Central Africa Submenu. Cameroon · DRC · Liberia · Senegal ... Global Environment Outlook. The Global Environment Outlook-6: Healthy Planet ...,https://www.es-partnership.org › s...
Lebanon,2018–2022,FROM POLLUTION TO SOLUTION,https://medblueconomyplatform.org/wp-content/uploads/2021/10/2021_frompollutiontosolution.pdf,"the 2016 UNEP report, this assessment provides an update by ... Hamdan (Ministry of Environment of Lebanon, Lebanon), Georg Hanke. (European ...",https://medblueconomyplatform.org › 2021/10
Lebanon,2018–2022,Development & Humanitarian Relief - InterAction,https://www.interaction.org/wp-content/uploads/2019/03/InterAction_CTI_FY2019.pdf,"⇒ ESF provides families living in countries like Liberia, Lebanon, Afghanistan, and Nepal with a number ... ⇒ For example, according to a 2009 UNEP report, 40% of ...",https://www.interaction.org › uploads › 2019/03
Lebanon,2018–2022,The Art of Leadership in the United Nations,https://www.daghammarskjold.se/wp-content/uploads/2020/03/un_leadership_2020.pdf,"1 'Emissions Gap Report', (report, UN Environment Programme, 2019). ... Coordinator for Lebanon (UNSCOL). Prior to joining the UN, Stephanie Koury ...",https://www.daghammarskjold.se › 2020/03 › un...
Lebanon,2018–2022,COASTAL AND MARINE ECOSYSTEMS AS NATURE- ...,https://ocean-climate.org/wp-content/uploads/2021/06/coastal-and-marine-ecosystem-2806.pdf,"Volume 2, Issue 1, 24. January 2020, Pages 43-54. 52/ Argentina, Cape Verde, Chile, Colombia, Costa Rica, Fiji, Lebanon ... Emissions Gap Report. United.",https://ocean-climate.org › uploads › 2021/06
Lebanon,2018–2022,The 2021 report of the Lancet Countdown on health and ...,https://iris.unive.it/retrieve/e4239dde-7bac-7180-e053-3705fe0a3322/LC_2021.pdf,"During the same time period, the climatological danger of wildfire increased in 110 countries, with the largest growth occurring in Lebanon, The Gambia, and ...",https://iris.unive.it › retrieve
Lebanon,2018–2022,World Air Quality Report (2021),https://www.iqair.com/dl/pdf-reports/world-air-quality-report-2021-en.pdf,"Beirut, Lebanon (25.7). 32. Zagreb, Croatia (25.6). 33. Addis Ababa ... Global environment outlook GEO-6: Regional assessment for West Asia. http ...",https://www.iqair.com › pdf-reports › world-air-...
Lebanon,2018–2022,Energy: A Basic Human Right,https://www.geopoliticalmonitor.com/energy-a-basic-human-right/,"Lebanon, Lesotho, Liberia, Libya, Liechtenstein, Lithuania, Luxembourg, Macao ... Of course, in the words of the 2017 UN Emissions Gap Report: “the successful ...",https://www.geopoliticalmonitor.com › energy-a-basic-h...
Lebanon,2018–2022,mediterranean action plan (map) - REMPEC,https://www.rempec.org/en/knowledge-centre/online-catalogue/wg-51-9-1.pdf,"2 Albania, Algeria, Bosnia Herzegovina, Egypt, Georgia, Israel, Lebanon, Libya, Monaco, Montenegro, Morocco, ... General definitions (according to UNEP ...",https://www.rempec.org › online-catalogue
Lebanon,2018–2022,YouthXchange: green skills and lifestyles guidebook,https://unesdoc.unesco.org/ark:/48223/pf0000245646,"... UNEP report Towards a Green Economy identifies and debunks myths surrounding the green economy. ... According to UNEP, more sustainable waste management ...",https://unesdoc.unesco.org › ark:
Lebanon,2018–2022,Methane: What's the big deal?,https://www.dw.com/en/greenhouse-gases-methane-carbon-dioxide-global-heating-cows-permafrost/a-59059353,"In fact it could, according to a UN Environmental Programme (UNEP) report , avoid 0.3 degrees Celsius of warming by the 2040s. ... Lebanon on edge as US and ...",https://www.dw.com › greenhouse-gases-methane-carb...
Lebanon,2018–2022,Born Into the Climate Crisis,https://www.savethechildren.de/fileadmin/user_upload/Downloads_Dokumente/Berichte_Studien/2021/2109_save-the-children-report_Born_into_the_Climate_Crisis.pdf,"As climate change intersects with other crises in Lebanon, it cannot be treated as a standalone issue but rather understood in the context of a deep economic ...",https://www.savethechildren.de › Berichte_Studien
Lebanon,2018–2022,How to create long-term value through sustainability,https://www.ey.com/en_vn/insights/climate-change-sustainability-services/how-to-create-long-term-value-through-sustainability,"LebanonEnglish · LibyaEnglish · LithuaniaEnglish · Lithuanialietuvių · Luxembourg ... emissions-gap-report, accessed 16 March 2020. Download the Sustainability ...",https://www.ey.com › en_vn › insights › how-to-create-...
Lebanon,2018–2022,FUTURE OF KNOWLEDGE,https://knowledge4all.com/admin/Reports/FOK_2021En.pdf,"In Lebanon, the receipt of the first batch of the AstraZeneca COVID-19 ... Global Environment Outlook GEO-6: Healthy Planet, Healthy People. Available ...",https://knowledge4all.com › admin › Reports
Lebanon,2018–2022,Born Into the Climate Crisis,https://www.savethechildren.de/fileadmin/user_upload/Downloads_Dokumente/Berichte_Studien/2021/2109_save-the-children-report_Born_into_the_Climate_Crisis.pdf,"As climate change intersects with other crises in Lebanon, it cannot be treated as a standalone issue but rather understood in the context of a deep economic ...",https://www.savethechildren.de › Berichte_Studien
Lebanon,2018–2022,GEO Observations Blog,https://old.earthobservations.org/geo_blog_obs.php,"Open call to the GEO community: Contribute to the World Environment Situation Room by sharing your in situ data ... Lebanon, Lesotho, Liberia, Libyan Arab ...",https://old.earthobservations.org › geo_blog_obs
Lebanon,2018–2022,The science is clear that global warming can be limited to 1.5,https://islamic-relief.org/news/the-science-is-clear-that-global-warming-can-be-limited-to-1-5-world-leaders-must-act/,"UNEP Emissions Gap Report 2020. GT = billion tons. These changes mean a ... Lebanon Emergency Appeal, Sudan Emergency Appeal, Syria Crisis Appeal, Yemen ...",https://islamic-relief.org › News
Lebanon,2018–2022,COVID-19 Risks Outlook: A Preliminary Mapping and its ...,https://www3.weforum.org/docs/WEF_COVID_19_Risks_Outlook_Special_Edition_Pages.pdf,"United Nations Environment Programme. (UNEP), Emissions Gap Report 2019, ... protest-hong-kong-india-lebanon.html. 60. Forgey, Quint and Caitlin Oprysko ...",https://www3.weforum.org › docs › WEF_COVI...
Lebanon,2018–2022,Report: water alert as climate change deepens,https://smartwatermagazine.com/news/world-meteorological-organization/report-water-alert-climate-change-deepens,"The Emissions Gap Report 2019 showed that the cuts in global emissions ... Lebanon, Lesotho, Liberia, Liechtenstein, Lithuania, Luxembourg, Macedonia ...",https://smartwatermagazine.com › news › report-water-...
Lebanon,2018–2022,Hazard: Sand and dust storm | PreventionWeb,https://www.preventionweb.net/collections/hazard-sand-and-dust-storm,"-Lebanon, -Macao (China), -Malaysia, -Maldives, -Mongolia ... Regional action needed to protect Uzbekistan from sand and dust storms, warns new UNEP report.",https://www.preventionweb.net › collections › hazard-sa...
Lebanon,2018–2022,Trade and Development Report 2021,https://unctad.org/system/files/official-document/tdr2021_part2_en.pdf,"Adaptation Gap Report 2020. United. Nations Environment Programme. Available ... Kenya, Kiribati, Lebanon, Madagascar, Malawi,. Maldives, Marshall ...",https://unctad.org › files › tdr2021_part2_en
Lebanon,2018–2022,Global Update - Glasgow's 2030 credibility gap - Nov 2021,https://climateactiontracker.org/documents/997/CAT_2021-11-09_Briefing_Global-Update_Glasgow2030CredibilityGap.pdf,CAT is one of the studies used in the UNEP emissions gap report to derive emissions. ... Not all studies used in the UNEP report include these latest developments ...,https://climateactiontracker.org › documents
Lebanon,2018–2022,Capstick. The 2020 report of The Lancet .pdf,https://orca.cardiff.ac.uk/id/eprint/136918/1/Capstick.%20The%202020%20report%20of%20The%20Lancet%20.pdf,The Adaptation Gap Report 2018. Health Report. Nairobi: United Nations ... Emissions Gap Report 2019. Nairobi: United Nations Environment Programme ...,https://orca.cardiff.ac.uk › eprint
